Fecha,From,To,Tiempo (min),Distancia (km),Real Time,Velocidad promedia
Fri Oct 25 19:28:05 2024,Tomeco,Copiulemu,18.883333333333333,23.475,True,74.58958517210945
Fri Oct 25 19:28:05 2024,Copiulemu,Tomeco,15.633333333333333,22.002,True,84.44264392324094
Fri Oct 25 19:28:05 2024,Tomeco,Copiulemu,18.683333333333334,23.475,False,75.38804638715433
Fri Oct 25 19:28:05 2024,Copiulemu,Tomeco,15.416666666666666,22.002,False,85.62940540540541
