Fecha,From,To,Tiempo (min),Distancia (km),Real Time,Velocidad promedia
Fri Mar  8 15:28:02 2024,Tomeco,Copiulemu,18.45,23.48,True,76.35772357723577
Fri Mar  8 15:28:02 2024,Copiulemu,Tomeco,15.616666666666667,22.002,True,84.53276414087513
Fri Mar  8 15:28:02 2024,Tomeco,Copiulemu,17.616666666666667,23.48,False,79.96972563859981
Fri Mar  8 15:28:02 2024,Copiulemu,Tomeco,15.616666666666667,22.002,False,84.53276414087513
