Fecha,From,To,Tiempo (min),Distancia (km),Real Time,Velocidad promedia
Fri Sep 29 06:31:25 2023,Tomeco,Copiulemu,18.216666666666665,23.39,True,77.03934126258005
Fri Sep 29 06:31:25 2023,Copiulemu,Tomeco,16.416666666666668,22.002,True,80.41340101522842
Fri Sep 29 06:31:25 2023,Tomeco,Copiulemu,18.0,23.39,False,77.96666666666667
Fri Sep 29 06:31:25 2023,Copiulemu,Tomeco,16.4,22.002,False,80.49512195121952
