Fecha,From,To,Tiempo (min),Distancia (km),Real Time,Velocidad promedia
Fri Jul 19 08:33:06 2024,Tomeco,Copiulemu,19.383333333333333,23.48,True,72.68099742046432
Fri Jul 19 08:33:06 2024,Copiulemu,Tomeco,15.75,22.002,True,83.81714285714285
Fri Jul 19 08:33:06 2024,Tomeco,Copiulemu,19.366666666666667,23.48,False,72.74354561101549
Fri Jul 19 08:33:06 2024,Copiulemu,Tomeco,15.75,22.002,False,83.81714285714285
