Fecha,From,To,Tiempo (min),Distancia (km),Real Time,Velocidad promedia
Fri May 20 10:39:53 2022,Tomeco,Copiulemu,16.566666666666666,23.39,True,84.71227364185111
Fri May 20 10:39:53 2022,Copiulemu,Tomeco,15.466666666666667,22.002,True,85.35258620689655
Fri May 20 10:39:53 2022,Tomeco,Copiulemu,16.566666666666666,23.39,False,84.71227364185111
Fri May 20 10:39:53 2022,Copiulemu,Tomeco,15.2,22.002,False,86.85000000000001
