Fecha,From,To,Tiempo (min),Distancia (km),Real Time,Velocidad promedia
Fri Oct 18 07:30:59 2024,Tomeco,Copiulemu,19.1,23.48,True,73.75916230366492
Fri Oct 18 07:30:59 2024,Copiulemu,Tomeco,15.566666666666666,22.002,True,84.80428265524625
Fri Oct 18 07:30:59 2024,Tomeco,Copiulemu,19.1,23.48,False,73.75916230366492
Fri Oct 18 07:30:59 2024,Copiulemu,Tomeco,15.6,22.002,False,84.62307692307692
