Fecha,From,To,Tiempo (min),Distancia (km),Real Time,Velocidad promedia
Fri Jul  5 09:30:20 2024,Tomeco,Copiulemu,19.333333333333332,23.48,True,72.86896551724139
Fri Jul  5 09:30:20 2024,Copiulemu,Tomeco,17.116666666666667,22.002,True,77.12482960077895
Fri Jul  5 09:30:20 2024,Tomeco,Copiulemu,19.333333333333332,23.48,False,72.86896551724139
Fri Jul  5 09:30:20 2024,Copiulemu,Tomeco,15.483333333333333,22.002,False,85.26071044133477
