Fecha,From,To,Tiempo (min),Distancia (km),Real Time,Velocidad promedia
Fri May  3 18:31:13 2024,Tomeco,Copiulemu,18.1,23.48,True,77.8342541436464
Fri May  3 18:31:13 2024,Copiulemu,Tomeco,14.666666666666666,22.002,True,90.00818181818181
Fri May  3 18:31:13 2024,Tomeco,Copiulemu,18.05,23.48,False,78.04986149584488
Fri May  3 18:31:13 2024,Copiulemu,Tomeco,14.533333333333333,22.002,False,90.83394495412843
