Fecha,From,To,Tiempo (min),Distancia (km),Real Time,Velocidad promedia
Fri Nov  3 20:28:05 2023,Tomeco,Copiulemu,17.766666666666666,23.39,True,78.9906191369606
Fri Nov  3 20:28:05 2023,Copiulemu,Tomeco,15.283333333333333,22.002,True,86.37644492911667
Fri Nov  3 20:28:05 2023,Tomeco,Copiulemu,17.716666666666665,23.39,False,79.21354656632174
Fri Nov  3 20:28:05 2023,Copiulemu,Tomeco,15.266666666666667,22.002,False,86.47074235807858
