Fecha,From,To,Tiempo (min),Distancia (km),Real Time,Velocidad promedia
Fri Sep  2 06:58:50 2022,Tomeco,Copiulemu,17.583333333333332,23.39,True,79.81421800947868
Fri Sep  2 06:58:50 2022,Copiulemu,Tomeco,15.816666666666666,22.002,True,83.46385669125394
Fri Sep  2 06:58:50 2022,Tomeco,Copiulemu,17.583333333333332,23.39,False,79.81421800947868
Fri Sep  2 06:58:50 2022,Copiulemu,Tomeco,15.816666666666666,22.002,False,83.46385669125394
