Fecha,From,To,Tiempo (min),Distancia (km),Real Time,Velocidad promedia
Fri Nov 10 05:28:39 2023,Tomeco,Copiulemu,17.533333333333335,23.39,True,80.04182509505702
Fri Nov 10 05:28:39 2023,Copiulemu,Tomeco,15.25,22.002,True,86.56524590163934
Fri Nov 10 05:28:39 2023,Tomeco,Copiulemu,17.533333333333335,23.39,False,80.04182509505702
Fri Nov 10 05:28:39 2023,Copiulemu,Tomeco,15.25,22.002,False,86.56524590163934
