Fecha,From,To,Tiempo (min),Distancia (km),Real Time,Velocidad promedia
Fri Oct  7 04:30:00 2022,Tomeco,Copiulemu,17.433333333333334,23.39,True,80.50095602294455
Fri Oct  7 04:30:00 2022,Copiulemu,Tomeco,15.166666666666666,22.002,True,87.04087912087913
Fri Oct  7 04:30:00 2022,Tomeco,Copiulemu,17.433333333333334,23.39,False,80.50095602294455
Fri Oct  7 04:30:00 2022,Copiulemu,Tomeco,15.166666666666666,22.002,False,87.04087912087913
