Fecha,From,To,Tiempo (min),Distancia (km),Real Time,Velocidad promedia
Fri Dec 15 11:28:17 2023,Tomeco,Copiulemu,16.8,23.39,True,83.53571428571428
Fri Dec 15 11:28:17 2023,Copiulemu,Tomeco,14.383333333333333,21.461,True,89.524449594438
Fri Dec 15 11:28:17 2023,Tomeco,Copiulemu,16.8,23.39,False,83.53571428571428
Fri Dec 15 11:28:17 2023,Copiulemu,Tomeco,14.383333333333333,21.461,False,89.524449594438
