Fecha,From,To,Tiempo (min),Distancia (km),Real Time,Velocidad promedia
Fri Oct 13 21:28:10 2023,Tomeco,Copiulemu,17.966666666666665,23.39,True,78.11131725417441
Fri Oct 13 21:28:10 2023,Copiulemu,Tomeco,15.316666666666666,22.002,True,86.18846572361262
Fri Oct 13 21:28:10 2023,Tomeco,Copiulemu,17.95,23.39,False,78.18384401114207
Fri Oct 13 21:28:10 2023,Copiulemu,Tomeco,16.066666666666666,22.002,False,82.16514522821576
