Fecha,From,To,Tiempo (min),Distancia (km),Real Time,Velocidad promedia
Fri Nov 17 06:32:58 2023,Tomeco,Copiulemu,17.416666666666668,23.39,True,80.57799043062201
Fri Nov 17 06:32:58 2023,Copiulemu,Tomeco,16.0,21.461,True,80.47874999999999
Fri Nov 17 06:32:58 2023,Tomeco,Copiulemu,17.416666666666668,23.39,False,80.57799043062201
Fri Nov 17 06:32:58 2023,Copiulemu,Tomeco,15.483333333333333,21.461,False,83.16426264800862
