Fecha,From,To,Tiempo (min),Distancia (km),Real Time,Velocidad promedia
Fri Dec 29 09:28:05 2023,Tomeco,Copiulemu,17.2,23.39,True,81.59302325581395
Fri Dec 29 09:28:05 2023,Copiulemu,Tomeco,15.65,21.461,True,82.27859424920126
Fri Dec 29 09:28:05 2023,Tomeco,Copiulemu,17.2,23.39,False,81.59302325581395
Fri Dec 29 09:28:05 2023,Copiulemu,Tomeco,15.65,21.461,False,82.27859424920126
