Fecha,From,To,Tiempo (min),Distancia (km),Real Time,Velocidad promedia
Fri Aug  5 14:35:40 2022,Tomeco,Copiulemu,17.1,23.39,True,82.07017543859648
Fri Aug  5 14:35:40 2022,Copiulemu,Tomeco,15.033333333333333,22.002,True,87.81286031042129
Fri Aug  5 14:35:40 2022,Tomeco,Copiulemu,16.916666666666668,23.39,False,82.95960591133006
Fri Aug  5 14:35:40 2022,Copiulemu,Tomeco,15.216666666666667,22.002,False,86.75487404162102
