Fecha,From,To,Tiempo (min),Distancia (km),Real Time,Velocidad promedia
Fri Jul 26 10:34:26 2024,Tomeco,Copiulemu,18.733333333333334,23.48,True,75.20284697508896
Fri Jul 26 10:34:26 2024,Copiulemu,Tomeco,15.183333333333334,22.002,True,86.94533479692646
Fri Jul 26 10:34:26 2024,Tomeco,Copiulemu,18.316666666666666,23.48,False,76.91355777979983
Fri Jul 26 10:34:26 2024,Copiulemu,Tomeco,15.183333333333334,22.002,False,86.94533479692646
