Fecha,From,To,Tiempo (min),Distancia (km),Real Time,Velocidad promedia
Fri Feb  2 12:41:25 2024,Tomeco,Copiulemu,18.266666666666666,23.48,True,77.1240875912409
Fri Feb  2 12:41:25 2024,Copiulemu,Tomeco,17.2,22.002,True,76.75116279069766
Fri Feb  2 12:41:25 2024,Tomeco,Copiulemu,18.216666666666665,23.48,False,77.33577310155536
Fri Feb  2 12:41:25 2024,Copiulemu,Tomeco,15.583333333333334,22.002,False,84.71358288770053
