Fecha,From,To,Tiempo (min),Distancia (km),Real Time,Velocidad promedia
Fri Sep  1 21:28:19 2023,Tomeco,Copiulemu,18.183333333333334,23.39,True,77.18056828597616
Fri Sep  1 21:28:19 2023,Copiulemu,Tomeco,15.983333333333333,22.002,True,82.59353493222106
Fri Sep  1 21:28:19 2023,Tomeco,Copiulemu,18.166666666666668,23.39,False,77.25137614678899
Fri Sep  1 21:28:19 2023,Copiulemu,Tomeco,16.716666666666665,22.002,False,78.97028913260219
