Fecha,From,To,Tiempo (min),Distancia (km),Real Time,Velocidad promedia
Fri Jun 21 20:28:46 2024,Tomeco,Copiulemu,19.366666666666667,23.48,True,72.74354561101549
Fri Jun 21 20:28:46 2024,Copiulemu,Tomeco,16.183333333333334,22.002,True,81.5728115345005
Fri Jun 21 20:28:46 2024,Tomeco,Copiulemu,19.216666666666665,23.48,False,73.31136166522117
Fri Jun 21 20:28:46 2024,Copiulemu,Tomeco,15.583333333333334,22.002,False,84.71358288770053
