Fecha,From,To,Tiempo (min),Distancia (km),Real Time,Velocidad promedia
Fri Sep 22 18:30:32 2023,Tomeco,Copiulemu,17.95,23.39,True,78.18384401114207
Fri Sep 22 18:30:32 2023,Copiulemu,Tomeco,15.6,22.002,True,84.62307692307692
Fri Sep 22 18:30:32 2023,Tomeco,Copiulemu,17.95,23.39,False,78.18384401114207
Fri Sep 22 18:30:32 2023,Copiulemu,Tomeco,15.583333333333334,22.002,False,84.71358288770053
