Fecha,From,To,Tiempo (min),Distancia (km),Real Time,Velocidad promedia
Fri Oct 18 17:33:10 2024,Tomeco,Copiulemu,18.5,23.48,True,76.15135135135135
Fri Oct 18 17:33:10 2024,Copiulemu,Tomeco,15.383333333333333,22.002,True,85.81495124593715
Fri Oct 18 17:33:10 2024,Tomeco,Copiulemu,18.5,23.48,False,76.15135135135135
Fri Oct 18 17:33:10 2024,Copiulemu,Tomeco,15.166666666666666,22.002,False,87.04087912087913
