Fecha,From,To,Tiempo (min),Distancia (km),Real Time,Velocidad promedia
Fri Aug 23 16:38:12 2024,Tomeco,Copiulemu,18.166666666666668,23.48,True,77.548623853211
Fri Aug 23 16:38:12 2024,Copiulemu,Tomeco,15.1,22.002,True,87.4251655629139
Fri Aug 23 16:38:12 2024,Tomeco,Copiulemu,18.166666666666668,23.48,False,77.548623853211
Fri Aug 23 16:38:12 2024,Copiulemu,Tomeco,14.95,22.002,False,88.30234113712375
