Fecha,From,To,Tiempo (min),Distancia (km),Real Time,Velocidad promedia
Fri Sep 20 21:29:09 2024,Tomeco,Copiulemu,18.866666666666667,23.48,True,74.67137809187278
Fri Sep 20 21:29:09 2024,Copiulemu,Tomeco,15.283333333333333,22.002,True,86.37644492911667
Fri Sep 20 21:29:09 2024,Tomeco,Copiulemu,18.733333333333334,23.48,False,75.20284697508896
Fri Sep 20 21:29:09 2024,Copiulemu,Tomeco,15.266666666666667,22.002,False,86.47074235807858
