Fecha,From,To,Tiempo (min),Distancia (km),Real Time,Velocidad promedia
Fri Sep 30 19:37:54 2022,Tomeco,Copiulemu,17.5,23.39,True,80.19428571428571
Fri Sep 30 19:37:54 2022,Copiulemu,Tomeco,15.35,22.002,True,86.0013029315961
Fri Sep 30 19:37:54 2022,Tomeco,Copiulemu,17.466666666666665,23.39,False,80.34732824427482
Fri Sep 30 19:37:54 2022,Copiulemu,Tomeco,15.35,22.002,False,86.0013029315961
