Fecha,From,To,Tiempo (min),Distancia (km),Real Time,Velocidad promedia
Fri Mar 29 05:28:26 2024,Tomeco,Copiulemu,18.783333333333335,23.48,True,75.00266193433895
Fri Mar 29 05:28:26 2024,Copiulemu,Tomeco,15.533333333333333,22.002,True,84.9862660944206
Fri Mar 29 05:28:26 2024,Tomeco,Copiulemu,18.433333333333334,23.48,False,76.42676311030742
Fri Mar 29 05:28:26 2024,Copiulemu,Tomeco,15.533333333333333,22.002,False,84.9862660944206
