Fecha,From,To,Tiempo (min),Distancia (km),Real Time,Velocidad promedia
Fri Sep 23 18:49:00 2022,Tomeco,Copiulemu,16.983333333333334,23.39,True,82.63395485770363
Fri Sep 23 18:49:00 2022,Copiulemu,Tomeco,16.233333333333334,22.002,True,81.32156057494866
Fri Sep 23 18:49:00 2022,Tomeco,Copiulemu,16.933333333333334,23.39,False,82.87795275590551
Fri Sep 23 18:49:00 2022,Copiulemu,Tomeco,15.233333333333333,22.002,False,86.65995623632385
