Fecha,From,To,Tiempo (min),Distancia (km),Real Time,Velocidad promedia
Fri Jul 19 17:32:30 2024,Tomeco,Copiulemu,18.7,23.48,True,75.33689839572193
Fri Jul 19 17:32:30 2024,Copiulemu,Tomeco,15.033333333333333,22.002,True,87.81286031042129
Fri Jul 19 17:32:30 2024,Tomeco,Copiulemu,18.533333333333335,23.48,False,76.01438848920863
Fri Jul 19 17:32:30 2024,Copiulemu,Tomeco,15.033333333333333,22.002,False,87.81286031042129
