Fecha,From,To,Tiempo (min),Distancia (km),Real Time,Velocidad promedia
Fri Aug 30 11:28:08 2024,Tomeco,Copiulemu,18.133333333333333,23.48,True,77.69117647058823
Fri Aug 30 11:28:08 2024,Copiulemu,Tomeco,15.616666666666667,22.002,True,84.53276414087513
Fri Aug 30 11:28:08 2024,Tomeco,Copiulemu,17.916666666666668,23.48,False,78.63069767441861
Fri Aug 30 11:28:08 2024,Copiulemu,Tomeco,15.366666666666667,22.002,False,85.90802603036876
