Fecha,From,To,Tiempo (min),Distancia (km),Real Time,Velocidad promedia
Fri Sep  1 02:33:40 2023,Tomeco,Copiulemu,18.8,23.39,True,74.64893617021276
Fri Sep  1 02:33:40 2023,Copiulemu,Tomeco,16.15,22.002,True,81.74117647058823
Fri Sep  1 02:33:40 2023,Tomeco,Copiulemu,18.083333333333332,23.39,False,77.6073732718894
Fri Sep  1 02:33:40 2023,Copiulemu,Tomeco,16.05,22.002,False,82.25046728971962
