Fecha,From,To,Tiempo (min),Distancia (km),Real Time,Velocidad promedia
Fri Jul  1 08:41:21 2022,Tomeco,Copiulemu,17.65,23.39,True,79.51274787535412
Fri Jul  1 08:41:21 2022,Copiulemu,Tomeco,15.783333333333333,22.002,True,83.64012671594509
Fri Jul  1 08:41:21 2022,Tomeco,Copiulemu,17.65,23.39,False,79.51274787535412
Fri Jul  1 08:41:21 2022,Copiulemu,Tomeco,15.783333333333333,22.002,False,83.64012671594509
