Fecha,From,To,Tiempo (min),Distancia (km),Real Time,Velocidad promedia
Fri Jun 28 14:30:34 2024,Tomeco,Copiulemu,19.25,23.48,True,73.18441558441558
Fri Jun 28 14:30:34 2024,Copiulemu,Tomeco,15.466666666666667,22.002,True,85.35258620689655
Fri Jun 28 14:30:34 2024,Tomeco,Copiulemu,18.35,23.48,False,76.77384196185285
Fri Jun 28 14:30:34 2024,Copiulemu,Tomeco,15.233333333333333,22.002,False,86.65995623632385
