Fecha,From,To,Tiempo (min),Distancia (km),Real Time,Velocidad promedia
Fri Aug  9 14:32:05 2024,Tomeco,Copiulemu,18.733333333333334,23.48,True,75.20284697508896
Fri Aug  9 14:32:05 2024,Copiulemu,Tomeco,15.316666666666666,22.002,True,86.18846572361262
Fri Aug  9 14:32:05 2024,Tomeco,Copiulemu,18.1,23.48,False,77.8342541436464
Fri Aug  9 14:32:05 2024,Copiulemu,Tomeco,15.3,22.002,False,86.28235294117647
