Fecha,From,To,Tiempo (min),Distancia (km),Real Time,Velocidad promedia
Fri Apr 29 17:38:47 2022,Tomeco,Copiulemu,17.0,23.39,True,82.5529411764706
Fri Apr 29 17:38:47 2022,Copiulemu,Tomeco,14.983333333333333,22.002,True,88.1058954393771
Fri Apr 29 17:38:47 2022,Tomeco,Copiulemu,16.8,23.39,False,83.53571428571428
Fri Apr 29 17:38:47 2022,Copiulemu,Tomeco,14.933333333333334,22.002,False,88.40089285714285
