Fecha,From,To,Tiempo (min),Distancia (km),Real Time,Velocidad promedia
Fri Jan 26 11:28:06 2024,Tomeco,Copiulemu,18.716666666666665,23.48,True,75.26981300089048
Fri Jan 26 11:28:06 2024,Copiulemu,Tomeco,14.883333333333333,22.002,True,88.69787234042553
Fri Jan 26 11:28:06 2024,Tomeco,Copiulemu,17.433333333333334,23.48,False,80.81070745697896
Fri Jan 26 11:28:06 2024,Copiulemu,Tomeco,14.866666666666667,22.002,False,88.79730941704035
