Fecha,From,To,Tiempo (min),Distancia (km),Real Time,Velocidad promedia
Fri Sep  6 15:32:30 2024,Tomeco,Copiulemu,18.2,23.48,True,77.4065934065934
Fri Sep  6 15:32:30 2024,Copiulemu,Tomeco,16.266666666666666,22.002,True,81.1549180327869
Fri Sep  6 15:32:30 2024,Tomeco,Copiulemu,17.7,23.48,False,79.59322033898306
Fri Sep  6 15:32:30 2024,Copiulemu,Tomeco,15.066666666666666,22.002,False,87.61858407079646
