Fecha,From,To,Tiempo (min),Distancia (km),Real Time,Velocidad promedia
Fri Sep 22 09:28:23 2023,Tomeco,Copiulemu,17.55,23.39,True,79.96581196581195
Fri Sep 22 09:28:23 2023,Copiulemu,Tomeco,15.733333333333333,22.002,True,83.90593220338984
Fri Sep 22 09:28:23 2023,Tomeco,Copiulemu,17.55,23.39,False,79.96581196581195
Fri Sep 22 09:28:23 2023,Copiulemu,Tomeco,15.683333333333334,22.002,False,84.17343251859724
