Fecha,From,To,Tiempo (min),Distancia (km),Real Time,Velocidad promedia
Fri Oct  4 15:33:35 2024,Tomeco,Copiulemu,18.033333333333335,23.48,True,78.12199630314232
Fri Oct  4 15:33:35 2024,Copiulemu,Tomeco,14.9,22.002,True,88.59865771812079
Fri Oct  4 15:33:35 2024,Tomeco,Copiulemu,17.966666666666665,23.48,False,78.41187384044528
Fri Oct  4 15:33:35 2024,Copiulemu,Tomeco,14.833333333333334,22.002,False,88.99685393258426
