Fecha,From,To,Tiempo (min),Distancia (km),Real Time,Velocidad promedia
Fri Nov 15 14:36:33 2024,Tomeco,Copiulemu,18.133333333333333,23.45,True,77.59191176470588
Fri Nov 15 14:36:33 2024,Copiulemu,Tomeco,15.433333333333334,21.968,True,85.40475161987041
Fri Nov 15 14:36:33 2024,Tomeco,Copiulemu,18.133333333333333,23.45,False,77.59191176470588
Fri Nov 15 14:36:33 2024,Copiulemu,Tomeco,15.233333333333333,21.968,False,86.52603938730853
