Fecha,From,To,Tiempo (min),Distancia (km),Real Time,Velocidad promedia
Fri Apr 29 05:35:33 2022,Tomeco,Copiulemu,18.433333333333334,23.39,True,76.13381555153707
Fri Apr 29 05:35:33 2022,Copiulemu,Tomeco,14.983333333333333,21.461,True,85.93948832035595
Fri Apr 29 05:35:33 2022,Tomeco,Copiulemu,17.816666666666666,23.39,False,78.7689429373246
Fri Apr 29 05:35:33 2022,Copiulemu,Tomeco,14.983333333333333,21.461,False,85.93948832035595
