Fecha,From,To,Tiempo (min),Distancia (km),Real Time,Velocidad promedia
Fri Sep 16 08:44:44 2022,Tomeco,Copiulemu,17.5,23.39,True,80.19428571428571
Fri Sep 16 08:44:44 2022,Copiulemu,Tomeco,15.75,22.002,True,83.81714285714285
Fri Sep 16 08:44:44 2022,Tomeco,Copiulemu,17.5,23.39,False,80.19428571428571
Fri Sep 16 08:44:44 2022,Copiulemu,Tomeco,15.75,22.002,False,83.81714285714285
