Fecha,From,To,Tiempo (min),Distancia (km),Real Time,Velocidad promedia
Fri Mar  8 20:28:01 2024,Tomeco,Copiulemu,27.266666666666666,23.48,True,51.66748166259169
Fri Mar  8 20:28:01 2024,Copiulemu,Tomeco,22.133333333333333,22.002,True,59.643975903614454
Fri Mar  8 20:28:01 2024,Tomeco,Copiulemu,17.7,23.48,False,79.59322033898306
Fri Mar  8 20:28:01 2024,Copiulemu,Tomeco,16.083333333333332,22.002,False,82.08
