Fecha,From,To,Tiempo (min),Distancia (km),Real Time,Velocidad promedia
Fri Aug 30 15:30:44 2024,Tomeco,Copiulemu,17.833333333333332,23.48,True,78.9981308411215
Fri Aug 30 15:30:44 2024,Copiulemu,Tomeco,15.016666666666667,22.002,True,87.91032186459489
Fri Aug 30 15:30:44 2024,Tomeco,Copiulemu,17.833333333333332,23.48,False,78.9981308411215
Fri Aug 30 15:30:44 2024,Copiulemu,Tomeco,15.016666666666667,22.002,False,87.91032186459489
