Fecha,From,To,Tiempo (min),Distancia (km),Real Time,Velocidad promedia
Fri Sep 20 15:32:34 2024,Tomeco,Copiulemu,17.85,23.48,True,78.92436974789915
Fri Sep 20 15:32:34 2024,Copiulemu,Tomeco,16.75,22.002,True,78.8131343283582
Fri Sep 20 15:32:34 2024,Tomeco,Copiulemu,17.533333333333335,23.48,False,80.34980988593155
Fri Sep 20 15:32:34 2024,Copiulemu,Tomeco,16.066666666666666,22.002,False,82.16514522821576
