Fecha,From,To,Tiempo (min),Distancia (km),Real Time,Velocidad promedia
Fri May 20 11:31:59 2022,Tomeco,Copiulemu,16.416666666666668,23.39,True,85.48629441624365
Fri May 20 11:31:59 2022,Copiulemu,Tomeco,15.2,22.002,True,86.85000000000001
Fri May 20 11:31:59 2022,Tomeco,Copiulemu,16.283333333333335,23.39,False,86.18628454452406
Fri May 20 11:31:59 2022,Copiulemu,Tomeco,14.783333333333333,22.002,False,89.2978579481398
