Fecha,From,To,Tiempo (min),Distancia (km),Real Time,Velocidad promedia
Fri May 31 01:38:11 2024,Tomeco,Copiulemu,18.783333333333335,23.48,True,75.00266193433895
Fri May 31 01:38:11 2024,Copiulemu,Tomeco,15.866666666666667,22.002,True,83.20084033613446
Fri May 31 01:38:11 2024,Tomeco,Copiulemu,18.766666666666666,23.48,False,75.06927175843695
Fri May 31 01:38:11 2024,Copiulemu,Tomeco,15.566666666666666,22.002,False,84.80428265524625
