Fecha,From,To,Tiempo (min),Distancia (km),Real Time,Velocidad promedia
Fri Dec  6 19:28:06 2024,Tomeco,Copiulemu,18.883333333333333,23.45,True,74.51015004413063
Fri Dec  6 19:28:06 2024,Copiulemu,Tomeco,16.133333333333333,21.968,True,81.699173553719
Fri Dec  6 19:28:06 2024,Tomeco,Copiulemu,18.516666666666666,23.45,False,75.98559855985599
Fri Dec  6 19:28:06 2024,Copiulemu,Tomeco,16.0,21.968,False,82.38
