Fecha,From,To,Tiempo (min),Distancia (km),Real Time,Velocidad promedia
Fri Sep 16 18:47:51 2022,Tomeco,Copiulemu,17.166666666666668,23.39,True,81.7514563106796
Fri Sep 16 18:47:51 2022,Copiulemu,Tomeco,15.616666666666667,22.002,True,84.53276414087513
Fri Sep 16 18:47:51 2022,Tomeco,Copiulemu,17.316666666666666,23.39,False,81.04331087584217
Fri Sep 16 18:47:51 2022,Copiulemu,Tomeco,15.2,22.002,False,86.85000000000001
