Fecha,From,To,Tiempo (min),Distancia (km),Real Time,Velocidad promedia
Fri Jun  3 22:33:08 2022,Tomeco,Copiulemu,19.1,23.39,True,73.47643979057591
Fri Jun  3 22:33:08 2022,Copiulemu,Tomeco,17.666666666666668,22.002,True,74.72377358490566
Fri Jun  3 22:33:08 2022,Tomeco,Copiulemu,19.366666666666667,23.39,False,72.46471600688469
Fri Jun  3 22:33:08 2022,Copiulemu,Tomeco,18.4,22.002,False,71.74565217391304
