Fecha,From,To,Tiempo (min),Distancia (km),Real Time,Velocidad promedia
Fri Sep 16 21:36:23 2022,Tomeco,Copiulemu,17.233333333333334,23.39,True,81.43520309477756
Fri Sep 16 21:36:23 2022,Copiulemu,Tomeco,15.45,22.002,True,85.44466019417474
Fri Sep 16 21:36:23 2022,Tomeco,Copiulemu,18.3,23.39,False,76.68852459016394
Fri Sep 16 21:36:23 2022,Copiulemu,Tomeco,15.45,22.002,False,85.44466019417474
