Fecha,From,To,Tiempo (min),Distancia (km),Real Time,Velocidad promedia
Fri Dec  6 10:40:27 2024,Tomeco,Copiulemu,17.566666666666666,23.45,True,80.09487666034155
Fri Dec  6 10:40:27 2024,Copiulemu,Tomeco,14.866666666666667,21.968,True,88.66008968609864
Fri Dec  6 10:40:27 2024,Tomeco,Copiulemu,17.45,23.45,False,80.63037249283667
Fri Dec  6 10:40:27 2024,Copiulemu,Tomeco,14.833333333333334,21.968,False,88.85932584269662
