Fecha,From,To,Tiempo (min),Distancia (km),Real Time,Velocidad promedia
Fri Nov 22 07:32:11 2024,Tomeco,Copiulemu,18.816666666666666,23.45,True,74.77413640389724
Fri Nov 22 07:32:11 2024,Copiulemu,Tomeco,15.95,21.968,True,82.63824451410659
Fri Nov 22 07:32:11 2024,Tomeco,Copiulemu,18.816666666666666,23.45,False,74.77413640389724
Fri Nov 22 07:32:11 2024,Copiulemu,Tomeco,15.95,21.968,False,82.63824451410659
