Fecha,From,To,Tiempo (min),Distancia (km),Real Time,Velocidad promedia
Fri Nov 22 08:40:01 2024,Tomeco,Copiulemu,19.366666666666667,23.45,True,72.65060240963855
Fri Nov 22 08:40:01 2024,Copiulemu,Tomeco,15.333333333333334,21.968,True,85.96173913043476
Fri Nov 22 08:40:01 2024,Tomeco,Copiulemu,19.366666666666667,23.45,False,72.65060240963855
Fri Nov 22 08:40:01 2024,Copiulemu,Tomeco,15.333333333333334,21.968,False,85.96173913043476
