Fecha,From,To,Tiempo (min),Distancia (km),Real Time,Velocidad promedia
Fri Apr 22 13:48:28 2022,Tomeco,Copiulemu,17.633333333333333,23.39,True,79.58790170132326
Fri Apr 22 13:48:28 2022,Copiulemu,Tomeco,15.85,22.002,True,83.28832807570977
Fri Apr 22 13:48:28 2022,Tomeco,Copiulemu,16.783333333333335,23.39,False,83.61866931479642
Fri Apr 22 13:48:28 2022,Copiulemu,Tomeco,15.416666666666666,22.002,False,85.62940540540541
