Fecha,From,To,Tiempo (min),Distancia (km),Real Time,Velocidad promedia
Fri May 31 03:29:56 2024,Tomeco,Copiulemu,20.05,23.48,True,70.2643391521197
Fri May 31 03:29:56 2024,Copiulemu,Tomeco,15.9,22.002,True,83.02641509433961
Fri May 31 03:29:56 2024,Tomeco,Copiulemu,19.216666666666665,23.48,False,73.31136166522117
Fri May 31 03:29:56 2024,Copiulemu,Tomeco,15.333333333333334,22.002,False,86.09478260869564
