Fecha,From,To,Tiempo (min),Distancia (km),Real Time,Velocidad promedia
Fri Feb  2 18:30:34 2024,Tomeco,Copiulemu,20.516666666666666,23.48,True,68.66612510154346
Fri Feb  2 18:30:34 2024,Copiulemu,Tomeco,15.366666666666667,22.002,True,85.90802603036876
Fri Feb  2 18:30:34 2024,Tomeco,Copiulemu,18.466666666666665,23.48,False,76.28880866425993
Fri Feb  2 18:30:34 2024,Copiulemu,Tomeco,15.1,22.002,False,87.4251655629139
