Fecha,From,To,Tiempo (min),Distancia (km),Real Time,Velocidad promedia
Fri Dec 29 20:28:08 2023,Tomeco,Copiulemu,17.35,23.39,True,80.88760806916426
Fri Dec 29 20:28:08 2023,Copiulemu,Tomeco,15.683333333333334,21.461,True,82.10371944739639
Fri Dec 29 20:28:08 2023,Tomeco,Copiulemu,17.35,23.39,False,80.88760806916426
Fri Dec 29 20:28:08 2023,Copiulemu,Tomeco,15.8,21.461,False,81.49746835443037
