Fecha,From,To,Tiempo (min),Distancia (km),Real Time,Velocidad promedia
Fri Oct  4 14:34:38 2024,Tomeco,Copiulemu,17.816666666666666,23.48,True,79.07202993451824
Fri Oct  4 14:34:38 2024,Copiulemu,Tomeco,15.5,22.002,True,85.1690322580645
Fri Oct  4 14:34:38 2024,Tomeco,Copiulemu,17.8,23.48,False,79.14606741573033
Fri Oct  4 14:34:38 2024,Copiulemu,Tomeco,14.933333333333334,22.002,False,88.40089285714285
