Fecha,From,To,Tiempo (min),Distancia (km),Real Time,Velocidad promedia
Fri Sep 30 23:45:42 2022,Tomeco,Copiulemu,17.183333333333334,23.39,True,81.6721629485936
Fri Sep 30 23:45:42 2022,Copiulemu,Tomeco,15.783333333333333,22.002,True,83.64012671594509
Fri Sep 30 23:45:42 2022,Tomeco,Copiulemu,17.183333333333334,23.39,False,81.6721629485936
Fri Sep 30 23:45:42 2022,Copiulemu,Tomeco,15.6,22.002,False,84.62307692307692
