Fecha,From,To,Tiempo (min),Distancia (km),Real Time,Velocidad promedia
Fri Jan 19 23:28:03 2024,Tomeco,Copiulemu,19.633333333333333,23.48,True,71.75551782682514
Fri Jan 19 23:28:03 2024,Copiulemu,Tomeco,39.78333333333333,22.002,True,33.18273984080436
Fri Jan 19 23:28:03 2024,Tomeco,Copiulemu,18.733333333333334,23.48,False,75.20284697508896
Fri Jan 19 23:28:03 2024,Copiulemu,Tomeco,15.366666666666667,22.002,False,85.90802603036876
