Fecha,From,To,Tiempo (min),Distancia (km),Real Time,Velocidad promedia
Fri May 24 03:29:21 2024,Tomeco,Copiulemu,18.683333333333334,23.48,True,75.40410347903658
Fri May 24 03:29:21 2024,Copiulemu,Tomeco,15.55,22.002,True,84.8951768488746
Fri May 24 03:29:21 2024,Tomeco,Copiulemu,18.683333333333334,23.48,False,75.40410347903658
Fri May 24 03:29:21 2024,Copiulemu,Tomeco,15.5,22.002,False,85.1690322580645
