Fecha,From,To,Tiempo (min),Distancia (km),Real Time,Velocidad promedia
Fri Mar  1 08:29:10 2024,Tomeco,Copiulemu,19.2,23.48,True,73.375
Fri Mar  1 08:29:10 2024,Copiulemu,Tomeco,15.483333333333333,22.002,True,85.26071044133477
Fri Mar  1 08:29:10 2024,Tomeco,Copiulemu,19.2,23.48,False,73.375
Fri Mar  1 08:29:10 2024,Copiulemu,Tomeco,15.483333333333333,22.002,False,85.26071044133477
