Fecha,From,To,Tiempo (min),Distancia (km),Real Time,Velocidad promedia
Fri Jun  3 20:33:40 2022,Tomeco,Copiulemu,19.216666666666665,23.39,True,73.03035559410235
Fri Jun  3 20:33:40 2022,Copiulemu,Tomeco,15.75,22.002,True,83.81714285714285
Fri Jun  3 20:33:40 2022,Tomeco,Copiulemu,18.533333333333335,23.39,False,75.72302158273381
Fri Jun  3 20:33:40 2022,Copiulemu,Tomeco,16.233333333333334,22.002,False,81.32156057494866
