Fecha,From,To,Tiempo (min),Distancia (km),Real Time,Velocidad promedia
Fri Jul 19 12:48:01 2024,Tomeco,Copiulemu,18.15,23.48,True,77.6198347107438
Fri Jul 19 12:48:01 2024,Copiulemu,Tomeco,14.75,22.002,True,89.49966101694915
Fri Jul 19 12:48:01 2024,Tomeco,Copiulemu,18.133333333333333,23.48,False,77.69117647058823
Fri Jul 19 12:48:01 2024,Copiulemu,Tomeco,14.616666666666667,22.002,False,90.31607753705815
