Fecha,From,To,Tiempo (min),Distancia (km),Real Time,Velocidad promedia
Fri Jun 28 13:28:20 2024,Tomeco,Copiulemu,18.766666666666666,23.48,True,75.06927175843695
Fri Jun 28 13:28:20 2024,Copiulemu,Tomeco,15.4,22.002,True,85.72207792207791
Fri Jun 28 13:28:20 2024,Tomeco,Copiulemu,18.416666666666668,23.48,False,76.49592760180995
Fri Jun 28 13:28:20 2024,Copiulemu,Tomeco,15.216666666666667,22.002,False,86.75487404162102
