Fecha,From,To,Tiempo (min),Distancia (km),Real Time,Velocidad promedia
Fri Nov 17 17:29:35 2023,Tomeco,Copiulemu,17.166666666666668,23.39,True,81.7514563106796
Fri Nov 17 17:29:35 2023,Copiulemu,Tomeco,14.883333333333333,21.461,True,86.51690929451287
Fri Nov 17 17:29:35 2023,Tomeco,Copiulemu,17.166666666666668,23.39,False,81.7514563106796
Fri Nov 17 17:29:35 2023,Copiulemu,Tomeco,14.833333333333334,21.461,False,86.80853932584269
