Fecha,From,To,Tiempo (min),Distancia (km),Real Time,Velocidad promedia
Fri Oct 25 16:40:24 2024,Tomeco,Copiulemu,19.766666666666666,23.475,True,71.25632377740304
Fri Oct 25 16:40:24 2024,Copiulemu,Tomeco,14.933333333333334,22.002,True,88.40089285714285
Fri Oct 25 16:40:24 2024,Tomeco,Copiulemu,18.133333333333333,23.475,False,77.67463235294117
Fri Oct 25 16:40:24 2024,Copiulemu,Tomeco,14.783333333333333,22.002,False,89.2978579481398
