Fecha,From,To,Tiempo (min),Distancia (km),Real Time,Velocidad promedia
Fri Jun 14 15:30:29 2024,Tomeco,Copiulemu,18.083333333333332,23.48,True,77.90599078341015
Fri Jun 14 15:30:29 2024,Copiulemu,Tomeco,15.916666666666666,22.002,True,82.93947643979057
Fri Jun 14 15:30:29 2024,Tomeco,Copiulemu,17.7,23.48,False,79.59322033898306
Fri Jun 14 15:30:29 2024,Copiulemu,Tomeco,15.033333333333333,22.002,False,87.81286031042129
