Fecha,From,To,Tiempo (min),Distancia (km),Real Time,Velocidad promedia
Fri Feb  2 20:27:59 2024,Tomeco,Copiulemu,18.283333333333335,23.48,True,77.05378304466727
Fri Feb  2 20:27:59 2024,Copiulemu,Tomeco,19.133333333333333,22.002,True,68.995818815331
Fri Feb  2 20:27:59 2024,Tomeco,Copiulemu,18.35,23.48,False,76.77384196185285
Fri Feb  2 20:27:59 2024,Copiulemu,Tomeco,15.216666666666667,22.002,False,86.75487404162102
