Fecha,From,To,Tiempo (min),Distancia (km),Real Time,Velocidad promedia
Fri Nov  8 04:36:10 2024,Tomeco,Copiulemu,17.916666666666668,23.45,True,78.53023255813953
Fri Nov  8 04:36:10 2024,Copiulemu,Tomeco,15.683333333333334,21.968,True,84.0433581296493
Fri Nov  8 04:36:10 2024,Tomeco,Copiulemu,17.916666666666668,23.45,False,78.53023255813953
Fri Nov  8 04:36:10 2024,Copiulemu,Tomeco,15.683333333333334,21.968,False,84.0433581296493
