Fecha,From,To,Tiempo (min),Distancia (km),Real Time,Velocidad promedia
Fri Oct 13 05:29:03 2023,Tomeco,Copiulemu,17.983333333333334,23.39,True,78.03892493049119
Fri Oct 13 05:29:03 2023,Copiulemu,Tomeco,15.416666666666666,22.002,True,85.62940540540541
Fri Oct 13 05:29:03 2023,Tomeco,Copiulemu,17.983333333333334,23.39,False,78.03892493049119
Fri Oct 13 05:29:03 2023,Copiulemu,Tomeco,15.416666666666666,22.002,False,85.62940540540541
