Fecha,From,To,Tiempo (min),Distancia (km),Real Time,Velocidad promedia
Fri Sep  2 06:12:37 2022,Tomeco,Copiulemu,17.516666666666666,23.39,True,80.11798287345385
Fri Sep  2 06:12:37 2022,Copiulemu,Tomeco,15.216666666666667,21.461,True,84.62168674698795
Fri Sep  2 06:12:37 2022,Tomeco,Copiulemu,17.516666666666666,23.39,False,80.11798287345385
Fri Sep  2 06:12:37 2022,Copiulemu,Tomeco,15.216666666666667,21.461,False,84.62168674698795
