Fecha,From,To,Tiempo (min),Distancia (km),Real Time,Velocidad promedia
Fri May  6 03:51:20 2022,Tomeco,Copiulemu,17.75,23.39,True,79.06478873239436
Fri May  6 03:51:20 2022,Copiulemu,Tomeco,16.1,22.002,True,81.99503105590061
Fri May  6 03:51:20 2022,Tomeco,Copiulemu,17.716666666666665,23.39,False,79.21354656632174
Fri May  6 03:51:20 2022,Copiulemu,Tomeco,15.266666666666667,22.002,False,86.47074235807858
