Fecha,From,To,Tiempo (min),Distancia (km),Real Time,Velocidad promedia
Fri Dec 13 19:28:05 2024,Tomeco,Copiulemu,18.45,23.45,True,76.26016260162602
Fri Dec 13 19:28:05 2024,Copiulemu,Tomeco,16.216666666666665,21.968,True,81.27934224049334
Fri Dec 13 19:28:05 2024,Tomeco,Copiulemu,18.35,23.45,False,76.67574931880108
Fri Dec 13 19:28:05 2024,Copiulemu,Tomeco,15.75,21.968,False,83.68761904761904
