Fecha,From,To,Tiempo (min),Distancia (km),Real Time,Velocidad promedia
Fri Sep  1 07:28:16 2023,Tomeco,Copiulemu,18.3,23.39,True,76.68852459016394
Fri Sep  1 07:28:16 2023,Copiulemu,Tomeco,16.616666666666667,22.002,True,79.44553660982949
Fri Sep  1 07:28:16 2023,Tomeco,Copiulemu,18.3,23.39,False,76.68852459016394
Fri Sep  1 07:28:16 2023,Copiulemu,Tomeco,16.6,22.002,False,79.52530120481927
