Fecha,From,To,Tiempo (min),Distancia (km),Real Time,Velocidad promedia
Fri Oct  7 07:46:06 2022,Tomeco,Copiulemu,17.766666666666666,23.39,True,78.9906191369606
Fri Oct  7 07:46:06 2022,Copiulemu,Tomeco,15.4,22.002,True,85.72207792207791
Fri Oct  7 07:46:06 2022,Tomeco,Copiulemu,17.766666666666666,23.39,False,78.9906191369606
Fri Oct  7 07:46:06 2022,Copiulemu,Tomeco,15.4,22.002,False,85.72207792207791
