Fecha,From,To,Tiempo (min),Distancia (km),Real Time,Velocidad promedia
Fri Apr  5 18:30:21 2024,Tomeco,Copiulemu,18.05,23.48,True,78.04986149584488
Fri Apr  5 18:30:21 2024,Copiulemu,Tomeco,15.083333333333334,22.002,True,87.5217679558011
Fri Apr  5 18:30:21 2024,Tomeco,Copiulemu,17.916666666666668,23.48,False,78.63069767441861
Fri Apr  5 18:30:21 2024,Copiulemu,Tomeco,14.933333333333334,22.002,False,88.40089285714285
