Fecha,From,To,Tiempo (min),Distancia (km),Real Time,Velocidad promedia
Fri Sep 23 19:34:21 2022,Tomeco,Copiulemu,17.3,23.39,True,81.121387283237
Fri Sep 23 19:34:21 2022,Copiulemu,Tomeco,23.016666666666666,22.002,True,57.35496017378711
Fri Sep 23 19:34:21 2022,Tomeco,Copiulemu,16.883333333333333,23.39,False,83.12339585389932
Fri Sep 23 19:34:21 2022,Copiulemu,Tomeco,15.2,22.002,False,86.85000000000001
