Fecha,From,To,Tiempo (min),Distancia (km),Real Time,Velocidad promedia
Fri Jun 21 07:28:10 2024,Tomeco,Copiulemu,18.833333333333332,23.48,True,74.80353982300885
Fri Jun 21 07:28:10 2024,Copiulemu,Tomeco,15.8,22.002,True,83.5518987341772
Fri Jun 21 07:28:10 2024,Tomeco,Copiulemu,18.816666666666666,23.48,False,74.8697962798937
Fri Jun 21 07:28:10 2024,Copiulemu,Tomeco,15.8,22.002,False,83.5518987341772
