Fecha,From,To,Tiempo (min),Distancia (km),Real Time,Velocidad promedia
Fri Sep  2 19:28:58 2022,Tomeco,Copiulemu,17.566666666666666,23.39,True,79.88994307400381
Fri Sep  2 19:28:58 2022,Copiulemu,Tomeco,15.783333333333333,22.002,True,83.64012671594509
Fri Sep  2 19:28:58 2022,Tomeco,Copiulemu,17.55,23.39,False,79.96581196581195
Fri Sep  2 19:28:58 2022,Copiulemu,Tomeco,15.433333333333334,22.002,False,85.53693304535636
