Fecha,From,To,Tiempo (min),Distancia (km),Real Time,Velocidad promedia
Fri Dec 29 13:28:04 2023,Tomeco,Copiulemu,17.7,23.39,True,79.28813559322035
Fri Dec 29 13:28:04 2023,Copiulemu,Tomeco,16.15,21.461,True,79.73126934984519
Fri Dec 29 13:28:04 2023,Tomeco,Copiulemu,17.7,23.39,False,79.28813559322035
Fri Dec 29 13:28:04 2023,Copiulemu,Tomeco,15.816666666666666,21.461,False,81.41159114857744
