Fecha,From,To,Tiempo (min),Distancia (km),Real Time,Velocidad promedia
Fri Dec  8 23:28:19 2023,Tomeco,Copiulemu,20.116666666666667,23.39,True,69.76304888152444
Fri Dec  8 23:28:19 2023,Copiulemu,Tomeco,15.516666666666667,22.002,True,85.07755102040815
Fri Dec  8 23:28:19 2023,Tomeco,Copiulemu,17.75,23.39,False,79.06478873239436
Fri Dec  8 23:28:19 2023,Copiulemu,Tomeco,15.516666666666667,22.002,False,85.07755102040815
