Fecha,From,To,Tiempo (min),Distancia (km),Real Time,Velocidad promedia
Fri Nov  8 13:33:48 2024,Tomeco,Copiulemu,17.966666666666665,23.45,True,78.31168831168831
Fri Nov  8 13:33:48 2024,Copiulemu,Tomeco,15.25,21.968,True,86.43147540983607
Fri Nov  8 13:33:48 2024,Tomeco,Copiulemu,17.966666666666665,23.45,False,78.31168831168831
Fri Nov  8 13:33:48 2024,Copiulemu,Tomeco,15.25,21.968,False,86.43147540983607
