Fecha,From,To,Tiempo (min),Distancia (km),Real Time,Velocidad promedia
Fri Nov  1 12:53:01 2024,Tomeco,Copiulemu,17.266666666666666,23.45,True,81.4864864864865
Fri Nov  1 12:53:01 2024,Copiulemu,Tomeco,15.266666666666667,21.968,True,86.33711790393012
Fri Nov  1 12:53:01 2024,Tomeco,Copiulemu,17.266666666666666,23.45,False,81.4864864864865
Fri Nov  1 12:53:01 2024,Copiulemu,Tomeco,15.266666666666667,21.968,False,86.33711790393012
