Fecha,From,To,Tiempo (min),Distancia (km),Real Time,Velocidad promedia
Fri Aug  5 18:41:59 2022,Tomeco,Copiulemu,17.4,23.39,True,80.65517241379311
Fri Aug  5 18:41:59 2022,Copiulemu,Tomeco,15.516666666666667,22.002,True,85.07755102040815
Fri Aug  5 18:41:59 2022,Tomeco,Copiulemu,17.166666666666668,23.39,False,81.7514563106796
Fri Aug  5 18:41:59 2022,Copiulemu,Tomeco,15.25,22.002,False,86.56524590163934
