Fecha,From,To,Tiempo (min),Distancia (km),Real Time,Velocidad promedia
Fri Mar  1 19:28:06 2024,Tomeco,Copiulemu,19.5,23.48,True,72.24615384615385
Fri Mar  1 19:28:06 2024,Copiulemu,Tomeco,15.633333333333333,22.002,True,84.44264392324094
Fri Mar  1 19:28:06 2024,Tomeco,Copiulemu,18.916666666666668,23.48,False,74.47400881057268
Fri Mar  1 19:28:06 2024,Copiulemu,Tomeco,15.866666666666667,22.002,False,83.20084033613446
