Fecha,From,To,Tiempo (min),Distancia (km),Real Time,Velocidad promedia
Fri Apr  8 02:10:00 2022,Tomeco,Copiulemu,17.783333333333335,23.39,True,78.91658856607309
Fri Apr  8 02:10:00 2022,Copiulemu,Tomeco,15.033333333333333,21.461,True,85.65365853658537
Fri Apr  8 02:10:00 2022,Tomeco,Copiulemu,18.116666666666667,23.39,False,77.46458141674333
Fri Apr  8 02:10:00 2022,Copiulemu,Tomeco,15.033333333333333,21.461,False,85.65365853658537
