Fecha,From,To,Tiempo (min),Distancia (km),Real Time,Velocidad promedia
Fri Oct 13 16:33:43 2023,Tomeco,Copiulemu,16.933333333333334,23.39,True,82.87795275590551
Fri Oct 13 16:33:43 2023,Copiulemu,Tomeco,15.15,22.002,True,87.13663366336633
Fri Oct 13 16:33:43 2023,Tomeco,Copiulemu,16.95,23.39,False,82.79646017699116
Fri Oct 13 16:33:43 2023,Copiulemu,Tomeco,14.75,22.002,False,89.49966101694915
