Fecha,From,To,Tiempo (min),Distancia (km),Real Time,Velocidad promedia
Fri Jan 12 13:28:28 2024,Tomeco,Copiulemu,18.083333333333332,23.48,True,77.90599078341015
Fri Jan 12 13:28:28 2024,Copiulemu,Tomeco,16.733333333333334,22.002,True,78.89163346613545
Fri Jan 12 13:28:28 2024,Tomeco,Copiulemu,17.883333333333333,23.48,False,78.77726001863932
Fri Jan 12 13:28:28 2024,Copiulemu,Tomeco,16.483333333333334,22.002,False,80.08816986855408
