Fecha,From,To,Tiempo (min),Distancia (km),Real Time,Velocidad promedia
Fri Oct 27 06:31:22 2023,Tomeco,Copiulemu,17.533333333333335,23.39,True,80.04182509505702
Fri Oct 27 06:31:22 2023,Copiulemu,Tomeco,15.633333333333333,22.002,True,84.44264392324094
Fri Oct 27 06:31:22 2023,Tomeco,Copiulemu,17.533333333333335,23.39,False,80.04182509505702
Fri Oct 27 06:31:22 2023,Copiulemu,Tomeco,15.633333333333333,22.002,False,84.44264392324094
