Fecha,From,To,Tiempo (min),Distancia (km),Real Time,Velocidad promedia
Fri Mar 22 12:42:17 2024,Tomeco,Copiulemu,17.866666666666667,23.48,True,78.8507462686567
Fri Mar 22 12:42:17 2024,Copiulemu,Tomeco,16.25,22.002,True,81.23815384615385
Fri Mar 22 12:42:17 2024,Tomeco,Copiulemu,17.866666666666667,23.48,False,78.8507462686567
Fri Mar 22 12:42:17 2024,Copiulemu,Tomeco,15.566666666666666,22.002,False,84.80428265524625
