Fecha,From,To,Tiempo (min),Distancia (km),Real Time,Velocidad promedia
Fri Apr  1 23:33:43 2022,Tomeco,Copiulemu,17.8,23.39,True,78.84269662921348
Fri Apr  1 23:33:43 2022,Copiulemu,Tomeco,17.8,22.002,True,74.16404494382022
Fri Apr  1 23:33:43 2022,Tomeco,Copiulemu,17.866666666666667,23.39,False,78.54850746268656
Fri Apr  1 23:33:43 2022,Copiulemu,Tomeco,19.6,22.002,False,67.35306122448978
