Fecha,From,To,Tiempo (min),Distancia (km),Real Time,Velocidad promedia
Fri Oct 25 01:57:18 2024,Tomeco,Copiulemu,20.033333333333335,23.48,True,70.32279534109817
Fri Oct 25 01:57:18 2024,Copiulemu,Tomeco,15.983333333333333,22.002,True,82.59353493222106
Fri Oct 25 01:57:18 2024,Tomeco,Copiulemu,18.366666666666667,23.48,False,76.70417422867514
Fri Oct 25 01:57:18 2024,Copiulemu,Tomeco,15.6,22.002,False,84.62307692307692
