Fecha,From,To,Tiempo (min),Distancia (km),Real Time,Velocidad promedia
Fri Nov 15 12:55:35 2024,Tomeco,Copiulemu,18.4,23.45,True,76.46739130434783
Fri Nov 15 12:55:35 2024,Copiulemu,Tomeco,16.166666666666668,21.562,True,80.02391752577319
Fri Nov 15 12:55:35 2024,Tomeco,Copiulemu,18.4,23.45,False,76.46739130434783
Fri Nov 15 12:55:35 2024,Copiulemu,Tomeco,16.066666666666666,21.562,False,80.52199170124481
