Fecha,From,To,Tiempo (min),Distancia (km),Real Time,Velocidad promedia
Fri Dec  1 11:28:12 2023,Tomeco,Copiulemu,17.0,23.39,True,82.5529411764706
Fri Dec  1 11:28:12 2023,Copiulemu,Tomeco,14.666666666666666,21.461,True,87.795
Fri Dec  1 11:28:12 2023,Tomeco,Copiulemu,16.8,23.39,False,83.53571428571428
Fri Dec  1 11:28:12 2023,Copiulemu,Tomeco,14.633333333333333,21.461,False,87.99498861047836
