Fecha,From,To,Tiempo (min),Distancia (km),Real Time,Velocidad promedia
Fri Jan 12 04:32:15 2024,Tomeco,Copiulemu,19.316666666666666,23.48,True,72.93183779119931
Fri Jan 12 04:32:15 2024,Copiulemu,Tomeco,15.966666666666667,22.002,True,82.67974947807932
Fri Jan 12 04:32:15 2024,Tomeco,Copiulemu,19.033333333333335,23.48,False,74.01751313485114
Fri Jan 12 04:32:15 2024,Copiulemu,Tomeco,15.966666666666667,22.002,False,82.67974947807932
