Fecha,From,To,Tiempo (min),Distancia (km),Real Time,Velocidad promedia
Fri Dec  1 22:30:01 2023,Tomeco,Copiulemu,17.4,23.39,True,80.65517241379311
Fri Dec  1 22:30:01 2023,Copiulemu,Tomeco,16.583333333333332,21.461,True,77.6478391959799
Fri Dec  1 22:30:01 2023,Tomeco,Copiulemu,17.683333333333334,23.39,False,79.36286522148916
Fri Dec  1 22:30:01 2023,Copiulemu,Tomeco,15.483333333333333,21.461,False,83.16426264800862
