Fecha,From,To,Tiempo (min),Distancia (km),Real Time,Velocidad promedia
Fri Mar 29 20:28:02 2024,Tomeco,Copiulemu,18.516666666666666,23.48,True,76.08280828082809
Fri Mar 29 20:28:02 2024,Copiulemu,Tomeco,15.883333333333333,22.002,True,83.11353620146905
Fri Mar 29 20:28:02 2024,Tomeco,Copiulemu,18.3,23.48,False,76.98360655737706
Fri Mar 29 20:28:02 2024,Copiulemu,Tomeco,15.75,22.002,False,83.81714285714285
