Fecha,From,To,Tiempo (min),Distancia (km),Real Time,Velocidad promedia
Fri Jul  5 11:28:13 2024,Tomeco,Copiulemu,18.366666666666667,23.48,True,76.70417422867514
Fri Jul  5 11:28:13 2024,Copiulemu,Tomeco,15.4,22.002,True,85.72207792207791
Fri Jul  5 11:28:13 2024,Tomeco,Copiulemu,18.333333333333332,23.48,False,76.84363636363638
Fri Jul  5 11:28:13 2024,Copiulemu,Tomeco,15.333333333333334,22.002,False,86.09478260869564
