Fecha,From,To,Tiempo (min),Distancia (km),Real Time,Velocidad promedia
Fri Feb 23 16:31:24 2024,Tomeco,Copiulemu,20.316666666666666,23.48,True,69.34208367514357
Fri Feb 23 16:31:24 2024,Copiulemu,Tomeco,16.266666666666666,22.002,True,81.1549180327869
Fri Feb 23 16:31:24 2024,Tomeco,Copiulemu,19.016666666666666,23.48,False,74.08238387379492
Fri Feb 23 16:31:24 2024,Copiulemu,Tomeco,16.2,22.002,False,81.4888888888889
