Fecha,From,To,Tiempo (min),Distancia (km),Real Time,Velocidad promedia
Fri Sep 13 12:51:55 2024,Tomeco,Copiulemu,18.116666666666667,23.48,True,77.76264949402024
Fri Sep 13 12:51:55 2024,Copiulemu,Tomeco,15.316666666666666,22.002,True,86.18846572361262
Fri Sep 13 12:51:55 2024,Tomeco,Copiulemu,18.1,23.48,False,77.8342541436464
Fri Sep 13 12:51:55 2024,Copiulemu,Tomeco,15.133333333333333,22.002,False,87.23259911894272
