Fecha,From,To,Tiempo (min),Distancia (km),Real Time,Velocidad promedia
Fri Jul 26 01:41:51 2024,Tomeco,Copiulemu,18.366666666666667,23.48,True,76.70417422867514
Fri Jul 26 01:41:51 2024,Copiulemu,Tomeco,16.033333333333335,22.002,True,82.33596673596672
Fri Jul 26 01:41:51 2024,Tomeco,Copiulemu,18.3,23.48,False,76.98360655737706
Fri Jul 26 01:41:51 2024,Copiulemu,Tomeco,15.866666666666667,22.002,False,83.20084033613446
