Fecha,From,To,Tiempo (min),Distancia (km),Real Time,Velocidad promedia
Fri Sep 22 13:28:04 2023,Tomeco,Copiulemu,17.766666666666666,23.39,True,78.9906191369606
Fri Sep 22 13:28:04 2023,Copiulemu,Tomeco,15.783333333333333,22.002,True,83.64012671594509
Fri Sep 22 13:28:04 2023,Tomeco,Copiulemu,17.766666666666666,23.39,False,78.9906191369606
Fri Sep 22 13:28:04 2023,Copiulemu,Tomeco,15.766666666666667,22.002,False,83.72854122621564
