Fecha,From,To,Tiempo (min),Distancia (km),Real Time,Velocidad promedia
Fri May 17 22:30:35 2024,Tomeco,Copiulemu,18.3,23.48,True,76.98360655737706
Fri May 17 22:30:35 2024,Copiulemu,Tomeco,15.966666666666667,22.002,True,82.67974947807932
Fri May 17 22:30:35 2024,Tomeco,Copiulemu,18.216666666666665,23.48,False,77.33577310155536
Fri May 17 22:30:35 2024,Copiulemu,Tomeco,15.816666666666666,22.002,False,83.46385669125394
