Fecha,From,To,Tiempo (min),Distancia (km),Real Time,Velocidad promedia
Fri Oct 18 15:33:19 2024,Tomeco,Copiulemu,18.616666666666667,23.48,True,75.67412712623099
Fri Oct 18 15:33:19 2024,Copiulemu,Tomeco,15.516666666666667,22.002,True,85.07755102040815
Fri Oct 18 15:33:19 2024,Tomeco,Copiulemu,18.616666666666667,23.48,False,75.67412712623099
Fri Oct 18 15:33:19 2024,Copiulemu,Tomeco,14.783333333333333,22.002,False,89.2978579481398
