Fecha,From,To,Tiempo (min),Distancia (km),Real Time,Velocidad promedia
Fri Mar 18 23:32:40 2022,Tomeco,Copiulemu,17.816666666666666,23.39,True,78.7689429373246
Fri Mar 18 23:32:40 2022,Copiulemu,Tomeco,17.683333333333334,22.002,True,74.65334590009425
Fri Mar 18 23:32:40 2022,Tomeco,Copiulemu,17.966666666666665,23.39,False,78.11131725417441
Fri Mar 18 23:32:40 2022,Copiulemu,Tomeco,19.666666666666668,22.002,False,67.12474576271187
