Fecha,From,To,Tiempo (min),Distancia (km),Real Time,Velocidad promedia
Fri Jul  1 23:33:40 2022,Tomeco,Copiulemu,17.033333333333335,23.39,True,82.39138943248531
Fri Jul  1 23:33:40 2022,Copiulemu,Tomeco,15.816666666666666,22.002,True,83.46385669125394
Fri Jul  1 23:33:40 2022,Tomeco,Copiulemu,17.05,23.39,False,82.3108504398827
Fri Jul  1 23:33:40 2022,Copiulemu,Tomeco,16.85,22.002,False,78.3454005934718
