Fecha,From,To,Tiempo (min),Distancia (km),Real Time,Velocidad promedia
Fri Aug  2 18:35:31 2024,Tomeco,Copiulemu,18.733333333333334,23.48,True,75.20284697508896
Fri Aug  2 18:35:31 2024,Copiulemu,Tomeco,15.55,22.002,True,84.8951768488746
Fri Aug  2 18:35:31 2024,Tomeco,Copiulemu,18.333333333333332,23.48,False,76.84363636363638
Fri Aug  2 18:35:31 2024,Copiulemu,Tomeco,15.133333333333333,22.002,False,87.23259911894272
