Fecha,From,To,Tiempo (min),Distancia (km),Real Time,Velocidad promedia
Fri Apr 19 10:31:19 2024,Tomeco,Copiulemu,17.816666666666666,23.48,True,79.07202993451824
Fri Apr 19 10:31:19 2024,Copiulemu,Tomeco,15.133333333333333,22.002,True,87.23259911894272
Fri Apr 19 10:31:19 2024,Tomeco,Copiulemu,17.816666666666666,23.48,False,79.07202993451824
Fri Apr 19 10:31:19 2024,Copiulemu,Tomeco,15.133333333333333,22.002,False,87.23259911894272
