Fecha,From,To,Tiempo (min),Distancia (km),Real Time,Velocidad promedia
Fri Aug  9 04:33:57 2024,Tomeco,Copiulemu,18.983333333333334,23.712,True,74.94574187884109
Fri Aug  9 04:33:57 2024,Copiulemu,Tomeco,16.066666666666666,22.002,True,82.16514522821576
Fri Aug  9 04:33:57 2024,Tomeco,Copiulemu,18.983333333333334,23.712,False,74.94574187884109
Fri Aug  9 04:33:57 2024,Copiulemu,Tomeco,16.066666666666666,22.002,False,82.16514522821576
