Fecha,From,To,Tiempo (min),Distancia (km),Real Time,Velocidad promedia
Fri Aug  5 13:55:15 2022,Tomeco,Copiulemu,17.3,23.39,True,81.121387283237
Fri Aug  5 13:55:15 2022,Copiulemu,Tomeco,15.366666666666667,22.002,True,85.90802603036876
Fri Aug  5 13:55:15 2022,Tomeco,Copiulemu,16.816666666666666,23.39,False,83.45292368681864
Fri Aug  5 13:55:15 2022,Copiulemu,Tomeco,15.333333333333334,22.002,False,86.09478260869564
