Fecha,From,To,Tiempo (min),Distancia (km),Real Time,Velocidad promedia
Fri Jun 21 02:41:49 2024,Tomeco,Copiulemu,19.483333333333334,23.48,True,72.30795551753636
Fri Jun 21 02:41:49 2024,Copiulemu,Tomeco,16.05,22.002,True,82.25046728971962
Fri Jun 21 02:41:49 2024,Tomeco,Copiulemu,18.733333333333334,23.48,False,75.20284697508896
Fri Jun 21 02:41:49 2024,Copiulemu,Tomeco,15.866666666666667,22.002,False,83.20084033613446
