Fecha,From,To,Tiempo (min),Distancia (km),Real Time,Velocidad promedia
Fri Feb 16 08:29:05 2024,Tomeco,Copiulemu,19.416666666666668,23.48,True,72.55622317596567
Fri Feb 16 08:29:05 2024,Copiulemu,Tomeco,15.566666666666666,22.002,True,84.80428265524625
Fri Feb 16 08:29:05 2024,Tomeco,Copiulemu,18.683333333333334,23.48,False,75.40410347903658
Fri Feb 16 08:29:05 2024,Copiulemu,Tomeco,15.566666666666666,22.002,False,84.80428265524625
