Fecha,From,To,Tiempo (min),Distancia (km),Real Time,Velocidad promedia
Fri Apr 12 12:42:44 2024,Tomeco,Copiulemu,17.55,23.48,True,80.27350427350426
Fri Apr 12 12:42:44 2024,Copiulemu,Tomeco,15.016666666666667,22.002,True,87.91032186459489
Fri Apr 12 12:42:44 2024,Tomeco,Copiulemu,17.516666666666666,23.48,False,80.42626070409135
Fri Apr 12 12:42:44 2024,Copiulemu,Tomeco,14.983333333333333,22.002,False,88.1058954393771
