Fecha,From,To,Tiempo (min),Distancia (km),Real Time,Velocidad promedia
Fri May 27 11:33:09 2022,Tomeco,Copiulemu,16.183333333333334,23.39,True,86.7188465499485
Fri May 27 11:33:09 2022,Copiulemu,Tomeco,15.033333333333333,22.002,True,87.81286031042129
Fri May 27 11:33:09 2022,Tomeco,Copiulemu,16.25,23.39,False,86.36307692307693
Fri May 27 11:33:09 2022,Copiulemu,Tomeco,14.766666666666667,22.002,False,89.39864559819412
