Fecha,From,To,Tiempo (min),Distancia (km),Real Time,Velocidad promedia
Fri Jul 29 13:52:41 2022,Tomeco,Copiulemu,17.216666666666665,23.39,True,81.51403678606003
Fri Jul 29 13:52:41 2022,Copiulemu,Tomeco,15.516666666666667,22.002,True,85.07755102040815
Fri Jul 29 13:52:41 2022,Tomeco,Copiulemu,16.733333333333334,23.39,False,83.86852589641434
Fri Jul 29 13:52:41 2022,Copiulemu,Tomeco,15.366666666666667,22.002,False,85.90802603036876
