Fecha,From,To,Tiempo (min),Distancia (km),Real Time,Velocidad promedia
Fri Apr 15 13:39:20 2022,Tomeco,Copiulemu,17.466666666666665,23.39,True,80.34732824427482
Fri Apr 15 13:39:20 2022,Copiulemu,Tomeco,14.8,22.002,True,89.1972972972973
Fri Apr 15 13:39:20 2022,Tomeco,Copiulemu,17.466666666666665,23.39,False,80.34732824427482
Fri Apr 15 13:39:20 2022,Copiulemu,Tomeco,16.466666666666665,22.002,False,80.16923076923077
