Fecha,From,To,Tiempo (min),Distancia (km),Real Time,Velocidad promedia
Fri Jan 12 02:39:49 2024,Tomeco,Copiulemu,17.95,23.48,True,78.48467966573817
Fri Jan 12 02:39:49 2024,Copiulemu,Tomeco,15.583333333333334,22.002,True,84.71358288770053
Fri Jan 12 02:39:49 2024,Tomeco,Copiulemu,17.95,23.48,False,78.48467966573817
Fri Jan 12 02:39:49 2024,Copiulemu,Tomeco,15.7,22.002,False,84.08407643312101
