Fecha,From,To,Tiempo (min),Distancia (km),Real Time,Velocidad promedia
Fri Nov  1 23:30:04 2024,Tomeco,Copiulemu,18.5,23.45,True,76.05405405405405
Fri Nov  1 23:30:04 2024,Copiulemu,Tomeco,15.583333333333334,21.968,True,84.58267379679144
Fri Nov  1 23:30:04 2024,Tomeco,Copiulemu,18.083333333333332,23.45,False,77.80645161290323
Fri Nov  1 23:30:04 2024,Copiulemu,Tomeco,15.583333333333334,21.968,False,84.58267379679144
