Fecha,From,To,Tiempo (min),Distancia (km),Real Time,Velocidad promedia
Fri Apr 19 20:27:59 2024,Tomeco,Copiulemu,18.183333333333334,23.48,True,77.47754353803849
Fri Apr 19 20:27:59 2024,Copiulemu,Tomeco,15.833333333333334,22.002,True,83.37599999999999
Fri Apr 19 20:27:59 2024,Tomeco,Copiulemu,18.15,23.48,False,77.6198347107438
Fri Apr 19 20:27:59 2024,Copiulemu,Tomeco,15.633333333333333,22.002,False,84.44264392324094
