Fecha,From,To,Tiempo (min),Distancia (km),Real Time,Velocidad promedia
Fri Sep  6 18:38:24 2024,Tomeco,Copiulemu,18.45,23.48,True,76.35772357723577
Fri Sep  6 18:38:24 2024,Copiulemu,Tomeco,15.383333333333333,22.002,True,85.81495124593715
Fri Sep  6 18:38:24 2024,Tomeco,Copiulemu,18.133333333333333,23.48,False,77.69117647058823
Fri Sep  6 18:38:24 2024,Copiulemu,Tomeco,15.166666666666666,22.002,False,87.04087912087913
