Fecha,From,To,Tiempo (min),Distancia (km),Real Time,Velocidad promedia
Fri Jul  5 08:32:00 2024,Tomeco,Copiulemu,18.5,23.48,True,76.15135135135135
Fri Jul  5 08:32:00 2024,Copiulemu,Tomeco,15.266666666666667,22.002,True,86.47074235807858
Fri Jul  5 08:32:00 2024,Tomeco,Copiulemu,18.5,23.48,False,76.15135135135135
Fri Jul  5 08:32:00 2024,Copiulemu,Tomeco,15.183333333333334,22.002,False,86.94533479692646
