Fecha,From,To,Tiempo (min),Distancia (km),Real Time,Velocidad promedia
Fri Aug 12 10:41:05 2022,Tomeco,Copiulemu,17.016666666666666,23.39,True,82.4720861900098
Fri Aug 12 10:41:05 2022,Copiulemu,Tomeco,15.616666666666667,22.002,True,84.53276414087513
Fri Aug 12 10:41:05 2022,Tomeco,Copiulemu,17.016666666666666,23.39,False,82.4720861900098
Fri Aug 12 10:41:05 2022,Copiulemu,Tomeco,15.433333333333334,22.002,False,85.53693304535636
