Fecha,From,To,Tiempo (min),Distancia (km),Real Time,Velocidad promedia
Fri Jun 28 15:28:48 2024,Tomeco,Copiulemu,18.033333333333335,23.48,True,78.12199630314232
Fri Jun 28 15:28:48 2024,Copiulemu,Tomeco,15.683333333333334,22.002,True,84.17343251859724
Fri Jun 28 15:28:48 2024,Tomeco,Copiulemu,17.983333333333334,23.48,False,78.33920296570899
Fri Jun 28 15:28:48 2024,Copiulemu,Tomeco,15.216666666666667,22.002,False,86.75487404162102
