Fecha,From,To,Tiempo (min),Distancia (km),Real Time,Velocidad promedia
Fri Mar 29 18:29:43 2024,Tomeco,Copiulemu,18.3,23.48,True,76.98360655737706
Fri Mar 29 18:29:43 2024,Copiulemu,Tomeco,16.366666666666667,22.002,True,80.65906313645621
Fri Mar 29 18:29:43 2024,Tomeco,Copiulemu,17.866666666666667,23.48,False,78.8507462686567
Fri Mar 29 18:29:43 2024,Copiulemu,Tomeco,16.366666666666667,22.002,False,80.65906313645621
