Fecha,From,To,Tiempo (min),Distancia (km),Real Time,Velocidad promedia
Fri Sep 15 03:28:19 2023,Tomeco,Copiulemu,18.633333333333333,23.649,True,76.15062611806799
Fri Sep 15 03:28:19 2023,Copiulemu,Tomeco,16.183333333333334,22.002,True,81.5728115345005
Fri Sep 15 03:28:19 2023,Tomeco,Copiulemu,18.183333333333334,23.649,False,78.03519706691108
Fri Sep 15 03:28:19 2023,Copiulemu,Tomeco,16.166666666666668,22.002,False,81.65690721649483
