Fecha,From,To,Tiempo (min),Distancia (km),Real Time,Velocidad promedia
Fri Dec  8 10:32:21 2023,Tomeco,Copiulemu,17.266666666666666,23.39,True,81.27799227799228
Fri Dec  8 10:32:21 2023,Copiulemu,Tomeco,15.016666666666667,22.002,True,87.91032186459489
Fri Dec  8 10:32:21 2023,Tomeco,Copiulemu,17.266666666666666,23.39,False,81.27799227799228
Fri Dec  8 10:32:21 2023,Copiulemu,Tomeco,14.866666666666667,22.002,False,88.79730941704035
