Fecha,From,To,Tiempo (min),Distancia (km),Real Time,Velocidad promedia
Fri Aug 19 20:36:33 2022,Tomeco,Copiulemu,19.616666666666667,23.39,True,71.54120645709432
Fri Aug 19 20:36:33 2022,Copiulemu,Tomeco,15.566666666666666,22.002,True,84.80428265524625
Fri Aug 19 20:36:33 2022,Tomeco,Copiulemu,17.283333333333335,23.39,False,81.19961427193829
Fri Aug 19 20:36:33 2022,Copiulemu,Tomeco,15.583333333333334,22.002,False,84.71358288770053
