Fecha,From,To,Tiempo (min),Distancia (km),Real Time,Velocidad promedia
Fri Apr  1 18:40:39 2022,Tomeco,Copiulemu,17.516666666666666,23.39,True,80.11798287345385
Fri Apr  1 18:40:39 2022,Copiulemu,Tomeco,15.433333333333334,22.002,True,85.53693304535636
Fri Apr  1 18:40:39 2022,Tomeco,Copiulemu,18.266666666666666,23.39,False,76.82846715328468
Fri Apr  1 18:40:39 2022,Copiulemu,Tomeco,15.433333333333334,22.002,False,85.53693304535636
