Fecha,From,To,Tiempo (min),Distancia (km),Real Time,Velocidad promedia
Fri Jan 12 21:28:13 2024,Tomeco,Copiulemu,18.133333333333333,23.48,True,77.69117647058823
Fri Jan 12 21:28:13 2024,Copiulemu,Tomeco,16.6,22.002,True,79.52530120481927
Fri Jan 12 21:28:13 2024,Tomeco,Copiulemu,18.133333333333333,23.48,False,77.69117647058823
Fri Jan 12 21:28:13 2024,Copiulemu,Tomeco,14.966666666666667,22.002,False,88.20400890868596
