Fecha,From,To,Tiempo (min),Distancia (km),Real Time,Velocidad promedia
Fri Mar  1 15:28:02 2024,Tomeco,Copiulemu,18.466666666666665,23.48,True,76.28880866425993
Fri Mar  1 15:28:02 2024,Copiulemu,Tomeco,15.483333333333333,22.002,True,85.26071044133477
Fri Mar  1 15:28:02 2024,Tomeco,Copiulemu,18.433333333333334,23.48,False,76.42676311030742
Fri Mar  1 15:28:02 2024,Copiulemu,Tomeco,15.483333333333333,22.002,False,85.26071044133477
