Fecha,From,To,Tiempo (min),Distancia (km),Real Time,Velocidad promedia
Fri Apr 12 01:30:29 2024,Tomeco,Copiulemu,18.183333333333334,23.48,True,77.47754353803849
Fri Apr 12 01:30:29 2024,Copiulemu,Tomeco,16.833333333333332,22.002,True,78.42297029702969
Fri Apr 12 01:30:29 2024,Tomeco,Copiulemu,18.183333333333334,23.48,False,77.47754353803849
Fri Apr 12 01:30:29 2024,Copiulemu,Tomeco,15.866666666666667,22.002,False,83.20084033613446
