Fecha,From,To,Tiempo (min),Distancia (km),Real Time,Velocidad promedia
Fri Oct  4 11:28:16 2024,Tomeco,Copiulemu,17.916666666666668,23.48,True,78.63069767441861
Fri Oct  4 11:28:16 2024,Copiulemu,Tomeco,14.516666666666667,22.002,True,90.93823191733638
Fri Oct  4 11:28:16 2024,Tomeco,Copiulemu,17.766666666666666,23.48,False,79.29455909943715
Fri Oct  4 11:28:16 2024,Copiulemu,Tomeco,14.516666666666667,22.002,False,90.93823191733638
