Fecha,From,To,Tiempo (min),Distancia (km),Real Time,Velocidad promedia
Fri Dec  8 13:28:13 2023,Tomeco,Copiulemu,17.066666666666666,23.39,True,82.23046875
Fri Dec  8 13:28:13 2023,Copiulemu,Tomeco,15.533333333333333,22.002,True,84.9862660944206
Fri Dec  8 13:28:13 2023,Tomeco,Copiulemu,17.033333333333335,23.39,False,82.39138943248531
Fri Dec  8 13:28:13 2023,Copiulemu,Tomeco,15.533333333333333,22.002,False,84.9862660944206
