Fecha,From,To,Tiempo (min),Distancia (km),Real Time,Velocidad promedia
Fri Aug 19 16:55:21 2022,Tomeco,Copiulemu,16.75,23.39,True,83.78507462686566
Fri Aug 19 16:55:21 2022,Copiulemu,Tomeco,15.166666666666666,22.002,True,87.04087912087913
Fri Aug 19 16:55:21 2022,Tomeco,Copiulemu,16.666666666666668,23.39,False,84.204
Fri Aug 19 16:55:21 2022,Copiulemu,Tomeco,15.1,22.002,False,87.4251655629139
