Fecha,From,To,Tiempo (min),Distancia (km),Real Time,Velocidad promedia
Fri Oct 18 16:40:12 2024,Tomeco,Copiulemu,18.633333333333333,23.712,True,76.35348837209303
Fri Oct 18 16:40:12 2024,Copiulemu,Tomeco,15.016666666666667,22.002,True,87.91032186459489
Fri Oct 18 16:40:12 2024,Tomeco,Copiulemu,18.616666666666667,23.712,False,76.4218442256043
Fri Oct 18 16:40:12 2024,Copiulemu,Tomeco,14.85,22.002,False,88.89696969696969
