Fecha,From,To,Tiempo (min),Distancia (km),Real Time,Velocidad promedia
Fri Dec  8 11:28:09 2023,Tomeco,Copiulemu,17.766666666666666,23.39,True,78.9906191369606
Fri Dec  8 11:28:09 2023,Copiulemu,Tomeco,15.233333333333333,22.002,True,86.65995623632385
Fri Dec  8 11:28:09 2023,Tomeco,Copiulemu,17.416666666666668,23.39,False,80.57799043062201
Fri Dec  8 11:28:09 2023,Copiulemu,Tomeco,15.2,22.002,False,86.85000000000001
