Fecha,From,To,Tiempo (min),Distancia (km),Real Time,Velocidad promedia
Fri Jun  3 23:32:19 2022,Tomeco,Copiulemu,17.233333333333334,23.39,True,81.43520309477756
Fri Jun  3 23:32:19 2022,Copiulemu,Tomeco,16.25,22.002,True,81.23815384615385
Fri Jun  3 23:32:19 2022,Tomeco,Copiulemu,18.183333333333334,23.39,False,77.18056828597616
Fri Jun  3 23:32:19 2022,Copiulemu,Tomeco,18.6,22.002,False,70.97419354838709
