Fecha,From,To,Tiempo (min),Distancia (km),Real Time,Velocidad promedia
Fri Jan 19 16:37:12 2024,Tomeco,Copiulemu,18.3,23.48,True,76.98360655737706
Fri Jan 19 16:37:12 2024,Copiulemu,Tomeco,15.683333333333334,22.002,True,84.17343251859724
Fri Jan 19 16:37:12 2024,Tomeco,Copiulemu,17.783333333333335,23.48,False,79.22024367385191
Fri Jan 19 16:37:12 2024,Copiulemu,Tomeco,15.15,22.002,False,87.13663366336633
