Fecha,From,To,Tiempo (min),Distancia (km),Real Time,Velocidad promedia
Fri Sep  2 17:39:20 2022,Tomeco,Copiulemu,17.433333333333334,23.39,True,80.50095602294455
Fri Sep  2 17:39:20 2022,Copiulemu,Tomeco,15.616666666666667,22.002,True,84.53276414087513
Fri Sep  2 17:39:20 2022,Tomeco,Copiulemu,17.0,23.39,False,82.5529411764706
Fri Sep  2 17:39:20 2022,Copiulemu,Tomeco,15.566666666666666,22.002,False,84.80428265524625
