Fecha,From,To,Tiempo (min),Distancia (km),Real Time,Velocidad promedia
Fri Sep 13 11:28:04 2024,Tomeco,Copiulemu,17.533333333333335,23.48,True,80.34980988593155
Fri Sep 13 11:28:04 2024,Copiulemu,Tomeco,14.583333333333334,22.002,True,90.52251428571428
Fri Sep 13 11:28:04 2024,Tomeco,Copiulemu,17.4,23.48,False,80.96551724137932
Fri Sep 13 11:28:04 2024,Copiulemu,Tomeco,14.583333333333334,22.002,False,90.52251428571428
