Fecha,From,To,Tiempo (min),Distancia (km),Real Time,Velocidad promedia
Fri May 20 20:37:04 2022,Tomeco,Copiulemu,17.65,23.39,True,79.51274787535412
Fri May 20 20:37:04 2022,Copiulemu,Tomeco,15.3,22.002,True,86.28235294117647
Fri May 20 20:37:04 2022,Tomeco,Copiulemu,17.733333333333334,23.39,False,79.1390977443609
Fri May 20 20:37:04 2022,Copiulemu,Tomeco,16.133333333333333,22.002,False,81.82561983471074
