Fecha,From,To,Tiempo (min),Distancia (km),Real Time,Velocidad promedia
Fri Sep  8 11:28:05 2023,Tomeco,Copiulemu,17.066666666666666,23.39,True,82.23046875
Fri Sep  8 11:28:05 2023,Copiulemu,Tomeco,15.683333333333334,22.002,True,84.17343251859724
Fri Sep  8 11:28:05 2023,Tomeco,Copiulemu,17.066666666666666,23.39,False,82.23046875
Fri Sep  8 11:28:05 2023,Copiulemu,Tomeco,15.35,22.002,False,86.0013029315961
