Fecha,From,To,Tiempo (min),Distancia (km),Real Time,Velocidad promedia
Fri Sep 27 09:32:49 2024,Tomeco,Copiulemu,18.8,23.48,True,74.93617021276596
Fri Sep 27 09:32:49 2024,Copiulemu,Tomeco,15.066666666666666,22.002,True,87.61858407079646
Fri Sep 27 09:32:49 2024,Tomeco,Copiulemu,18.8,23.48,False,74.93617021276596
Fri Sep 27 09:32:49 2024,Copiulemu,Tomeco,14.966666666666667,22.002,False,88.20400890868596
