Fecha,From,To,Tiempo (min),Distancia (km),Real Time,Velocidad promedia
Fri Jan 19 08:31:46 2024,Tomeco,Copiulemu,18.733333333333334,23.48,True,75.20284697508896
Fri Jan 19 08:31:46 2024,Copiulemu,Tomeco,15.433333333333334,22.002,True,85.53693304535636
Fri Jan 19 08:31:46 2024,Tomeco,Copiulemu,18.733333333333334,23.48,False,75.20284697508896
Fri Jan 19 08:31:46 2024,Copiulemu,Tomeco,15.433333333333334,22.002,False,85.53693304535636
