Fecha,From,To,Tiempo (min),Distancia (km),Real Time,Velocidad promedia
Fri Nov 22 17:33:59 2024,Tomeco,Copiulemu,18.416666666666668,23.45,True,76.39819004524887
Fri Nov 22 17:33:59 2024,Copiulemu,Tomeco,15.483333333333333,21.968,True,85.12895586652314
Fri Nov 22 17:33:59 2024,Tomeco,Copiulemu,18.166666666666668,23.45,False,77.44954128440367
Fri Nov 22 17:33:59 2024,Copiulemu,Tomeco,15.45,21.968,False,85.3126213592233
