Fecha,From,To,Tiempo (min),Distancia (km),Real Time,Velocidad promedia
Fri Apr 19 14:31:13 2024,Tomeco,Copiulemu,17.733333333333334,23.48,True,79.44360902255639
Fri Apr 19 14:31:13 2024,Copiulemu,Tomeco,15.033333333333333,22.002,True,87.81286031042129
Fri Apr 19 14:31:13 2024,Tomeco,Copiulemu,17.733333333333334,23.48,False,79.44360902255639
Fri Apr 19 14:31:13 2024,Copiulemu,Tomeco,15.116666666666667,22.002,False,87.328776185226
