Fecha,From,To,Tiempo (min),Distancia (km),Real Time,Velocidad promedia
Fri Jul  5 18:34:57 2024,Tomeco,Copiulemu,17.6,23.48,True,80.04545454545455
Fri Jul  5 18:34:57 2024,Copiulemu,Tomeco,15.433333333333334,22.002,True,85.53693304535636
Fri Jul  5 18:34:57 2024,Tomeco,Copiulemu,17.55,23.48,False,80.27350427350426
Fri Jul  5 18:34:57 2024,Copiulemu,Tomeco,15.033333333333333,22.002,False,87.81286031042129
