Fecha,From,To,Tiempo (min),Distancia (km),Real Time,Velocidad promedia
Fri Apr  8 06:41:56 2022,Tomeco,Copiulemu,18.033333333333335,23.39,True,77.82255083179297
Fri Apr  8 06:41:56 2022,Copiulemu,Tomeco,15.066666666666666,21.461,True,85.46415929203539
Fri Apr  8 06:41:56 2022,Tomeco,Copiulemu,18.033333333333335,23.39,False,77.82255083179297
Fri Apr  8 06:41:56 2022,Copiulemu,Tomeco,15.933333333333334,22.002,False,82.85271966527196
