Fecha,From,To,Tiempo (min),Distancia (km),Real Time,Velocidad promedia
Fri Sep 20 23:29:13 2024,Tomeco,Copiulemu,20.966666666666665,23.48,True,67.19236883942767
Fri Sep 20 23:29:13 2024,Copiulemu,Tomeco,16.8,22.002,True,78.57857142857142
Fri Sep 20 23:29:13 2024,Tomeco,Copiulemu,17.933333333333334,23.48,False,78.55762081784387
Fri Sep 20 23:29:13 2024,Copiulemu,Tomeco,15.25,22.002,False,86.56524590163934
