Fecha,From,To,Tiempo (min),Distancia (km),Real Time,Velocidad promedia
Fri Apr 29 04:02:30 2022,Tomeco,Copiulemu,17.366666666666667,23.39,True,80.80998080614204
Fri Apr 29 04:02:30 2022,Copiulemu,Tomeco,15.183333333333334,21.461,True,84.80746432491767
Fri Apr 29 04:02:30 2022,Tomeco,Copiulemu,17.366666666666667,23.39,False,80.80998080614204
Fri Apr 29 04:02:30 2022,Copiulemu,Tomeco,15.116666666666667,21.461,False,85.18147739801542
