Fecha,From,To,Tiempo (min),Distancia (km),Real Time,Velocidad promedia
Fri Sep 16 17:01:50 2022,Tomeco,Copiulemu,17.1,23.39,True,82.07017543859648
Fri Sep 16 17:01:50 2022,Copiulemu,Tomeco,16.616666666666667,22.002,True,79.44553660982949
Fri Sep 16 17:01:50 2022,Tomeco,Copiulemu,17.1,23.39,False,82.07017543859648
Fri Sep 16 17:01:50 2022,Copiulemu,Tomeco,15.266666666666667,22.002,False,86.47074235807858
