Fecha,From,To,Tiempo (min),Distancia (km),Real Time,Velocidad promedia
Fri Nov 17 14:30:33 2023,Tomeco,Copiulemu,17.266666666666666,23.39,True,81.27799227799228
Fri Nov 17 14:30:33 2023,Copiulemu,Tomeco,15.0,21.461,True,85.844
Fri Nov 17 14:30:33 2023,Tomeco,Copiulemu,17.033333333333335,23.39,False,82.39138943248531
Fri Nov 17 14:30:33 2023,Copiulemu,Tomeco,14.983333333333333,21.461,False,85.93948832035595
