Fecha,From,To,Tiempo (min),Distancia (km),Real Time,Velocidad promedia
Fri Mar 25 06:41:25 2022,Tomeco,Copiulemu,18.3,23.39,True,76.68852459016394
Fri Mar 25 06:41:25 2022,Copiulemu,Tomeco,16.4,22.002,True,80.49512195121952
Fri Mar 25 06:41:25 2022,Tomeco,Copiulemu,18.3,23.39,False,76.68852459016394
Fri Mar 25 06:41:25 2022,Copiulemu,Tomeco,16.4,22.002,False,80.49512195121952
