Fecha,From,To,Tiempo (min),Distancia (km),Real Time,Velocidad promedia
Fri Jun 24 06:42:01 2022,Tomeco,Copiulemu,17.583333333333332,23.39,True,79.81421800947868
Fri Jun 24 06:42:01 2022,Copiulemu,Tomeco,15.733333333333333,22.002,True,83.90593220338984
Fri Jun 24 06:42:01 2022,Tomeco,Copiulemu,17.583333333333332,23.39,False,79.81421800947868
Fri Jun 24 06:42:01 2022,Copiulemu,Tomeco,15.733333333333333,22.002,False,83.90593220338984
