Fecha,From,To,Tiempo (min),Distancia (km),Real Time,Velocidad promedia
Fri Jul 19 02:45:04 2024,Tomeco,Copiulemu,18.783333333333335,23.48,True,75.00266193433895
Fri Jul 19 02:45:04 2024,Copiulemu,Tomeco,15.516666666666667,22.002,True,85.07755102040815
Fri Jul 19 02:45:04 2024,Tomeco,Copiulemu,18.766666666666666,23.48,False,75.06927175843695
Fri Jul 19 02:45:04 2024,Copiulemu,Tomeco,15.9,22.002,False,83.02641509433961
