Fecha,From,To,Tiempo (min),Distancia (km),Real Time,Velocidad promedia
Fri Mar  1 02:33:47 2024,Tomeco,Copiulemu,20.366666666666667,23.48,True,69.17184942716858
Fri Mar  1 02:33:47 2024,Copiulemu,Tomeco,15.983333333333333,22.002,True,82.59353493222106
Fri Mar  1 02:33:47 2024,Tomeco,Copiulemu,20.25,23.48,False,69.57037037037037
Fri Mar  1 02:33:47 2024,Copiulemu,Tomeco,15.833333333333334,22.002,False,83.37599999999999
