Fecha,From,To,Tiempo (min),Distancia (km),Real Time,Velocidad promedia
Fri Aug 16 02:46:27 2024,Tomeco,Copiulemu,17.966666666666665,23.48,True,78.41187384044528
Fri Aug 16 02:46:27 2024,Copiulemu,Tomeco,15.883333333333333,22.002,True,83.11353620146905
Fri Aug 16 02:46:27 2024,Tomeco,Copiulemu,17.9,23.48,False,78.70391061452516
Fri Aug 16 02:46:27 2024,Copiulemu,Tomeco,15.633333333333333,22.002,False,84.44264392324094
