Fecha,From,To,Tiempo (min),Distancia (km),Real Time,Velocidad promedia
Fri Nov 24 15:28:15 2023,Tomeco,Copiulemu,17.216666666666665,23.39,True,81.51403678606003
Fri Nov 24 15:28:15 2023,Copiulemu,Tomeco,15.033333333333333,21.461,True,85.65365853658537
Fri Nov 24 15:28:15 2023,Tomeco,Copiulemu,16.95,23.39,False,82.79646017699116
Fri Nov 24 15:28:15 2023,Copiulemu,Tomeco,14.933333333333334,21.461,False,86.22723214285713
