Fecha,From,To,Tiempo (min),Distancia (km),Real Time,Velocidad promedia
Fri May 24 12:46:02 2024,Tomeco,Copiulemu,18.1,23.48,True,77.8342541436464
Fri May 24 12:46:02 2024,Copiulemu,Tomeco,14.75,22.002,True,89.49966101694915
Fri May 24 12:46:02 2024,Tomeco,Copiulemu,17.533333333333335,23.48,False,80.34980988593155
Fri May 24 12:46:02 2024,Copiulemu,Tomeco,14.583333333333334,22.002,False,90.52251428571428
