Fecha,From,To,Tiempo (min),Distancia (km),Real Time,Velocidad promedia
Fri Jun 17 21:31:29 2022,Tomeco,Copiulemu,17.283333333333335,23.39,True,81.19961427193829
Fri Jun 17 21:31:29 2022,Copiulemu,Tomeco,16.366666666666667,22.002,True,80.65906313645621
Fri Jun 17 21:31:29 2022,Tomeco,Copiulemu,19.416666666666668,23.39,False,72.27811158798283
Fri Jun 17 21:31:29 2022,Copiulemu,Tomeco,16.4,22.002,False,80.49512195121952
