Fecha,From,To,Tiempo (min),Distancia (km),Real Time,Velocidad promedia
Fri Jul 12 21:28:03 2024,Tomeco,Copiulemu,18.45,23.48,True,76.35772357723577
Fri Jul 12 21:28:03 2024,Copiulemu,Tomeco,15.55,22.002,True,84.8951768488746
Fri Jul 12 21:28:03 2024,Tomeco,Copiulemu,18.433333333333334,23.48,False,76.42676311030742
Fri Jul 12 21:28:03 2024,Copiulemu,Tomeco,15.533333333333333,22.002,False,84.9862660944206
