Fecha,From,To,Tiempo (min),Distancia (km),Real Time,Velocidad promedia
Fri Sep 15 12:45:10 2023,Tomeco,Copiulemu,17.266666666666666,23.39,True,81.27799227799228
Fri Sep 15 12:45:10 2023,Copiulemu,Tomeco,15.8,22.002,True,83.5518987341772
Fri Sep 15 12:45:10 2023,Tomeco,Copiulemu,17.05,23.39,False,82.3108504398827
Fri Sep 15 12:45:10 2023,Copiulemu,Tomeco,15.716666666666667,22.002,False,83.99490986214211
