Fecha,From,To,Tiempo (min),Distancia (km),Real Time,Velocidad promedia
Fri Feb 23 10:30:59 2024,Tomeco,Copiulemu,18.2,23.48,True,77.4065934065934
Fri Feb 23 10:30:59 2024,Copiulemu,Tomeco,15.233333333333333,22.002,True,86.65995623632385
Fri Feb 23 10:30:59 2024,Tomeco,Copiulemu,18.183333333333334,23.48,False,77.47754353803849
Fri Feb 23 10:30:59 2024,Copiulemu,Tomeco,15.216666666666667,22.002,False,86.75487404162102
