Fecha,From,To,Tiempo (min),Distancia (km),Real Time,Velocidad promedia
Fri Apr 22 18:41:21 2022,Tomeco,Copiulemu,17.55,23.39,True,79.96581196581195
Fri Apr 22 18:41:21 2022,Copiulemu,Tomeco,15.75,22.002,True,83.81714285714285
Fri Apr 22 18:41:21 2022,Tomeco,Copiulemu,17.2,23.39,False,81.59302325581395
Fri Apr 22 18:41:21 2022,Copiulemu,Tomeco,15.25,22.002,False,86.56524590163934
