Fecha,From,To,Tiempo (min),Distancia (km),Real Time,Velocidad promedia
Fri Oct 18 08:38:56 2024,Tomeco,Copiulemu,19.316666666666666,23.48,True,72.93183779119931
Fri Oct 18 08:38:56 2024,Copiulemu,Tomeco,14.95,22.002,True,88.30234113712375
Fri Oct 18 08:38:56 2024,Tomeco,Copiulemu,19.316666666666666,23.48,False,72.93183779119931
Fri Oct 18 08:38:56 2024,Copiulemu,Tomeco,14.95,22.002,False,88.30234113712375
