Fecha,From,To,Tiempo (min),Distancia (km),Real Time,Velocidad promedia
Fri Nov 22 04:39:14 2024,Tomeco,Copiulemu,18.333333333333332,23.45,True,76.74545454545455
Fri Nov 22 04:39:14 2024,Copiulemu,Tomeco,16.25,21.968,True,81.1126153846154
Fri Nov 22 04:39:14 2024,Tomeco,Copiulemu,17.983333333333334,23.45,False,78.23911028730305
Fri Nov 22 04:39:14 2024,Copiulemu,Tomeco,16.033333333333335,21.968,False,82.2087318087318
