Fecha,From,To,Tiempo (min),Distancia (km),Real Time,Velocidad promedia
Fri Apr  1 19:28:07 2022,Tomeco,Copiulemu,17.35,23.39,True,80.88760806916426
Fri Apr  1 19:28:07 2022,Copiulemu,Tomeco,15.883333333333333,22.002,True,83.11353620146905
Fri Apr  1 19:28:07 2022,Tomeco,Copiulemu,18.416666666666668,23.39,False,76.2027149321267
Fri Apr  1 19:28:07 2022,Copiulemu,Tomeco,15.883333333333333,22.002,False,83.11353620146905
