Fecha,From,To,Tiempo (min),Distancia (km),Real Time,Velocidad promedia
Fri Jan  5 05:29:47 2024,Tomeco,Copiulemu,18.55,23.48,True,75.94609164420484
Fri Jan  5 05:29:47 2024,Copiulemu,Tomeco,16.083333333333332,22.002,True,82.08
Fri Jan  5 05:29:47 2024,Tomeco,Copiulemu,18.483333333333334,23.48,False,76.2200180342651
Fri Jan  5 05:29:47 2024,Copiulemu,Tomeco,15.216666666666667,22.002,False,86.75487404162102
