Fecha,From,To,Tiempo (min),Distancia (km),Real Time,Velocidad promedia
Fri Nov 29 02:08:56 2024,Tomeco,Copiulemu,18.35,23.45,True,76.67574931880108
Fri Nov 29 02:08:56 2024,Copiulemu,Tomeco,16.0,21.968,True,82.38
Fri Nov 29 02:08:56 2024,Tomeco,Copiulemu,18.316666666666666,23.45,False,76.81528662420382
Fri Nov 29 02:08:56 2024,Copiulemu,Tomeco,15.966666666666667,21.968,False,82.55198329853862
