Fecha,From,To,Tiempo (min),Distancia (km),Real Time,Velocidad promedia
Fri Aug  2 22:31:26 2024,Tomeco,Copiulemu,19.733333333333334,23.48,True,71.39189189189189
Fri Aug  2 22:31:26 2024,Copiulemu,Tomeco,16.566666666666666,22.002,True,79.68531187122737
Fri Aug  2 22:31:26 2024,Tomeco,Copiulemu,18.783333333333335,23.48,False,75.00266193433895
Fri Aug  2 22:31:26 2024,Copiulemu,Tomeco,16.2,22.002,False,81.4888888888889
