Fecha,From,To,Tiempo (min),Distancia (km),Real Time,Velocidad promedia
Fri Feb 23 03:28:04 2024,Tomeco,Copiulemu,18.883333333333333,23.48,True,74.60547219770521
Fri Feb 23 03:28:04 2024,Copiulemu,Tomeco,16.266666666666666,22.002,True,81.1549180327869
Fri Feb 23 03:28:04 2024,Tomeco,Copiulemu,18.616666666666667,23.48,False,75.67412712623099
Fri Feb 23 03:28:04 2024,Copiulemu,Tomeco,16.116666666666667,22.002,False,81.91023784901756
