Fecha,From,To,Tiempo (min),Distancia (km),Real Time,Velocidad promedia
Fri May 24 09:28:01 2024,Tomeco,Copiulemu,18.633333333333333,23.48,True,75.60644007155636
Fri May 24 09:28:01 2024,Copiulemu,Tomeco,15.133333333333333,22.002,True,87.23259911894272
Fri May 24 09:28:01 2024,Tomeco,Copiulemu,18.633333333333333,23.48,False,75.60644007155636
Fri May 24 09:28:01 2024,Copiulemu,Tomeco,15.033333333333333,22.002,False,87.81286031042129
