Fecha,From,To,Tiempo (min),Distancia (km),Real Time,Velocidad promedia
Fri Apr 15 16:53:29 2022,Tomeco,Copiulemu,18.816666666666666,23.39,True,74.58281665190434
Fri Apr 15 16:53:29 2022,Copiulemu,Tomeco,18.566666666666666,22.002,True,71.1016157989228
Fri Apr 15 16:53:29 2022,Tomeco,Copiulemu,18.75,23.39,False,74.848
Fri Apr 15 16:53:29 2022,Copiulemu,Tomeco,18.466666666666665,22.002,False,71.48664259927799
