Fecha,From,To,Tiempo (min),Distancia (km),Real Time,Velocidad promedia
Fri Jul  5 16:35:04 2024,Tomeco,Copiulemu,18.383333333333333,23.48,True,76.63463281958296
Fri Jul  5 16:35:04 2024,Copiulemu,Tomeco,15.433333333333334,22.002,True,85.53693304535636
Fri Jul  5 16:35:04 2024,Tomeco,Copiulemu,17.8,23.48,False,79.14606741573033
Fri Jul  5 16:35:04 2024,Copiulemu,Tomeco,15.2,22.002,False,86.85000000000001
