Fecha,From,To,Tiempo (min),Distancia (km),Real Time,Velocidad promedia
Fri Sep 27 20:32:07 2024,Tomeco,Copiulemu,27.416666666666668,23.491,True,51.408875379939204
Fri Sep 27 20:32:07 2024,Copiulemu,Tomeco,15.783333333333333,22.002,True,83.64012671594509
Fri Sep 27 20:32:07 2024,Tomeco,Copiulemu,18.55,23.491,False,75.98167115902964
Fri Sep 27 20:32:07 2024,Copiulemu,Tomeco,15.533333333333333,22.002,False,84.9862660944206
