Fecha,From,To,Tiempo (min),Distancia (km),Real Time,Velocidad promedia
Fri Mar 15 05:29:01 2024,Tomeco,Copiulemu,18.4,23.48,True,76.56521739130436
Fri Mar 15 05:29:01 2024,Copiulemu,Tomeco,15.983333333333333,22.002,True,82.59353493222106
Fri Mar 15 05:29:01 2024,Tomeco,Copiulemu,18.4,23.48,False,76.56521739130436
Fri Mar 15 05:29:01 2024,Copiulemu,Tomeco,15.483333333333333,22.002,False,85.26071044133477
