Fecha,From,To,Tiempo (min),Distancia (km),Real Time,Velocidad promedia
Fri Aug 23 06:37:57 2024,Tomeco,Copiulemu,18.716666666666665,23.48,True,75.26981300089048
Fri Aug 23 06:37:57 2024,Copiulemu,Tomeco,15.8,22.002,True,83.5518987341772
Fri Aug 23 06:37:57 2024,Tomeco,Copiulemu,18.716666666666665,23.48,False,75.26981300089048
Fri Aug 23 06:37:57 2024,Copiulemu,Tomeco,15.8,22.002,False,83.5518987341772
