Fecha,From,To,Tiempo (min),Distancia (km),Real Time,Velocidad promedia
Fri Dec 29 21:28:03 2023,Tomeco,Copiulemu,17.25,23.39,True,81.35652173913044
Fri Dec 29 21:28:03 2023,Copiulemu,Tomeco,15.833333333333334,21.461,True,81.3258947368421
Fri Dec 29 21:28:03 2023,Tomeco,Copiulemu,16.933333333333334,23.39,False,82.87795275590551
Fri Dec 29 21:28:03 2023,Copiulemu,Tomeco,15.816666666666666,21.461,False,81.41159114857744
