Fecha,From,To,Tiempo (min),Distancia (km),Real Time,Velocidad promedia
Fri Sep 20 03:35:40 2024,Tomeco,Copiulemu,18.566666666666666,23.48,True,75.87791741472172
Fri Sep 20 03:35:40 2024,Copiulemu,Tomeco,15.633333333333333,22.002,True,84.44264392324094
Fri Sep 20 03:35:40 2024,Tomeco,Copiulemu,18.3,23.48,False,76.98360655737706
Fri Sep 20 03:35:40 2024,Copiulemu,Tomeco,15.3,22.002,False,86.28235294117647
