Fecha,From,To,Tiempo (min),Distancia (km),Real Time,Velocidad promedia
Fri Jun 21 21:28:06 2024,Tomeco,Copiulemu,18.283333333333335,23.48,True,77.05378304466727
Fri Jun 21 21:28:06 2024,Copiulemu,Tomeco,15.6,22.002,True,84.62307692307692
Fri Jun 21 21:28:06 2024,Tomeco,Copiulemu,18.333333333333332,23.48,False,76.84363636363638
Fri Jun 21 21:28:06 2024,Copiulemu,Tomeco,15.6,22.002,False,84.62307692307692
