Fecha,From,To,Tiempo (min),Distancia (km),Real Time,Velocidad promedia
Fri Nov  3 08:30:01 2023,Tomeco,Copiulemu,18.483333333333334,23.39,True,75.92786293958521
Fri Nov  3 08:30:01 2023,Copiulemu,Tomeco,15.733333333333333,22.002,True,83.90593220338984
Fri Nov  3 08:30:01 2023,Tomeco,Copiulemu,18.483333333333334,23.39,False,75.92786293958521
Fri Nov  3 08:30:01 2023,Copiulemu,Tomeco,15.733333333333333,22.002,False,83.90593220338984
