Fecha,From,To,Tiempo (min),Distancia (km),Real Time,Velocidad promedia
Fri Oct 25 22:34:52 2024,Tomeco,Copiulemu,18.366666666666667,23.475,True,76.68784029038113
Fri Oct 25 22:34:52 2024,Copiulemu,Tomeco,15.483333333333333,22.002,True,85.26071044133477
Fri Oct 25 22:34:52 2024,Tomeco,Copiulemu,18.366666666666667,23.475,False,76.68784029038113
Fri Oct 25 22:34:52 2024,Copiulemu,Tomeco,15.483333333333333,22.002,False,85.26071044133477
