Fecha,From,To,Tiempo (min),Distancia (km),Real Time,Velocidad promedia
Fri Oct  6 08:30:38 2023,Tomeco,Copiulemu,18.55,23.39,True,75.65498652291105
Fri Oct  6 08:30:38 2023,Copiulemu,Tomeco,15.416666666666666,22.002,True,85.62940540540541
Fri Oct  6 08:30:38 2023,Tomeco,Copiulemu,18.55,23.39,False,75.65498652291105
Fri Oct  6 08:30:38 2023,Copiulemu,Tomeco,15.416666666666666,22.002,False,85.62940540540541
