Fecha,From,To,Tiempo (min),Distancia (km),Real Time,Velocidad promedia
Fri Dec 15 05:29:54 2023,Tomeco,Copiulemu,17.816666666666666,23.39,True,78.7689429373246
Fri Dec 15 05:29:54 2023,Copiulemu,Tomeco,15.2,21.461,True,84.71447368421053
Fri Dec 15 05:29:54 2023,Tomeco,Copiulemu,17.816666666666666,23.39,False,78.7689429373246
Fri Dec 15 05:29:54 2023,Copiulemu,Tomeco,15.2,21.461,False,84.71447368421053
