Fecha,From,To,Tiempo (min),Distancia (km),Real Time,Velocidad promedia
Fri Oct  7 23:45:20 2022,Tomeco,Copiulemu,17.183333333333334,23.39,True,81.6721629485936
Fri Oct  7 23:45:20 2022,Copiulemu,Tomeco,15.6,22.002,True,84.62307692307692
Fri Oct  7 23:45:20 2022,Tomeco,Copiulemu,17.233333333333334,23.39,False,81.43520309477756
Fri Oct  7 23:45:20 2022,Copiulemu,Tomeco,15.6,22.002,False,84.62307692307692
