Fecha,From,To,Tiempo (min),Distancia (km),Real Time,Velocidad promedia
Fri Dec 13 14:38:25 2024,Tomeco,Copiulemu,18.133333333333333,23.45,True,77.59191176470588
Fri Dec 13 14:38:25 2024,Copiulemu,Tomeco,15.816666666666666,21.968,True,83.33487881981033
Fri Dec 13 14:38:25 2024,Tomeco,Copiulemu,18.116666666666667,23.45,False,77.66329346826126
Fri Dec 13 14:38:25 2024,Copiulemu,Tomeco,15.566666666666666,21.968,False,84.67323340471093
