Fecha,From,To,Tiempo (min),Distancia (km),Real Time,Velocidad promedia
Fri Nov 29 04:39:37 2024,Tomeco,Copiulemu,17.883333333333333,23.45,True,78.67660764212488
Fri Nov 29 04:39:37 2024,Copiulemu,Tomeco,16.55,21.968,True,79.64229607250756
Fri Nov 29 04:39:37 2024,Tomeco,Copiulemu,17.816666666666666,23.45,False,78.97100093545369
Fri Nov 29 04:39:37 2024,Copiulemu,Tomeco,16.55,21.968,False,79.64229607250756
