Fecha,From,To,Tiempo (min),Distancia (km),Real Time,Velocidad promedia
Fri Nov 24 16:34:29 2023,Tomeco,Copiulemu,17.5,23.39,True,80.19428571428571
Fri Nov 24 16:34:29 2023,Copiulemu,Tomeco,14.883333333333333,21.461,True,86.51690929451287
Fri Nov 24 16:34:29 2023,Tomeco,Copiulemu,17.116666666666667,23.39,False,81.9902629016553
Fri Nov 24 16:34:29 2023,Copiulemu,Tomeco,14.883333333333333,21.461,False,86.51690929451287
