Fecha,From,To,Tiempo (min),Distancia (km),Real Time,Velocidad promedia
Fri May 31 17:30:51 2024,Tomeco,Copiulemu,17.8,23.48,True,79.14606741573033
Fri May 31 17:30:51 2024,Copiulemu,Tomeco,15.1,22.002,True,87.4251655629139
Fri May 31 17:30:51 2024,Tomeco,Copiulemu,17.783333333333335,23.48,False,79.22024367385191
Fri May 31 17:30:51 2024,Copiulemu,Tomeco,14.95,22.002,False,88.30234113712375
