Fecha,From,To,Tiempo (min),Distancia (km),Real Time,Velocidad promedia
Fri Jan 12 10:33:20 2024,Tomeco,Copiulemu,17.416666666666668,23.48,True,80.88803827751195
Fri Jan 12 10:33:20 2024,Copiulemu,Tomeco,14.583333333333334,22.002,True,90.52251428571428
Fri Jan 12 10:33:20 2024,Tomeco,Copiulemu,17.116666666666667,23.48,False,82.30574488802337
Fri Jan 12 10:33:20 2024,Copiulemu,Tomeco,14.65,22.002,False,90.11058020477815
