Fecha,From,To,Tiempo (min),Distancia (km),Real Time,Velocidad promedia
Fri Jan  5 15:28:09 2024,Tomeco,Copiulemu,18.2,23.48,True,77.4065934065934
Fri Jan  5 15:28:09 2024,Copiulemu,Tomeco,16.766666666666666,22.002,True,78.73479125248508
Fri Jan  5 15:28:09 2024,Tomeco,Copiulemu,17.7,23.48,False,79.59322033898306
Fri Jan  5 15:28:09 2024,Copiulemu,Tomeco,15.166666666666666,22.002,False,87.04087912087913
