Fecha,From,To,Tiempo (min),Distancia (km),Real Time,Velocidad promedia
Fri Aug 12 15:41:24 2022,Tomeco,Copiulemu,17.083333333333332,23.39,True,82.15024390243903
Fri Aug 12 15:41:24 2022,Copiulemu,Tomeco,15.633333333333333,22.002,True,84.44264392324094
Fri Aug 12 15:41:24 2022,Tomeco,Copiulemu,17.016666666666666,23.39,False,82.4720861900098
Fri Aug 12 15:41:24 2022,Copiulemu,Tomeco,15.5,22.002,False,85.1690322580645
