Fecha,From,To,Tiempo (min),Distancia (km),Real Time,Velocidad promedia
Fri Sep 15 09:28:07 2023,Tomeco,Copiulemu,17.516666666666666,23.39,True,80.11798287345385
Fri Sep 15 09:28:07 2023,Copiulemu,Tomeco,15.983333333333333,22.002,True,82.59353493222106
Fri Sep 15 09:28:07 2023,Tomeco,Copiulemu,17.533333333333335,23.39,False,80.04182509505702
Fri Sep 15 09:28:07 2023,Copiulemu,Tomeco,15.966666666666667,22.002,False,82.67974947807932
