Fecha,From,To,Tiempo (min),Distancia (km),Real Time,Velocidad promedia
Fri Oct 11 09:32:48 2024,Tomeco,Copiulemu,18.816666666666666,23.48,True,74.8697962798937
Fri Oct 11 09:32:48 2024,Copiulemu,Tomeco,15.05,22.002,True,87.71561461794019
Fri Oct 11 09:32:48 2024,Tomeco,Copiulemu,18.8,23.48,False,74.93617021276596
Fri Oct 11 09:32:48 2024,Copiulemu,Tomeco,15.033333333333333,22.002,False,87.81286031042129
