Fecha,From,To,Tiempo (min),Distancia (km),Real Time,Velocidad promedia
Fri May 20 15:40:53 2022,Tomeco,Copiulemu,16.483333333333334,23.39,True,85.14054600606673
Fri May 20 15:40:53 2022,Copiulemu,Tomeco,15.45,22.002,True,85.44466019417474
Fri May 20 15:40:53 2022,Tomeco,Copiulemu,16.466666666666665,23.39,False,85.22672064777329
Fri May 20 15:40:53 2022,Copiulemu,Tomeco,15.316666666666666,22.002,False,86.18846572361262
