Fecha,From,To,Tiempo (min),Distancia (km),Real Time,Velocidad promedia
Fri Feb  2 06:29:37 2024,Tomeco,Copiulemu,18.216666666666665,23.48,True,77.33577310155536
Fri Feb  2 06:29:37 2024,Copiulemu,Tomeco,15.75,22.002,True,83.81714285714285
Fri Feb  2 06:29:37 2024,Tomeco,Copiulemu,18.233333333333334,23.48,False,77.26508226691041
Fri Feb  2 06:29:37 2024,Copiulemu,Tomeco,15.7,22.002,False,84.08407643312101
