Fecha,From,To,Tiempo (min),Distancia (km),Real Time,Velocidad promedia
Fri Apr  8 16:52:38 2022,Tomeco,Copiulemu,17.566666666666666,23.39,True,79.88994307400381
Fri Apr  8 16:52:38 2022,Copiulemu,Tomeco,15.183333333333334,22.002,True,86.94533479692646
Fri Apr  8 16:52:38 2022,Tomeco,Copiulemu,17.55,23.39,False,79.96581196581195
Fri Apr  8 16:52:38 2022,Copiulemu,Tomeco,15.166666666666666,22.002,False,87.04087912087913
