Fecha,From,To,Tiempo (min),Distancia (km),Real Time,Velocidad promedia
Fri Nov  3 21:28:02 2023,Tomeco,Copiulemu,17.866666666666667,23.39,True,78.54850746268656
Fri Nov  3 21:28:02 2023,Copiulemu,Tomeco,15.316666666666666,22.002,True,86.18846572361262
Fri Nov  3 21:28:02 2023,Tomeco,Copiulemu,17.566666666666666,23.39,False,79.88994307400381
Fri Nov  3 21:28:02 2023,Copiulemu,Tomeco,15.416666666666666,22.002,False,85.62940540540541
