Fecha,From,To,Tiempo (min),Distancia (km),Real Time,Velocidad promedia
Fri Apr 15 12:54:27 2022,Tomeco,Copiulemu,17.416666666666668,23.39,True,80.57799043062201
Fri Apr 15 12:54:27 2022,Copiulemu,Tomeco,16.783333333333335,22.002,True,78.65660377358489
Fri Apr 15 12:54:27 2022,Tomeco,Copiulemu,17.416666666666668,23.39,False,80.57799043062201
Fri Apr 15 12:54:27 2022,Copiulemu,Tomeco,15.816666666666666,22.002,False,83.46385669125394
