Fecha,From,To,Tiempo (min),Distancia (km),Real Time,Velocidad promedia
Fri Dec 22 10:31:49 2023,Tomeco,Copiulemu,17.116666666666667,23.39,True,81.9902629016553
Fri Dec 22 10:31:49 2023,Copiulemu,Tomeco,15.466666666666667,21.461,True,83.25387931034483
Fri Dec 22 10:31:49 2023,Tomeco,Copiulemu,17.033333333333335,23.39,False,82.39138943248531
Fri Dec 22 10:31:49 2023,Copiulemu,Tomeco,15.5,21.461,False,83.07483870967741
