Fecha,From,To,Tiempo (min),Distancia (km),Real Time,Velocidad promedia
Fri Jan 19 12:45:59 2024,Tomeco,Copiulemu,18.183333333333334,23.48,True,77.47754353803849
Fri Jan 19 12:45:59 2024,Copiulemu,Tomeco,16.75,22.002,True,78.8131343283582
Fri Jan 19 12:45:59 2024,Tomeco,Copiulemu,17.6,23.48,False,80.04545454545455
Fri Jan 19 12:45:59 2024,Copiulemu,Tomeco,15.616666666666667,22.002,False,84.53276414087513
