Fecha,From,To,Tiempo (min),Distancia (km),Real Time,Velocidad promedia
Fri Apr 12 08:30:19 2024,Tomeco,Copiulemu,18.816666666666666,23.48,True,74.8697962798937
Fri Apr 12 08:30:19 2024,Copiulemu,Tomeco,16.233333333333334,22.002,True,81.32156057494866
Fri Apr 12 08:30:19 2024,Tomeco,Copiulemu,18.816666666666666,23.48,False,74.8697962798937
Fri Apr 12 08:30:19 2024,Copiulemu,Tomeco,16.233333333333334,22.002,False,81.32156057494866
