Fecha,From,To,Tiempo (min),Distancia (km),Real Time,Velocidad promedia
Fri Sep 30 05:48:44 2022,Tomeco,Copiulemu,17.516666666666666,23.39,True,80.11798287345385
Fri Sep 30 05:48:44 2022,Copiulemu,Tomeco,15.683333333333334,22.002,True,84.17343251859724
Fri Sep 30 05:48:44 2022,Tomeco,Copiulemu,17.516666666666666,23.39,False,80.11798287345385
Fri Sep 30 05:48:44 2022,Copiulemu,Tomeco,15.683333333333334,22.002,False,84.17343251859724
