Fecha,From,To,Tiempo (min),Distancia (km),Real Time,Velocidad promedia
Fri Dec  6 23:31:31 2024,Tomeco,Copiulemu,17.8,23.45,True,79.04494382022472
Fri Dec  6 23:31:31 2024,Copiulemu,Tomeco,15.733333333333333,21.968,True,83.7762711864407
Fri Dec  6 23:31:31 2024,Tomeco,Copiulemu,17.933333333333334,23.45,False,78.45724907063197
Fri Dec  6 23:31:31 2024,Copiulemu,Tomeco,15.716666666666667,21.968,False,83.86511134676564
