Fecha,From,To,Tiempo (min),Distancia (km),Real Time,Velocidad promedia
Fri Oct 27 03:28:07 2023,Tomeco,Copiulemu,18.416666666666668,23.649,True,77.04651583710407
Fri Oct 27 03:28:07 2023,Copiulemu,Tomeco,15.966666666666667,22.002,True,82.67974947807932
Fri Oct 27 03:28:07 2023,Tomeco,Copiulemu,17.916666666666668,23.649,False,79.1966511627907
Fri Oct 27 03:28:07 2023,Copiulemu,Tomeco,15.733333333333333,22.002,False,83.90593220338984
