Fecha,From,To,Tiempo (min),Distancia (km),Real Time,Velocidad promedia
Fri Dec 13 13:40:07 2024,Tomeco,Copiulemu,18.883333333333333,23.45,True,74.51015004413063
Fri Dec 13 13:40:07 2024,Copiulemu,Tomeco,15.433333333333334,21.968,True,85.40475161987041
Fri Dec 13 13:40:07 2024,Tomeco,Copiulemu,17.966666666666665,23.45,False,78.31168831168831
Fri Dec 13 13:40:07 2024,Copiulemu,Tomeco,15.433333333333334,21.968,False,85.40475161987041
