Fecha,From,To,Tiempo (min),Distancia (km),Real Time,Velocidad promedia
Fri Sep 20 02:56:09 2024,Tomeco,Copiulemu,19.016666666666666,23.48,True,74.08238387379492
Fri Sep 20 02:56:09 2024,Copiulemu,Tomeco,15.633333333333333,22.002,True,84.44264392324094
Fri Sep 20 02:56:09 2024,Tomeco,Copiulemu,18.2,23.48,False,77.4065934065934
Fri Sep 20 02:56:09 2024,Copiulemu,Tomeco,15.416666666666666,22.002,False,85.62940540540541
