Fecha,From,To,Tiempo (min),Distancia (km),Real Time,Velocidad promedia
Fri Apr  1 14:32:22 2022,Tomeco,Copiulemu,18.45,23.39,True,76.0650406504065
Fri Apr  1 14:32:22 2022,Copiulemu,Tomeco,16.2,22.002,True,81.4888888888889
Fri Apr  1 14:32:22 2022,Tomeco,Copiulemu,18.6,23.39,False,75.45161290322581
Fri Apr  1 14:32:22 2022,Copiulemu,Tomeco,16.166666666666668,22.002,False,81.65690721649483
