Fecha,From,To,Tiempo (min),Distancia (km),Real Time,Velocidad promedia
Fri Nov 29 03:09:42 2024,Tomeco,Copiulemu,18.3,23.45,True,76.88524590163934
Fri Nov 29 03:09:42 2024,Copiulemu,Tomeco,16.516666666666666,21.562,True,78.32815338042381
Fri Nov 29 03:09:42 2024,Tomeco,Copiulemu,18.3,23.45,False,76.88524590163934
Fri Nov 29 03:09:42 2024,Copiulemu,Tomeco,16.416666666666668,21.562,False,78.80527918781725
