Fecha,From,To,Tiempo (min),Distancia (km),Real Time,Velocidad promedia
Fri Sep  9 15:41:44 2022,Tomeco,Copiulemu,17.333333333333332,23.39,True,80.96538461538462
Fri Sep  9 15:41:44 2022,Copiulemu,Tomeco,15.066666666666666,22.002,True,87.61858407079646
Fri Sep  9 15:41:44 2022,Tomeco,Copiulemu,16.85,23.39,False,83.28783382789317
Fri Sep  9 15:41:44 2022,Copiulemu,Tomeco,15.133333333333333,22.002,False,87.23259911894272
