Fecha,From,To,Tiempo (min),Distancia (km),Real Time,Velocidad promedia
Fri Oct  7 11:39:45 2022,Tomeco,Copiulemu,16.616666666666667,23.39,True,84.45737211634905
Fri Oct  7 11:39:45 2022,Copiulemu,Tomeco,15.1,22.002,True,87.4251655629139
Fri Oct  7 11:39:45 2022,Tomeco,Copiulemu,16.6,23.39,False,84.5421686746988
Fri Oct  7 11:39:45 2022,Copiulemu,Tomeco,14.7,22.002,False,89.80408163265305
