Fecha,From,To,Tiempo (min),Distancia (km),Real Time,Velocidad promedia
Fri Apr 22 07:32:56 2022,Tomeco,Copiulemu,17.916666666666668,23.39,True,78.3293023255814
Fri Apr 22 07:32:56 2022,Copiulemu,Tomeco,15.783333333333333,22.002,True,83.64012671594509
Fri Apr 22 07:32:56 2022,Tomeco,Copiulemu,17.916666666666668,23.39,False,78.3293023255814
Fri Apr 22 07:32:56 2022,Copiulemu,Tomeco,15.783333333333333,22.002,False,83.64012671594509
