Fecha,From,To,Tiempo (min),Distancia (km),Real Time,Velocidad promedia
Fri Dec  8 16:35:55 2023,Tomeco,Copiulemu,17.433333333333334,23.39,True,80.50095602294455
Fri Dec  8 16:35:55 2023,Copiulemu,Tomeco,15.516666666666667,22.002,True,85.07755102040815
Fri Dec  8 16:35:55 2023,Tomeco,Copiulemu,17.333333333333332,23.39,False,80.96538461538462
Fri Dec  8 16:35:55 2023,Copiulemu,Tomeco,15.483333333333333,22.002,False,85.26071044133477
