Fecha,From,To,Tiempo (min),Distancia (km),Real Time,Velocidad promedia
Fri Sep 27 08:38:28 2024,Tomeco,Copiulemu,19.066666666666666,23.48,True,73.8881118881119
Fri Sep 27 08:38:28 2024,Copiulemu,Tomeco,14.966666666666667,22.002,True,88.20400890868596
Fri Sep 27 08:38:28 2024,Tomeco,Copiulemu,18.85,23.48,False,74.73740053050398
Fri Sep 27 08:38:28 2024,Copiulemu,Tomeco,14.95,22.002,False,88.30234113712375
