Fecha,From,To,Tiempo (min),Distancia (km),Real Time,Velocidad promedia
Fri Jun  7 22:31:16 2024,Tomeco,Copiulemu,18.616666666666667,23.48,True,75.67412712623099
Fri Jun  7 22:31:16 2024,Copiulemu,Tomeco,15.85,22.002,True,83.28832807570977
Fri Jun  7 22:31:16 2024,Tomeco,Copiulemu,18.616666666666667,23.48,False,75.67412712623099
Fri Jun  7 22:31:16 2024,Copiulemu,Tomeco,16.45,22.002,False,80.25045592705166
