Fecha,From,To,Tiempo (min),Distancia (km),Real Time,Velocidad promedia
Fri Jul 19 20:29:35 2024,Tomeco,Copiulemu,18.933333333333334,23.48,True,74.40845070422536
Fri Jul 19 20:29:35 2024,Copiulemu,Tomeco,15.616666666666667,22.002,True,84.53276414087513
Fri Jul 19 20:29:35 2024,Tomeco,Copiulemu,19.316666666666666,23.48,False,72.93183779119931
Fri Jul 19 20:29:35 2024,Copiulemu,Tomeco,15.616666666666667,22.002,False,84.53276414087513
