Fecha,From,To,Tiempo (min),Distancia (km),Real Time,Velocidad promedia
Fri Jun 21 19:28:11 2024,Tomeco,Copiulemu,18.533333333333335,23.48,True,76.01438848920863
Fri Jun 21 19:28:11 2024,Copiulemu,Tomeco,15.066666666666666,22.002,True,87.61858407079646
Fri Jun 21 19:28:11 2024,Tomeco,Copiulemu,18.283333333333335,23.48,False,77.05378304466727
Fri Jun 21 19:28:11 2024,Copiulemu,Tomeco,15.066666666666666,22.002,False,87.61858407079646
