Fecha,From,To,Tiempo (min),Distancia (km),Real Time,Velocidad promedia
Fri Mar  1 09:28:17 2024,Tomeco,Copiulemu,18.15,23.48,True,77.6198347107438
Fri Mar  1 09:28:17 2024,Copiulemu,Tomeco,15.516666666666667,22.002,True,85.07755102040815
Fri Mar  1 09:28:17 2024,Tomeco,Copiulemu,18.15,23.48,False,77.6198347107438
Fri Mar  1 09:28:17 2024,Copiulemu,Tomeco,15.366666666666667,22.002,False,85.90802603036876
