Fecha,From,To,Tiempo (min),Distancia (km),Real Time,Velocidad promedia
Fri May 13 20:37:45 2022,Tomeco,Copiulemu,17.75,23.39,True,79.06478873239436
Fri May 13 20:37:45 2022,Copiulemu,Tomeco,16.166666666666668,22.002,True,81.65690721649483
Fri May 13 20:37:45 2022,Tomeco,Copiulemu,17.75,23.39,False,79.06478873239436
Fri May 13 20:37:45 2022,Copiulemu,Tomeco,16.133333333333333,22.002,False,81.82561983471074
