Fecha,From,To,Tiempo (min),Distancia (km),Real Time,Velocidad promedia
Fri Jun 10 09:34:10 2022,Tomeco,Copiulemu,17.716666666666665,23.39,True,79.21354656632174
Fri Jun 10 09:34:10 2022,Copiulemu,Tomeco,15.5,22.002,True,85.1690322580645
Fri Jun 10 09:34:10 2022,Tomeco,Copiulemu,17.716666666666665,23.39,False,79.21354656632174
Fri Jun 10 09:34:10 2022,Copiulemu,Tomeco,15.466666666666667,22.002,False,85.35258620689655
