Fecha,From,To,Tiempo (min),Distancia (km),Real Time,Velocidad promedia
Fri Jul 19 22:32:46 2024,Tomeco,Copiulemu,18.666666666666668,23.48,True,75.47142857142858
Fri Jul 19 22:32:46 2024,Copiulemu,Tomeco,16.583333333333332,22.002,True,79.60522613065328
Fri Jul 19 22:32:46 2024,Tomeco,Copiulemu,18.633333333333333,23.48,False,75.60644007155636
Fri Jul 19 22:32:46 2024,Copiulemu,Tomeco,16.566666666666666,22.002,False,79.68531187122737
