Fecha,From,To,Tiempo (min),Distancia (km),Real Time,Velocidad promedia
Fri Jun 10 07:33:00 2022,Tomeco,Copiulemu,19.616666666666667,23.39,True,71.54120645709432
Fri Jun 10 07:33:00 2022,Copiulemu,Tomeco,16.016666666666666,22.002,True,82.4216441207076
Fri Jun 10 07:33:00 2022,Tomeco,Copiulemu,17.8,23.39,False,78.84269662921348
Fri Jun 10 07:33:00 2022,Copiulemu,Tomeco,16.016666666666666,22.002,False,82.4216441207076
