Fecha,From,To,Tiempo (min),Distancia (km),Real Time,Velocidad promedia
Fri Aug 16 22:31:56 2024,Tomeco,Copiulemu,19.516666666666666,23.48,True,72.18445772843724
Fri Aug 16 22:31:56 2024,Copiulemu,Tomeco,15.933333333333334,22.002,True,82.85271966527196
Fri Aug 16 22:31:56 2024,Tomeco,Copiulemu,18.683333333333334,23.48,False,75.40410347903658
Fri Aug 16 22:31:56 2024,Copiulemu,Tomeco,15.916666666666666,22.002,False,82.93947643979057
