Fecha,From,To,Tiempo (min),Distancia (km),Real Time,Velocidad promedia
Fri Mar 29 23:28:02 2024,Tomeco,Copiulemu,18.983333333333334,23.48,True,74.2124670763828
Fri Mar 29 23:28:02 2024,Copiulemu,Tomeco,15.616666666666667,22.002,True,84.53276414087513
Fri Mar 29 23:28:02 2024,Tomeco,Copiulemu,19.083333333333332,23.48,False,73.82358078602621
Fri Mar 29 23:28:02 2024,Copiulemu,Tomeco,15.616666666666667,22.002,False,84.53276414087513
