Fecha,From,To,Tiempo (min),Distancia (km),Real Time,Velocidad promedia
Fri Nov 24 14:29:58 2023,Tomeco,Copiulemu,17.466666666666665,23.39,True,80.34732824427482
Fri Nov 24 14:29:58 2023,Copiulemu,Tomeco,15.033333333333333,21.461,True,85.65365853658537
Fri Nov 24 14:29:58 2023,Tomeco,Copiulemu,17.116666666666667,23.39,False,81.9902629016553
Fri Nov 24 14:29:58 2023,Copiulemu,Tomeco,14.95,21.461,False,86.13110367892976
