Fecha,From,To,Tiempo (min),Distancia (km),Real Time,Velocidad promedia
Fri Sep 16 11:34:56 2022,Tomeco,Copiulemu,16.6,23.39,True,84.5421686746988
Fri Sep 16 11:34:56 2022,Copiulemu,Tomeco,15.033333333333333,22.002,True,87.81286031042129
Fri Sep 16 11:34:56 2022,Tomeco,Copiulemu,16.6,23.39,False,84.5421686746988
Fri Sep 16 11:34:56 2022,Copiulemu,Tomeco,14.683333333333334,22.002,False,89.90601589103291
