Fecha,From,To,Tiempo (min),Distancia (km),Real Time,Velocidad promedia
Fri Jan 12 11:28:08 2024,Tomeco,Copiulemu,17.916666666666668,23.48,True,78.63069767441861
Fri Jan 12 11:28:08 2024,Copiulemu,Tomeco,15.366666666666667,22.002,True,85.90802603036876
Fri Jan 12 11:28:08 2024,Tomeco,Copiulemu,17.45,23.48,False,80.73352435530086
Fri Jan 12 11:28:08 2024,Copiulemu,Tomeco,15.35,22.002,False,86.0013029315961
