Fecha,From,To,Tiempo (min),Distancia (km),Real Time,Velocidad promedia
Fri Jan  5 21:28:04 2024,Tomeco,Copiulemu,17.8,23.48,True,79.14606741573033
Fri Jan  5 21:28:04 2024,Copiulemu,Tomeco,15.816666666666666,22.002,True,83.46385669125394
Fri Jan  5 21:28:04 2024,Tomeco,Copiulemu,17.566666666666666,23.48,False,80.19734345351044
Fri Jan  5 21:28:04 2024,Copiulemu,Tomeco,14.75,22.002,False,89.49966101694915
