Fecha,From,To,Tiempo (min),Distancia (km),Real Time,Velocidad promedia
Fri Sep 29 16:33:44 2023,Tomeco,Copiulemu,17.25,23.39,True,81.35652173913044
Fri Sep 29 16:33:44 2023,Copiulemu,Tomeco,15.65,22.002,True,84.35271565495206
Fri Sep 29 16:33:44 2023,Tomeco,Copiulemu,17.083333333333332,23.39,False,82.15024390243903
Fri Sep 29 16:33:44 2023,Copiulemu,Tomeco,15.416666666666666,22.002,False,85.62940540540541
