Fecha,From,To,Tiempo (min),Distancia (km),Real Time,Velocidad promedia
Fri Mar 18 20:32:57 2022,Tomeco,Copiulemu,21.75,23.39,True,64.52413793103449
Fri Mar 18 20:32:57 2022,Copiulemu,Tomeco,15.816666666666666,22.002,True,83.46385669125394
Fri Mar 18 20:32:57 2022,Tomeco,Copiulemu,18.033333333333335,23.39,False,77.82255083179297
Fri Mar 18 20:32:57 2022,Copiulemu,Tomeco,16.366666666666667,22.002,False,80.65906313645621
