Fecha,From,To,Tiempo (min),Distancia (km),Real Time,Velocidad promedia
Fri Jun  3 10:37:49 2022,Tomeco,Copiulemu,16.716666666666665,23.39,True,83.95214356929213
Fri Jun  3 10:37:49 2022,Copiulemu,Tomeco,15.3,22.002,True,86.28235294117647
Fri Jun  3 10:37:49 2022,Tomeco,Copiulemu,16.716666666666665,23.39,False,83.95214356929213
Fri Jun  3 10:37:49 2022,Copiulemu,Tomeco,15.3,22.002,False,86.28235294117647
