Fecha,From,To,Tiempo (min),Distancia (km),Real Time,Velocidad promedia
Fri Jun 10 16:53:32 2022,Tomeco,Copiulemu,16.666666666666668,23.39,True,84.204
Fri Jun 10 16:53:32 2022,Copiulemu,Tomeco,15.05,22.002,True,87.71561461794019
Fri Jun 10 16:53:32 2022,Tomeco,Copiulemu,16.6,23.39,False,84.5421686746988
Fri Jun 10 16:53:32 2022,Copiulemu,Tomeco,15.033333333333333,22.002,False,87.81286031042129
