Fecha,From,To,Tiempo (min),Distancia (km),Real Time,Velocidad promedia
Fri Sep 22 06:31:48 2023,Tomeco,Copiulemu,18.45,23.39,True,76.0650406504065
Fri Sep 22 06:31:48 2023,Copiulemu,Tomeco,16.266666666666666,22.002,True,81.1549180327869
Fri Sep 22 06:31:48 2023,Tomeco,Copiulemu,18.5,23.39,False,75.85945945945946
Fri Sep 22 06:31:48 2023,Copiulemu,Tomeco,15.983333333333333,22.002,False,82.59353493222106
