Fecha,From,To,Tiempo (min),Distancia (km),Real Time,Velocidad promedia
Fri Apr 12 05:31:27 2024,Tomeco,Copiulemu,18.733333333333334,23.48,True,75.20284697508896
Fri Apr 12 05:31:27 2024,Copiulemu,Tomeco,15.733333333333333,22.002,True,83.90593220338984
Fri Apr 12 05:31:27 2024,Tomeco,Copiulemu,18.383333333333333,23.48,False,76.63463281958296
Fri Apr 12 05:31:27 2024,Copiulemu,Tomeco,15.733333333333333,22.002,False,83.90593220338984
