Fecha,From,To,Tiempo (min),Distancia (km),Real Time,Velocidad promedia
Fri Sep 27 19:28:16 2024,Tomeco,Copiulemu,20.1,23.48,True,70.08955223880596
Fri Sep 27 19:28:16 2024,Copiulemu,Tomeco,15.533333333333333,22.002,True,84.9862660944206
Fri Sep 27 19:28:16 2024,Tomeco,Copiulemu,18.383333333333333,23.48,False,76.63463281958296
Fri Sep 27 19:28:16 2024,Copiulemu,Tomeco,15.483333333333333,22.002,False,85.26071044133477
