Fecha,From,To,Tiempo (min),Distancia (km),Real Time,Velocidad promedia
Fri Sep 29 09:28:14 2023,Tomeco,Copiulemu,17.3,23.39,True,81.121387283237
Fri Sep 29 09:28:14 2023,Copiulemu,Tomeco,16.0,22.002,True,82.5075
Fri Sep 29 09:28:14 2023,Tomeco,Copiulemu,17.3,23.39,False,81.121387283237
Fri Sep 29 09:28:14 2023,Copiulemu,Tomeco,15.983333333333333,22.002,False,82.59353493222106
