Fecha,From,To,Tiempo (min),Distancia (km),Real Time,Velocidad promedia
Fri Jun  7 21:28:12 2024,Tomeco,Copiulemu,18.033333333333335,23.48,True,78.12199630314232
Fri Jun  7 21:28:12 2024,Copiulemu,Tomeco,15.483333333333333,22.002,True,85.26071044133477
Fri Jun  7 21:28:12 2024,Tomeco,Copiulemu,18.15,23.48,False,77.6198347107438
Fri Jun  7 21:28:12 2024,Copiulemu,Tomeco,15.483333333333333,22.002,False,85.26071044133477
