Fecha,From,To,Tiempo (min),Distancia (km),Real Time,Velocidad promedia
Fri Oct 11 20:33:48 2024,Tomeco,Copiulemu,18.1,23.48,True,77.8342541436464
Fri Oct 11 20:33:48 2024,Copiulemu,Tomeco,15.583333333333334,22.002,True,84.71358288770053
Fri Oct 11 20:33:48 2024,Tomeco,Copiulemu,17.983333333333334,23.48,False,78.33920296570899
Fri Oct 11 20:33:48 2024,Copiulemu,Tomeco,15.55,22.002,False,84.8951768488746
