Fecha,From,To,Tiempo (min),Distancia (km),Real Time,Velocidad promedia
Fri Jun 24 08:43:02 2022,Tomeco,Copiulemu,17.8,23.39,True,78.84269662921348
Fri Jun 24 08:43:02 2022,Copiulemu,Tomeco,15.783333333333333,22.002,True,83.64012671594509
Fri Jun 24 08:43:02 2022,Tomeco,Copiulemu,17.8,23.39,False,78.84269662921348
Fri Jun 24 08:43:02 2022,Copiulemu,Tomeco,15.783333333333333,22.002,False,83.64012671594509
