Fecha,From,To,Tiempo (min),Distancia (km),Real Time,Velocidad promedia
Fri Aug 30 22:33:16 2024,Tomeco,Copiulemu,19.883333333333333,23.48,True,70.85331098072088
Fri Aug 30 22:33:16 2024,Copiulemu,Tomeco,16.183333333333334,22.002,True,81.5728115345005
Fri Aug 30 22:33:16 2024,Tomeco,Copiulemu,18.683333333333334,23.48,False,75.40410347903658
Fri Aug 30 22:33:16 2024,Copiulemu,Tomeco,15.933333333333334,22.002,False,82.85271966527196
