Fecha,From,To,Tiempo (min),Distancia (km),Real Time,Velocidad promedia
Fri Jul 15 16:55:46 2022,Tomeco,Copiulemu,16.65,23.39,True,84.2882882882883
Fri Jul 15 16:55:46 2022,Copiulemu,Tomeco,15.15,22.002,True,87.13663366336633
Fri Jul 15 16:55:46 2022,Tomeco,Copiulemu,16.683333333333334,23.39,False,84.11988011988012
Fri Jul 15 16:55:46 2022,Copiulemu,Tomeco,15.05,22.002,False,87.71561461794019
