Fecha,From,To,Tiempo (min),Distancia (km),Real Time,Velocidad promedia
Fri Sep 30 18:50:30 2022,Tomeco,Copiulemu,17.566666666666666,23.39,True,79.88994307400381
Fri Sep 30 18:50:30 2022,Copiulemu,Tomeco,15.25,22.002,True,86.56524590163934
Fri Sep 30 18:50:30 2022,Tomeco,Copiulemu,17.2,23.39,False,81.59302325581395
Fri Sep 30 18:50:30 2022,Copiulemu,Tomeco,15.2,22.002,False,86.85000000000001
