Fecha,From,To,Tiempo (min),Distancia (km),Real Time,Velocidad promedia
Fri Jun  7 23:28:25 2024,Tomeco,Copiulemu,18.433333333333334,23.48,True,76.42676311030742
Fri Jun  7 23:28:25 2024,Copiulemu,Tomeco,16.316666666666666,22.002,True,80.90623084780388
Fri Jun  7 23:28:25 2024,Tomeco,Copiulemu,18.433333333333334,23.48,False,76.42676311030742
Fri Jun  7 23:28:25 2024,Copiulemu,Tomeco,16.316666666666666,22.002,False,80.90623084780388
