Fecha,From,To,Tiempo (min),Distancia (km),Real Time,Velocidad promedia
Fri Aug 12 11:30:19 2022,Tomeco,Copiulemu,16.816666666666666,23.39,True,83.45292368681864
Fri Aug 12 11:30:19 2022,Copiulemu,Tomeco,15.166666666666666,22.002,True,87.04087912087913
Fri Aug 12 11:30:19 2022,Tomeco,Copiulemu,16.816666666666666,23.39,False,83.45292368681864
Fri Aug 12 11:30:19 2022,Copiulemu,Tomeco,15.166666666666666,22.002,False,87.04087912087913
