Fecha,From,To,Tiempo (min),Distancia (km),Real Time,Velocidad promedia
Fri Jan  5 08:31:11 2024,Tomeco,Copiulemu,18.916666666666668,23.48,True,74.47400881057268
Fri Jan  5 08:31:11 2024,Copiulemu,Tomeco,15.2,22.002,True,86.85000000000001
Fri Jan  5 08:31:11 2024,Tomeco,Copiulemu,18.916666666666668,23.48,False,74.47400881057268
Fri Jan  5 08:31:11 2024,Copiulemu,Tomeco,15.2,22.002,False,86.85000000000001
