Fecha,From,To,Tiempo (min),Distancia (km),Real Time,Velocidad promedia
Fri Dec  6 03:11:41 2024,Tomeco,Copiulemu,18.183333333333334,23.45,True,77.37855178735104
Fri Dec  6 03:11:41 2024,Copiulemu,Tomeco,16.083333333333332,21.968,True,81.95316062176165
Fri Dec  6 03:11:41 2024,Tomeco,Copiulemu,18.183333333333334,23.45,False,77.37855178735104
Fri Dec  6 03:11:41 2024,Copiulemu,Tomeco,16.016666666666666,21.968,False,82.2942767950052
