Fecha,From,To,Tiempo (min),Distancia (km),Real Time,Velocidad promedia
Fri Dec  1 17:29:10 2023,Tomeco,Copiulemu,17.8,23.39,True,78.84269662921348
Fri Dec  1 17:29:10 2023,Copiulemu,Tomeco,14.933333333333334,21.461,True,86.22723214285713
Fri Dec  1 17:29:10 2023,Tomeco,Copiulemu,17.5,23.39,False,80.19428571428571
Fri Dec  1 17:29:10 2023,Copiulemu,Tomeco,14.916666666666666,21.461,False,86.32357541899441
