Fecha,From,To,Tiempo (min),Distancia (km),Real Time,Velocidad promedia
Fri Dec  8 05:29:40 2023,Tomeco,Copiulemu,18.016666666666666,23.39,True,77.89454209065681
Fri Dec  8 05:29:40 2023,Copiulemu,Tomeco,15.866666666666667,22.002,True,83.20084033613446
Fri Dec  8 05:29:40 2023,Tomeco,Copiulemu,18.0,23.39,False,77.96666666666667
Fri Dec  8 05:29:40 2023,Copiulemu,Tomeco,15.866666666666667,22.002,False,83.20084033613446
