Fecha,From,To,Tiempo (min),Distancia (km),Real Time,Velocidad promedia
Fri Jun 10 08:39:40 2022,Tomeco,Copiulemu,17.916666666666668,23.39,True,78.3293023255814
Fri Jun 10 08:39:40 2022,Copiulemu,Tomeco,16.016666666666666,22.002,True,82.4216441207076
Fri Jun 10 08:39:40 2022,Tomeco,Copiulemu,17.916666666666668,23.39,False,78.3293023255814
Fri Jun 10 08:39:40 2022,Copiulemu,Tomeco,16.016666666666666,22.002,False,82.4216441207076
