Fecha,From,To,Tiempo (min),Distancia (km),Real Time,Velocidad promedia
Fri Jun 28 05:30:29 2024,Tomeco,Copiulemu,18.95,23.48,True,74.3430079155673
Fri Jun 28 05:30:29 2024,Copiulemu,Tomeco,15.65,22.002,True,84.35271565495206
Fri Jun 28 05:30:29 2024,Tomeco,Copiulemu,18.933333333333334,23.48,False,74.40845070422536
Fri Jun 28 05:30:29 2024,Copiulemu,Tomeco,16.033333333333335,22.002,False,82.33596673596672
