Fecha,From,To,Tiempo (min),Distancia (km),Real Time,Velocidad promedia
Fri Dec  6 08:40:42 2024,Tomeco,Copiulemu,19.533333333333335,23.45,True,72.03071672354947
Fri Dec  6 08:40:42 2024,Copiulemu,Tomeco,15.2,21.968,True,86.71578947368423
Fri Dec  6 08:40:42 2024,Tomeco,Copiulemu,18.833333333333332,23.45,False,74.70796460176992
Fri Dec  6 08:40:42 2024,Copiulemu,Tomeco,15.2,21.968,False,86.71578947368423
