Fecha,From,To,Tiempo (min),Distancia (km),Real Time,Velocidad promedia
Fri Jul 19 18:35:05 2024,Tomeco,Copiulemu,18.533333333333335,23.48,True,76.01438848920863
Fri Jul 19 18:35:05 2024,Copiulemu,Tomeco,16.6,22.002,True,79.52530120481927
Fri Jul 19 18:35:05 2024,Tomeco,Copiulemu,18.466666666666665,23.48,False,76.28880866425993
Fri Jul 19 18:35:05 2024,Copiulemu,Tomeco,15.116666666666667,22.002,False,87.328776185226
