Fecha,From,To,Tiempo (min),Distancia (km),Real Time,Velocidad promedia
Fri May 10 21:28:02 2024,Tomeco,Copiulemu,18.85,23.48,True,74.73740053050398
Fri May 10 21:28:02 2024,Copiulemu,Tomeco,15.716666666666667,22.002,True,83.99490986214211
Fri May 10 21:28:02 2024,Tomeco,Copiulemu,18.6,23.48,False,75.74193548387098
Fri May 10 21:28:02 2024,Copiulemu,Tomeco,15.716666666666667,22.002,False,83.99490986214211
