Fecha,From,To,Tiempo (min),Distancia (km),Real Time,Velocidad promedia
Fri Oct 13 06:33:00 2023,Tomeco,Copiulemu,17.866666666666667,23.39,True,78.54850746268656
Fri Oct 13 06:33:00 2023,Copiulemu,Tomeco,15.766666666666667,22.002,True,83.72854122621564
Fri Oct 13 06:33:00 2023,Tomeco,Copiulemu,17.866666666666667,23.39,False,78.54850746268656
Fri Oct 13 06:33:00 2023,Copiulemu,Tomeco,15.766666666666667,22.002,False,83.72854122621564
