Fecha,From,To,Tiempo (min),Distancia (km),Real Time,Velocidad promedia
Fri Sep 13 03:33:44 2024,Tomeco,Copiulemu,18.7,23.712,True,76.08128342245989
Fri Sep 13 03:33:44 2024,Copiulemu,Tomeco,16.266666666666666,22.002,True,81.1549180327869
Fri Sep 13 03:33:44 2024,Tomeco,Copiulemu,18.483333333333334,23.712,False,76.97312894499548
Fri Sep 13 03:33:44 2024,Copiulemu,Tomeco,16.266666666666666,22.002,False,81.1549180327869
