Fecha,From,To,Tiempo (min),Distancia (km),Real Time,Velocidad promedia
Fri Jan 12 14:30:29 2024,Tomeco,Copiulemu,18.683333333333334,23.48,True,75.40410347903658
Fri Jan 12 14:30:29 2024,Copiulemu,Tomeco,16.583333333333332,22.002,True,79.60522613065328
Fri Jan 12 14:30:29 2024,Tomeco,Copiulemu,18.166666666666668,23.48,False,77.548623853211
Fri Jan 12 14:30:29 2024,Copiulemu,Tomeco,15.65,22.002,False,84.35271565495206
