Fecha,From,To,Tiempo (min),Distancia (km),Real Time,Velocidad promedia
Fri Apr 12 15:28:15 2024,Tomeco,Copiulemu,17.883333333333333,23.48,True,78.77726001863932
Fri Apr 12 15:28:15 2024,Copiulemu,Tomeco,15.266666666666667,22.002,True,86.47074235807858
Fri Apr 12 15:28:15 2024,Tomeco,Copiulemu,17.883333333333333,23.48,False,78.77726001863932
Fri Apr 12 15:28:15 2024,Copiulemu,Tomeco,15.25,22.002,False,86.56524590163934
