Fecha,From,To,Tiempo (min),Distancia (km),Real Time,Velocidad promedia
Fri Feb  9 07:28:00 2024,Tomeco,Copiulemu,18.916666666666668,23.48,True,74.47400881057268
Fri Feb  9 07:28:00 2024,Copiulemu,Tomeco,16.0,22.002,True,82.5075
Fri Feb  9 07:28:00 2024,Tomeco,Copiulemu,18.916666666666668,23.48,False,74.47400881057268
Fri Feb  9 07:28:00 2024,Copiulemu,Tomeco,15.983333333333333,22.002,False,82.59353493222106
