Fecha,From,To,Tiempo (min),Distancia (km),Real Time,Velocidad promedia
Fri Nov 15 13:37:51 2024,Tomeco,Copiulemu,18.083333333333332,23.45,True,77.80645161290323
Fri Nov 15 13:37:51 2024,Copiulemu,Tomeco,16.216666666666665,21.968,True,81.27934224049334
Fri Nov 15 13:37:51 2024,Tomeco,Copiulemu,18.0,23.45,False,78.16666666666667
Fri Nov 15 13:37:51 2024,Copiulemu,Tomeco,15.25,21.968,False,86.43147540983607
