Fecha,From,To,Tiempo (min),Distancia (km),Real Time,Velocidad promedia
Fri Nov 29 19:28:22 2024,Tomeco,Copiulemu,20.066666666666666,23.45,True,70.11627906976744
Fri Nov 29 19:28:22 2024,Copiulemu,Tomeco,16.2,21.968,True,81.36296296296297
Fri Nov 29 19:28:22 2024,Tomeco,Copiulemu,19.1,23.45,False,73.66492146596858
Fri Nov 29 19:28:22 2024,Copiulemu,Tomeco,15.866666666666667,21.968,False,83.07226890756303
