Fecha,From,To,Tiempo (min),Distancia (km),Real Time,Velocidad promedia
Fri Nov 10 17:28:30 2023,Tomeco,Copiulemu,17.3,23.39,True,81.121387283237
Fri Nov 10 17:28:30 2023,Copiulemu,Tomeco,14.883333333333333,22.002,True,88.69787234042553
Fri Nov 10 17:28:30 2023,Tomeco,Copiulemu,17.183333333333334,23.39,False,81.6721629485936
Fri Nov 10 17:28:30 2023,Copiulemu,Tomeco,14.833333333333334,22.002,False,88.99685393258426
