Fecha,From,To,Tiempo (min),Distancia (km),Real Time,Velocidad promedia
Fri Dec  6 20:35:22 2024,Tomeco,Copiulemu,18.1,23.45,True,77.73480662983424
Fri Dec  6 20:35:22 2024,Copiulemu,Tomeco,16.633333333333333,21.968,True,79.24328657314629
Fri Dec  6 20:35:22 2024,Tomeco,Copiulemu,17.816666666666666,23.45,False,78.97100093545369
Fri Dec  6 20:35:22 2024,Copiulemu,Tomeco,16.533333333333335,21.968,False,79.72258064516127
