Fecha,From,To,Tiempo (min),Distancia (km),Real Time,Velocidad promedia
Fri Oct  7 08:49:03 2022,Tomeco,Copiulemu,17.566666666666666,23.39,True,79.88994307400381
Fri Oct  7 08:49:03 2022,Copiulemu,Tomeco,15.75,22.002,True,83.81714285714285
Fri Oct  7 08:49:03 2022,Tomeco,Copiulemu,17.566666666666666,23.39,False,79.88994307400381
Fri Oct  7 08:49:03 2022,Copiulemu,Tomeco,15.7,22.002,False,84.08407643312101
