Fecha,From,To,Tiempo (min),Distancia (km),Real Time,Velocidad promedia
Fri Apr 12 07:28:13 2024,Tomeco,Copiulemu,18.633333333333333,23.48,True,75.60644007155636
Fri Apr 12 07:28:13 2024,Copiulemu,Tomeco,16.133333333333333,22.002,True,81.82561983471074
Fri Apr 12 07:28:13 2024,Tomeco,Copiulemu,18.633333333333333,23.48,False,75.60644007155636
Fri Apr 12 07:28:13 2024,Copiulemu,Tomeco,16.133333333333333,22.002,False,81.82561983471074
