Fecha,From,To,Tiempo (min),Distancia (km),Real Time,Velocidad promedia
Fri Sep 20 20:32:11 2024,Tomeco,Copiulemu,18.366666666666667,23.48,True,76.70417422867514
Fri Sep 20 20:32:11 2024,Copiulemu,Tomeco,15.233333333333333,22.002,True,86.65995623632385
Fri Sep 20 20:32:11 2024,Tomeco,Copiulemu,18.016666666666666,23.48,False,78.19426456984274
Fri Sep 20 20:32:11 2024,Copiulemu,Tomeco,15.033333333333333,22.002,False,87.81286031042129
