Fecha,From,To,Tiempo (min),Distancia (km),Real Time,Velocidad promedia
Fri May 13 13:14:24 2022,Tomeco,Copiulemu,16.85,23.39,True,83.28783382789317
Fri May 13 13:14:24 2022,Copiulemu,Tomeco,14.85,22.002,True,88.89696969696969
Fri May 13 13:14:24 2022,Tomeco,Copiulemu,16.7,23.39,False,84.03592814371258
Fri May 13 13:14:24 2022,Copiulemu,Tomeco,14.683333333333334,22.002,False,89.90601589103291
