Fecha,From,To,Tiempo (min),Distancia (km),Real Time,Velocidad promedia
Fri Aug 23 03:31:36 2024,Tomeco,Copiulemu,18.866666666666667,23.712,True,75.40918727915194
Fri Aug 23 03:31:36 2024,Copiulemu,Tomeco,15.983333333333333,22.002,True,82.59353493222106
Fri Aug 23 03:31:36 2024,Tomeco,Copiulemu,18.866666666666667,23.712,False,75.40918727915194
Fri Aug 23 03:31:36 2024,Copiulemu,Tomeco,15.816666666666666,22.002,False,83.46385669125394
