Fecha,From,To,Tiempo (min),Distancia (km),Real Time,Velocidad promedia
Fri May  3 10:31:46 2024,Tomeco,Copiulemu,17.65,23.48,True,79.8186968838527
Fri May  3 10:31:46 2024,Copiulemu,Tomeco,14.883333333333333,22.002,True,88.69787234042553
Fri May  3 10:31:46 2024,Tomeco,Copiulemu,17.716666666666665,23.48,False,79.51834430856069
Fri May  3 10:31:46 2024,Copiulemu,Tomeco,14.883333333333333,22.002,False,88.69787234042553
