Fecha,From,To,Tiempo (min),Distancia (km),Real Time,Velocidad promedia
Fri May 17 20:28:03 2024,Tomeco,Copiulemu,19.2,23.48,True,73.375
Fri May 17 20:28:03 2024,Copiulemu,Tomeco,15.416666666666666,22.002,True,85.62940540540541
Fri May 17 20:28:03 2024,Tomeco,Copiulemu,17.683333333333334,23.48,False,79.66823751178134
Fri May 17 20:28:03 2024,Copiulemu,Tomeco,15.416666666666666,22.002,False,85.62940540540541
