Fecha,From,To,Tiempo (min),Distancia (km),Real Time,Velocidad promedia
Fri Dec 13 18:42:41 2024,Tomeco,Copiulemu,18.266666666666666,23.45,True,77.02554744525548
Fri Dec 13 18:42:41 2024,Copiulemu,Tomeco,15.9,21.968,True,82.89811320754717
Fri Dec 13 18:42:41 2024,Tomeco,Copiulemu,18.233333333333334,23.45,False,77.16636197440583
Fri Dec 13 18:42:41 2024,Copiulemu,Tomeco,15.733333333333333,21.968,False,83.7762711864407
