Fecha,From,To,Tiempo (min),Distancia (km),Real Time,Velocidad promedia
Fri Nov 24 01:32:09 2023,Tomeco,Copiulemu,17.416666666666668,23.649,True,81.47023923444976
Fri Nov 24 01:32:09 2023,Copiulemu,Tomeco,15.95,22.002,True,82.76614420062697
Fri Nov 24 01:32:09 2023,Tomeco,Copiulemu,17.75,23.649,False,79.94028169014085
Fri Nov 24 01:32:09 2023,Copiulemu,Tomeco,15.883333333333333,22.002,False,83.11353620146905
