Fecha,From,To,Tiempo (min),Distancia (km),Real Time,Velocidad promedia
Fri Mar 15 07:28:00 2024,Tomeco,Copiulemu,18.483333333333334,23.48,True,76.2200180342651
Fri Mar 15 07:28:00 2024,Copiulemu,Tomeco,16.366666666666667,22.002,True,80.65906313645621
Fri Mar 15 07:28:00 2024,Tomeco,Copiulemu,18.483333333333334,23.48,False,76.2200180342651
Fri Mar 15 07:28:00 2024,Copiulemu,Tomeco,16.366666666666667,22.002,False,80.65906313645621
