Fecha,From,To,Tiempo (min),Distancia (km),Real Time,Velocidad promedia
Fri Aug 19 06:45:48 2022,Tomeco,Copiulemu,17.433333333333334,23.39,True,80.50095602294455
Fri Aug 19 06:45:48 2022,Copiulemu,Tomeco,15.816666666666666,22.002,True,83.46385669125394
Fri Aug 19 06:45:48 2022,Tomeco,Copiulemu,17.433333333333334,23.39,False,80.50095602294455
Fri Aug 19 06:45:48 2022,Copiulemu,Tomeco,15.816666666666666,22.002,False,83.46385669125394
