Fecha,From,To,Tiempo (min),Distancia (km),Real Time,Velocidad promedia
Fri May 24 18:32:33 2024,Tomeco,Copiulemu,18.05,23.48,True,78.04986149584488
Fri May 24 18:32:33 2024,Copiulemu,Tomeco,14.783333333333333,22.002,True,89.2978579481398
Fri May 24 18:32:33 2024,Tomeco,Copiulemu,17.866666666666667,23.48,False,78.8507462686567
Fri May 24 18:32:33 2024,Copiulemu,Tomeco,14.583333333333334,22.002,False,90.52251428571428
