Fecha,From,To,Tiempo (min),Distancia (km),Real Time,Velocidad promedia
Fri May 31 20:28:02 2024,Tomeco,Copiulemu,20.616666666666667,23.48,True,68.33306386418755
Fri May 31 20:28:02 2024,Copiulemu,Tomeco,16.033333333333335,22.002,True,82.33596673596672
Fri May 31 20:28:02 2024,Tomeco,Copiulemu,17.716666666666665,23.48,False,79.51834430856069
Fri May 31 20:28:02 2024,Copiulemu,Tomeco,15.333333333333334,22.002,False,86.09478260869564
