Fecha,From,To,Tiempo (min),Distancia (km),Real Time,Velocidad promedia
Fri Sep 22 01:28:59 2023,Tomeco,Copiulemu,17.666666666666668,23.649,True,80.31735849056604
Fri Sep 22 01:28:59 2023,Copiulemu,Tomeco,16.05,22.002,True,82.25046728971962
Fri Sep 22 01:28:59 2023,Tomeco,Copiulemu,17.65,23.649,False,80.39320113314449
Fri Sep 22 01:28:59 2023,Copiulemu,Tomeco,15.866666666666667,22.002,False,83.20084033613446
