Fecha,From,To,Tiempo (min),Distancia (km),Real Time,Velocidad promedia
Fri Jun 10 06:40:48 2022,Tomeco,Copiulemu,17.75,23.39,True,79.06478873239436
Fri Jun 10 06:40:48 2022,Copiulemu,Tomeco,16.016666666666666,22.002,True,82.4216441207076
Fri Jun 10 06:40:48 2022,Tomeco,Copiulemu,17.75,23.39,False,79.06478873239436
Fri Jun 10 06:40:48 2022,Copiulemu,Tomeco,16.016666666666666,22.002,False,82.4216441207076
