Fecha,From,To,Tiempo (min),Distancia (km),Real Time,Velocidad promedia
Fri Dec 29 08:30:02 2023,Tomeco,Copiulemu,18.083333333333332,23.39,True,77.6073732718894
Fri Dec 29 08:30:02 2023,Copiulemu,Tomeco,15.366666666666667,21.461,True,83.79566160520606
Fri Dec 29 08:30:02 2023,Tomeco,Copiulemu,18.083333333333332,23.39,False,77.6073732718894
Fri Dec 29 08:30:02 2023,Copiulemu,Tomeco,15.35,21.461,False,83.88664495114007
