Fecha,From,To,Tiempo (min),Distancia (km),Real Time,Velocidad promedia
Fri Jul 29 17:39:01 2022,Tomeco,Copiulemu,16.933333333333334,23.39,True,82.87795275590551
Fri Jul 29 17:39:01 2022,Copiulemu,Tomeco,15.416666666666666,22.002,True,85.62940540540541
Fri Jul 29 17:39:01 2022,Tomeco,Copiulemu,16.75,23.39,False,83.78507462686566
Fri Jul 29 17:39:01 2022,Copiulemu,Tomeco,15.383333333333333,22.002,False,85.81495124593715
