Fecha,From,To,Tiempo (min),Distancia (km),Real Time,Velocidad promedia
Fri Nov 24 05:29:15 2023,Tomeco,Copiulemu,17.8,23.39,True,78.84269662921348
Fri Nov 24 05:29:15 2023,Copiulemu,Tomeco,15.383333333333333,21.461,True,83.70487540628385
Fri Nov 24 05:29:15 2023,Tomeco,Copiulemu,17.633333333333333,23.39,False,79.58790170132326
Fri Nov 24 05:29:15 2023,Copiulemu,Tomeco,15.366666666666667,21.461,False,83.79566160520606
