Fecha,From,To,Tiempo (min),Distancia (km),Real Time,Velocidad promedia
Fri Sep 13 20:31:04 2024,Tomeco,Copiulemu,17.566666666666666,23.48,True,80.19734345351044
Fri Sep 13 20:31:04 2024,Copiulemu,Tomeco,15.683333333333334,22.002,True,84.17343251859724
Fri Sep 13 20:31:04 2024,Tomeco,Copiulemu,17.566666666666666,23.48,False,80.19734345351044
Fri Sep 13 20:31:04 2024,Copiulemu,Tomeco,15.683333333333334,22.002,False,84.17343251859724
