Fecha,From,To,Tiempo (min),Distancia (km),Real Time,Velocidad promedia
Fri Nov 17 03:28:10 2023,Tomeco,Copiulemu,17.7,23.39,True,79.28813559322035
Fri Nov 17 03:28:10 2023,Copiulemu,Tomeco,15.866666666666667,22.002,True,83.20084033613446
Fri Nov 17 03:28:10 2023,Tomeco,Copiulemu,17.7,23.39,False,79.28813559322035
Fri Nov 17 03:28:10 2023,Copiulemu,Tomeco,15.866666666666667,22.002,False,83.20084033613446
