Fecha,From,To,Tiempo (min),Distancia (km),Real Time,Velocidad promedia
Fri Sep 15 07:28:09 2023,Tomeco,Copiulemu,18.4,23.39,True,76.2717391304348
Fri Sep 15 07:28:09 2023,Copiulemu,Tomeco,16.566666666666666,22.002,True,79.68531187122737
Fri Sep 15 07:28:09 2023,Tomeco,Copiulemu,18.4,23.39,False,76.2717391304348
Fri Sep 15 07:28:09 2023,Copiulemu,Tomeco,16.55,22.002,False,79.76555891238671
