Fecha,From,To,Tiempo (min),Distancia (km),Real Time,Velocidad promedia
Fri Jun 17 23:33:14 2022,Tomeco,Copiulemu,16.7,23.39,True,84.03592814371258
Fri Jun 17 23:33:14 2022,Copiulemu,Tomeco,16.55,22.002,True,79.76555891238671
Fri Jun 17 23:33:14 2022,Tomeco,Copiulemu,17.85,23.39,False,78.62184873949579
Fri Jun 17 23:33:14 2022,Copiulemu,Tomeco,17.983333333333334,22.002,False,73.4079703429101
