Fecha,From,To,Tiempo (min),Distancia (km),Real Time,Velocidad promedia
Fri May 27 13:05:26 2022,Tomeco,Copiulemu,16.633333333333333,23.39,True,84.37274549098197
Fri May 27 13:05:26 2022,Copiulemu,Tomeco,15.316666666666666,22.002,True,86.18846572361262
Fri May 27 13:05:26 2022,Tomeco,Copiulemu,16.65,23.39,False,84.2882882882883
Fri May 27 13:05:26 2022,Copiulemu,Tomeco,14.716666666666667,22.002,False,89.70237825594563
