Fecha,From,To,Tiempo (min),Distancia (km),Real Time,Velocidad promedia
Fri Dec 13 05:37:44 2024,Tomeco,Copiulemu,18.783333333333335,23.45,True,74.90683229813664
Fri Dec 13 05:37:44 2024,Copiulemu,Tomeco,16.25,21.968,True,81.1126153846154
Fri Dec 13 05:37:44 2024,Tomeco,Copiulemu,18.416666666666668,23.45,False,76.39819004524887
Fri Dec 13 05:37:44 2024,Copiulemu,Tomeco,16.183333333333334,21.968,False,81.44675592173017
