Fecha,From,To,Tiempo (min),Distancia (km),Real Time,Velocidad promedia
Fri Aug 26 17:38:41 2022,Tomeco,Copiulemu,16.766666666666666,23.39,True,83.70178926441352
Fri Aug 26 17:38:41 2022,Copiulemu,Tomeco,16.1,22.002,True,81.99503105590061
Fri Aug 26 17:38:41 2022,Tomeco,Copiulemu,16.733333333333334,23.39,False,83.86852589641434
Fri Aug 26 17:38:41 2022,Copiulemu,Tomeco,15.583333333333334,22.002,False,84.71358288770053
