Fecha,From,To,Tiempo (min),Distancia (km),Real Time,Velocidad promedia
Fri Dec 15 08:31:28 2023,Tomeco,Copiulemu,19.95,23.39,True,70.34586466165415
Fri Dec 15 08:31:28 2023,Copiulemu,Tomeco,15.55,21.461,True,82.80771704180064
Fri Dec 15 08:31:28 2023,Tomeco,Copiulemu,18.6,23.39,False,75.45161290322581
Fri Dec 15 08:31:28 2023,Copiulemu,Tomeco,15.55,21.461,False,82.80771704180064
