Fecha,From,To,Tiempo (min),Distancia (km),Real Time,Velocidad promedia
Fri May 27 13:50:49 2022,Tomeco,Copiulemu,18.933333333333334,23.39,True,74.12323943661973
Fri May 27 13:50:49 2022,Copiulemu,Tomeco,15.75,22.002,True,83.81714285714285
Fri May 27 13:50:49 2022,Tomeco,Copiulemu,16.633333333333333,23.39,False,84.37274549098197
Fri May 27 13:50:49 2022,Copiulemu,Tomeco,15.033333333333333,22.002,False,87.81286031042129
