Fecha,From,To,Tiempo (min),Distancia (km),Real Time,Velocidad promedia
Fri Jul  5 23:27:59 2024,Tomeco,Copiulemu,17.733333333333334,23.48,True,79.44360902255639
Fri Jul  5 23:27:59 2024,Copiulemu,Tomeco,18.633333333333333,22.002,True,70.84722719141324
Fri Jul  5 23:27:59 2024,Tomeco,Copiulemu,17.733333333333334,23.48,False,79.44360902255639
Fri Jul  5 23:27:59 2024,Copiulemu,Tomeco,15.516666666666667,22.002,False,85.07755102040815
