Fecha,From,To,Tiempo (min),Distancia (km),Real Time,Velocidad promedia
Fri Oct 11 14:35:32 2024,Tomeco,Copiulemu,18.0,23.48,True,78.26666666666667
Fri Oct 11 14:35:32 2024,Copiulemu,Tomeco,15.233333333333333,22.002,True,86.65995623632385
Fri Oct 11 14:35:32 2024,Tomeco,Copiulemu,17.966666666666665,23.48,False,78.41187384044528
Fri Oct 11 14:35:32 2024,Copiulemu,Tomeco,15.0,22.002,False,88.008
