Fecha,From,To,Tiempo (min),Distancia (km),Real Time,Velocidad promedia
Fri Nov 10 20:28:00 2023,Tomeco,Copiulemu,17.733333333333334,23.39,True,79.1390977443609
Fri Nov 10 20:28:00 2023,Copiulemu,Tomeco,16.416666666666668,22.002,True,80.41340101522842
Fri Nov 10 20:28:00 2023,Tomeco,Copiulemu,17.716666666666665,23.39,False,79.21354656632174
Fri Nov 10 20:28:00 2023,Copiulemu,Tomeco,15.266666666666667,22.002,False,86.47074235807858
