Fecha,From,To,Tiempo (min),Distancia (km),Real Time,Velocidad promedia
Fri Apr  5 11:28:07 2024,Tomeco,Copiulemu,17.35,23.48,True,81.19884726224784
Fri Apr  5 11:28:07 2024,Copiulemu,Tomeco,15.1,22.002,True,87.4251655629139
Fri Apr  5 11:28:07 2024,Tomeco,Copiulemu,17.333333333333332,23.48,False,81.27692307692308
Fri Apr  5 11:28:07 2024,Copiulemu,Tomeco,14.966666666666667,22.002,False,88.20400890868596
