Fecha,From,To,Tiempo (min),Distancia (km),Real Time,Velocidad promedia
Fri Sep 23 07:50:48 2022,Tomeco,Copiulemu,17.5,23.39,True,80.19428571428571
Fri Sep 23 07:50:48 2022,Copiulemu,Tomeco,15.45,22.002,True,85.44466019417474
Fri Sep 23 07:50:48 2022,Tomeco,Copiulemu,17.5,23.39,False,80.19428571428571
Fri Sep 23 07:50:48 2022,Copiulemu,Tomeco,15.433333333333334,22.002,False,85.53693304535636
