Fecha,From,To,Tiempo (min),Distancia (km),Real Time,Velocidad promedia
Fri Mar 22 07:28:05 2024,Tomeco,Copiulemu,18.566666666666666,23.48,True,75.87791741472172
Fri Mar 22 07:28:05 2024,Copiulemu,Tomeco,16.283333333333335,22.002,True,81.0718526100307
Fri Mar 22 07:28:05 2024,Tomeco,Copiulemu,18.566666666666666,23.48,False,75.87791741472172
Fri Mar 22 07:28:05 2024,Copiulemu,Tomeco,16.283333333333335,22.002,False,81.0718526100307
