Fecha,From,To,Tiempo (min),Distancia (km),Real Time,Velocidad promedia
Fri Oct  4 23:29:57 2024,Tomeco,Copiulemu,18.533333333333335,23.48,True,76.01438848920863
Fri Oct  4 23:29:57 2024,Copiulemu,Tomeco,16.0,22.002,True,82.5075
Fri Oct  4 23:29:57 2024,Tomeco,Copiulemu,18.516666666666666,23.48,False,76.08280828082809
Fri Oct  4 23:29:57 2024,Copiulemu,Tomeco,15.766666666666667,22.002,False,83.72854122621564
