Fecha,From,To,Tiempo (min),Distancia (km),Real Time,Velocidad promedia
Fri May 17 04:31:18 2024,Tomeco,Copiulemu,18.733333333333334,23.48,True,75.20284697508896
Fri May 17 04:31:18 2024,Copiulemu,Tomeco,15.55,22.002,True,84.8951768488746
Fri May 17 04:31:18 2024,Tomeco,Copiulemu,18.733333333333334,23.48,False,75.20284697508896
Fri May 17 04:31:18 2024,Copiulemu,Tomeco,15.55,22.002,False,84.8951768488746
