Fecha,From,To,Tiempo (min),Distancia (km),Real Time,Velocidad promedia
Fri Nov 17 21:28:04 2023,Tomeco,Copiulemu,17.25,23.39,True,81.35652173913044
Fri Nov 17 21:28:04 2023,Copiulemu,Tomeco,14.75,21.461,True,87.29898305084745
Fri Nov 17 21:28:04 2023,Tomeco,Copiulemu,17.183333333333334,23.39,False,81.6721629485936
Fri Nov 17 21:28:04 2023,Copiulemu,Tomeco,15.166666666666666,21.461,False,84.90065934065933
