Fecha,From,To,Tiempo (min),Distancia (km),Real Time,Velocidad promedia
Fri Jul 12 10:33:36 2024,Tomeco,Copiulemu,18.383333333333333,23.48,True,76.63463281958296
Fri Jul 12 10:33:36 2024,Copiulemu,Tomeco,15.116666666666667,22.002,True,87.328776185226
Fri Jul 12 10:33:36 2024,Tomeco,Copiulemu,18.316666666666666,23.48,False,76.91355777979983
Fri Jul 12 10:33:36 2024,Copiulemu,Tomeco,15.116666666666667,22.002,False,87.328776185226
