Fecha,From,To,Tiempo (min),Distancia (km),Real Time,Velocidad promedia
Fri Mar 22 22:29:06 2024,Tomeco,Copiulemu,18.35,23.48,True,76.77384196185285
Fri Mar 22 22:29:06 2024,Copiulemu,Tomeco,15.916666666666666,22.002,True,82.93947643979057
Fri Mar 22 22:29:06 2024,Tomeco,Copiulemu,18.316666666666666,23.48,False,76.91355777979983
Fri Mar 22 22:29:06 2024,Copiulemu,Tomeco,15.983333333333333,22.002,False,82.59353493222106
