Fecha,From,To,Tiempo (min),Distancia (km),Real Time,Velocidad promedia
Fri Mar 22 18:28:44 2024,Tomeco,Copiulemu,17.866666666666667,23.48,True,78.8507462686567
Fri Mar 22 18:28:44 2024,Copiulemu,Tomeco,15.483333333333333,22.002,True,85.26071044133477
Fri Mar 22 18:28:44 2024,Tomeco,Copiulemu,17.866666666666667,23.48,False,78.8507462686567
Fri Mar 22 18:28:44 2024,Copiulemu,Tomeco,15.116666666666667,22.002,False,87.328776185226
