Fecha,From,To,Tiempo (min),Distancia (km),Real Time,Velocidad promedia
Fri Dec  8 07:28:08 2023,Tomeco,Copiulemu,18.133333333333333,23.39,True,77.39338235294117
Fri Dec  8 07:28:08 2023,Copiulemu,Tomeco,15.65,22.002,True,84.35271565495206
Fri Dec  8 07:28:08 2023,Tomeco,Copiulemu,18.05,23.39,False,77.75069252077563
Fri Dec  8 07:28:08 2023,Copiulemu,Tomeco,15.533333333333333,22.002,False,84.9862660944206
