Fecha,From,To,Tiempo (min),Distancia (km),Real Time,Velocidad promedia
Fri Aug 12 08:40:36 2022,Tomeco,Copiulemu,17.65,23.39,True,79.51274787535412
Fri Aug 12 08:40:36 2022,Copiulemu,Tomeco,15.633333333333333,22.002,True,84.44264392324094
Fri Aug 12 08:40:36 2022,Tomeco,Copiulemu,17.65,23.39,False,79.51274787535412
Fri Aug 12 08:40:36 2022,Copiulemu,Tomeco,15.633333333333333,22.002,False,84.44264392324094
