Fecha,From,To,Tiempo (min),Distancia (km),Real Time,Velocidad promedia
Fri Mar 22 23:28:09 2024,Tomeco,Copiulemu,17.916666666666668,23.48,True,78.63069767441861
Fri Mar 22 23:28:09 2024,Copiulemu,Tomeco,16.366666666666667,22.002,True,80.65906313645621
Fri Mar 22 23:28:09 2024,Tomeco,Copiulemu,17.9,23.48,False,78.70391061452516
Fri Mar 22 23:28:09 2024,Copiulemu,Tomeco,16.316666666666666,22.002,False,80.90623084780388
