Fecha,From,To,Tiempo (min),Distancia (km),Real Time,Velocidad promedia
Fri Mar  8 18:29:33 2024,Tomeco,Copiulemu,18.083333333333332,23.48,True,77.90599078341015
Fri Mar  8 18:29:33 2024,Copiulemu,Tomeco,15.333333333333334,22.002,True,86.09478260869564
Fri Mar  8 18:29:33 2024,Tomeco,Copiulemu,17.883333333333333,23.48,False,78.77726001863932
Fri Mar  8 18:29:33 2024,Copiulemu,Tomeco,15.133333333333333,22.002,False,87.23259911894272
