Fecha,From,To,Tiempo (min),Distancia (km),Real Time,Velocidad promedia
Fri Oct 13 22:29:50 2023,Tomeco,Copiulemu,18.016666666666666,23.39,True,77.89454209065681
Fri Oct 13 22:29:50 2023,Copiulemu,Tomeco,16.6,22.002,True,79.52530120481927
Fri Oct 13 22:29:50 2023,Tomeco,Copiulemu,18.016666666666666,23.39,False,77.89454209065681
Fri Oct 13 22:29:50 2023,Copiulemu,Tomeco,16.6,22.002,False,79.52530120481927
