Fecha,From,To,Tiempo (min),Distancia (km),Real Time,Velocidad promedia
Fri Apr 29 08:42:41 2022,Tomeco,Copiulemu,17.666666666666668,23.39,True,79.43773584905661
Fri Apr 29 08:42:41 2022,Copiulemu,Tomeco,15.583333333333334,22.002,True,84.71358288770053
Fri Apr 29 08:42:41 2022,Tomeco,Copiulemu,17.666666666666668,23.39,False,79.43773584905661
Fri Apr 29 08:42:41 2022,Copiulemu,Tomeco,15.866666666666667,22.002,False,83.20084033613446
