Fecha,From,To,Tiempo (min),Distancia (km),Real Time,Velocidad promedia
Fri Feb  9 05:28:04 2024,Tomeco,Copiulemu,18.65,23.48,True,75.53887399463808
Fri Feb  9 05:28:04 2024,Copiulemu,Tomeco,16.166666666666668,22.002,True,81.65690721649483
Fri Feb  9 05:28:04 2024,Tomeco,Copiulemu,18.65,23.48,False,75.53887399463808
Fri Feb  9 05:28:04 2024,Copiulemu,Tomeco,16.133333333333333,22.002,False,81.82561983471074
