Fecha,From,To,Tiempo (min),Distancia (km),Real Time,Velocidad promedia
Fri Nov 24 03:28:12 2023,Tomeco,Copiulemu,17.533333333333335,23.39,True,80.04182509505702
Fri Nov 24 03:28:12 2023,Copiulemu,Tomeco,16.016666666666666,22.002,True,82.4216441207076
Fri Nov 24 03:28:12 2023,Tomeco,Copiulemu,17.533333333333335,23.39,False,80.04182509505702
Fri Nov 24 03:28:12 2023,Copiulemu,Tomeco,15.916666666666666,22.002,False,82.93947643979057
