Fecha,From,To,Tiempo (min),Distancia (km),Real Time,Velocidad promedia
Fri May 20 07:34:02 2022,Tomeco,Copiulemu,17.616666666666667,23.39,True,79.6631977294229
Fri May 20 07:34:02 2022,Copiulemu,Tomeco,15.9,22.002,True,83.02641509433961
Fri May 20 07:34:02 2022,Tomeco,Copiulemu,17.616666666666667,23.39,False,79.6631977294229
Fri May 20 07:34:02 2022,Copiulemu,Tomeco,15.9,22.002,False,83.02641509433961
