Fecha,From,To,Tiempo (min),Distancia (km),Real Time,Velocidad promedia
Fri Aug 16 08:34:48 2024,Tomeco,Copiulemu,18.85,23.48,True,74.73740053050398
Fri Aug 16 08:34:48 2024,Copiulemu,Tomeco,15.483333333333333,22.002,True,85.26071044133477
Fri Aug 16 08:34:48 2024,Tomeco,Copiulemu,18.85,23.48,False,74.73740053050398
Fri Aug 16 08:34:48 2024,Copiulemu,Tomeco,15.483333333333333,22.002,False,85.26071044133477
