Fecha,From,To,Tiempo (min),Distancia (km),Real Time,Velocidad promedia
Fri May 10 13:28:02 2024,Tomeco,Copiulemu,18.266666666666666,23.48,True,77.1240875912409
Fri May 10 13:28:02 2024,Copiulemu,Tomeco,15.033333333333333,22.002,True,87.81286031042129
Fri May 10 13:28:02 2024,Tomeco,Copiulemu,17.766666666666666,23.48,False,79.29455909943715
Fri May 10 13:28:02 2024,Copiulemu,Tomeco,15.016666666666667,22.002,False,87.91032186459489
