Fecha,From,To,Tiempo (min),Distancia (km),Real Time,Velocidad promedia
Fri Apr 29 15:39:28 2022,Tomeco,Copiulemu,16.8,23.39,True,83.53571428571428
Fri Apr 29 15:39:28 2022,Copiulemu,Tomeco,15.733333333333333,22.002,True,83.90593220338984
Fri Apr 29 15:39:28 2022,Tomeco,Copiulemu,16.683333333333334,23.39,False,84.11988011988012
Fri Apr 29 15:39:28 2022,Copiulemu,Tomeco,15.133333333333333,22.002,False,87.23259911894272
