Fecha,From,To,Tiempo (min),Distancia (km),Real Time,Velocidad promedia
Fri Jun 24 15:40:53 2022,Tomeco,Copiulemu,16.366666666666667,23.39,True,85.74745417515275
Fri Jun 24 15:40:53 2022,Copiulemu,Tomeco,15.4,22.002,True,85.72207792207791
Fri Jun 24 15:40:53 2022,Tomeco,Copiulemu,16.35,23.39,False,85.8348623853211
Fri Jun 24 15:40:53 2022,Copiulemu,Tomeco,15.266666666666667,22.002,False,86.47074235807858
