Fecha,From,To,Tiempo (min),Distancia (km),Real Time,Velocidad promedia
Fri Oct 13 07:28:12 2023,Tomeco,Copiulemu,18.016666666666666,23.39,True,77.89454209065681
Fri Oct 13 07:28:12 2023,Copiulemu,Tomeco,15.8,22.002,True,83.5518987341772
Fri Oct 13 07:28:12 2023,Tomeco,Copiulemu,18.016666666666666,23.39,False,77.89454209065681
Fri Oct 13 07:28:12 2023,Copiulemu,Tomeco,15.8,22.002,False,83.5518987341772
