Fecha,From,To,Tiempo (min),Distancia (km),Real Time,Velocidad promedia
Fri Apr 19 08:30:14 2024,Tomeco,Copiulemu,18.9,23.48,True,74.53968253968254
Fri Apr 19 08:30:14 2024,Copiulemu,Tomeco,15.9,22.002,True,83.02641509433961
Fri Apr 19 08:30:14 2024,Tomeco,Copiulemu,18.9,23.48,False,74.53968253968254
Fri Apr 19 08:30:14 2024,Copiulemu,Tomeco,15.916666666666666,22.002,False,82.93947643979057
