Fecha,From,To,Tiempo (min),Distancia (km),Real Time,Velocidad promedia
Fri Mar 22 01:28:12 2024,Tomeco,Copiulemu,18.566666666666666,23.48,True,75.87791741472172
Fri Mar 22 01:28:12 2024,Copiulemu,Tomeco,15.65,22.002,True,84.35271565495206
Fri Mar 22 01:28:12 2024,Tomeco,Copiulemu,18.233333333333334,23.48,False,77.26508226691041
Fri Mar 22 01:28:12 2024,Copiulemu,Tomeco,15.883333333333333,22.002,False,83.11353620146905
