Fecha,From,To,Tiempo (min),Distancia (km),Real Time,Velocidad promedia
Fri Jun 24 13:51:00 2022,Tomeco,Copiulemu,16.5,23.39,True,85.05454545454545
Fri Jun 24 13:51:00 2022,Copiulemu,Tomeco,15.45,22.002,True,85.44466019417474
Fri Jun 24 13:51:00 2022,Tomeco,Copiulemu,16.416666666666668,23.39,False,85.48629441624365
Fri Jun 24 13:51:00 2022,Copiulemu,Tomeco,15.216666666666667,22.002,False,86.75487404162102
