Fecha,From,To,Tiempo (min),Distancia (km),Real Time,Velocidad promedia
Fri Aug 30 10:36:09 2024,Tomeco,Copiulemu,19.383333333333333,23.48,True,72.68099742046432
Fri Aug 30 10:36:09 2024,Copiulemu,Tomeco,15.183333333333334,22.002,True,86.94533479692646
Fri Aug 30 10:36:09 2024,Tomeco,Copiulemu,18.716666666666665,23.48,False,75.26981300089048
Fri Aug 30 10:36:09 2024,Copiulemu,Tomeco,15.183333333333334,22.002,False,86.94533479692646
