Fecha,From,To,Tiempo (min),Distancia (km),Real Time,Velocidad promedia
Fri Oct 25 07:31:38 2024,Tomeco,Copiulemu,18.883333333333333,23.475,True,74.58958517210945
Fri Oct 25 07:31:38 2024,Copiulemu,Tomeco,15.7,22.002,True,84.08407643312101
Fri Oct 25 07:31:38 2024,Tomeco,Copiulemu,18.883333333333333,23.475,False,74.58958517210945
Fri Oct 25 07:31:38 2024,Copiulemu,Tomeco,15.7,22.002,False,84.08407643312101
