Fecha,From,To,Tiempo (min),Distancia (km),Real Time,Velocidad promedia
Fri Jul  1 13:04:56 2022,Tomeco,Copiulemu,17.383333333333333,23.39,True,80.73250239693193
Fri Jul  1 13:04:56 2022,Copiulemu,Tomeco,14.9,22.002,True,88.59865771812079
Fri Jul  1 13:04:56 2022,Tomeco,Copiulemu,16.45,23.39,False,85.3130699088146
Fri Jul  1 13:04:56 2022,Copiulemu,Tomeco,14.833333333333334,22.002,False,88.99685393258426
