Fecha,From,To,Tiempo (min),Distancia (km),Real Time,Velocidad promedia
Fri Mar 15 09:28:04 2024,Tomeco,Copiulemu,18.083333333333332,23.48,True,77.90599078341015
Fri Mar 15 09:28:04 2024,Copiulemu,Tomeco,15.533333333333333,22.002,True,84.9862660944206
Fri Mar 15 09:28:04 2024,Tomeco,Copiulemu,17.566666666666666,23.48,False,80.19734345351044
Fri Mar 15 09:28:04 2024,Copiulemu,Tomeco,15.533333333333333,22.002,False,84.9862660944206
