Fecha,From,To,Tiempo (min),Distancia (km),Real Time,Velocidad promedia
Fri Feb 16 21:27:58 2024,Tomeco,Copiulemu,19.983333333333334,23.48,True,70.49874895746456
Fri Feb 16 21:27:58 2024,Copiulemu,Tomeco,16.583333333333332,22.002,True,79.60522613065328
Fri Feb 16 21:27:58 2024,Tomeco,Copiulemu,18.733333333333334,23.48,False,75.20284697508896
Fri Feb 16 21:27:58 2024,Copiulemu,Tomeco,15.833333333333334,22.002,False,83.37599999999999
