Fecha,From,To,Tiempo (min),Distancia (km),Real Time,Velocidad promedia
Fri Sep  2 11:33:02 2022,Tomeco,Copiulemu,17.0,23.39,True,82.5529411764706
Fri Sep  2 11:33:02 2022,Copiulemu,Tomeco,14.883333333333333,22.002,True,88.69787234042553
Fri Sep  2 11:33:02 2022,Tomeco,Copiulemu,16.9,23.39,False,83.04142011834321
Fri Sep  2 11:33:02 2022,Copiulemu,Tomeco,14.85,22.002,False,88.89696969696969
