Fecha,From,To,Tiempo (min),Distancia (km),Real Time,Velocidad promedia
Fri Oct 20 07:28:10 2023,Tomeco,Copiulemu,17.75,23.39,True,79.06478873239436
Fri Oct 20 07:28:10 2023,Copiulemu,Tomeco,15.816666666666666,22.002,True,83.46385669125394
Fri Oct 20 07:28:10 2023,Tomeco,Copiulemu,17.75,23.39,False,79.06478873239436
Fri Oct 20 07:28:10 2023,Copiulemu,Tomeco,15.816666666666666,22.002,False,83.46385669125394
