Fecha,From,To,Tiempo (min),Distancia (km),Real Time,Velocidad promedia
Fri Dec 15 15:28:10 2023,Tomeco,Copiulemu,17.25,23.39,True,81.35652173913044
Fri Dec 15 15:28:10 2023,Copiulemu,Tomeco,15.166666666666666,21.461,True,84.90065934065933
Fri Dec 15 15:28:10 2023,Tomeco,Copiulemu,17.116666666666667,23.39,False,81.9902629016553
Fri Dec 15 15:28:10 2023,Copiulemu,Tomeco,14.983333333333333,21.461,False,85.93948832035595
