Fecha,From,To,Tiempo (min),Distancia (km),Real Time,Velocidad promedia
Fri May 24 13:28:12 2024,Tomeco,Copiulemu,17.466666666666665,23.48,True,80.65648854961833
Fri May 24 13:28:12 2024,Copiulemu,Tomeco,14.95,22.002,True,88.30234113712375
Fri May 24 13:28:12 2024,Tomeco,Copiulemu,17.383333333333333,23.48,False,81.0431447746884
Fri May 24 13:28:12 2024,Copiulemu,Tomeco,14.95,22.002,False,88.30234113712375
