Fecha,From,To,Tiempo (min),Distancia (km),Real Time,Velocidad promedia
Fri Jul 22 19:29:28 2022,Tomeco,Copiulemu,18.7,23.39,True,75.048128342246
Fri Jul 22 19:29:28 2022,Copiulemu,Tomeco,15.033333333333333,22.002,True,87.81286031042129
Fri Jul 22 19:29:28 2022,Tomeco,Copiulemu,17.233333333333334,23.39,False,81.43520309477756
Fri Jul 22 19:29:28 2022,Copiulemu,Tomeco,15.033333333333333,22.002,False,87.81286031042129
