Fecha,From,To,Tiempo (min),Distancia (km),Real Time,Velocidad promedia
Fri Nov 10 21:28:10 2023,Tomeco,Copiulemu,18.966666666666665,23.39,True,73.99297012302286
Fri Nov 10 21:28:10 2023,Copiulemu,Tomeco,15.45,22.002,True,85.44466019417474
Fri Nov 10 21:28:10 2023,Tomeco,Copiulemu,17.583333333333332,23.39,False,79.81421800947868
Fri Nov 10 21:28:10 2023,Copiulemu,Tomeco,15.416666666666666,22.002,False,85.62940540540541
