Fecha,From,To,Tiempo (min),Distancia (km),Real Time,Velocidad promedia
Fri Dec 29 04:30:38 2023,Tomeco,Copiulemu,17.733333333333334,23.39,True,79.1390977443609
Fri Dec 29 04:30:38 2023,Copiulemu,Tomeco,16.116666666666667,21.461,True,79.89617373319544
Fri Dec 29 04:30:38 2023,Tomeco,Copiulemu,17.733333333333334,23.39,False,79.1390977443609
Fri Dec 29 04:30:38 2023,Copiulemu,Tomeco,16.166666666666668,21.461,False,79.64907216494844
