Fecha,From,To,Tiempo (min),Distancia (km),Real Time,Velocidad promedia
Fri May 31 21:28:11 2024,Tomeco,Copiulemu,19.55,23.48,True,72.06138107416879
Fri May 31 21:28:11 2024,Copiulemu,Tomeco,15.95,22.002,True,82.76614420062697
Fri May 31 21:28:11 2024,Tomeco,Copiulemu,17.883333333333333,23.48,False,78.77726001863932
Fri May 31 21:28:11 2024,Copiulemu,Tomeco,15.366666666666667,22.002,False,85.90802603036876
