Fecha,From,To,Tiempo (min),Distancia (km),Real Time,Velocidad promedia
Fri Feb 16 15:28:04 2024,Tomeco,Copiulemu,18.5,23.48,True,76.15135135135135
Fri Feb 16 15:28:04 2024,Copiulemu,Tomeco,16.516666666666666,22.002,True,79.92653884964682
Fri Feb 16 15:28:04 2024,Tomeco,Copiulemu,18.5,23.48,False,76.15135135135135
Fri Feb 16 15:28:04 2024,Copiulemu,Tomeco,16.5,22.002,False,80.00727272727272
