Fecha,From,To,Tiempo (min),Distancia (km),Real Time,Velocidad promedia
Fri Sep  9 06:56:46 2022,Tomeco,Copiulemu,17.983333333333334,23.39,True,78.03892493049119
Fri Sep  9 06:56:46 2022,Copiulemu,Tomeco,15.533333333333333,22.002,True,84.9862660944206
Fri Sep  9 06:56:46 2022,Tomeco,Copiulemu,17.983333333333334,23.39,False,78.03892493049119
Fri Sep  9 06:56:46 2022,Copiulemu,Tomeco,15.533333333333333,22.002,False,84.9862660944206
