Fecha,From,To,Tiempo (min),Distancia (km),Real Time,Velocidad promedia
Fri Jun 28 09:29:06 2024,Tomeco,Copiulemu,19.05,23.48,True,73.95275590551181
Fri Jun 28 09:29:06 2024,Copiulemu,Tomeco,15.45,22.002,True,85.44466019417474
Fri Jun 28 09:29:06 2024,Tomeco,Copiulemu,19.033333333333335,23.48,False,74.01751313485114
Fri Jun 28 09:29:06 2024,Copiulemu,Tomeco,15.416666666666666,22.002,False,85.62940540540541
