Fecha,From,To,Tiempo (min),Distancia (km),Real Time,Velocidad promedia
Fri Dec 13 07:31:24 2024,Tomeco,Copiulemu,18.633333333333333,23.45,True,75.5098389982111
Fri Dec 13 07:31:24 2024,Copiulemu,Tomeco,15.983333333333333,21.968,True,82.46590198123045
Fri Dec 13 07:31:24 2024,Tomeco,Copiulemu,18.616666666666667,23.45,False,75.57743957027753
Fri Dec 13 07:31:24 2024,Copiulemu,Tomeco,15.983333333333333,21.968,False,82.46590198123045
