Fecha,From,To,Tiempo (min),Distancia (km),Real Time,Velocidad promedia
Fri Sep 27 18:39:58 2024,Tomeco,Copiulemu,19.1,23.48,True,73.75916230366492
Fri Sep 27 18:39:58 2024,Copiulemu,Tomeco,15.433333333333334,22.002,True,85.53693304535636
Fri Sep 27 18:39:58 2024,Tomeco,Copiulemu,18.35,23.48,False,76.77384196185285
Fri Sep 27 18:39:58 2024,Copiulemu,Tomeco,15.1,22.002,False,87.4251655629139
