Fecha,From,To,Tiempo (min),Distancia (km),Real Time,Velocidad promedia
Fri Oct 18 13:36:42 2024,Tomeco,Copiulemu,18.25,23.48,True,77.19452054794522
Fri Oct 18 13:36:42 2024,Copiulemu,Tomeco,15.516666666666667,22.002,True,85.07755102040815
Fri Oct 18 13:36:42 2024,Tomeco,Copiulemu,18.25,23.48,False,77.19452054794522
Fri Oct 18 13:36:42 2024,Copiulemu,Tomeco,15.25,22.002,False,86.56524590163934
