Fecha,From,To,Tiempo (min),Distancia (km),Real Time,Velocidad promedia
Fri Nov 17 18:31:43 2023,Tomeco,Copiulemu,17.716666666666665,23.39,True,79.21354656632174
Fri Nov 17 18:31:43 2023,Copiulemu,Tomeco,15.116666666666667,21.461,True,85.18147739801542
Fri Nov 17 18:31:43 2023,Tomeco,Copiulemu,17.283333333333335,23.39,False,81.19961427193829
Fri Nov 17 18:31:43 2023,Copiulemu,Tomeco,14.633333333333333,21.461,False,87.99498861047836
