Fecha,From,To,Tiempo (min),Distancia (km),Real Time,Velocidad promedia
Fri Aug 26 11:32:08 2022,Tomeco,Copiulemu,16.866666666666667,23.39,True,83.20553359683794
Fri Aug 26 11:32:08 2022,Copiulemu,Tomeco,15.15,22.002,True,87.13663366336633
Fri Aug 26 11:32:08 2022,Tomeco,Copiulemu,16.816666666666666,23.39,False,83.45292368681864
Fri Aug 26 11:32:08 2022,Copiulemu,Tomeco,15.133333333333333,22.002,False,87.23259911894272
