Fecha,From,To,Tiempo (min),Distancia (km),Real Time,Velocidad promedia
Fri Nov 29 05:37:24 2024,Tomeco,Copiulemu,19.133333333333333,23.45,True,73.53658536585365
Fri Nov 29 05:37:24 2024,Copiulemu,Tomeco,16.1,21.968,True,81.86832298136645
Fri Nov 29 05:37:24 2024,Tomeco,Copiulemu,18.7,23.45,False,75.24064171122996
Fri Nov 29 05:37:24 2024,Copiulemu,Tomeco,16.1,21.968,False,81.86832298136645
