Fecha,From,To,Tiempo (min),Distancia (km),Real Time,Velocidad promedia
Fri Dec  8 01:35:40 2023,Tomeco,Copiulemu,17.75,23.39,True,79.06478873239436
Fri Dec  8 01:35:40 2023,Copiulemu,Tomeco,16.816666666666666,21.461,True,76.57046580773041
Fri Dec  8 01:35:40 2023,Tomeco,Copiulemu,17.666666666666668,23.39,False,79.43773584905661
Fri Dec  8 01:35:40 2023,Copiulemu,Tomeco,15.516666666666667,21.461,False,82.98560687432867
