Fecha,From,To,Tiempo (min),Distancia (km),Real Time,Velocidad promedia
Fri Jul 22 08:43:32 2022,Tomeco,Copiulemu,17.8,23.39,True,78.84269662921348
Fri Jul 22 08:43:32 2022,Copiulemu,Tomeco,15.366666666666667,22.002,True,85.90802603036876
Fri Jul 22 08:43:32 2022,Tomeco,Copiulemu,17.8,23.39,False,78.84269662921348
Fri Jul 22 08:43:32 2022,Copiulemu,Tomeco,15.366666666666667,22.002,False,85.90802603036876
