Fecha,From,To,Tiempo (min),Distancia (km),Real Time,Velocidad promedia
Fri Nov 15 03:44:09 2024,Tomeco,Copiulemu,18.333333333333332,23.45,True,76.74545454545455
Fri Nov 15 03:44:09 2024,Copiulemu,Tomeco,15.883333333333333,21.968,True,82.98509968520463
Fri Nov 15 03:44:09 2024,Tomeco,Copiulemu,18.083333333333332,23.45,False,77.80645161290323
Fri Nov 15 03:44:09 2024,Copiulemu,Tomeco,15.883333333333333,21.968,False,82.98509968520463
