Fecha,From,To,Tiempo (min),Distancia (km),Real Time,Velocidad promedia
Fri Nov  3 05:28:30 2023,Tomeco,Copiulemu,18.066666666666666,23.39,True,77.6789667896679
Fri Nov  3 05:28:30 2023,Copiulemu,Tomeco,15.25,22.002,True,86.56524590163934
Fri Nov  3 05:28:30 2023,Tomeco,Copiulemu,17.55,23.39,False,79.96581196581195
Fri Nov  3 05:28:30 2023,Copiulemu,Tomeco,15.25,22.002,False,86.56524590163934
