Fecha,From,To,Tiempo (min),Distancia (km),Real Time,Velocidad promedia
Fri Aug 26 06:56:40 2022,Tomeco,Copiulemu,17.616666666666667,23.39,True,79.6631977294229
Fri Aug 26 06:56:40 2022,Copiulemu,Tomeco,15.7,22.002,True,84.08407643312101
Fri Aug 26 06:56:40 2022,Tomeco,Copiulemu,17.616666666666667,23.39,False,79.6631977294229
Fri Aug 26 06:56:40 2022,Copiulemu,Tomeco,15.8,22.002,False,83.5518987341772
