Fecha,From,To,Tiempo (min),Distancia (km),Real Time,Velocidad promedia
Fri Oct 20 02:31:07 2023,Tomeco,Copiulemu,17.883333333333333,23.649,True,79.34426840633736
Fri Oct 20 02:31:07 2023,Copiulemu,Tomeco,16.2,22.002,True,81.4888888888889
Fri Oct 20 02:31:07 2023,Tomeco,Copiulemu,17.983333333333334,23.649,False,78.90305838739575
Fri Oct 20 02:31:07 2023,Copiulemu,Tomeco,15.583333333333334,22.002,False,84.71358288770053
