Fecha,From,To,Tiempo (min),Distancia (km),Real Time,Velocidad promedia
Fri Jun 14 10:32:21 2024,Tomeco,Copiulemu,19.0,23.48,True,74.14736842105263
Fri Jun 14 10:32:21 2024,Copiulemu,Tomeco,16.15,22.002,True,81.74117647058823
Fri Jun 14 10:32:21 2024,Tomeco,Copiulemu,17.883333333333333,23.48,False,78.77726001863932
Fri Jun 14 10:32:21 2024,Copiulemu,Tomeco,14.75,22.002,False,89.49966101694915
