Fecha,From,To,Tiempo (min),Distancia (km),Real Time,Velocidad promedia
Fri Oct 27 18:30:19 2023,Tomeco,Copiulemu,17.966666666666665,23.39,True,78.11131725417441
Fri Oct 27 18:30:19 2023,Copiulemu,Tomeco,14.983333333333333,22.002,True,88.1058954393771
Fri Oct 27 18:30:19 2023,Tomeco,Copiulemu,17.483333333333334,23.39,False,80.27073403241181
Fri Oct 27 18:30:19 2023,Copiulemu,Tomeco,14.916666666666666,22.002,False,88.49966480446928
