Fecha,From,To,Tiempo (min),Distancia (km),Real Time,Velocidad promedia
Fri Sep 29 18:30:51 2023,Tomeco,Copiulemu,17.4,23.39,True,80.65517241379311
Fri Sep 29 18:30:51 2023,Copiulemu,Tomeco,16.35,22.002,True,80.74128440366971
Fri Sep 29 18:30:51 2023,Tomeco,Copiulemu,17.366666666666667,23.39,False,80.80998080614204
Fri Sep 29 18:30:51 2023,Copiulemu,Tomeco,15.883333333333333,22.002,False,83.11353620146905
