Fecha,From,To,Tiempo (min),Distancia (km),Real Time,Velocidad promedia
Fri Dec 29 23:28:18 2023,Tomeco,Copiulemu,17.316666666666666,23.39,True,81.04331087584217
Fri Dec 29 23:28:18 2023,Copiulemu,Tomeco,15.566666666666666,21.461,True,82.71905781584583
Fri Dec 29 23:28:18 2023,Tomeco,Copiulemu,17.3,23.39,False,81.121387283237
Fri Dec 29 23:28:18 2023,Copiulemu,Tomeco,15.433333333333334,21.461,False,83.43369330453562
