Fecha,From,To,Tiempo (min),Distancia (km),Real Time,Velocidad promedia
Fri Dec  6 13:40:04 2024,Tomeco,Copiulemu,18.283333333333335,23.45,True,76.9553327256153
Fri Dec  6 13:40:04 2024,Copiulemu,Tomeco,15.583333333333334,21.968,True,84.58267379679144
Fri Dec  6 13:40:04 2024,Tomeco,Copiulemu,18.15,23.45,False,77.52066115702479
Fri Dec  6 13:40:04 2024,Copiulemu,Tomeco,15.416666666666666,21.968,False,85.49708108108109
