Fecha,From,To,Tiempo (min),Distancia (km),Real Time,Velocidad promedia
Fri May  3 12:43:35 2024,Tomeco,Copiulemu,18.033333333333335,23.48,True,78.12199630314232
Fri May  3 12:43:35 2024,Copiulemu,Tomeco,15.033333333333333,22.002,True,87.81286031042129
Fri May  3 12:43:35 2024,Tomeco,Copiulemu,17.566666666666666,23.48,False,80.19734345351044
Fri May  3 12:43:35 2024,Copiulemu,Tomeco,14.85,22.002,False,88.89696969696969
