Fecha,From,To,Tiempo (min),Distancia (km),Real Time,Velocidad promedia
Fri Oct 11 08:38:15 2024,Tomeco,Copiulemu,19.1,23.48,True,73.75916230366492
Fri Oct 11 08:38:15 2024,Copiulemu,Tomeco,14.966666666666667,22.002,True,88.20400890868596
Fri Oct 11 08:38:15 2024,Tomeco,Copiulemu,19.083333333333332,23.48,False,73.82358078602621
Fri Oct 11 08:38:15 2024,Copiulemu,Tomeco,14.966666666666667,22.002,False,88.20400890868596
