Fecha,From,To,Tiempo (min),Distancia (km),Real Time,Velocidad promedia
Fri Jun  3 07:30:49 2022,Tomeco,Copiulemu,17.883333333333333,23.39,True,78.47530288909599
Fri Jun  3 07:30:49 2022,Copiulemu,Tomeco,15.933333333333334,22.002,True,82.85271966527196
Fri Jun  3 07:30:49 2022,Tomeco,Copiulemu,17.883333333333333,23.39,False,78.47530288909599
Fri Jun  3 07:30:49 2022,Copiulemu,Tomeco,15.933333333333334,22.002,False,82.85271966527196
