Fecha,From,To,Tiempo (min),Distancia (km),Real Time,Velocidad promedia
Fri Oct 20 12:45:51 2023,Tomeco,Copiulemu,17.383333333333333,23.39,True,80.73250239693193
Fri Oct 20 12:45:51 2023,Copiulemu,Tomeco,14.733333333333333,22.002,True,89.60090497737556
Fri Oct 20 12:45:51 2023,Tomeco,Copiulemu,17.033333333333335,23.39,False,82.39138943248531
Fri Oct 20 12:45:51 2023,Copiulemu,Tomeco,14.716666666666667,22.002,False,89.70237825594563
