Fecha,From,To,Tiempo (min),Distancia (km),Real Time,Velocidad promedia
Fri May 17 02:38:31 2024,Tomeco,Copiulemu,18.766666666666666,23.48,True,75.06927175843695
Fri May 17 02:38:31 2024,Copiulemu,Tomeco,15.616666666666667,22.002,True,84.53276414087513
Fri May 17 02:38:31 2024,Tomeco,Copiulemu,18.533333333333335,23.48,False,76.01438848920863
Fri May 17 02:38:31 2024,Copiulemu,Tomeco,15.733333333333333,22.002,False,83.90593220338984
