Fecha,From,To,Tiempo (min),Distancia (km),Real Time,Velocidad promedia
Fri Mar 15 17:28:08 2024,Tomeco,Copiulemu,17.983333333333334,23.48,True,78.33920296570899
Fri Mar 15 17:28:08 2024,Copiulemu,Tomeco,15.6,22.002,True,84.62307692307692
Fri Mar 15 17:28:08 2024,Tomeco,Copiulemu,17.816666666666666,23.48,False,79.07202993451824
Fri Mar 15 17:28:08 2024,Copiulemu,Tomeco,15.6,22.002,False,84.62307692307692
