Fecha,From,To,Tiempo (min),Distancia (km),Real Time,Velocidad promedia
Fri Feb 16 13:28:01 2024,Tomeco,Copiulemu,18.65,23.48,True,75.53887399463808
Fri Feb 16 13:28:01 2024,Copiulemu,Tomeco,16.466666666666665,22.002,True,80.16923076923077
Fri Feb 16 13:28:01 2024,Tomeco,Copiulemu,18.433333333333334,23.48,False,76.42676311030742
Fri Feb 16 13:28:01 2024,Copiulemu,Tomeco,16.516666666666666,22.002,False,79.92653884964682
