Fecha,From,To,Tiempo (min),Distancia (km),Real Time,Velocidad promedia
Fri May  3 19:28:04 2024,Tomeco,Copiulemu,17.683333333333334,23.48,True,79.66823751178134
Fri May  3 19:28:04 2024,Copiulemu,Tomeco,14.983333333333333,22.002,True,88.1058954393771
Fri May  3 19:28:04 2024,Tomeco,Copiulemu,17.883333333333333,23.48,False,78.77726001863932
Fri May  3 19:28:04 2024,Copiulemu,Tomeco,14.983333333333333,22.002,False,88.1058954393771
