Fecha,From,To,Tiempo (min),Distancia (km),Real Time,Velocidad promedia
Fri Sep 13 08:36:44 2024,Tomeco,Copiulemu,18.783333333333335,23.48,True,75.00266193433895
Fri Sep 13 08:36:44 2024,Copiulemu,Tomeco,15.133333333333333,22.002,True,87.23259911894272
Fri Sep 13 08:36:44 2024,Tomeco,Copiulemu,18.783333333333335,23.48,False,75.00266193433895
Fri Sep 13 08:36:44 2024,Copiulemu,Tomeco,15.133333333333333,22.002,False,87.23259911894272
