Fecha,From,To,Tiempo (min),Distancia (km),Real Time,Velocidad promedia
Fri Apr  5 13:28:12 2024,Tomeco,Copiulemu,17.166666666666668,23.48,True,82.06601941747572
Fri Apr  5 13:28:12 2024,Copiulemu,Tomeco,15.316666666666666,22.002,True,86.18846572361262
Fri Apr  5 13:28:12 2024,Tomeco,Copiulemu,17.566666666666666,23.48,False,80.19734345351044
Fri Apr  5 13:28:12 2024,Copiulemu,Tomeco,15.316666666666666,22.002,False,86.18846572361262
