Fecha,From,To,Tiempo (min),Distancia (km),Real Time,Velocidad promedia
Fri May  3 09:28:11 2024,Tomeco,Copiulemu,18.783333333333335,23.48,True,75.00266193433895
Fri May  3 09:28:11 2024,Copiulemu,Tomeco,15.15,22.002,True,87.13663366336633
Fri May  3 09:28:11 2024,Tomeco,Copiulemu,18.783333333333335,23.48,False,75.00266193433895
Fri May  3 09:28:11 2024,Copiulemu,Tomeco,15.15,22.002,False,87.13663366336633
