Fecha,From,To,Tiempo (min),Distancia (km),Real Time,Velocidad promedia
Fri Sep  1 15:28:16 2023,Tomeco,Copiulemu,17.5,23.39,True,80.19428571428571
Fri Sep  1 15:28:16 2023,Copiulemu,Tomeco,15.65,22.002,True,84.35271565495206
Fri Sep  1 15:28:16 2023,Tomeco,Copiulemu,17.483333333333334,23.39,False,80.27073403241181
Fri Sep  1 15:28:16 2023,Copiulemu,Tomeco,16.033333333333335,22.002,False,82.33596673596672
