Fecha,From,To,Tiempo (min),Distancia (km),Real Time,Velocidad promedia
Fri Sep 20 12:52:50 2024,Tomeco,Copiulemu,17.5,23.48,True,80.50285714285714
Fri Sep 20 12:52:50 2024,Copiulemu,Tomeco,15.15,22.002,True,87.13663366336633
Fri Sep 20 12:52:50 2024,Tomeco,Copiulemu,17.35,23.48,False,81.19884726224784
Fri Sep 20 12:52:50 2024,Copiulemu,Tomeco,15.566666666666666,22.002,False,84.80428265524625
