Fecha,From,To,Tiempo (min),Distancia (km),Real Time,Velocidad promedia
Fri May 17 23:28:14 2024,Tomeco,Copiulemu,18.183333333333334,23.48,True,77.47754353803849
Fri May 17 23:28:14 2024,Copiulemu,Tomeco,15.95,22.002,True,82.76614420062697
Fri May 17 23:28:14 2024,Tomeco,Copiulemu,18.183333333333334,23.48,False,77.47754353803849
Fri May 17 23:28:14 2024,Copiulemu,Tomeco,15.916666666666666,22.002,False,82.93947643979057
