Fecha,From,To,Tiempo (min),Distancia (km),Real Time,Velocidad promedia
Fri Jun 10 13:47:29 2022,Tomeco,Copiulemu,16.833333333333332,23.39,True,83.37029702970297
Fri Jun 10 13:47:29 2022,Copiulemu,Tomeco,15.333333333333334,22.002,True,86.09478260869564
Fri Jun 10 13:47:29 2022,Tomeco,Copiulemu,16.766666666666666,23.39,False,83.70178926441352
Fri Jun 10 13:47:29 2022,Copiulemu,Tomeco,15.1,22.002,False,87.4251655629139
