Fecha,From,To,Tiempo (min),Distancia (km),Real Time,Velocidad promedia
Fri Nov 22 11:29:21 2024,Tomeco,Copiulemu,18.816666666666666,23.45,True,74.77413640389724
Fri Nov 22 11:29:21 2024,Copiulemu,Tomeco,15.2,21.968,True,86.71578947368423
Fri Nov 22 11:29:21 2024,Tomeco,Copiulemu,18.116666666666667,23.45,False,77.66329346826126
Fri Nov 22 11:29:21 2024,Copiulemu,Tomeco,14.983333333333333,21.968,False,87.96974416017798
