Fecha,From,To,Tiempo (min),Distancia (km),Real Time,Velocidad promedia
Fri Jul 12 22:31:46 2024,Tomeco,Copiulemu,18.75,23.48,True,75.136
Fri Jul 12 22:31:46 2024,Copiulemu,Tomeco,16.65,22.002,True,79.2864864864865
Fri Jul 12 22:31:46 2024,Tomeco,Copiulemu,18.683333333333334,23.48,False,75.40410347903658
Fri Jul 12 22:31:46 2024,Copiulemu,Tomeco,16.533333333333335,22.002,False,79.84596774193547
