Fecha,From,To,Tiempo (min),Distancia (km),Real Time,Velocidad promedia
Fri Mar 25 09:33:26 2022,Tomeco,Copiulemu,17.283333333333335,23.39,True,81.19961427193829
Fri Mar 25 09:33:26 2022,Copiulemu,Tomeco,15.4,22.002,True,85.72207792207791
Fri Mar 25 09:33:26 2022,Tomeco,Copiulemu,17.283333333333335,23.39,False,81.19961427193829
Fri Mar 25 09:33:26 2022,Copiulemu,Tomeco,15.2,22.002,False,86.85000000000001
