Fecha,From,To,Tiempo (min),Distancia (km),Real Time,Velocidad promedia
Fri Apr  5 05:28:44 2024,Tomeco,Copiulemu,18.433333333333334,23.48,True,76.42676311030742
Fri Apr  5 05:28:44 2024,Copiulemu,Tomeco,15.7,22.002,True,84.08407643312101
Fri Apr  5 05:28:44 2024,Tomeco,Copiulemu,18.333333333333332,23.48,False,76.84363636363638
Fri Apr  5 05:28:44 2024,Copiulemu,Tomeco,15.7,22.002,False,84.08407643312101
