Fecha,From,To,Tiempo (min),Distancia (km),Real Time,Velocidad promedia
Fri Sep  1 13:28:10 2023,Tomeco,Copiulemu,17.366666666666667,23.39,True,80.80998080614204
Fri Sep  1 13:28:10 2023,Copiulemu,Tomeco,15.633333333333333,22.002,True,84.44264392324094
Fri Sep  1 13:28:10 2023,Tomeco,Copiulemu,17.216666666666665,23.39,False,81.51403678606003
Fri Sep  1 13:28:10 2023,Copiulemu,Tomeco,15.55,22.002,False,84.8951768488746
