Fecha,From,To,Tiempo (min),Distancia (km),Real Time,Velocidad promedia
Fri Apr 26 04:30:06 2024,Tomeco,Copiulemu,18.483333333333334,23.48,True,76.2200180342651
Fri Apr 26 04:30:06 2024,Copiulemu,Tomeco,15.416666666666666,22.002,True,85.62940540540541
Fri Apr 26 04:30:06 2024,Tomeco,Copiulemu,18.483333333333334,23.48,False,76.2200180342651
Fri Apr 26 04:30:06 2024,Copiulemu,Tomeco,15.416666666666666,22.002,False,85.62940540540541
