Fecha,From,To,Tiempo (min),Distancia (km),Real Time,Velocidad promedia
Fri Nov  8 20:31:15 2024,Tomeco,Copiulemu,19.816666666666666,23.45,True,71.00084104289319
Fri Nov  8 20:31:15 2024,Copiulemu,Tomeco,16.266666666666666,21.968,True,81.02950819672132
Fri Nov  8 20:31:15 2024,Tomeco,Copiulemu,18.183333333333334,23.45,False,77.37855178735104
Fri Nov  8 20:31:15 2024,Copiulemu,Tomeco,15.683333333333334,21.968,False,84.0433581296493
