Fecha,From,To,Tiempo (min),Distancia (km),Real Time,Velocidad promedia
Fri Mar 22 06:30:11 2024,Tomeco,Copiulemu,18.866666666666667,23.48,True,74.67137809187278
Fri Mar 22 06:30:11 2024,Copiulemu,Tomeco,16.216666666666665,22.002,True,81.40513874614595
Fri Mar 22 06:30:11 2024,Tomeco,Copiulemu,18.35,23.48,False,76.77384196185285
Fri Mar 22 06:30:11 2024,Copiulemu,Tomeco,16.216666666666665,22.002,False,81.40513874614595
