Fecha,From,To,Tiempo (min),Distancia (km),Real Time,Velocidad promedia
Fri Oct 13 20:28:03 2023,Tomeco,Copiulemu,17.2,23.39,True,81.59302325581395
Fri Oct 13 20:28:03 2023,Copiulemu,Tomeco,15.383333333333333,22.002,True,85.81495124593715
Fri Oct 13 20:28:03 2023,Tomeco,Copiulemu,17.966666666666665,23.39,False,78.11131725417441
Fri Oct 13 20:28:03 2023,Copiulemu,Tomeco,15.433333333333334,22.002,False,85.53693304535636
