Fecha,From,To,Tiempo (min),Distancia (km),Real Time,Velocidad promedia
Fri Mar 18 18:38:50 2022,Tomeco,Copiulemu,19.1,23.39,True,73.47643979057591
Fri Mar 18 18:38:50 2022,Copiulemu,Tomeco,15.016666666666667,22.002,True,87.91032186459489
Fri Mar 18 18:38:50 2022,Tomeco,Copiulemu,18.783333333333335,23.39,False,74.71517302573203
Fri Mar 18 18:38:50 2022,Copiulemu,Tomeco,16.016666666666666,22.002,False,82.4216441207076
