Fecha,From,To,Tiempo (min),Distancia (km),Real Time,Velocidad promedia
Fri Jul 15 06:42:01 2022,Tomeco,Copiulemu,17.766666666666666,23.39,True,78.9906191369606
Fri Jul 15 06:42:01 2022,Copiulemu,Tomeco,15.85,22.002,True,83.28832807570977
Fri Jul 15 06:42:01 2022,Tomeco,Copiulemu,17.766666666666666,23.39,False,78.9906191369606
Fri Jul 15 06:42:01 2022,Copiulemu,Tomeco,15.85,22.002,False,83.28832807570977
