Fecha,From,To,Tiempo (min),Distancia (km),Real Time,Velocidad promedia
Fri Jul 26 13:29:53 2024,Tomeco,Copiulemu,18.2,23.48,True,77.4065934065934
Fri Jul 26 13:29:53 2024,Copiulemu,Tomeco,15.333333333333334,22.002,True,86.09478260869564
Fri Jul 26 13:29:53 2024,Tomeco,Copiulemu,18.183333333333334,23.48,False,77.47754353803849
Fri Jul 26 13:29:53 2024,Copiulemu,Tomeco,15.316666666666666,22.002,False,86.18846572361262
