Fecha,From,To,Tiempo (min),Distancia (km),Real Time,Velocidad promedia
Fri Jul 29 22:35:34 2022,Tomeco,Copiulemu,18.6,23.39,True,75.45161290322581
Fri Jul 29 22:35:34 2022,Copiulemu,Tomeco,16.183333333333334,22.002,True,81.5728115345005
Fri Jul 29 22:35:34 2022,Tomeco,Copiulemu,17.966666666666665,23.39,False,78.11131725417441
Fri Jul 29 22:35:34 2022,Copiulemu,Tomeco,16.066666666666666,21.461,False,80.14481327800829
