Fecha,From,To,Tiempo (min),Distancia (km),Real Time,Velocidad promedia
Fri Apr 26 10:34:05 2024,Tomeco,Copiulemu,17.75,23.48,True,79.36901408450704
Fri Apr 26 10:34:05 2024,Copiulemu,Tomeco,15.083333333333334,22.002,True,87.5217679558011
Fri Apr 26 10:34:05 2024,Tomeco,Copiulemu,17.65,23.48,False,79.8186968838527
Fri Apr 26 10:34:05 2024,Copiulemu,Tomeco,15.083333333333334,22.002,False,87.5217679558011
