Fecha,From,To,Tiempo (min),Distancia (km),Real Time,Velocidad promedia
Fri Jun  3 05:31:30 2022,Tomeco,Copiulemu,17.466666666666665,23.39,True,80.34732824427482
Fri Jun  3 05:31:30 2022,Copiulemu,Tomeco,15.85,22.002,True,83.28832807570977
Fri Jun  3 05:31:30 2022,Tomeco,Copiulemu,17.466666666666665,23.39,False,80.34732824427482
Fri Jun  3 05:31:30 2022,Copiulemu,Tomeco,15.85,22.002,False,83.28832807570977
