Fecha,From,To,Tiempo (min),Distancia (km),Real Time,Velocidad promedia
Fri May 24 23:28:08 2024,Tomeco,Copiulemu,18.5,23.48,True,76.15135135135135
Fri May 24 23:28:08 2024,Copiulemu,Tomeco,15.983333333333333,22.002,True,82.59353493222106
Fri May 24 23:28:08 2024,Tomeco,Copiulemu,18.066666666666666,23.48,False,77.97785977859779
Fri May 24 23:28:08 2024,Copiulemu,Tomeco,15.666666666666666,22.002,False,84.26297872340425
