Fecha,From,To,Tiempo (min),Distancia (km),Real Time,Velocidad promedia
Fri Oct  6 03:28:14 2023,Tomeco,Copiulemu,17.833333333333332,23.649,True,79.56672897196262
Fri Oct  6 03:28:14 2023,Copiulemu,Tomeco,15.466666666666667,22.002,True,85.35258620689655
Fri Oct  6 03:28:14 2023,Tomeco,Copiulemu,17.833333333333332,23.649,False,79.56672897196262
Fri Oct  6 03:28:14 2023,Copiulemu,Tomeco,15.466666666666667,22.002,False,85.35258620689655
