Fecha,From,To,Tiempo (min),Distancia (km),Real Time,Velocidad promedia
Fri Dec 15 19:28:13 2023,Tomeco,Copiulemu,17.183333333333334,23.39,True,81.6721629485936
Fri Dec 15 19:28:13 2023,Copiulemu,Tomeco,15.833333333333334,21.461,True,81.3258947368421
Fri Dec 15 19:28:13 2023,Tomeco,Copiulemu,17.183333333333334,23.39,False,81.6721629485936
Fri Dec 15 19:28:13 2023,Copiulemu,Tomeco,14.866666666666667,21.461,False,86.61390134529147
