Fecha,From,To,Tiempo (min),Distancia (km),Real Time,Velocidad promedia
Fri Nov 24 04:30:26 2023,Tomeco,Copiulemu,17.4,23.649,True,81.54827586206898
Fri Nov 24 04:30:26 2023,Copiulemu,Tomeco,15.8,22.002,True,83.5518987341772
Fri Nov 24 04:30:26 2023,Tomeco,Copiulemu,17.683333333333334,23.649,False,80.2416588124411
Fri Nov 24 04:30:26 2023,Copiulemu,Tomeco,15.8,22.002,False,83.5518987341772
