Fecha,From,To,Tiempo (min),Distancia (km),Real Time,Velocidad promedia
Fri Jun  7 13:30:21 2024,Tomeco,Copiulemu,18.05,23.48,True,78.04986149584488
Fri Jun  7 13:30:21 2024,Copiulemu,Tomeco,15.183333333333334,22.002,True,86.94533479692646
Fri Jun  7 13:30:21 2024,Tomeco,Copiulemu,18.016666666666666,23.48,False,78.19426456984274
Fri Jun  7 13:30:21 2024,Copiulemu,Tomeco,15.05,22.002,False,87.71561461794019
