Fecha,From,To,Tiempo (min),Distancia (km),Real Time,Velocidad promedia
Fri Nov 29 06:43:20 2024,Tomeco,Copiulemu,19.35,23.45,True,72.71317829457364
Fri Nov 29 06:43:20 2024,Copiulemu,Tomeco,15.95,21.968,True,82.63824451410659
Fri Nov 29 06:43:20 2024,Tomeco,Copiulemu,18.616666666666667,23.45,False,75.57743957027753
Fri Nov 29 06:43:20 2024,Copiulemu,Tomeco,15.95,21.968,False,82.63824451410659
