Fecha,From,To,Tiempo (min),Distancia (km),Real Time,Velocidad promedia
Fri Feb  2 21:28:14 2024,Tomeco,Copiulemu,19.566666666666666,23.48,True,72.0
Fri Feb  2 21:28:14 2024,Copiulemu,Tomeco,17.083333333333332,22.002,True,77.27531707317073
Fri Feb  2 21:28:14 2024,Tomeco,Copiulemu,19.583333333333332,23.48,False,71.93872340425531
Fri Feb  2 21:28:14 2024,Copiulemu,Tomeco,15.483333333333333,22.002,False,85.26071044133477
