Fecha,From,To,Tiempo (min),Distancia (km),Real Time,Velocidad promedia
Fri Jul  8 13:02:59 2022,Tomeco,Copiulemu,16.5,23.39,True,85.05454545454545
Fri Jul  8 13:02:59 2022,Copiulemu,Tomeco,15.55,22.002,True,84.8951768488746
Fri Jul  8 13:02:59 2022,Tomeco,Copiulemu,16.466666666666665,23.39,False,85.22672064777329
Fri Jul  8 13:02:59 2022,Copiulemu,Tomeco,15.1,22.002,False,87.4251655629139
