Fecha,From,To,Tiempo (min),Distancia (km),Real Time,Velocidad promedia
Fri Oct  7 09:46:33 2022,Tomeco,Copiulemu,17.016666666666666,23.39,True,82.4720861900098
Fri Oct  7 09:46:33 2022,Copiulemu,Tomeco,15.133333333333333,22.002,True,87.23259911894272
Fri Oct  7 09:46:33 2022,Tomeco,Copiulemu,17.016666666666666,23.39,False,82.4720861900098
Fri Oct  7 09:46:33 2022,Copiulemu,Tomeco,15.083333333333334,22.002,False,87.5217679558011
