Fecha,From,To,Tiempo (min),Distancia (km),Real Time,Velocidad promedia
Fri Feb 23 15:28:11 2024,Tomeco,Copiulemu,18.983333333333334,23.48,True,74.2124670763828
Fri Feb 23 15:28:11 2024,Copiulemu,Tomeco,16.766666666666666,22.002,True,78.73479125248508
Fri Feb 23 15:28:11 2024,Tomeco,Copiulemu,18.7,23.48,False,75.33689839572193
Fri Feb 23 15:28:11 2024,Copiulemu,Tomeco,16.733333333333334,22.002,False,78.89163346613545
