Fecha,From,To,Tiempo (min),Distancia (km),Real Time,Velocidad promedia
Fri Nov 10 11:28:07 2023,Tomeco,Copiulemu,16.983333333333334,23.39,True,82.63395485770363
Fri Nov 10 11:28:07 2023,Copiulemu,Tomeco,14.983333333333333,22.002,True,88.1058954393771
Fri Nov 10 11:28:07 2023,Tomeco,Copiulemu,16.616666666666667,23.39,False,84.45737211634905
Fri Nov 10 11:28:07 2023,Copiulemu,Tomeco,14.566666666666666,22.002,False,90.62608695652173
