Fecha,From,To,Tiempo (min),Distancia (km),Real Time,Velocidad promedia
Fri Nov 17 13:29:08 2023,Tomeco,Copiulemu,17.916666666666668,23.39,True,78.3293023255814
Fri Nov 17 13:29:08 2023,Copiulemu,Tomeco,14.916666666666666,21.461,True,86.32357541899441
Fri Nov 17 13:29:08 2023,Tomeco,Copiulemu,16.95,23.39,False,82.79646017699116
Fri Nov 17 13:29:08 2023,Copiulemu,Tomeco,14.883333333333333,21.461,False,86.51690929451287
