Fecha,From,To,Tiempo (min),Distancia (km),Real Time,Velocidad promedia
Fri Jul 12 15:29:33 2024,Tomeco,Copiulemu,18.9,23.48,True,74.53968253968254
Fri Jul 12 15:29:33 2024,Copiulemu,Tomeco,15.283333333333333,22.002,True,86.37644492911667
Fri Jul 12 15:29:33 2024,Tomeco,Copiulemu,17.983333333333334,23.48,False,78.33920296570899
Fri Jul 12 15:29:33 2024,Copiulemu,Tomeco,15.216666666666667,22.002,False,86.75487404162102
