Fecha,From,To,Tiempo (min),Distancia (km),Real Time,Velocidad promedia
Fri Aug 26 09:36:00 2022,Tomeco,Copiulemu,17.466666666666665,23.39,True,80.34732824427482
Fri Aug 26 09:36:00 2022,Copiulemu,Tomeco,15.883333333333333,22.002,True,83.11353620146905
Fri Aug 26 09:36:00 2022,Tomeco,Copiulemu,17.466666666666665,23.39,False,80.34732824427482
Fri Aug 26 09:36:00 2022,Copiulemu,Tomeco,15.866666666666667,22.002,False,83.20084033613446
