Fecha,From,To,Tiempo (min),Distancia (km),Real Time,Velocidad promedia
Fri Mar 22 02:30:05 2024,Tomeco,Copiulemu,18.483333333333334,23.48,True,76.2200180342651
Fri Mar 22 02:30:05 2024,Copiulemu,Tomeco,15.75,22.002,True,83.81714285714285
Fri Mar 22 02:30:05 2024,Tomeco,Copiulemu,18.383333333333333,23.48,False,76.63463281958296
Fri Mar 22 02:30:05 2024,Copiulemu,Tomeco,16.233333333333334,22.002,False,81.32156057494866
