Fecha,From,To,Tiempo (min),Distancia (km),Real Time,Velocidad promedia
Fri Jun  7 08:32:16 2024,Tomeco,Copiulemu,19.25,23.48,True,73.18441558441558
Fri Jun  7 08:32:16 2024,Copiulemu,Tomeco,15.65,22.002,True,84.35271565495206
Fri Jun  7 08:32:16 2024,Tomeco,Copiulemu,19.183333333333334,23.48,False,73.43874891398784
Fri Jun  7 08:32:16 2024,Copiulemu,Tomeco,15.65,22.002,False,84.35271565495206
