Fecha,From,To,Tiempo (min),Distancia (km),Real Time,Velocidad promedia
Fri Oct 13 11:28:19 2023,Tomeco,Copiulemu,16.666666666666668,23.39,True,84.204
Fri Oct 13 11:28:19 2023,Copiulemu,Tomeco,14.533333333333333,22.002,True,90.83394495412843
Fri Oct 13 11:28:19 2023,Tomeco,Copiulemu,16.666666666666668,23.39,False,84.204
Fri Oct 13 11:28:19 2023,Copiulemu,Tomeco,14.533333333333333,22.002,False,90.83394495412843
