Fecha,From,To,Tiempo (min),Distancia (km),Real Time,Velocidad promedia
Fri Aug 30 23:29:46 2024,Tomeco,Copiulemu,18.466666666666665,23.48,True,76.28880866425993
Fri Aug 30 23:29:46 2024,Copiulemu,Tomeco,17.666666666666668,22.002,True,74.72377358490566
Fri Aug 30 23:29:46 2024,Tomeco,Copiulemu,18.466666666666665,23.48,False,76.28880866425993
Fri Aug 30 23:29:46 2024,Copiulemu,Tomeco,16.033333333333335,22.002,False,82.33596673596672
