Fecha,From,To,Tiempo (min),Distancia (km),Real Time,Velocidad promedia
Fri Aug  5 05:04:39 2022,Tomeco,Copiulemu,17.65,23.39,True,79.51274787535412
Fri Aug  5 05:04:39 2022,Copiulemu,Tomeco,15.716666666666667,22.002,True,83.99490986214211
Fri Aug  5 05:04:39 2022,Tomeco,Copiulemu,17.65,23.39,False,79.51274787535412
Fri Aug  5 05:04:39 2022,Copiulemu,Tomeco,15.716666666666667,22.002,False,83.99490986214211
