Fecha,From,To,Tiempo (min),Distancia (km),Real Time,Velocidad promedia
Fri Aug 19 13:53:07 2022,Tomeco,Copiulemu,16.8,23.39,True,83.53571428571428
Fri Aug 19 13:53:07 2022,Copiulemu,Tomeco,16.316666666666666,22.002,True,80.90623084780388
Fri Aug 19 13:53:07 2022,Tomeco,Copiulemu,16.8,23.39,False,83.53571428571428
Fri Aug 19 13:53:07 2022,Copiulemu,Tomeco,15.3,22.002,False,86.28235294117647
