Fecha,From,To,Tiempo (min),Distancia (km),Real Time,Velocidad promedia
Fri Jul  1 22:34:17 2022,Tomeco,Copiulemu,18.283333333333335,23.39,True,76.7584320875114
Fri Jul  1 22:34:17 2022,Copiulemu,Tomeco,15.966666666666667,21.461,True,80.64676409185803
Fri Jul  1 22:34:17 2022,Tomeco,Copiulemu,18.216666666666665,23.39,False,77.03934126258005
Fri Jul  1 22:34:17 2022,Copiulemu,Tomeco,16.45,21.461,False,78.27720364741641
