Fecha,From,To,Tiempo (min),Distancia (km),Real Time,Velocidad promedia
Fri Sep 13 04:35:56 2024,Tomeco,Copiulemu,19.116666666666667,23.712,True,74.42301656495205
Fri Sep 13 04:35:56 2024,Copiulemu,Tomeco,16.133333333333333,22.002,True,81.82561983471074
Fri Sep 13 04:35:56 2024,Tomeco,Copiulemu,18.716666666666665,23.712,False,76.01353517364204
Fri Sep 13 04:35:56 2024,Copiulemu,Tomeco,16.116666666666667,22.002,False,81.91023784901756
