Fecha,From,To,Tiempo (min),Distancia (km),Real Time,Velocidad promedia
Fri Jun 14 11:28:06 2024,Tomeco,Copiulemu,17.833333333333332,23.48,True,78.9981308411215
Fri Jun 14 11:28:06 2024,Copiulemu,Tomeco,16.35,22.002,True,80.74128440366971
Fri Jun 14 11:28:06 2024,Tomeco,Copiulemu,17.733333333333334,23.48,False,79.44360902255639
Fri Jun 14 11:28:06 2024,Copiulemu,Tomeco,14.716666666666667,22.002,False,89.70237825594563
