Fecha,From,To,Tiempo (min),Distancia (km),Real Time,Velocidad promedia
Fri Apr 19 02:37:34 2024,Tomeco,Copiulemu,18.483333333333334,23.48,True,76.2200180342651
Fri Apr 19 02:37:34 2024,Copiulemu,Tomeco,15.916666666666666,22.002,True,82.93947643979057
Fri Apr 19 02:37:34 2024,Tomeco,Copiulemu,18.433333333333334,23.48,False,76.42676311030742
Fri Apr 19 02:37:34 2024,Copiulemu,Tomeco,15.916666666666666,22.002,False,82.93947643979057
