Fecha,From,To,Tiempo (min),Distancia (km),Real Time,Velocidad promedia
Fri Apr 12 09:28:03 2024,Tomeco,Copiulemu,19.783333333333335,23.48,True,71.21145745577084
Fri Apr 12 09:28:03 2024,Copiulemu,Tomeco,15.916666666666666,22.002,True,82.93947643979057
Fri Apr 12 09:28:03 2024,Tomeco,Copiulemu,18.966666666666665,23.48,False,74.27768014059755
Fri Apr 12 09:28:03 2024,Copiulemu,Tomeco,15.916666666666666,22.002,False,82.93947643979057
