Fecha,From,To,Tiempo (min),Distancia (km),Real Time,Velocidad promedia
Fri May 27 19:29:54 2022,Tomeco,Copiulemu,20.533333333333335,23.39,True,68.34740259740259
Fri May 27 19:29:54 2022,Copiulemu,Tomeco,21.233333333333334,22.002,True,62.17205651491365
Fri May 27 19:29:54 2022,Tomeco,Copiulemu,17.183333333333334,23.39,False,81.6721629485936
Fri May 27 19:29:54 2022,Copiulemu,Tomeco,15.783333333333333,22.002,False,83.64012671594509
