Fecha,From,To,Tiempo (min),Distancia (km),Real Time,Velocidad promedia
Fri Jun 10 05:31:07 2022,Tomeco,Copiulemu,17.533333333333335,23.39,True,80.04182509505702
Fri Jun 10 05:31:07 2022,Copiulemu,Tomeco,15.866666666666667,22.002,True,83.20084033613446
Fri Jun 10 05:31:07 2022,Tomeco,Copiulemu,17.533333333333335,23.39,False,80.04182509505702
Fri Jun 10 05:31:07 2022,Copiulemu,Tomeco,15.866666666666667,22.002,False,83.20084033613446
