Fecha,From,To,Tiempo (min),Distancia (km),Real Time,Velocidad promedia
Fri Jul 12 02:44:01 2024,Tomeco,Copiulemu,19.016666666666666,23.48,True,74.08238387379492
Fri Jul 12 02:44:01 2024,Copiulemu,Tomeco,15.883333333333333,22.002,True,83.11353620146905
Fri Jul 12 02:44:01 2024,Tomeco,Copiulemu,18.733333333333334,23.48,False,75.20284697508896
Fri Jul 12 02:44:01 2024,Copiulemu,Tomeco,15.85,22.002,False,83.28832807570977
