Fecha,From,To,Tiempo (min),Distancia (km),Real Time,Velocidad promedia
Fri Mar 25 10:37:34 2022,Tomeco,Copiulemu,16.833333333333332,23.39,True,83.37029702970297
Fri Mar 25 10:37:34 2022,Copiulemu,Tomeco,15.316666666666666,22.002,True,86.18846572361262
Fri Mar 25 10:37:34 2022,Tomeco,Copiulemu,16.833333333333332,23.39,False,83.37029702970297
Fri Mar 25 10:37:34 2022,Copiulemu,Tomeco,15.066666666666666,22.002,False,87.61858407079646
