Fecha,From,To,Tiempo (min),Distancia (km),Real Time,Velocidad promedia
Fri Mar 29 09:28:06 2024,Tomeco,Copiulemu,18.4,23.48,True,76.56521739130436
Fri Mar 29 09:28:06 2024,Copiulemu,Tomeco,15.333333333333334,22.002,True,86.09478260869564
Fri Mar 29 09:28:06 2024,Tomeco,Copiulemu,18.833333333333332,23.48,False,74.80353982300885
Fri Mar 29 09:28:06 2024,Copiulemu,Tomeco,15.316666666666666,22.002,False,86.18846572361262
