Fecha,From,To,Tiempo (min),Distancia (km),Real Time,Velocidad promedia
Fri Dec 22 08:30:12 2023,Tomeco,Copiulemu,18.533333333333335,23.39,True,75.72302158273381
Fri Dec 22 08:30:12 2023,Copiulemu,Tomeco,16.283333333333335,21.461,True,79.07840327533265
Fri Dec 22 08:30:12 2023,Tomeco,Copiulemu,18.533333333333335,23.39,False,75.72302158273381
Fri Dec 22 08:30:12 2023,Copiulemu,Tomeco,16.216666666666665,21.461,False,79.40349434737925
