Fecha,From,To,Tiempo (min),Distancia (km),Real Time,Velocidad promedia
Fri Sep 13 09:31:06 2024,Tomeco,Copiulemu,18.55,23.48,True,75.94609164420484
Fri Sep 13 09:31:06 2024,Copiulemu,Tomeco,15.15,22.002,True,87.13663366336633
Fri Sep 13 09:31:06 2024,Tomeco,Copiulemu,18.55,23.48,False,75.94609164420484
Fri Sep 13 09:31:06 2024,Copiulemu,Tomeco,15.016666666666667,22.002,False,87.91032186459489
