Fecha,From,To,Tiempo (min),Distancia (km),Real Time,Velocidad promedia
Fri Apr 15 08:39:33 2022,Tomeco,Copiulemu,18.566666666666666,23.39,True,75.58707360861759
Fri Apr 15 08:39:33 2022,Copiulemu,Tomeco,15.666666666666666,22.002,True,84.26297872340425
Fri Apr 15 08:39:33 2022,Tomeco,Copiulemu,18.566666666666666,23.39,False,75.58707360861759
Fri Apr 15 08:39:33 2022,Copiulemu,Tomeco,15.966666666666667,22.002,False,82.67974947807932
