Fecha,From,To,Tiempo (min),Distancia (km),Real Time,Velocidad promedia
Fri Aug 12 06:43:53 2022,Tomeco,Copiulemu,17.366666666666667,23.39,True,80.80998080614204
Fri Aug 12 06:43:53 2022,Copiulemu,Tomeco,15.8,22.002,True,83.5518987341772
Fri Aug 12 06:43:53 2022,Tomeco,Copiulemu,17.366666666666667,23.39,False,80.80998080614204
Fri Aug 12 06:43:53 2022,Copiulemu,Tomeco,15.8,22.002,False,83.5518987341772
