Fecha,From,To,Tiempo (min),Distancia (km),Real Time,Velocidad promedia
Fri Nov 17 02:37:42 2023,Tomeco,Copiulemu,18.033333333333335,23.39,True,77.82255083179297
Fri Nov 17 02:37:42 2023,Copiulemu,Tomeco,15.683333333333334,22.002,True,84.17343251859724
Fri Nov 17 02:37:42 2023,Tomeco,Copiulemu,17.683333333333334,23.39,False,79.36286522148916
Fri Nov 17 02:37:42 2023,Copiulemu,Tomeco,15.683333333333334,22.002,False,84.17343251859724
