Fecha,From,To,Tiempo (min),Distancia (km),Real Time,Velocidad promedia
Fri Aug  5 04:16:49 2022,Tomeco,Copiulemu,17.433333333333334,23.39,True,80.50095602294455
Fri Aug  5 04:16:49 2022,Copiulemu,Tomeco,15.616666666666667,22.002,True,84.53276414087513
Fri Aug  5 04:16:49 2022,Tomeco,Copiulemu,17.433333333333334,23.39,False,80.50095602294455
Fri Aug  5 04:16:49 2022,Copiulemu,Tomeco,15.616666666666667,22.002,False,84.53276414087513
