Fecha,From,To,Tiempo (min),Distancia (km),Real Time,Velocidad promedia
Fri Sep 20 05:34:46 2024,Tomeco,Copiulemu,18.516666666666666,23.48,True,76.08280828082809
Fri Sep 20 05:34:46 2024,Copiulemu,Tomeco,15.766666666666667,22.002,True,83.72854122621564
Fri Sep 20 05:34:46 2024,Tomeco,Copiulemu,18.516666666666666,23.48,False,76.08280828082809
Fri Sep 20 05:34:46 2024,Copiulemu,Tomeco,15.55,22.002,False,84.8951768488746
