Fecha,From,To,Tiempo (min),Distancia (km),Real Time,Velocidad promedia
Fri Mar 22 08:29:09 2024,Tomeco,Copiulemu,20.133333333333333,23.48,True,69.97350993377484
Fri Mar 22 08:29:09 2024,Copiulemu,Tomeco,16.2,22.002,True,81.4888888888889
Fri Mar 22 08:29:09 2024,Tomeco,Copiulemu,19.033333333333335,23.48,False,74.01751313485114
Fri Mar 22 08:29:09 2024,Copiulemu,Tomeco,16.183333333333334,22.002,False,81.5728115345005
