Fecha,From,To,Tiempo (min),Distancia (km),Real Time,Velocidad promedia
Fri Jun 17 18:41:34 2022,Tomeco,Copiulemu,17.083333333333332,23.39,True,82.15024390243903
Fri Jun 17 18:41:34 2022,Copiulemu,Tomeco,15.566666666666666,21.461,True,82.71905781584583
Fri Jun 17 18:41:34 2022,Tomeco,Copiulemu,16.816666666666666,23.39,False,83.45292368681864
Fri Jun 17 18:41:34 2022,Copiulemu,Tomeco,15.333333333333334,21.461,False,83.9778260869565
