Fecha,From,To,Tiempo (min),Distancia (km),Real Time,Velocidad promedia
Fri Jul 19 23:28:03 2024,Tomeco,Copiulemu,18.75,23.48,True,75.136
Fri Jul 19 23:28:03 2024,Copiulemu,Tomeco,18.066666666666666,22.002,True,73.06937269372693
Fri Jul 19 23:28:03 2024,Tomeco,Copiulemu,18.65,23.48,False,75.53887399463808
Fri Jul 19 23:28:03 2024,Copiulemu,Tomeco,16.516666666666666,22.002,False,79.92653884964682
