Fecha,From,To,Tiempo (min),Distancia (km),Real Time,Velocidad promedia
Fri Apr  5 04:32:33 2024,Tomeco,Copiulemu,18.083333333333332,23.48,True,77.90599078341015
Fri Apr  5 04:32:33 2024,Copiulemu,Tomeco,15.816666666666666,22.002,True,83.46385669125394
Fri Apr  5 04:32:33 2024,Tomeco,Copiulemu,17.816666666666666,23.48,False,79.07202993451824
Fri Apr  5 04:32:33 2024,Copiulemu,Tomeco,15.816666666666666,22.002,False,83.46385669125394
