Fecha,From,To,Tiempo (min),Distancia (km),Real Time,Velocidad promedia
Fri Jul 26 14:30:49 2024,Tomeco,Copiulemu,18.25,23.48,True,77.19452054794522
Fri Jul 26 14:30:49 2024,Copiulemu,Tomeco,15.383333333333333,22.002,True,85.81495124593715
Fri Jul 26 14:30:49 2024,Tomeco,Copiulemu,18.25,23.48,False,77.19452054794522
Fri Jul 26 14:30:49 2024,Copiulemu,Tomeco,15.316666666666666,22.002,False,86.18846572361262
