Fecha,From,To,Tiempo (min),Distancia (km),Real Time,Velocidad promedia
Fri Nov  8 16:39:34 2024,Tomeco,Copiulemu,18.183333333333334,23.45,True,77.37855178735104
Fri Nov  8 16:39:34 2024,Copiulemu,Tomeco,14.85,21.968,True,88.75959595959596
Fri Nov  8 16:39:34 2024,Tomeco,Copiulemu,18.25,23.45,False,77.0958904109589
Fri Nov  8 16:39:34 2024,Copiulemu,Tomeco,14.816666666666666,21.968,False,88.95928008998875
