Fecha,From,To,Tiempo (min),Distancia (km),Real Time,Velocidad promedia
Fri Sep  6 09:32:15 2024,Tomeco,Copiulemu,19.0,23.48,True,74.14736842105263
Fri Sep  6 09:32:15 2024,Copiulemu,Tomeco,15.383333333333333,22.002,True,85.81495124593715
Fri Sep  6 09:32:15 2024,Tomeco,Copiulemu,19.0,23.48,False,74.14736842105263
Fri Sep  6 09:32:15 2024,Copiulemu,Tomeco,15.383333333333333,22.002,False,85.81495124593715
