Fecha,From,To,Tiempo (min),Distancia (km),Real Time,Velocidad promedia
Fri Apr  5 20:28:06 2024,Tomeco,Copiulemu,18.266666666666666,23.48,True,77.1240875912409
Fri Apr  5 20:28:06 2024,Copiulemu,Tomeco,15.95,22.002,True,82.76614420062697
Fri Apr  5 20:28:06 2024,Tomeco,Copiulemu,18.233333333333334,23.48,False,77.26508226691041
Fri Apr  5 20:28:06 2024,Copiulemu,Tomeco,15.833333333333334,22.002,False,83.37599999999999
