Fecha,From,To,Tiempo (min),Distancia (km),Real Time,Velocidad promedia
Fri Dec 13 08:41:06 2024,Tomeco,Copiulemu,19.083333333333332,23.45,True,73.7292576419214
Fri Dec 13 08:41:06 2024,Copiulemu,Tomeco,15.3,21.968,True,86.14901960784313
Fri Dec 13 08:41:06 2024,Tomeco,Copiulemu,19.066666666666666,23.45,False,73.7937062937063
Fri Dec 13 08:41:06 2024,Copiulemu,Tomeco,15.3,21.968,False,86.14901960784313
