Fecha,From,To,Tiempo (min),Distancia (km),Real Time,Velocidad promedia
Fri Mar 18 17:33:57 2022,Tomeco,Copiulemu,18.116666666666667,23.39,True,77.46458141674333
Fri Mar 18 17:33:57 2022,Copiulemu,Tomeco,15.366666666666667,22.002,True,85.90802603036876
Fri Mar 18 17:33:57 2022,Tomeco,Copiulemu,18.483333333333334,23.39,False,75.92786293958521
Fri Mar 18 17:33:57 2022,Copiulemu,Tomeco,16.016666666666666,22.002,False,82.4216441207076
