Fecha,From,To,Tiempo (min),Distancia (km),Real Time,Velocidad promedia
Fri Sep  1 10:31:00 2023,Tomeco,Copiulemu,17.783333333333335,23.39,True,78.91658856607309
Fri Sep  1 10:31:00 2023,Copiulemu,Tomeco,16.433333333333334,22.002,True,80.33184584178498
Fri Sep  1 10:31:00 2023,Tomeco,Copiulemu,17.783333333333335,23.39,False,78.91658856607309
Fri Sep  1 10:31:00 2023,Copiulemu,Tomeco,16.416666666666668,22.002,False,80.41340101522842
