Fecha,From,To,Tiempo (min),Distancia (km),Real Time,Velocidad promedia
Fri Nov 10 23:28:12 2023,Tomeco,Copiulemu,17.483333333333334,23.39,True,80.27073403241181
Fri Nov 10 23:28:12 2023,Copiulemu,Tomeco,15.45,22.002,True,85.44466019417474
Fri Nov 10 23:28:12 2023,Tomeco,Copiulemu,17.483333333333334,23.39,False,80.27073403241181
Fri Nov 10 23:28:12 2023,Copiulemu,Tomeco,15.45,22.002,False,85.44466019417474
