Fecha,From,To,Tiempo (min),Distancia (km),Real Time,Velocidad promedia
Fri Oct  4 20:32:05 2024,Tomeco,Copiulemu,18.183333333333334,23.48,True,77.47754353803849
Fri Oct  4 20:32:05 2024,Copiulemu,Tomeco,16.216666666666665,22.002,True,81.40513874614595
Fri Oct  4 20:32:05 2024,Tomeco,Copiulemu,18.083333333333332,23.48,False,77.90599078341015
Fri Oct  4 20:32:05 2024,Copiulemu,Tomeco,15.533333333333333,22.002,False,84.9862660944206
