Fecha,From,To,Tiempo (min),Distancia (km),Real Time,Velocidad promedia
Fri Nov 10 08:29:52 2023,Tomeco,Copiulemu,18.483333333333334,23.39,True,75.92786293958521
Fri Nov 10 08:29:52 2023,Copiulemu,Tomeco,15.716666666666667,22.002,True,83.99490986214211
Fri Nov 10 08:29:52 2023,Tomeco,Copiulemu,18.483333333333334,23.39,False,75.92786293958521
Fri Nov 10 08:29:52 2023,Copiulemu,Tomeco,15.716666666666667,22.002,False,83.99490986214211
