Fecha,From,To,Tiempo (min),Distancia (km),Real Time,Velocidad promedia
Fri Jul 15 05:52:03 2022,Tomeco,Copiulemu,17.95,23.39,True,78.18384401114207
Fri Jul 15 05:52:03 2022,Copiulemu,Tomeco,16.283333333333335,22.002,True,81.0718526100307
Fri Jul 15 05:52:03 2022,Tomeco,Copiulemu,17.883333333333333,23.39,False,78.47530288909599
Fri Jul 15 05:52:03 2022,Copiulemu,Tomeco,16.283333333333335,22.002,False,81.0718526100307
