Fecha,From,To,Tiempo (min),Distancia (km),Real Time,Velocidad promedia
Fri Mar 25 13:30:08 2022,Tomeco,Copiulemu,17.95,23.39,True,78.18384401114207
Fri Mar 25 13:30:08 2022,Copiulemu,Tomeco,15.933333333333334,21.461,True,80.81548117154811
Fri Mar 25 13:30:08 2022,Tomeco,Copiulemu,20.1,23.39,False,69.82089552238806
Fri Mar 25 13:30:08 2022,Copiulemu,Tomeco,17.233333333333334,21.461,False,74.71914893617021
