Fecha,From,To,Tiempo (min),Distancia (km),Real Time,Velocidad promedia
Fri Jul 29 20:37:19 2022,Tomeco,Copiulemu,17.916666666666668,23.39,True,78.3293023255814
Fri Jul 29 20:37:19 2022,Copiulemu,Tomeco,15.783333333333333,22.002,True,83.64012671594509
Fri Jul 29 20:37:19 2022,Tomeco,Copiulemu,17.85,23.39,False,78.62184873949579
Fri Jul 29 20:37:19 2022,Copiulemu,Tomeco,15.766666666666667,22.002,False,83.72854122621564
