Fecha,From,To,Tiempo (min),Distancia (km),Real Time,Velocidad promedia
Fri Jun 10 17:36:37 2022,Tomeco,Copiulemu,16.6,23.39,True,84.5421686746988
Fri Jun 10 17:36:37 2022,Copiulemu,Tomeco,15.7,22.002,True,84.08407643312101
Fri Jun 10 17:36:37 2022,Tomeco,Copiulemu,16.583333333333332,23.39,False,84.62713567839198
Fri Jun 10 17:36:37 2022,Copiulemu,Tomeco,15.283333333333333,22.002,False,86.37644492911667
