Fecha,From,To,Tiempo (min),Distancia (km),Real Time,Velocidad promedia
Fri Jan  5 03:28:04 2024,Tomeco,Copiulemu,18.516666666666666,23.48,True,76.08280828082809
Fri Jan  5 03:28:04 2024,Copiulemu,Tomeco,15.583333333333334,22.002,True,84.71358288770053
Fri Jan  5 03:28:04 2024,Tomeco,Copiulemu,18.516666666666666,23.48,False,76.08280828082809
Fri Jan  5 03:28:04 2024,Copiulemu,Tomeco,15.583333333333334,22.002,False,84.71358288770053
