Fecha,From,To,Tiempo (min),Distancia (km),Real Time,Velocidad promedia
Fri Oct  4 18:39:50 2024,Tomeco,Copiulemu,18.366666666666667,23.48,True,76.70417422867514
Fri Oct  4 18:39:50 2024,Copiulemu,Tomeco,15.35,22.002,True,86.0013029315961
Fri Oct  4 18:39:50 2024,Tomeco,Copiulemu,18.333333333333332,23.48,False,76.84363636363638
Fri Oct  4 18:39:50 2024,Copiulemu,Tomeco,15.1,22.002,False,87.4251655629139
