Fecha,From,To,Tiempo (min),Distancia (km),Real Time,Velocidad promedia
Fri Sep 16 10:44:46 2022,Tomeco,Copiulemu,16.55,23.39,True,84.797583081571
Fri Sep 16 10:44:46 2022,Copiulemu,Tomeco,15.033333333333333,22.002,True,87.81286031042129
Fri Sep 16 10:44:46 2022,Tomeco,Copiulemu,16.55,23.39,False,84.797583081571
Fri Sep 16 10:44:46 2022,Copiulemu,Tomeco,14.733333333333333,22.002,False,89.60090497737556
