Fecha,From,To,Tiempo (min),Distancia (km),Real Time,Velocidad promedia
Fri Jul 15 18:42:46 2022,Tomeco,Copiulemu,17.25,23.39,True,81.35652173913044
Fri Jul 15 18:42:46 2022,Copiulemu,Tomeco,15.383333333333333,22.002,True,85.81495124593715
Fri Jul 15 18:42:46 2022,Tomeco,Copiulemu,17.133333333333333,23.39,False,81.91050583657588
Fri Jul 15 18:42:46 2022,Copiulemu,Tomeco,15.25,22.002,False,86.56524590163934
