Fecha,From,To,Tiempo (min),Distancia (km),Real Time,Velocidad promedia
Fri May 10 10:32:35 2024,Tomeco,Copiulemu,18.583333333333332,23.48,True,75.80986547085203
Fri May 10 10:32:35 2024,Copiulemu,Tomeco,15.166666666666666,22.002,True,87.04087912087913
Fri May 10 10:32:35 2024,Tomeco,Copiulemu,18.133333333333333,23.48,False,77.69117647058823
Fri May 10 10:32:35 2024,Copiulemu,Tomeco,14.9,22.002,False,88.59865771812079
