Fecha,From,To,Tiempo (min),Distancia (km),Real Time,Velocidad promedia
Fri Dec 15 02:39:22 2023,Tomeco,Copiulemu,18.533333333333335,23.39,True,75.72302158273381
Fri Dec 15 02:39:22 2023,Copiulemu,Tomeco,15.983333333333333,21.461,True,80.56266944734097
Fri Dec 15 02:39:22 2023,Tomeco,Copiulemu,17.966666666666665,23.39,False,78.11131725417441
Fri Dec 15 02:39:22 2023,Copiulemu,Tomeco,15.983333333333333,21.461,False,80.56266944734097
