Fecha,From,To,Tiempo (min),Distancia (km),Real Time,Velocidad promedia
Fri Sep 27 04:37:45 2024,Tomeco,Copiulemu,18.933333333333334,23.712,True,75.143661971831
Fri Sep 27 04:37:45 2024,Copiulemu,Tomeco,15.8,22.002,True,83.5518987341772
Fri Sep 27 04:37:45 2024,Tomeco,Copiulemu,18.933333333333334,23.712,False,75.143661971831
Fri Sep 27 04:37:45 2024,Copiulemu,Tomeco,15.8,22.002,False,83.5518987341772
