Fecha,From,To,Tiempo (min),Distancia (km),Real Time,Velocidad promedia
Fri Nov 24 09:28:13 2023,Tomeco,Copiulemu,17.116666666666667,23.39,True,81.9902629016553
Fri Nov 24 09:28:13 2023,Copiulemu,Tomeco,14.866666666666667,21.461,True,86.61390134529147
Fri Nov 24 09:28:13 2023,Tomeco,Copiulemu,17.116666666666667,23.39,False,81.9902629016553
Fri Nov 24 09:28:13 2023,Copiulemu,Tomeco,14.866666666666667,21.461,False,86.61390134529147
