Fecha,From,To,Tiempo (min),Distancia (km),Real Time,Velocidad promedia
Fri Jul 15 13:10:05 2022,Tomeco,Copiulemu,16.683333333333334,23.39,True,84.11988011988012
Fri Jul 15 13:10:05 2022,Copiulemu,Tomeco,15.1,22.002,True,87.4251655629139
Fri Jul 15 13:10:05 2022,Tomeco,Copiulemu,16.55,23.39,False,84.797583081571
Fri Jul 15 13:10:05 2022,Copiulemu,Tomeco,15.0,22.002,False,88.008
