Fecha,From,To,Tiempo (min),Distancia (km),Real Time,Velocidad promedia
Fri Oct  6 12:46:58 2023,Tomeco,Copiulemu,17.816666666666666,23.39,True,78.7689429373246
Fri Oct  6 12:46:58 2023,Copiulemu,Tomeco,14.866666666666667,22.002,True,88.79730941704035
Fri Oct  6 12:46:58 2023,Tomeco,Copiulemu,16.966666666666665,23.39,False,82.71512770137525
Fri Oct  6 12:46:58 2023,Copiulemu,Tomeco,14.866666666666667,22.002,False,88.79730941704035
