Fecha,From,To,Tiempo (min),Distancia (km),Real Time,Velocidad promedia
Fri Jul 12 18:37:29 2024,Tomeco,Copiulemu,18.466666666666665,23.48,True,76.28880866425993
Fri Jul 12 18:37:29 2024,Copiulemu,Tomeco,15.566666666666666,22.002,True,84.80428265524625
Fri Jul 12 18:37:29 2024,Tomeco,Copiulemu,18.466666666666665,23.48,False,76.28880866425993
Fri Jul 12 18:37:29 2024,Copiulemu,Tomeco,15.083333333333334,22.002,False,87.5217679558011
