Fecha,From,To,Tiempo (min),Distancia (km),Real Time,Velocidad promedia
Fri Jul  8 04:09:55 2022,Tomeco,Copiulemu,17.416666666666668,23.39,True,80.57799043062201
Fri Jul  8 04:09:55 2022,Copiulemu,Tomeco,16.116666666666667,22.002,True,81.91023784901756
Fri Jul  8 04:09:55 2022,Tomeco,Copiulemu,17.416666666666668,23.39,False,80.57799043062201
Fri Jul  8 04:09:55 2022,Copiulemu,Tomeco,16.116666666666667,22.002,False,81.91023784901756
