Fecha,From,To,Tiempo (min),Distancia (km),Real Time,Velocidad promedia
Fri Jun 10 10:37:20 2022,Tomeco,Copiulemu,16.816666666666666,23.39,True,83.45292368681864
Fri Jun 10 10:37:20 2022,Copiulemu,Tomeco,15.7,22.002,True,84.08407643312101
Fri Jun 10 10:37:20 2022,Tomeco,Copiulemu,16.816666666666666,23.39,False,83.45292368681864
Fri Jun 10 10:37:20 2022,Copiulemu,Tomeco,15.383333333333333,22.002,False,85.81495124593715
