Fecha,From,To,Tiempo (min),Distancia (km),Real Time,Velocidad promedia
Fri Jun 24 05:37:20 2022,Tomeco,Copiulemu,17.65,23.39,True,79.51274787535412
Fri Jun 24 05:37:20 2022,Copiulemu,Tomeco,15.65,22.002,True,84.35271565495206
Fri Jun 24 05:37:20 2022,Tomeco,Copiulemu,17.65,23.39,False,79.51274787535412
Fri Jun 24 05:37:20 2022,Copiulemu,Tomeco,15.766666666666667,22.002,False,83.72854122621564
