Fecha,From,To,Tiempo (min),Distancia (km),Real Time,Velocidad promedia
Fri Oct 13 03:28:07 2023,Tomeco,Copiulemu,17.766666666666666,23.39,True,78.9906191369606
Fri Oct 13 03:28:07 2023,Copiulemu,Tomeco,15.6,22.002,True,84.62307692307692
Fri Oct 13 03:28:07 2023,Tomeco,Copiulemu,17.766666666666666,23.39,False,78.9906191369606
Fri Oct 13 03:28:07 2023,Copiulemu,Tomeco,15.6,22.002,False,84.62307692307692
