Fecha,From,To,Tiempo (min),Distancia (km),Real Time,Velocidad promedia
Fri Oct 11 06:41:16 2024,Tomeco,Copiulemu,18.966666666666665,23.48,True,74.27768014059755
Fri Oct 11 06:41:16 2024,Copiulemu,Tomeco,15.933333333333334,22.002,True,82.85271966527196
Fri Oct 11 06:41:16 2024,Tomeco,Copiulemu,18.95,23.48,False,74.3430079155673
Fri Oct 11 06:41:16 2024,Copiulemu,Tomeco,15.933333333333334,22.002,False,82.85271966527196
