Fecha,From,To,Tiempo (min),Distancia (km),Real Time,Velocidad promedia
Fri May 10 20:27:59 2024,Tomeco,Copiulemu,18.25,23.48,True,77.19452054794522
Fri May 10 20:27:59 2024,Copiulemu,Tomeco,15.883333333333333,22.002,True,83.11353620146905
Fri May 10 20:27:59 2024,Tomeco,Copiulemu,18.333333333333332,23.48,False,76.84363636363638
Fri May 10 20:27:59 2024,Copiulemu,Tomeco,15.566666666666666,22.002,False,84.80428265524625
