Fecha,From,To,Tiempo (min),Distancia (km),Real Time,Velocidad promedia
Fri Jan 26 01:30:27 2024,Tomeco,Copiulemu,18.916666666666668,23.48,True,74.47400881057268
Fri Jan 26 01:30:27 2024,Copiulemu,Tomeco,17.133333333333333,22.002,True,77.04980544747082
Fri Jan 26 01:30:27 2024,Tomeco,Copiulemu,18.583333333333332,23.48,False,75.80986547085203
Fri Jan 26 01:30:27 2024,Copiulemu,Tomeco,15.45,22.002,False,85.44466019417474
