Fecha,From,To,Tiempo (min),Distancia (km),Real Time,Velocidad promedia
Fri Mar 18 22:33:52 2022,Tomeco,Copiulemu,17.866666666666667,23.39,True,78.54850746268656
Fri Mar 18 22:33:52 2022,Copiulemu,Tomeco,19.383333333333333,22.002,True,68.10593293207222
Fri Mar 18 22:33:52 2022,Tomeco,Copiulemu,20.533333333333335,23.39,False,68.34740259740259
Fri Mar 18 22:33:52 2022,Copiulemu,Tomeco,19.283333333333335,22.002,False,68.4591184096802
