Fecha,From,To,Tiempo (min),Distancia (km),Real Time,Velocidad promedia
Fri Oct 25 04:39:18 2024,Tomeco,Copiulemu,18.633333333333333,23.475,True,75.59033989266548
Fri Oct 25 04:39:18 2024,Copiulemu,Tomeco,15.566666666666666,22.002,True,84.80428265524625
Fri Oct 25 04:39:18 2024,Tomeco,Copiulemu,18.066666666666666,23.475,False,77.96125461254613
Fri Oct 25 04:39:18 2024,Copiulemu,Tomeco,15.566666666666666,22.002,False,84.80428265524625
