Fecha,From,To,Tiempo (min),Distancia (km),Real Time,Velocidad promedia
Fri Dec 15 12:45:39 2023,Tomeco,Copiulemu,17.25,23.39,True,81.35652173913044
Fri Dec 15 12:45:39 2023,Copiulemu,Tomeco,14.866666666666667,21.461,True,86.61390134529147
Fri Dec 15 12:45:39 2023,Tomeco,Copiulemu,17.25,23.39,False,81.35652173913044
Fri Dec 15 12:45:39 2023,Copiulemu,Tomeco,14.866666666666667,21.461,False,86.61390134529147
