Fecha,From,To,Tiempo (min),Distancia (km),Real Time,Velocidad promedia
Fri Jul  8 05:38:52 2022,Tomeco,Copiulemu,17.316666666666666,23.39,True,81.04331087584217
Fri Jul  8 05:38:52 2022,Copiulemu,Tomeco,16.066666666666666,22.002,True,82.16514522821576
Fri Jul  8 05:38:52 2022,Tomeco,Copiulemu,17.316666666666666,23.39,False,81.04331087584217
Fri Jul  8 05:38:52 2022,Copiulemu,Tomeco,16.066666666666666,22.002,False,82.16514522821576
