Fecha,From,To,Tiempo (min),Distancia (km),Real Time,Velocidad promedia
Fri Sep  6 10:36:07 2024,Tomeco,Copiulemu,18.9,23.48,True,74.53968253968254
Fri Sep  6 10:36:07 2024,Copiulemu,Tomeco,15.133333333333333,22.002,True,87.23259911894272
Fri Sep  6 10:36:07 2024,Tomeco,Copiulemu,18.9,23.48,False,74.53968253968254
Fri Sep  6 10:36:07 2024,Copiulemu,Tomeco,15.15,22.002,False,87.13663366336633
