Fecha,From,To,Tiempo (min),Distancia (km),Real Time,Velocidad promedia
Fri Jan 26 21:27:59 2024,Tomeco,Copiulemu,18.583333333333332,23.48,True,75.80986547085203
Fri Jan 26 21:27:59 2024,Copiulemu,Tomeco,18.383333333333333,22.002,True,71.81069809610155
Fri Jan 26 21:27:59 2024,Tomeco,Copiulemu,18.583333333333332,23.48,False,75.80986547085203
Fri Jan 26 21:27:59 2024,Copiulemu,Tomeco,14.783333333333333,22.002,False,89.2978579481398
