Fecha,From,To,Tiempo (min),Distancia (km),Real Time,Velocidad promedia
Fri Aug  9 06:38:57 2024,Tomeco,Copiulemu,18.683333333333334,23.48,True,75.40410347903658
Fri Aug  9 06:38:57 2024,Copiulemu,Tomeco,15.733333333333333,22.002,True,83.90593220338984
Fri Aug  9 06:38:57 2024,Tomeco,Copiulemu,18.683333333333334,23.48,False,75.40410347903658
Fri Aug  9 06:38:57 2024,Copiulemu,Tomeco,15.733333333333333,22.002,False,83.90593220338984
