Fecha,From,To,Tiempo (min),Distancia (km),Real Time,Velocidad promedia
Fri Aug 23 17:31:31 2024,Tomeco,Copiulemu,18.583333333333332,23.48,True,75.80986547085203
Fri Aug 23 17:31:31 2024,Copiulemu,Tomeco,15.216666666666667,22.002,True,86.75487404162102
Fri Aug 23 17:31:31 2024,Tomeco,Copiulemu,18.4,23.48,False,76.56521739130436
Fri Aug 23 17:31:31 2024,Copiulemu,Tomeco,14.983333333333333,22.002,False,88.1058954393771
