Fecha,From,To,Tiempo (min),Distancia (km),Real Time,Velocidad promedia
Fri Oct  4 03:38:17 2024,Tomeco,Copiulemu,18.9,23.712,True,75.27619047619048
Fri Oct  4 03:38:17 2024,Copiulemu,Tomeco,16.133333333333333,22.002,True,81.82561983471074
Fri Oct  4 03:38:17 2024,Tomeco,Copiulemu,18.866666666666667,23.712,False,75.40918727915194
Fri Oct  4 03:38:17 2024,Copiulemu,Tomeco,15.95,22.002,False,82.76614420062697
