Fecha,From,To,Tiempo (min),Distancia (km),Real Time,Velocidad promedia
Fri Jul 29 04:25:14 2022,Tomeco,Copiulemu,17.5,23.39,True,80.19428571428571
Fri Jul 29 04:25:14 2022,Copiulemu,Tomeco,15.683333333333334,22.002,True,84.17343251859724
Fri Jul 29 04:25:14 2022,Tomeco,Copiulemu,17.5,23.39,False,80.19428571428571
Fri Jul 29 04:25:14 2022,Copiulemu,Tomeco,15.683333333333334,22.002,False,84.17343251859724
