Fecha,From,To,Tiempo (min),Distancia (km),Real Time,Velocidad promedia
Fri Jan 12 05:30:39 2024,Tomeco,Copiulemu,18.683333333333334,23.48,True,75.40410347903658
Fri Jan 12 05:30:39 2024,Copiulemu,Tomeco,15.783333333333333,22.002,True,83.64012671594509
Fri Jan 12 05:30:39 2024,Tomeco,Copiulemu,18.683333333333334,23.48,False,75.40410347903658
Fri Jan 12 05:30:39 2024,Copiulemu,Tomeco,15.783333333333333,22.002,False,83.64012671594509
