Fecha,From,To,Tiempo (min),Distancia (km),Real Time,Velocidad promedia
Fri Nov 22 16:41:38 2024,Tomeco,Copiulemu,18.35,23.45,True,76.67574931880108
Fri Nov 22 16:41:38 2024,Copiulemu,Tomeco,15.266666666666667,21.968,True,86.33711790393012
Fri Nov 22 16:41:38 2024,Tomeco,Copiulemu,18.2,23.45,False,77.3076923076923
Fri Nov 22 16:41:38 2024,Copiulemu,Tomeco,15.183333333333334,21.968,False,86.81097694840835
