Fecha,From,To,Tiempo (min),Distancia (km),Real Time,Velocidad promedia
Fri Dec 13 21:31:09 2024,Tomeco,Copiulemu,18.45,23.45,True,76.26016260162602
Fri Dec 13 21:31:09 2024,Copiulemu,Tomeco,17.35,21.968,True,75.9700288184438
Fri Dec 13 21:31:09 2024,Tomeco,Copiulemu,18.0,23.45,False,78.16666666666667
Fri Dec 13 21:31:09 2024,Copiulemu,Tomeco,16.266666666666666,21.968,False,81.02950819672132
