Fecha,From,To,Tiempo (min),Distancia (km),Real Time,Velocidad promedia
Fri Apr 15 22:34:45 2022,Tomeco,Copiulemu,17.866666666666667,23.39,True,78.54850746268656
Fri Apr 15 22:34:45 2022,Copiulemu,Tomeco,15.35,22.002,True,86.0013029315961
Fri Apr 15 22:34:45 2022,Tomeco,Copiulemu,18.433333333333334,23.39,False,76.13381555153707
Fri Apr 15 22:34:45 2022,Copiulemu,Tomeco,15.283333333333333,22.002,False,86.37644492911667
