Fecha,From,To,Tiempo (min),Distancia (km),Real Time,Velocidad promedia
Fri Mar 15 22:29:30 2024,Tomeco,Copiulemu,18.783333333333335,23.48,True,75.00266193433895
Fri Mar 15 22:29:30 2024,Copiulemu,Tomeco,17.266666666666666,22.002,True,76.45482625482626
Fri Mar 15 22:29:30 2024,Tomeco,Copiulemu,18.033333333333335,23.48,False,78.12199630314232
Fri Mar 15 22:29:30 2024,Copiulemu,Tomeco,15.866666666666667,22.002,False,83.20084033613446
