Fecha,From,To,Tiempo (min),Distancia (km),Real Time,Velocidad promedia
Fri Mar 18 05:30:01 2022,Tomeco,Copiulemu,18.866666666666667,23.39,True,74.3851590106007
Fri Mar 18 05:30:01 2022,Copiulemu,Tomeco,15.733333333333333,22.002,True,83.90593220338984
Fri Mar 18 05:30:01 2022,Tomeco,Copiulemu,18.866666666666667,23.39,False,74.3851590106007
Fri Mar 18 05:30:01 2022,Copiulemu,Tomeco,15.733333333333333,22.002,False,83.90593220338984
