Fecha,From,To,Tiempo (min),Distancia (km),Real Time,Velocidad promedia
Fri Dec  6 21:31:31 2024,Tomeco,Copiulemu,18.066666666666666,23.45,True,77.87822878228782
Fri Dec  6 21:31:31 2024,Copiulemu,Tomeco,16.45,21.968,True,80.12644376899696
Fri Dec  6 21:31:31 2024,Tomeco,Copiulemu,18.05,23.45,False,77.95013850415512
Fri Dec  6 21:31:31 2024,Copiulemu,Tomeco,16.333333333333332,21.968,False,80.69877551020409
