Fecha,From,To,Tiempo (min),Distancia (km),Real Time,Velocidad promedia
Fri Nov  8 01:54:51 2024,Tomeco,Copiulemu,18.45,23.45,True,76.26016260162602
Fri Nov  8 01:54:51 2024,Copiulemu,Tomeco,16.033333333333335,21.968,True,82.2087318087318
Fri Nov  8 01:54:51 2024,Tomeco,Copiulemu,18.25,23.45,False,77.0958904109589
Fri Nov  8 01:54:51 2024,Copiulemu,Tomeco,15.783333333333333,21.968,False,83.51087645195354
