Fecha,From,To,Tiempo (min),Distancia (km),Real Time,Velocidad promedia
Fri Jul 15 09:35:59 2022,Tomeco,Copiulemu,17.666666666666668,23.39,True,79.43773584905661
Fri Jul 15 09:35:59 2022,Copiulemu,Tomeco,15.483333333333333,22.002,True,85.26071044133477
Fri Jul 15 09:35:59 2022,Tomeco,Copiulemu,17.666666666666668,23.39,False,79.43773584905661
Fri Jul 15 09:35:59 2022,Copiulemu,Tomeco,15.483333333333333,22.002,False,85.26071044133477
