Fecha,From,To,Tiempo (min),Distancia (km),Real Time,Velocidad promedia
Fri Aug 12 20:35:17 2022,Tomeco,Copiulemu,17.3,23.39,True,81.121387283237
Fri Aug 12 20:35:17 2022,Copiulemu,Tomeco,15.616666666666667,22.002,True,84.53276414087513
Fri Aug 12 20:35:17 2022,Tomeco,Copiulemu,17.283333333333335,23.39,False,81.19961427193829
Fri Aug 12 20:35:17 2022,Copiulemu,Tomeco,15.616666666666667,22.002,False,84.53276414087513
