Fecha,From,To,Tiempo (min),Distancia (km),Real Time,Velocidad promedia
Fri Feb  2 08:29:03 2024,Tomeco,Copiulemu,18.883333333333333,23.48,True,74.60547219770521
Fri Feb  2 08:29:03 2024,Copiulemu,Tomeco,15.216666666666667,22.002,True,86.75487404162102
Fri Feb  2 08:29:03 2024,Tomeco,Copiulemu,18.883333333333333,23.48,False,74.60547219770521
Fri Feb  2 08:29:03 2024,Copiulemu,Tomeco,15.216666666666667,22.002,False,86.75487404162102
