Fecha,From,To,Tiempo (min),Distancia (km),Real Time,Velocidad promedia
Fri Jun 21 16:34:21 2024,Tomeco,Copiulemu,18.733333333333334,23.48,True,75.20284697508896
Fri Jun 21 16:34:21 2024,Copiulemu,Tomeco,15.066666666666666,22.002,True,87.61858407079646
Fri Jun 21 16:34:21 2024,Tomeco,Copiulemu,18.283333333333335,23.48,False,77.05378304466727
Fri Jun 21 16:34:21 2024,Copiulemu,Tomeco,15.033333333333333,22.002,False,87.81286031042129
