Fecha,From,To,Tiempo (min),Distancia (km),Real Time,Velocidad promedia
Mon Apr 22 01:34:26 2024,Tomeco,Copiulemu,19.266666666666666,23.48,True,73.121107266436
Mon Apr 22 01:34:26 2024,Copiulemu,Tomeco,16.45,22.002,True,80.25045592705166
Mon Apr 22 01:34:26 2024,Tomeco,Copiulemu,20.95,23.48,False,67.24582338902148
Mon Apr 22 01:34:26 2024,Copiulemu,Tomeco,17.616666666666667,22.002,False,74.93585619678335
