Fecha,From,To,Tiempo (min),Distancia (km),Real Time,Velocidad promedia
Mon Jul 25 13:55:39 2022,Tomeco,Copiulemu,16.8,23.39,True,83.53571428571428
Mon Jul 25 13:55:39 2022,Copiulemu,Tomeco,15.35,22.002,True,86.0013029315961
Mon Jul 25 13:55:39 2022,Tomeco,Copiulemu,16.85,23.39,False,83.28783382789317
Mon Jul 25 13:55:39 2022,Copiulemu,Tomeco,15.333333333333334,22.002,False,86.09478260869564
