Fecha,From,To,Tiempo (min),Distancia (km),Real Time,Velocidad promedia
Mon Jun 13 10:37:57 2022,Tomeco,Copiulemu,18.966666666666665,23.39,True,73.99297012302286
Mon Jun 13 10:37:57 2022,Copiulemu,Tomeco,15.2,22.002,True,86.85000000000001
Mon Jun 13 10:37:57 2022,Tomeco,Copiulemu,16.633333333333333,23.39,False,84.37274549098197
Mon Jun 13 10:37:57 2022,Copiulemu,Tomeco,15.183333333333334,22.002,False,86.94533479692646
