Fecha,From,To,Tiempo (min),Distancia (km),Real Time,Velocidad promedia
Mon Apr  4 17:37:36 2022,Tomeco,Copiulemu,16.966666666666665,23.649,True,83.6310412573674
Mon Apr  4 17:37:36 2022,Copiulemu,Tomeco,14.516666666666667,22.002,True,90.93823191733638
Mon Apr  4 17:37:36 2022,Tomeco,Copiulemu,17.6,23.649,False,80.62159090909091
Mon Apr  4 17:37:36 2022,Copiulemu,Tomeco,14.733333333333333,22.002,False,89.60090497737556
