Fecha,From,To,Tiempo (min),Distancia (km),Real Time,Velocidad promedia
Mon May  2 18:42:06 2022,Tomeco,Copiulemu,16.966666666666665,23.39,True,82.71512770137525
Mon May  2 18:42:06 2022,Copiulemu,Tomeco,15.216666666666667,22.002,True,86.75487404162102
Mon May  2 18:42:06 2022,Tomeco,Copiulemu,16.933333333333334,23.39,False,82.87795275590551
Mon May  2 18:42:06 2022,Copiulemu,Tomeco,14.783333333333333,22.002,False,89.2978579481398
