Fecha,From,To,Tiempo (min),Distancia (km),Real Time,Velocidad promedia
Mon Apr 29 01:33:46 2024,Tomeco,Copiulemu,18.066666666666666,23.48,True,77.97785977859779
Mon Apr 29 01:33:46 2024,Copiulemu,Tomeco,16.033333333333335,22.002,True,82.33596673596672
Mon Apr 29 01:33:46 2024,Tomeco,Copiulemu,19.166666666666668,23.48,False,73.50260869565217
Mon Apr 29 01:33:46 2024,Copiulemu,Tomeco,16.383333333333333,22.002,False,80.57700915564598
