Fecha,From,To,Tiempo (min),Distancia (km),Real Time,Velocidad promedia
Mon Sep 30 20:32:48 2024,Tomeco,Copiulemu,17.8,23.48,True,79.14606741573033
Mon Sep 30 20:32:48 2024,Copiulemu,Tomeco,15.633333333333333,22.002,True,84.44264392324094
Mon Sep 30 20:32:48 2024,Tomeco,Copiulemu,17.683333333333334,23.48,False,79.66823751178134
Mon Sep 30 20:32:48 2024,Copiulemu,Tomeco,15.2,22.002,False,86.85000000000001
