Fecha,From,To,Tiempo (min),Distancia (km),Real Time,Velocidad promedia
Mon Apr  8 18:33:16 2024,Tomeco,Copiulemu,17.95,23.48,True,78.48467966573817
Mon Apr  8 18:33:16 2024,Copiulemu,Tomeco,15.533333333333333,22.002,True,84.9862660944206
Mon Apr  8 18:33:16 2024,Tomeco,Copiulemu,17.9,23.48,False,78.70391061452516
Mon Apr  8 18:33:16 2024,Copiulemu,Tomeco,14.783333333333333,22.002,False,89.2978579481398
