Fecha,From,To,Tiempo (min),Distancia (km),Real Time,Velocidad promedia
Mon Apr 15 08:28:05 2024,Tomeco,Copiulemu,18.716666666666665,23.48,True,75.26981300089048
Mon Apr 15 08:28:05 2024,Copiulemu,Tomeco,15.683333333333334,22.002,True,84.17343251859724
Mon Apr 15 08:28:05 2024,Tomeco,Copiulemu,18.416666666666668,23.48,False,76.49592760180995
Mon Apr 15 08:28:05 2024,Copiulemu,Tomeco,15.683333333333334,22.002,False,84.17343251859724
