Fecha,From,To,Tiempo (min),Distancia (km),Real Time,Velocidad promedia
Mon Oct 21 03:41:44 2024,Tomeco,Copiulemu,18.2,23.48,True,77.4065934065934
Mon Oct 21 03:41:44 2024,Copiulemu,Tomeco,15.833333333333334,22.002,True,83.37599999999999
Mon Oct 21 03:41:44 2024,Tomeco,Copiulemu,18.166666666666668,23.48,False,77.548623853211
Mon Oct 21 03:41:44 2024,Copiulemu,Tomeco,15.833333333333334,22.002,False,83.37599999999999
