Fecha,From,To,Tiempo (min),Distancia (km),Real Time,Velocidad promedia
Mon Nov 11 10:38:04 2024,Tomeco,Copiulemu,17.716666666666665,23.45,True,79.4167450611477
Mon Nov 11 10:38:04 2024,Copiulemu,Tomeco,14.65,21.968,True,89.97133105802048
Mon Nov 11 10:38:04 2024,Tomeco,Copiulemu,17.316666666666666,23.45,False,81.2512030798845
Mon Nov 11 10:38:04 2024,Copiulemu,Tomeco,14.633333333333333,21.968,False,90.07380410022779
