Fecha,From,To,Tiempo (min),Distancia (km),Real Time,Velocidad promedia
Mon Sep  9 23:31:10 2024,Tomeco,Copiulemu,18.7,23.48,True,75.33689839572193
Mon Sep  9 23:31:10 2024,Copiulemu,Tomeco,15.966666666666667,22.002,True,82.67974947807932
Mon Sep  9 23:31:10 2024,Tomeco,Copiulemu,18.066666666666666,23.48,False,77.97785977859779
Mon Sep  9 23:31:10 2024,Copiulemu,Tomeco,15.483333333333333,22.002,False,85.26071044133477
