Fecha,From,To,Tiempo (min),Distancia (km),Real Time,Velocidad promedia
Mon Apr  1 05:30:27 2024,Tomeco,Copiulemu,18.183333333333334,23.48,True,77.47754353803849
Mon Apr  1 05:30:27 2024,Copiulemu,Tomeco,15.833333333333334,22.002,True,83.37599999999999
Mon Apr  1 05:30:27 2024,Tomeco,Copiulemu,18.183333333333334,23.48,False,77.47754353803849
Mon Apr  1 05:30:27 2024,Copiulemu,Tomeco,15.833333333333334,22.002,False,83.37599999999999
