Fecha,From,To,Tiempo (min),Distancia (km),Real Time,Velocidad promedia
Mon Aug  5 13:30:52 2024,Tomeco,Copiulemu,17.866666666666667,23.48,True,78.8507462686567
Mon Aug  5 13:30:52 2024,Copiulemu,Tomeco,16.1,22.002,True,81.99503105590061
Mon Aug  5 13:30:52 2024,Tomeco,Copiulemu,17.866666666666667,23.48,False,78.8507462686567
Mon Aug  5 13:30:52 2024,Copiulemu,Tomeco,15.833333333333334,22.002,False,83.37599999999999
