Fecha,From,To,Tiempo (min),Distancia (km),Real Time,Velocidad promedia
Mon Sep 11 12:46:13 2023,Tomeco,Copiulemu,17.35,23.39,True,80.88760806916426
Mon Sep 11 12:46:13 2023,Copiulemu,Tomeco,14.883333333333333,22.002,True,88.69787234042553
Mon Sep 11 12:46:13 2023,Tomeco,Copiulemu,17.35,23.39,False,80.88760806916426
Mon Sep 11 12:46:13 2023,Copiulemu,Tomeco,14.75,22.002,False,89.49966101694915
