Fecha,From,To,Tiempo (min),Distancia (km),Real Time,Velocidad promedia
Mon May  2 20:29:53 2022,Tomeco,Copiulemu,16.683333333333334,23.39,True,84.11988011988012
Mon May  2 20:29:53 2022,Copiulemu,Tomeco,14.766666666666667,22.002,True,89.39864559819412
Mon May  2 20:29:53 2022,Tomeco,Copiulemu,16.683333333333334,23.39,False,84.11988011988012
Mon May  2 20:29:53 2022,Copiulemu,Tomeco,14.766666666666667,22.002,False,89.39864559819412
