Fecha,From,To,Tiempo (min),Distancia (km),Real Time,Velocidad promedia
Mon Jul  1 03:32:00 2024,Tomeco,Copiulemu,18.133333333333333,23.48,True,77.69117647058823
Mon Jul  1 03:32:00 2024,Copiulemu,Tomeco,15.683333333333334,22.002,True,84.17343251859724
Mon Jul  1 03:32:00 2024,Tomeco,Copiulemu,18.016666666666666,23.48,False,78.19426456984274
Mon Jul  1 03:32:00 2024,Copiulemu,Tomeco,15.55,22.002,False,84.8951768488746
