Fecha,From,To,Tiempo (min),Distancia (km),Real Time,Velocidad promedia
Mon Apr 18 21:30:46 2022,Tomeco,Copiulemu,20.116666666666667,23.649,True,70.53554266777134
Mon Apr 18 21:30:46 2022,Copiulemu,Tomeco,15.65,22.002,True,84.35271565495206
Mon Apr 18 21:30:46 2022,Tomeco,Copiulemu,17.483333333333334,23.649,False,81.15958055290753
Mon Apr 18 21:30:46 2022,Copiulemu,Tomeco,14.883333333333333,22.002,False,88.69787234042553
