Fecha,From,To,Tiempo (min),Distancia (km),Real Time,Velocidad promedia
Mon May 20 05:31:16 2024,Tomeco,Copiulemu,17.883333333333333,23.48,True,78.77726001863932
Mon May 20 05:31:16 2024,Copiulemu,Tomeco,15.883333333333333,22.002,True,83.11353620146905
Mon May 20 05:31:16 2024,Tomeco,Copiulemu,17.883333333333333,23.48,False,78.77726001863932
Mon May 20 05:31:16 2024,Copiulemu,Tomeco,15.883333333333333,22.002,False,83.11353620146905
