Fecha,From,To,Tiempo (min),Distancia (km),Real Time,Velocidad promedia
Mon Jul 22 17:30:30 2024,Tomeco,Copiulemu,18.25,23.48,True,77.19452054794522
Mon Jul 22 17:30:30 2024,Copiulemu,Tomeco,15.85,22.002,True,83.28832807570977
Mon Jul 22 17:30:30 2024,Tomeco,Copiulemu,18.25,23.48,False,77.19452054794522
Mon Jul 22 17:30:30 2024,Copiulemu,Tomeco,16.15,22.002,False,81.74117647058823
