Fecha,From,To,Tiempo (min),Distancia (km),Real Time,Velocidad promedia
Mon Jan  1 14:29:21 2024,Tomeco,Copiulemu,18.3,23.39,True,76.68852459016394
Mon Jan  1 14:29:21 2024,Copiulemu,Tomeco,21.45,22.002,True,61.54405594405594
Mon Jan  1 14:29:21 2024,Tomeco,Copiulemu,16.916666666666668,23.39,False,82.95960591133006
Mon Jan  1 14:29:21 2024,Copiulemu,Tomeco,15.7,22.002,False,84.08407643312101
