Fecha,From,To,Tiempo (min),Distancia (km),Real Time,Velocidad promedia
Mon Oct  3 20:43:17 2022,Tomeco,Copiulemu,17.766666666666666,23.39,True,78.9906191369606
Mon Oct  3 20:43:17 2022,Copiulemu,Tomeco,15.766666666666667,22.002,True,83.72854122621564
Mon Oct  3 20:43:17 2022,Tomeco,Copiulemu,17.216666666666665,23.39,False,81.51403678606003
Mon Oct  3 20:43:17 2022,Copiulemu,Tomeco,15.083333333333334,22.002,False,87.5217679558011
