Fecha,From,To,Tiempo (min),Distancia (km),Real Time,Velocidad promedia
Mon Aug  8 18:42:13 2022,Tomeco,Copiulemu,16.666666666666668,23.39,True,84.204
Mon Aug  8 18:42:13 2022,Copiulemu,Tomeco,15.0,22.002,True,88.008
Mon Aug  8 18:42:13 2022,Tomeco,Copiulemu,16.6,23.39,False,84.5421686746988
Mon Aug  8 18:42:13 2022,Copiulemu,Tomeco,14.616666666666667,22.002,False,90.31607753705815
