Fecha,From,To,Tiempo (min),Distancia (km),Real Time,Velocidad promedia
Mon Mar 11 20:28:14 2024,Tomeco,Copiulemu,17.633333333333333,23.48,True,79.89413988657846
Mon Mar 11 20:28:14 2024,Copiulemu,Tomeco,15.016666666666667,22.002,True,87.91032186459489
Mon Mar 11 20:28:14 2024,Tomeco,Copiulemu,17.333333333333332,23.48,False,81.27692307692308
Mon Mar 11 20:28:14 2024,Copiulemu,Tomeco,14.933333333333334,22.002,False,88.40089285714285
