Fecha,From,To,Tiempo (min),Distancia (km),Real Time,Velocidad promedia
Mon Apr  8 06:31:36 2024,Tomeco,Copiulemu,17.866666666666667,23.48,True,78.8507462686567
Mon Apr  8 06:31:36 2024,Copiulemu,Tomeco,16.316666666666666,22.002,True,80.90623084780388
Mon Apr  8 06:31:36 2024,Tomeco,Copiulemu,17.866666666666667,23.48,False,78.8507462686567
Mon Apr  8 06:31:36 2024,Copiulemu,Tomeco,16.35,22.002,False,80.74128440366971
