Fecha,From,To,Tiempo (min),Distancia (km),Real Time,Velocidad promedia
Mon Dec 18 23:28:12 2023,Tomeco,Copiulemu,17.733333333333334,23.39,True,79.1390977443609
Mon Dec 18 23:28:12 2023,Copiulemu,Tomeco,14.816666666666666,22.002,True,89.09696287964005
Mon Dec 18 23:28:12 2023,Tomeco,Copiulemu,17.45,23.39,False,80.42406876790831
Mon Dec 18 23:28:12 2023,Copiulemu,Tomeco,14.716666666666667,22.002,False,89.70237825594563
