Fecha,From,To,Tiempo (min),Distancia (km),Real Time,Velocidad promedia
Mon Apr 29 14:30:19 2024,Tomeco,Copiulemu,18.516666666666666,23.48,True,76.08280828082809
Mon Apr 29 14:30:19 2024,Copiulemu,Tomeco,15.35,22.002,True,86.0013029315961
Mon Apr 29 14:30:19 2024,Tomeco,Copiulemu,17.766666666666666,23.48,False,79.29455909943715
Mon Apr 29 14:30:19 2024,Copiulemu,Tomeco,14.883333333333333,22.002,False,88.69787234042553
