Fecha,From,To,Tiempo (min),Distancia (km),Real Time,Velocidad promedia
Mon Sep 18 19:28:11 2023,Tomeco,Copiulemu,17.283333333333335,23.39,True,81.19961427193829
Mon Sep 18 19:28:11 2023,Copiulemu,Tomeco,21.133333333333333,22.002,True,62.46624605678233
Mon Sep 18 19:28:11 2023,Tomeco,Copiulemu,17.183333333333334,23.39,False,81.6721629485936
Mon Sep 18 19:28:11 2023,Copiulemu,Tomeco,15.05,22.002,False,87.71561461794019
