Fecha,From,To,Tiempo (min),Distancia (km),Real Time,Velocidad promedia
Mon Aug 29 23:37:45 2022,Tomeco,Copiulemu,17.55,23.39,True,79.96581196581195
Mon Aug 29 23:37:45 2022,Copiulemu,Tomeco,15.283333333333333,21.461,True,84.25256270447109
Mon Aug 29 23:37:45 2022,Tomeco,Copiulemu,17.366666666666667,23.39,False,80.80998080614204
Mon Aug 29 23:37:45 2022,Copiulemu,Tomeco,15.283333333333333,21.461,False,84.25256270447109
