Fecha,From,To,Tiempo (min),Distancia (km),Real Time,Velocidad promedia
Mon Jan 22 15:29:02 2024,Tomeco,Copiulemu,18.45,23.48,True,76.35772357723577
Mon Jan 22 15:29:02 2024,Copiulemu,Tomeco,15.583333333333334,22.002,True,84.71358288770053
Mon Jan 22 15:29:02 2024,Tomeco,Copiulemu,18.45,23.48,False,76.35772357723577
Mon Jan 22 15:29:02 2024,Copiulemu,Tomeco,16.316666666666666,22.002,False,80.90623084780388
