Fecha,From,To,Tiempo (min),Distancia (km),Real Time,Velocidad promedia
Mon May 16 10:40:36 2022,Tomeco,Copiulemu,16.35,23.39,True,85.8348623853211
Mon May 16 10:40:36 2022,Copiulemu,Tomeco,15.283333333333333,22.002,True,86.37644492911667
Mon May 16 10:40:36 2022,Tomeco,Copiulemu,16.35,23.39,False,85.8348623853211
Mon May 16 10:40:36 2022,Copiulemu,Tomeco,15.116666666666667,22.002,False,87.328776185226
