Fecha,From,To,Tiempo (min),Distancia (km),Real Time,Velocidad promedia
Mon Dec 18 20:28:14 2023,Tomeco,Copiulemu,17.216666666666665,23.39,True,81.51403678606003
Mon Dec 18 20:28:14 2023,Copiulemu,Tomeco,15.05,22.002,True,87.71561461794019
Mon Dec 18 20:28:14 2023,Tomeco,Copiulemu,17.083333333333332,23.39,False,82.15024390243903
Mon Dec 18 20:28:14 2023,Copiulemu,Tomeco,14.783333333333333,22.002,False,89.2978579481398
