Fecha,From,To,Tiempo (min),Distancia (km),Real Time,Velocidad promedia
Mon Dec 25 20:28:00 2023,Tomeco,Copiulemu,17.35,23.39,True,80.88760806916426
Mon Dec 25 20:28:00 2023,Copiulemu,Tomeco,15.5,22.002,True,85.1690322580645
Mon Dec 25 20:28:00 2023,Tomeco,Copiulemu,17.333333333333332,23.39,False,80.96538461538462
Mon Dec 25 20:28:00 2023,Copiulemu,Tomeco,15.35,22.002,False,86.0013029315961
