Fecha,From,To,Tiempo (min),Distancia (km),Real Time,Velocidad promedia
Mon Feb 12 15:28:04 2024,Tomeco,Copiulemu,18.5,23.48,True,76.15135135135135
Mon Feb 12 15:28:04 2024,Copiulemu,Tomeco,22.85,22.002,True,57.77330415754923
Mon Feb 12 15:28:04 2024,Tomeco,Copiulemu,18.5,23.48,False,76.15135135135135
Mon Feb 12 15:28:04 2024,Copiulemu,Tomeco,16.983333333333334,22.002,False,77.73032384690873
