Fecha,From,To,Tiempo (min),Distancia (km),Real Time,Velocidad promedia
Mon Apr 25 08:42:00 2022,Tomeco,Copiulemu,17.166666666666668,23.39,True,81.7514563106796
Mon Apr 25 08:42:00 2022,Copiulemu,Tomeco,14.433333333333334,22.002,True,91.46327944572748
Mon Apr 25 08:42:00 2022,Tomeco,Copiulemu,17.166666666666668,23.39,False,81.7514563106796
Mon Apr 25 08:42:00 2022,Copiulemu,Tomeco,14.883333333333333,22.002,False,88.69787234042553
