Fecha,From,To,Tiempo (min),Distancia (km),Real Time,Velocidad promedia
Mon Oct 14 14:36:58 2024,Tomeco,Copiulemu,18.05,23.48,True,78.04986149584488
Mon Oct 14 14:36:58 2024,Copiulemu,Tomeco,15.533333333333333,22.002,True,84.9862660944206
Mon Oct 14 14:36:58 2024,Tomeco,Copiulemu,17.833333333333332,23.48,False,78.9981308411215
Mon Oct 14 14:36:58 2024,Copiulemu,Tomeco,15.416666666666666,22.002,False,85.62940540540541
