Fecha,From,To,Tiempo (min),Distancia (km),Real Time,Velocidad promedia
Mon Aug 29 19:29:45 2022,Tomeco,Copiulemu,17.0,23.39,True,82.5529411764706
Mon Aug 29 19:29:45 2022,Copiulemu,Tomeco,15.033333333333333,22.002,True,87.81286031042129
Mon Aug 29 19:29:45 2022,Tomeco,Copiulemu,16.966666666666665,23.39,False,82.71512770137525
Mon Aug 29 19:29:45 2022,Copiulemu,Tomeco,15.0,22.002,False,88.008
