Fecha,From,To,Tiempo (min),Distancia (km),Real Time,Velocidad promedia
Mon Aug 22 20:35:33 2022,Tomeco,Copiulemu,17.083333333333332,23.39,True,82.15024390243903
Mon Aug 22 20:35:33 2022,Copiulemu,Tomeco,14.85,22.002,True,88.89696969696969
Mon Aug 22 20:35:33 2022,Tomeco,Copiulemu,17.0,23.39,False,82.5529411764706
Mon Aug 22 20:35:33 2022,Copiulemu,Tomeco,14.8,22.002,False,89.1972972972973
