Fecha,From,To,Tiempo (min),Distancia (km),Real Time,Velocidad promedia
Mon Jun 13 22:34:59 2022,Tomeco,Copiulemu,17.983333333333334,23.39,True,78.03892493049119
Mon Jun 13 22:34:59 2022,Copiulemu,Tomeco,15.683333333333334,22.002,True,84.17343251859724
Mon Jun 13 22:34:59 2022,Tomeco,Copiulemu,17.816666666666666,23.39,False,78.7689429373246
Mon Jun 13 22:34:59 2022,Copiulemu,Tomeco,15.233333333333333,22.002,False,86.65995623632385
