Fecha,From,To,Tiempo (min),Distancia (km),Real Time,Velocidad promedia
Mon Dec  2 05:38:25 2024,Tomeco,Copiulemu,17.916666666666668,23.45,True,78.53023255813953
Mon Dec  2 05:38:25 2024,Copiulemu,Tomeco,15.3,21.957,True,86.10588235294118
Mon Dec  2 05:38:25 2024,Tomeco,Copiulemu,17.916666666666668,23.45,False,78.53023255813953
Mon Dec  2 05:38:25 2024,Copiulemu,Tomeco,15.3,21.957,False,86.10588235294118
