Fecha,From,To,Tiempo (min),Distancia (km),Real Time,Velocidad promedia
Mon Jun 24 15:29:48 2024,Tomeco,Copiulemu,18.066666666666666,23.48,True,77.97785977859779
Mon Jun 24 15:29:48 2024,Copiulemu,Tomeco,15.55,22.002,True,84.8951768488746
Mon Jun 24 15:29:48 2024,Tomeco,Copiulemu,17.65,23.48,False,79.8186968838527
Mon Jun 24 15:29:48 2024,Copiulemu,Tomeco,15.133333333333333,22.002,False,87.23259911894272
