Fecha,From,To,Tiempo (min),Distancia (km),Real Time,Velocidad promedia
Mon Sep  9 10:38:05 2024,Tomeco,Copiulemu,18.233333333333334,23.48,True,77.26508226691041
Mon Sep  9 10:38:05 2024,Copiulemu,Tomeco,15.366666666666667,22.002,True,85.90802603036876
Mon Sep  9 10:38:05 2024,Tomeco,Copiulemu,17.683333333333334,23.48,False,79.66823751178134
Mon Sep  9 10:38:05 2024,Copiulemu,Tomeco,15.366666666666667,22.002,False,85.90802603036876
