Fecha,From,To,Tiempo (min),Distancia (km),Real Time,Velocidad promedia
Mon Aug 22 10:40:26 2022,Tomeco,Copiulemu,17.116666666666667,23.39,True,81.9902629016553
Mon Aug 22 10:40:26 2022,Copiulemu,Tomeco,14.916666666666666,22.002,True,88.49966480446928
Mon Aug 22 10:40:26 2022,Tomeco,Copiulemu,16.9,23.39,False,83.04142011834321
Mon Aug 22 10:40:26 2022,Copiulemu,Tomeco,14.916666666666666,22.002,False,88.49966480446928
