Fecha,From,To,Tiempo (min),Distancia (km),Real Time,Velocidad promedia
Mon Jun 27 15:41:22 2022,Tomeco,Copiulemu,16.816666666666666,23.39,True,83.45292368681864
Mon Jun 27 15:41:22 2022,Copiulemu,Tomeco,15.35,22.002,True,86.0013029315961
Mon Jun 27 15:41:22 2022,Tomeco,Copiulemu,16.583333333333332,23.39,False,84.62713567839198
Mon Jun 27 15:41:22 2022,Copiulemu,Tomeco,15.066666666666666,22.002,False,87.61858407079646
