Fecha,From,To,Tiempo (min),Distancia (km),Real Time,Velocidad promedia
Mon Apr 25 11:31:17 2022,Tomeco,Copiulemu,17.116666666666667,23.39,True,81.9902629016553
Mon Apr 25 11:31:17 2022,Copiulemu,Tomeco,14.95,22.002,True,88.30234113712375
Mon Apr 25 11:31:17 2022,Tomeco,Copiulemu,16.883333333333333,23.39,False,83.12339585389932
Mon Apr 25 11:31:17 2022,Copiulemu,Tomeco,14.7,22.002,False,89.80408163265305
