Fecha,From,To,Tiempo (min),Distancia (km),Real Time,Velocidad promedia
Mon Sep 30 05:35:48 2024,Tomeco,Copiulemu,18.616666666666667,23.48,True,75.67412712623099
Mon Sep 30 05:35:48 2024,Copiulemu,Tomeco,15.716666666666667,22.002,True,83.99490986214211
Mon Sep 30 05:35:48 2024,Tomeco,Copiulemu,18.616666666666667,23.48,False,75.67412712623099
Mon Sep 30 05:35:48 2024,Copiulemu,Tomeco,15.766666666666667,22.002,False,83.72854122621564
