Fecha,From,To,Tiempo (min),Distancia (km),Real Time,Velocidad promedia
Mon Apr 29 19:27:57 2024,Tomeco,Copiulemu,18.466666666666665,23.48,True,76.28880866425993
Mon Apr 29 19:27:57 2024,Copiulemu,Tomeco,15.816666666666666,22.002,True,83.46385669125394
Mon Apr 29 19:27:57 2024,Tomeco,Copiulemu,17.95,23.48,False,78.48467966573817
Mon Apr 29 19:27:57 2024,Copiulemu,Tomeco,15.1,22.002,False,87.4251655629139
