Fecha,From,To,Tiempo (min),Distancia (km),Real Time,Velocidad promedia
Mon May 13 19:27:59 2024,Tomeco,Copiulemu,17.55,23.48,True,80.27350427350426
Mon May 13 19:27:59 2024,Copiulemu,Tomeco,15.333333333333334,22.002,True,86.09478260869564
Mon May 13 19:27:59 2024,Tomeco,Copiulemu,17.516666666666666,23.48,False,80.42626070409135
Mon May 13 19:27:59 2024,Copiulemu,Tomeco,15.2,22.002,False,86.85000000000001
