Fecha,From,To,Tiempo (min),Distancia (km),Real Time,Velocidad promedia
Mon May 23 20:37:09 2022,Tomeco,Copiulemu,16.766666666666666,23.39,True,83.70178926441352
Mon May 23 20:37:09 2022,Copiulemu,Tomeco,15.05,22.002,True,87.71561461794019
Mon May 23 20:37:09 2022,Tomeco,Copiulemu,16.766666666666666,23.39,False,83.70178926441352
Mon May 23 20:37:09 2022,Copiulemu,Tomeco,14.883333333333333,22.002,False,88.69787234042553
