Fecha,From,To,Tiempo (min),Distancia (km),Real Time,Velocidad promedia
Mon Jun 17 08:34:06 2024,Tomeco,Copiulemu,18.083333333333332,23.48,True,77.90599078341015
Mon Jun 17 08:34:06 2024,Copiulemu,Tomeco,14.983333333333333,22.002,True,88.1058954393771
Mon Jun 17 08:34:06 2024,Tomeco,Copiulemu,18.083333333333332,23.48,False,77.90599078341015
Mon Jun 17 08:34:06 2024,Copiulemu,Tomeco,14.983333333333333,22.002,False,88.1058954393771
