Fecha,From,To,Tiempo (min),Distancia (km),Real Time,Velocidad promedia
Mon Mar 11 07:28:10 2024,Tomeco,Copiulemu,17.85,23.48,True,78.92436974789915
Mon Mar 11 07:28:10 2024,Copiulemu,Tomeco,15.316666666666666,22.002,True,86.18846572361262
Mon Mar 11 07:28:10 2024,Tomeco,Copiulemu,17.85,23.48,False,78.92436974789915
Mon Mar 11 07:28:10 2024,Copiulemu,Tomeco,15.333333333333334,22.002,False,86.09478260869564
