Fecha,From,To,Tiempo (min),Distancia (km),Real Time,Velocidad promedia
Mon Apr 18 20:35:03 2022,Tomeco,Copiulemu,18.866666666666667,23.649,True,75.20883392226148
Mon Apr 18 20:35:03 2022,Copiulemu,Tomeco,14.833333333333334,22.002,True,88.99685393258426
Mon Apr 18 20:35:03 2022,Tomeco,Copiulemu,17.116666666666667,23.649,False,82.89814995131451
Mon Apr 18 20:35:03 2022,Copiulemu,Tomeco,14.8,22.002,False,89.1972972972973
