Fecha,From,To,Tiempo (min),Distancia (km),Real Time,Velocidad promedia
Mon Mar 21 14:30:45 2022,Tomeco,Copiulemu,17.583333333333332,23.39,True,79.81421800947868
Mon Mar 21 14:30:45 2022,Copiulemu,Tomeco,14.933333333333334,22.002,True,88.40089285714285
Mon Mar 21 14:30:45 2022,Tomeco,Copiulemu,18.55,23.39,False,75.65498652291105
Mon Mar 21 14:30:45 2022,Copiulemu,Tomeco,15.55,22.002,False,84.8951768488746
