Fecha,From,To,Tiempo (min),Distancia (km),Real Time,Velocidad promedia
Mon Jul 22 02:46:44 2024,Tomeco,Copiulemu,17.583333333333332,23.48,True,80.12132701421802
Mon Jul 22 02:46:44 2024,Copiulemu,Tomeco,15.583333333333334,22.002,True,84.71358288770053
Mon Jul 22 02:46:44 2024,Tomeco,Copiulemu,17.45,23.48,False,80.73352435530086
Mon Jul 22 02:46:44 2024,Copiulemu,Tomeco,15.533333333333333,22.002,False,84.9862660944206
