Fecha,From,To,Tiempo (min),Distancia (km),Real Time,Velocidad promedia
Mon Mar 28 16:50:50 2022,Tomeco,Copiulemu,18.133333333333333,23.649,True,78.25036764705882
Mon Mar 28 16:50:50 2022,Copiulemu,Tomeco,15.033333333333333,22.002,True,87.81286031042129
Mon Mar 28 16:50:50 2022,Tomeco,Copiulemu,18.033333333333335,23.649,False,78.68428835489833
Mon Mar 28 16:50:50 2022,Copiulemu,Tomeco,15.033333333333333,22.002,False,87.81286031042129
