Fecha,From,To,Tiempo (min),Distancia (km),Real Time,Velocidad promedia
Mon Aug  1 11:31:38 2022,Tomeco,Copiulemu,16.966666666666665,23.39,True,82.71512770137525
Mon Aug  1 11:31:38 2022,Copiulemu,Tomeco,14.6,22.002,True,90.41917808219178
Mon Aug  1 11:31:38 2022,Tomeco,Copiulemu,16.45,23.39,False,85.3130699088146
Mon Aug  1 11:31:38 2022,Copiulemu,Tomeco,14.616666666666667,22.002,False,90.31607753705815
