Fecha,From,To,Tiempo (min),Distancia (km),Real Time,Velocidad promedia
Mon Mar 18 13:28:03 2024,Tomeco,Copiulemu,16.983333333333334,23.48,True,82.95191364082434
Mon Mar 18 13:28:03 2024,Copiulemu,Tomeco,15.033333333333333,22.002,True,87.81286031042129
Mon Mar 18 13:28:03 2024,Tomeco,Copiulemu,17.033333333333335,23.48,False,82.70841487279843
Mon Mar 18 13:28:03 2024,Copiulemu,Tomeco,14.85,22.002,False,88.89696969696969
