Fecha,From,To,Tiempo (min),Distancia (km),Real Time,Velocidad promedia
Mon Jul  8 03:32:38 2024,Tomeco,Copiulemu,17.966666666666665,23.48,True,78.41187384044528
Mon Jul  8 03:32:38 2024,Copiulemu,Tomeco,15.616666666666667,22.002,True,84.53276414087513
Mon Jul  8 03:32:38 2024,Tomeco,Copiulemu,17.966666666666665,23.48,False,78.41187384044528
Mon Jul  8 03:32:38 2024,Copiulemu,Tomeco,15.616666666666667,22.002,False,84.53276414087513
