Fecha,From,To,Tiempo (min),Distancia (km),Real Time,Velocidad promedia
Mon Jul 18 10:41:25 2022,Tomeco,Copiulemu,16.616666666666667,23.39,True,84.45737211634905
Mon Jul 18 10:41:25 2022,Copiulemu,Tomeco,15.233333333333333,22.002,True,86.65995623632385
Mon Jul 18 10:41:25 2022,Tomeco,Copiulemu,16.566666666666666,23.39,False,84.71227364185111
Mon Jul 18 10:41:25 2022,Copiulemu,Tomeco,15.083333333333334,22.002,False,87.5217679558011
