Fecha,From,To,Tiempo (min),Distancia (km),Real Time,Velocidad promedia
Mon Jun 10 23:28:01 2024,Tomeco,Copiulemu,18.8,23.48,True,74.93617021276596
Mon Jun 10 23:28:01 2024,Copiulemu,Tomeco,16.383333333333333,22.002,True,80.57700915564598
Mon Jun 10 23:28:01 2024,Tomeco,Copiulemu,17.916666666666668,23.48,False,78.63069767441861
Mon Jun 10 23:28:01 2024,Copiulemu,Tomeco,15.616666666666667,22.002,False,84.53276414087513
