Fecha,From,To,Tiempo (min),Distancia (km),Real Time,Velocidad promedia
Mon Jun  6 07:30:38 2022,Tomeco,Copiulemu,17.316666666666666,23.39,True,81.04331087584217
Mon Jun  6 07:30:38 2022,Copiulemu,Tomeco,15.2,22.002,True,86.85000000000001
Mon Jun  6 07:30:38 2022,Tomeco,Copiulemu,17.316666666666666,23.39,False,81.04331087584217
Mon Jun  6 07:30:38 2022,Copiulemu,Tomeco,15.216666666666667,22.002,False,86.75487404162102
