Fecha,From,To,Tiempo (min),Distancia (km),Real Time,Velocidad promedia
Mon Nov 20 17:28:02 2023,Tomeco,Copiulemu,17.483333333333334,23.39,True,80.27073403241181
Mon Nov 20 17:28:02 2023,Copiulemu,Tomeco,15.116666666666667,22.002,True,87.328776185226
Mon Nov 20 17:28:02 2023,Tomeco,Copiulemu,17.233333333333334,23.39,False,81.43520309477756
Mon Nov 20 17:28:02 2023,Copiulemu,Tomeco,14.883333333333333,22.002,False,88.69787234042553
