Fecha,From,To,Tiempo (min),Distancia (km),Real Time,Velocidad promedia
Mon May 30 13:08:07 2022,Tomeco,Copiulemu,16.533333333333335,23.39,True,84.88306451612902
Mon May 30 13:08:07 2022,Copiulemu,Tomeco,15.083333333333334,22.002,True,87.5217679558011
Mon May 30 13:08:07 2022,Tomeco,Copiulemu,16.4,23.39,False,85.57317073170732
Mon May 30 13:08:07 2022,Copiulemu,Tomeco,14.833333333333334,22.002,False,88.99685393258426
