Fecha,From,To,Tiempo (min),Distancia (km),Real Time,Velocidad promedia
Mon Dec  9 05:38:21 2024,Tomeco,Copiulemu,17.95,23.45,True,78.38440111420613
Mon Dec  9 05:38:21 2024,Copiulemu,Tomeco,15.516666666666667,21.957,True,84.90354457572502
Mon Dec  9 05:38:21 2024,Tomeco,Copiulemu,18.266666666666666,23.45,False,77.02554744525548
Mon Dec  9 05:38:21 2024,Copiulemu,Tomeco,15.783333333333333,21.968,False,83.51087645195354
