Fecha,From,To,Tiempo (min),Distancia (km),Real Time,Velocidad promedia
Mon Jul 11 22:34:41 2022,Tomeco,Copiulemu,18.5,23.39,True,75.85945945945946
Mon Jul 11 22:34:41 2022,Copiulemu,Tomeco,16.683333333333334,22.002,True,79.12807192807192
Mon Jul 11 22:34:41 2022,Tomeco,Copiulemu,17.266666666666666,23.39,False,81.27799227799228
Mon Jul 11 22:34:41 2022,Copiulemu,Tomeco,15.333333333333334,22.002,False,86.09478260869564
