Fecha,From,To,Tiempo (min),Distancia (km),Real Time,Velocidad promedia
Mon May 27 13:28:47 2024,Tomeco,Copiulemu,17.6,23.48,True,80.04545454545455
Mon May 27 13:28:47 2024,Copiulemu,Tomeco,14.733333333333333,22.002,True,89.60090497737556
Mon May 27 13:28:47 2024,Tomeco,Copiulemu,17.6,23.48,False,80.04545454545455
Mon May 27 13:28:47 2024,Copiulemu,Tomeco,14.9,22.002,False,88.59865771812079
