Fecha,From,To,Tiempo (min),Distancia (km),Real Time,Velocidad promedia
Mon Sep  9 14:36:59 2024,Tomeco,Copiulemu,18.1,23.48,True,77.8342541436464
Mon Sep  9 14:36:59 2024,Copiulemu,Tomeco,16.4,22.002,True,80.49512195121952
Mon Sep  9 14:36:59 2024,Tomeco,Copiulemu,17.983333333333334,23.48,False,78.33920296570899
Mon Sep  9 14:36:59 2024,Copiulemu,Tomeco,15.783333333333333,22.002,False,83.64012671594509
