Fecha,From,To,Tiempo (min),Distancia (km),Real Time,Velocidad promedia
Mon May 16 08:43:33 2022,Tomeco,Copiulemu,17.216666666666665,23.39,True,81.51403678606003
Mon May 16 08:43:33 2022,Copiulemu,Tomeco,15.183333333333334,22.002,True,86.94533479692646
Mon May 16 08:43:33 2022,Tomeco,Copiulemu,17.216666666666665,23.39,False,81.51403678606003
Mon May 16 08:43:33 2022,Copiulemu,Tomeco,15.183333333333334,22.002,False,86.94533479692646
