Fecha,From,To,Tiempo (min),Distancia (km),Real Time,Velocidad promedia
Mon Jun 20 08:44:05 2022,Tomeco,Copiulemu,17.283333333333335,23.39,True,81.19961427193829
Mon Jun 20 08:44:05 2022,Copiulemu,Tomeco,15.033333333333333,22.002,True,87.81286031042129
Mon Jun 20 08:44:05 2022,Tomeco,Copiulemu,17.283333333333335,23.39,False,81.19961427193829
Mon Jun 20 08:44:05 2022,Copiulemu,Tomeco,15.033333333333333,22.002,False,87.81286031042129
