Fecha,From,To,Tiempo (min),Distancia (km),Real Time,Velocidad promedia
Mon Jun  6 04:50:37 2022,Tomeco,Copiulemu,16.883333333333333,23.39,True,83.12339585389932
Mon Jun  6 04:50:37 2022,Copiulemu,Tomeco,15.316666666666666,22.002,True,86.18846572361262
Mon Jun  6 04:50:37 2022,Tomeco,Copiulemu,17.066666666666666,23.39,False,82.23046875
Mon Jun  6 04:50:37 2022,Copiulemu,Tomeco,15.316666666666666,22.002,False,86.18846572361262
