Fecha,From,To,Tiempo (min),Distancia (km),Real Time,Velocidad promedia
Mon Oct 23 05:28:25 2023,Tomeco,Copiulemu,17.8,23.39,True,78.84269662921348
Mon Oct 23 05:28:25 2023,Copiulemu,Tomeco,15.6,22.002,True,84.62307692307692
Mon Oct 23 05:28:25 2023,Tomeco,Copiulemu,17.8,23.39,False,78.84269662921348
Mon Oct 23 05:28:25 2023,Copiulemu,Tomeco,15.116666666666667,22.002,False,87.328776185226
