Fecha,From,To,Tiempo (min),Distancia (km),Real Time,Velocidad promedia
Mon Jun  6 05:33:20 2022,Tomeco,Copiulemu,18.166666666666668,23.39,True,77.25137614678899
Mon Jun  6 05:33:20 2022,Copiulemu,Tomeco,15.483333333333333,22.002,True,85.26071044133477
Mon Jun  6 05:33:20 2022,Tomeco,Copiulemu,18.166666666666668,23.39,False,77.25137614678899
Mon Jun  6 05:33:20 2022,Copiulemu,Tomeco,15.483333333333333,22.002,False,85.26071044133477
