Fecha,From,To,Tiempo (min),Distancia (km),Real Time,Velocidad promedia
Mon Jun 20 17:38:25 2022,Tomeco,Copiulemu,17.066666666666666,23.39,True,82.23046875
Mon Jun 20 17:38:25 2022,Copiulemu,Tomeco,14.966666666666667,22.002,True,88.20400890868596
Mon Jun 20 17:38:25 2022,Tomeco,Copiulemu,16.466666666666665,23.39,False,85.22672064777329
Mon Jun 20 17:38:25 2022,Copiulemu,Tomeco,14.85,22.002,False,88.89696969696969
