Fecha,From,To,Tiempo (min),Distancia (km),Real Time,Velocidad promedia
Mon Apr  4 06:41:56 2022,Tomeco,Copiulemu,18.016666666666666,23.649,True,78.75707678075857
Mon Apr  4 06:41:56 2022,Copiulemu,Tomeco,15.3,22.002,True,86.28235294117647
Mon Apr  4 06:41:56 2022,Tomeco,Copiulemu,18.016666666666666,23.649,False,78.75707678075857
Mon Apr  4 06:41:56 2022,Copiulemu,Tomeco,15.3,22.002,False,86.28235294117647
