Fecha,From,To,Tiempo (min),Distancia (km),Real Time,Velocidad promedia
Mon Sep 19 10:45:50 2022,Tomeco,Copiulemu,16.966666666666665,23.39,True,82.71512770137525
Mon Sep 19 10:45:50 2022,Copiulemu,Tomeco,15.183333333333334,22.002,True,86.94533479692646
Mon Sep 19 10:45:50 2022,Tomeco,Copiulemu,16.966666666666665,23.39,False,82.71512770137525
Mon Sep 19 10:45:50 2022,Copiulemu,Tomeco,15.183333333333334,22.002,False,86.94533479692646
