Fecha,From,To,Tiempo (min),Distancia (km),Real Time,Velocidad promedia
Mon Mar 25 14:29:04 2024,Tomeco,Copiulemu,17.45,23.48,True,80.73352435530086
Mon Mar 25 14:29:04 2024,Copiulemu,Tomeco,15.5,22.002,True,85.1690322580645
Mon Mar 25 14:29:04 2024,Tomeco,Copiulemu,17.433333333333334,23.48,False,80.81070745697896
Mon Mar 25 14:29:04 2024,Copiulemu,Tomeco,14.983333333333333,22.002,False,88.1058954393771
