Fecha,From,To,Tiempo (min),Distancia (km),Real Time,Velocidad promedia
Mon Sep 16 03:02:35 2024,Tomeco,Copiulemu,18.233333333333334,23.48,True,77.26508226691041
Mon Sep 16 03:02:35 2024,Copiulemu,Tomeco,16.283333333333335,22.002,True,81.0718526100307
Mon Sep 16 03:02:35 2024,Tomeco,Copiulemu,18.233333333333334,23.48,False,77.26508226691041
Mon Sep 16 03:02:35 2024,Copiulemu,Tomeco,16.283333333333335,22.002,False,81.0718526100307
