Fecha,From,To,Tiempo (min),Distancia (km),Real Time,Velocidad promedia
Mon Nov 18 08:41:10 2024,Tomeco,Copiulemu,17.983333333333334,23.45,True,78.23911028730305
Mon Nov 18 08:41:10 2024,Copiulemu,Tomeco,15.333333333333334,21.968,True,85.96173913043476
Mon Nov 18 08:41:10 2024,Tomeco,Copiulemu,17.983333333333334,23.45,False,78.23911028730305
Mon Nov 18 08:41:10 2024,Copiulemu,Tomeco,15.45,21.968,False,85.3126213592233
