Fecha,From,To,Tiempo (min),Distancia (km),Real Time,Velocidad promedia
Mon Sep 16 22:29:44 2024,Tomeco,Copiulemu,18.383333333333333,23.48,True,76.63463281958296
Mon Sep 16 22:29:44 2024,Copiulemu,Tomeco,15.8,22.002,True,83.5518987341772
Mon Sep 16 22:29:44 2024,Tomeco,Copiulemu,18.316666666666666,23.48,False,76.91355777979983
Mon Sep 16 22:29:44 2024,Copiulemu,Tomeco,15.733333333333333,22.002,False,83.90593220338984
