Fecha,From,To,Tiempo (min),Distancia (km),Real Time,Velocidad promedia
Mon Jan  1 07:28:12 2024,Tomeco,Copiulemu,18.183333333333334,23.39,True,77.18056828597616
Mon Jan  1 07:28:12 2024,Copiulemu,Tomeco,15.633333333333333,22.002,True,84.44264392324094
Mon Jan  1 07:28:12 2024,Tomeco,Copiulemu,18.183333333333334,23.39,False,77.18056828597616
Mon Jan  1 07:28:12 2024,Copiulemu,Tomeco,15.633333333333333,22.002,False,84.44264392324094
