Fecha,From,To,Tiempo (min),Distancia (km),Real Time,Velocidad promedia
Mon Jul  1 07:28:01 2024,Tomeco,Copiulemu,18.366666666666667,23.48,True,76.70417422867514
Mon Jul  1 07:28:01 2024,Copiulemu,Tomeco,16.816666666666666,22.002,True,78.50069375619424
Mon Jul  1 07:28:01 2024,Tomeco,Copiulemu,18.366666666666667,23.48,False,76.70417422867514
Mon Jul  1 07:28:01 2024,Copiulemu,Tomeco,15.65,22.002,False,84.35271565495206
