Fecha,From,To,Tiempo (min),Distancia (km),Real Time,Velocidad promedia
Mon Jul 11 04:06:18 2022,Tomeco,Copiulemu,17.65,23.39,True,79.51274787535412
Mon Jul 11 04:06:18 2022,Copiulemu,Tomeco,14.95,22.002,True,88.30234113712375
Mon Jul 11 04:06:18 2022,Tomeco,Copiulemu,17.35,23.39,False,80.88760806916426
Mon Jul 11 04:06:18 2022,Copiulemu,Tomeco,15.433333333333334,22.002,False,85.53693304535636
