Fecha,From,To,Tiempo (min),Distancia (km),Real Time,Velocidad promedia
Mon Apr 22 09:28:10 2024,Tomeco,Copiulemu,18.583333333333332,23.48,True,75.80986547085203
Mon Apr 22 09:28:10 2024,Copiulemu,Tomeco,15.2,22.002,True,86.85000000000001
Mon Apr 22 09:28:10 2024,Tomeco,Copiulemu,18.583333333333332,23.48,False,75.80986547085203
Mon Apr 22 09:28:10 2024,Copiulemu,Tomeco,15.2,22.002,False,86.85000000000001
