Fecha,From,To,Tiempo (min),Distancia (km),Real Time,Velocidad promedia
Mon Nov 11 23:28:58 2024,Tomeco,Copiulemu,18.2,23.45,True,77.3076923076923
Mon Nov 11 23:28:58 2024,Copiulemu,Tomeco,15.4,21.968,True,85.5896103896104
Mon Nov 11 23:28:58 2024,Tomeco,Copiulemu,18.166666666666668,23.45,False,77.44954128440367
Mon Nov 11 23:28:58 2024,Copiulemu,Tomeco,15.383333333333333,21.968,False,85.68234019501625
