Fecha,From,To,Tiempo (min),Distancia (km),Real Time,Velocidad promedia
Mon Aug  5 14:31:48 2024,Tomeco,Copiulemu,18.0,23.48,True,78.26666666666667
Mon Aug  5 14:31:48 2024,Copiulemu,Tomeco,17.033333333333335,22.002,True,77.50215264187865
Mon Aug  5 14:31:48 2024,Tomeco,Copiulemu,17.8,23.48,False,79.14606741573033
Mon Aug  5 14:31:48 2024,Copiulemu,Tomeco,16.016666666666666,22.002,False,82.4216441207076
