Fecha,From,To,Tiempo (min),Distancia (km),Real Time,Velocidad promedia
Mon Oct 21 15:35:08 2024,Tomeco,Copiulemu,18.033333333333335,23.48,True,78.12199630314232
Mon Oct 21 15:35:08 2024,Copiulemu,Tomeco,15.666666666666666,22.002,True,84.26297872340425
Mon Oct 21 15:35:08 2024,Tomeco,Copiulemu,17.966666666666665,23.48,False,78.41187384044528
Mon Oct 21 15:35:08 2024,Copiulemu,Tomeco,15.133333333333333,22.002,False,87.23259911894272
