Fecha,From,To,Tiempo (min),Distancia (km),Real Time,Velocidad promedia
Mon Sep 23 14:36:16 2024,Tomeco,Copiulemu,17.85,23.48,True,78.92436974789915
Mon Sep 23 14:36:16 2024,Copiulemu,Tomeco,15.666666666666666,22.002,True,84.26297872340425
Mon Sep 23 14:36:16 2024,Tomeco,Copiulemu,17.85,23.48,False,78.92436974789915
Mon Sep 23 14:36:16 2024,Copiulemu,Tomeco,15.85,22.002,False,83.28832807570977
