Fecha,From,To,Tiempo (min),Distancia (km),Real Time,Velocidad promedia
Mon Oct 28 12:56:15 2024,Tomeco,Copiulemu,18.083333333333332,23.45,True,77.80645161290323
Mon Oct 28 12:56:15 2024,Copiulemu,Tomeco,15.1,21.968,True,87.29006622516557
Mon Oct 28 12:56:15 2024,Tomeco,Copiulemu,17.833333333333332,23.45,False,78.89719626168224
Mon Oct 28 12:56:15 2024,Copiulemu,Tomeco,15.083333333333334,21.968,False,87.38651933701658
