Fecha,From,To,Tiempo (min),Distancia (km),Real Time,Velocidad promedia
Mon Aug 15 16:55:08 2022,Tomeco,Copiulemu,17.516666666666666,23.39,True,80.11798287345385
Mon Aug 15 16:55:08 2022,Copiulemu,Tomeco,15.583333333333334,22.002,True,84.71358288770053
Mon Aug 15 16:55:08 2022,Tomeco,Copiulemu,16.866666666666667,23.39,False,83.20553359683794
Mon Aug 15 16:55:08 2022,Copiulemu,Tomeco,15.633333333333333,22.002,False,84.44264392324094
