Fecha,From,To,Tiempo (min),Distancia (km),Real Time,Velocidad promedia
Mon Apr  1 18:30:02 2024,Tomeco,Copiulemu,17.7,23.48,True,79.59322033898306
Mon Apr  1 18:30:02 2024,Copiulemu,Tomeco,14.983333333333333,22.002,True,88.1058954393771
Mon Apr  1 18:30:02 2024,Tomeco,Copiulemu,17.7,23.48,False,79.59322033898306
Mon Apr  1 18:30:02 2024,Copiulemu,Tomeco,14.933333333333334,22.002,False,88.40089285714285
