Fecha,From,To,Tiempo (min),Distancia (km),Real Time,Velocidad promedia
Mon Aug 15 19:29:23 2022,Tomeco,Copiulemu,19.716666666666665,23.39,True,71.17836010143704
Mon Aug 15 19:29:23 2022,Copiulemu,Tomeco,15.616666666666667,22.002,True,84.53276414087513
Mon Aug 15 19:29:23 2022,Tomeco,Copiulemu,17.333333333333332,23.39,False,80.96538461538462
Mon Aug 15 19:29:23 2022,Copiulemu,Tomeco,14.966666666666667,22.002,False,88.20400890868596
