Fecha,From,To,Tiempo (min),Distancia (km),Real Time,Velocidad promedia
Mon Oct  7 03:40:38 2024,Tomeco,Copiulemu,18.366666666666667,23.48,True,76.70417422867514
Mon Oct  7 03:40:38 2024,Copiulemu,Tomeco,15.5,22.002,True,85.1690322580645
Mon Oct  7 03:40:38 2024,Tomeco,Copiulemu,18.35,23.48,False,76.77384196185285
Mon Oct  7 03:40:38 2024,Copiulemu,Tomeco,15.5,22.002,False,85.1690322580645
