Fecha,From,To,Tiempo (min),Distancia (km),Real Time,Velocidad promedia
Mon Nov 11 14:35:40 2024,Tomeco,Copiulemu,17.8,23.45,True,79.04494382022472
Mon Nov 11 14:35:40 2024,Copiulemu,Tomeco,15.566666666666666,21.968,True,84.67323340471093
Mon Nov 11 14:35:40 2024,Tomeco,Copiulemu,17.65,23.45,False,79.71671388101984
Mon Nov 11 14:35:40 2024,Copiulemu,Tomeco,15.316666666666666,21.968,False,86.05527747551687
