Fecha,From,To,Tiempo (min),Distancia (km),Real Time,Velocidad promedia
Mon Aug 26 19:28:00 2024,Tomeco,Copiulemu,18.35,23.48,True,76.77384196185285
Mon Aug 26 19:28:00 2024,Copiulemu,Tomeco,15.566666666666666,22.002,True,84.80428265524625
Mon Aug 26 19:28:00 2024,Tomeco,Copiulemu,17.55,23.48,False,80.27350427350426
Mon Aug 26 19:28:00 2024,Copiulemu,Tomeco,15.566666666666666,22.002,False,84.80428265524625
