Fecha,From,To,Tiempo (min),Distancia (km),Real Time,Velocidad promedia
Mon May 16 05:38:52 2022,Tomeco,Copiulemu,18.15,23.39,True,77.32231404958678
Mon May 16 05:38:52 2022,Copiulemu,Tomeco,15.716666666666667,22.002,True,83.99490986214211
Mon May 16 05:38:52 2022,Tomeco,Copiulemu,18.15,23.39,False,77.32231404958678
Mon May 16 05:38:52 2022,Copiulemu,Tomeco,15.716666666666667,22.002,False,83.99490986214211
