Fecha,From,To,Tiempo (min),Distancia (km),Real Time,Velocidad promedia
Mon Jul  8 15:29:41 2024,Tomeco,Copiulemu,18.3,23.48,True,76.98360655737706
Mon Jul  8 15:29:41 2024,Copiulemu,Tomeco,16.083333333333332,22.002,True,82.08
Mon Jul  8 15:29:41 2024,Tomeco,Copiulemu,18.033333333333335,23.48,False,78.12199630314232
Mon Jul  8 15:29:41 2024,Copiulemu,Tomeco,15.916666666666666,22.002,False,82.93947643979057
