Fecha,From,To,Tiempo (min),Distancia (km),Real Time,Velocidad promedia
Mon Jul 15 21:28:08 2024,Tomeco,Copiulemu,18.216666666666665,23.48,True,77.33577310155536
Mon Jul 15 21:28:08 2024,Copiulemu,Tomeco,16.133333333333333,22.002,True,81.82561983471074
Mon Jul 15 21:28:08 2024,Tomeco,Copiulemu,18.233333333333334,23.48,False,77.26508226691041
Mon Jul 15 21:28:08 2024,Copiulemu,Tomeco,16.6,22.002,False,79.52530120481927
