Fecha,From,To,Tiempo (min),Distancia (km),Real Time,Velocidad promedia
Mon Feb  5 11:28:00 2024,Tomeco,Copiulemu,19.483333333333334,23.48,True,72.30795551753636
Mon Feb  5 11:28:00 2024,Copiulemu,Tomeco,15.066666666666666,22.002,True,87.61858407079646
Mon Feb  5 11:28:00 2024,Tomeco,Copiulemu,17.35,23.48,False,81.19884726224784
Mon Feb  5 11:28:00 2024,Copiulemu,Tomeco,15.066666666666666,22.002,False,87.61858407079646
