Fecha,From,To,Tiempo (min),Distancia (km),Real Time,Velocidad promedia
Mon Aug  5 08:34:54 2024,Tomeco,Copiulemu,18.35,23.48,True,76.77384196185285
Mon Aug  5 08:34:54 2024,Copiulemu,Tomeco,15.983333333333333,22.002,True,82.59353493222106
Mon Aug  5 08:34:54 2024,Tomeco,Copiulemu,18.35,23.48,False,76.77384196185285
Mon Aug  5 08:34:54 2024,Copiulemu,Tomeco,15.983333333333333,22.002,False,82.59353493222106
