Fecha,From,To,Tiempo (min),Distancia (km),Real Time,Velocidad promedia
Mon May 13 10:31:59 2024,Tomeco,Copiulemu,17.55,23.48,True,80.27350427350426
Mon May 13 10:31:59 2024,Copiulemu,Tomeco,16.366666666666667,22.002,True,80.65906313645621
Mon May 13 10:31:59 2024,Tomeco,Copiulemu,17.566666666666666,23.48,False,80.19734345351044
Mon May 13 10:31:59 2024,Copiulemu,Tomeco,15.416666666666666,22.002,False,85.62940540540541
