Fecha,From,To,Tiempo (min),Distancia (km),Real Time,Velocidad promedia
Mon May  9 06:44:20 2022,Tomeco,Copiulemu,17.116666666666667,23.39,True,81.9902629016553
Mon May  9 06:44:20 2022,Copiulemu,Tomeco,15.416666666666666,22.002,True,85.62940540540541
Mon May  9 06:44:20 2022,Tomeco,Copiulemu,18.616666666666667,23.39,False,75.38406445837064
Mon May  9 06:44:20 2022,Copiulemu,Tomeco,15.416666666666666,22.002,False,85.62940540540541
