Fecha,From,To,Tiempo (min),Distancia (km),Real Time,Velocidad promedia
Mon Dec 25 17:28:05 2023,Tomeco,Copiulemu,17.333333333333332,23.39,True,80.96538461538462
Mon Dec 25 17:28:05 2023,Copiulemu,Tomeco,15.666666666666666,22.002,True,84.26297872340425
Mon Dec 25 17:28:05 2023,Tomeco,Copiulemu,17.333333333333332,23.39,False,80.96538461538462
Mon Dec 25 17:28:05 2023,Copiulemu,Tomeco,15.583333333333334,22.002,False,84.71358288770053
