Fecha,From,To,Tiempo (min),Distancia (km),Real Time,Velocidad promedia
Mon Jul  4 17:37:38 2022,Tomeco,Copiulemu,17.466666666666665,23.39,True,80.34732824427482
Mon Jul  4 17:37:38 2022,Copiulemu,Tomeco,14.9,22.002,True,88.59865771812079
Mon Jul  4 17:37:38 2022,Tomeco,Copiulemu,16.466666666666665,23.39,False,85.22672064777329
Mon Jul  4 17:37:38 2022,Copiulemu,Tomeco,14.85,22.002,False,88.89696969696969
