Fecha,From,To,Tiempo (min),Distancia (km),Real Time,Velocidad promedia
Mon Jul  1 17:30:40 2024,Tomeco,Copiulemu,17.516666666666666,23.48,True,80.42626070409135
Mon Jul  1 17:30:40 2024,Copiulemu,Tomeco,15.7,22.002,True,84.08407643312101
Mon Jul  1 17:30:40 2024,Tomeco,Copiulemu,17.366666666666667,23.48,False,81.12092130518234
Mon Jul  1 17:30:40 2024,Copiulemu,Tomeco,15.666666666666666,22.002,False,84.26297872340425
