Fecha,From,To,Tiempo (min),Distancia (km),Real Time,Velocidad promedia
Mon Jul  8 02:44:59 2024,Tomeco,Copiulemu,17.666666666666668,23.48,True,79.74339622641509
Mon Jul  8 02:44:59 2024,Copiulemu,Tomeco,15.616666666666667,22.002,True,84.53276414087513
Mon Jul  8 02:44:59 2024,Tomeco,Copiulemu,17.616666666666667,23.48,False,79.96972563859981
Mon Jul  8 02:44:59 2024,Copiulemu,Tomeco,15.516666666666667,22.002,False,85.07755102040815
