Fecha,From,To,Tiempo (min),Distancia (km),Real Time,Velocidad promedia
Mon May 30 10:40:09 2022,Tomeco,Copiulemu,16.6,23.39,True,84.5421686746988
Mon May 30 10:40:09 2022,Copiulemu,Tomeco,14.983333333333333,22.002,True,88.1058954393771
Mon May 30 10:40:09 2022,Tomeco,Copiulemu,16.4,23.39,False,85.57317073170732
Mon May 30 10:40:09 2022,Copiulemu,Tomeco,14.983333333333333,22.002,False,88.1058954393771
