Fecha,From,To,Tiempo (min),Distancia (km),Real Time,Velocidad promedia
Mon Aug  5 18:37:05 2024,Tomeco,Copiulemu,18.15,23.48,True,77.6198347107438
Mon Aug  5 18:37:05 2024,Copiulemu,Tomeco,15.716666666666667,22.002,True,83.99490986214211
Mon Aug  5 18:37:05 2024,Tomeco,Copiulemu,18.15,23.48,False,77.6198347107438
Mon Aug  5 18:37:05 2024,Copiulemu,Tomeco,15.7,22.002,False,84.08407643312101
