Fecha,From,To,Tiempo (min),Distancia (km),Real Time,Velocidad promedia
Mon Jun 20 23:33:23 2022,Tomeco,Copiulemu,17.666666666666668,23.39,True,79.43773584905661
Mon Jun 20 23:33:23 2022,Copiulemu,Tomeco,15.866666666666667,22.002,True,83.20084033613446
Mon Jun 20 23:33:23 2022,Tomeco,Copiulemu,17.0,23.39,False,82.5529411764706
Mon Jun 20 23:33:23 2022,Copiulemu,Tomeco,15.083333333333334,22.002,False,87.5217679558011
