Fecha,From,To,Tiempo (min),Distancia (km),Real Time,Velocidad promedia
Mon Oct 14 03:41:34 2024,Tomeco,Copiulemu,18.35,23.48,True,76.77384196185285
Mon Oct 14 03:41:34 2024,Copiulemu,Tomeco,15.5,22.002,True,85.1690322580645
Mon Oct 14 03:41:34 2024,Tomeco,Copiulemu,18.316666666666666,23.48,False,76.91355777979983
Mon Oct 14 03:41:34 2024,Copiulemu,Tomeco,15.783333333333333,22.002,False,83.64012671594509
