Fecha,From,To,Tiempo (min),Distancia (km),Real Time,Velocidad promedia
Mon May 20 12:47:12 2024,Tomeco,Copiulemu,17.783333333333335,23.48,True,79.22024367385191
Mon May 20 12:47:12 2024,Copiulemu,Tomeco,15.033333333333333,22.002,True,87.81286031042129
Mon May 20 12:47:12 2024,Tomeco,Copiulemu,17.416666666666668,23.48,False,80.88803827751195
Mon May 20 12:47:12 2024,Copiulemu,Tomeco,14.966666666666667,22.002,False,88.20400890868596
