Fecha,From,To,Tiempo (min),Distancia (km),Real Time,Velocidad promedia
Mon Jun 17 21:28:00 2024,Tomeco,Copiulemu,18.016666666666666,23.48,True,78.19426456984274
Mon Jun 17 21:28:00 2024,Copiulemu,Tomeco,15.633333333333333,22.002,True,84.44264392324094
Mon Jun 17 21:28:00 2024,Tomeco,Copiulemu,18.016666666666666,23.48,False,78.19426456984274
Mon Jun 17 21:28:00 2024,Copiulemu,Tomeco,15.633333333333333,22.002,False,84.44264392324094
