Fecha,From,To,Tiempo (min),Distancia (km),Real Time,Velocidad promedia
Mon Jul 29 15:31:07 2024,Tomeco,Copiulemu,18.633333333333333,23.48,True,75.60644007155636
Mon Jul 29 15:31:07 2024,Copiulemu,Tomeco,15.833333333333334,22.002,True,83.37599999999999
Mon Jul 29 15:31:07 2024,Tomeco,Copiulemu,17.983333333333334,23.48,False,78.33920296570899
Mon Jul 29 15:31:07 2024,Copiulemu,Tomeco,15.783333333333333,22.002,False,83.64012671594509
