Fecha,From,To,Tiempo (min),Distancia (km),Real Time,Velocidad promedia
Mon Jun  3 09:28:47 2024,Tomeco,Copiulemu,18.283333333333335,23.48,True,77.05378304466727
Mon Jun  3 09:28:47 2024,Copiulemu,Tomeco,15.033333333333333,22.002,True,87.81286031042129
Mon Jun  3 09:28:47 2024,Tomeco,Copiulemu,18.283333333333335,23.48,False,77.05378304466727
Mon Jun  3 09:28:47 2024,Copiulemu,Tomeco,15.033333333333333,22.002,False,87.81286031042129
