Fecha,From,To,Tiempo (min),Distancia (km),Real Time,Velocidad promedia
Mon Aug 26 01:46:34 2024,Tomeco,Copiulemu,18.533333333333335,23.48,True,76.01438848920863
Mon Aug 26 01:46:34 2024,Copiulemu,Tomeco,15.933333333333334,22.002,True,82.85271966527196
Mon Aug 26 01:46:34 2024,Tomeco,Copiulemu,17.866666666666667,23.48,False,78.8507462686567
Mon Aug 26 01:46:34 2024,Copiulemu,Tomeco,15.933333333333334,22.002,False,82.85271966527196
