Fecha,From,To,Tiempo (min),Distancia (km),Real Time,Velocidad promedia
Mon Sep 12 17:46:00 2022,Tomeco,Copiulemu,16.95,23.39,True,82.79646017699116
Mon Sep 12 17:46:00 2022,Copiulemu,Tomeco,15.383333333333333,22.002,True,85.81495124593715
Mon Sep 12 17:46:00 2022,Tomeco,Copiulemu,16.95,23.39,False,82.79646017699116
Mon Sep 12 17:46:00 2022,Copiulemu,Tomeco,15.216666666666667,22.002,False,86.75487404162102
