Fecha,From,To,Tiempo (min),Distancia (km),Real Time,Velocidad promedia
Mon Apr  1 01:36:52 2024,Tomeco,Copiulemu,25.733333333333334,23.48,True,54.7461139896373
Mon Apr  1 01:36:52 2024,Copiulemu,Tomeco,17.0,22.002,True,77.65411764705883
Mon Apr  1 01:36:52 2024,Tomeco,Copiulemu,20.683333333333334,23.48,False,68.11281224818696
Mon Apr  1 01:36:52 2024,Copiulemu,Tomeco,19.1,22.002,False,69.11623036649213
