Fecha,From,To,Tiempo (min),Distancia (km),Real Time,Velocidad promedia
Mon Dec 11 13:30:18 2023,Tomeco,Copiulemu,16.983333333333334,23.39,True,82.63395485770363
Mon Dec 11 13:30:18 2023,Copiulemu,Tomeco,14.816666666666666,21.461,True,86.90618672665916
Mon Dec 11 13:30:18 2023,Tomeco,Copiulemu,16.983333333333334,23.39,False,82.63395485770363
Mon Dec 11 13:30:18 2023,Copiulemu,Tomeco,14.533333333333333,21.461,False,88.60045871559632
