Fecha,From,To,Tiempo (min),Distancia (km),Real Time,Velocidad promedia
Mon Nov 11 15:31:53 2024,Tomeco,Copiulemu,17.85,23.45,True,78.8235294117647
Mon Nov 11 15:31:53 2024,Copiulemu,Tomeco,15.35,21.968,True,85.8684039087948
Mon Nov 11 15:31:53 2024,Tomeco,Copiulemu,17.85,23.45,False,78.8235294117647
Mon Nov 11 15:31:53 2024,Copiulemu,Tomeco,15.316666666666666,21.968,False,86.05527747551687
