Fecha,From,To,Tiempo (min),Distancia (km),Real Time,Velocidad promedia
Mon Apr  4 07:32:08 2022,Tomeco,Copiulemu,18.066666666666666,23.649,True,78.53911439114391
Mon Apr  4 07:32:08 2022,Copiulemu,Tomeco,15.183333333333334,22.002,True,86.94533479692646
Mon Apr  4 07:32:08 2022,Tomeco,Copiulemu,18.066666666666666,23.649,False,78.53911439114391
Mon Apr  4 07:32:08 2022,Copiulemu,Tomeco,15.183333333333334,22.002,False,86.94533479692646
