Fecha,From,To,Tiempo (min),Distancia (km),Real Time,Velocidad promedia
Mon Jun 10 20:28:28 2024,Tomeco,Copiulemu,18.333333333333332,23.48,True,76.84363636363638
Mon Jun 10 20:28:28 2024,Copiulemu,Tomeco,15.166666666666666,22.002,True,87.04087912087913
Mon Jun 10 20:28:28 2024,Tomeco,Copiulemu,18.166666666666668,23.48,False,77.548623853211
Mon Jun 10 20:28:28 2024,Copiulemu,Tomeco,15.166666666666666,22.002,False,87.04087912087913
