Fecha,From,To,Tiempo (min),Distancia (km),Real Time,Velocidad promedia
Mon May  6 06:33:17 2024,Tomeco,Copiulemu,17.766666666666666,23.48,True,79.29455909943715
Mon May  6 06:33:17 2024,Copiulemu,Tomeco,15.516666666666667,22.002,True,85.07755102040815
Mon May  6 06:33:17 2024,Tomeco,Copiulemu,17.766666666666666,23.48,False,79.29455909943715
Mon May  6 06:33:17 2024,Copiulemu,Tomeco,15.233333333333333,22.002,False,86.65995623632385
