Fecha,From,To,Tiempo (min),Distancia (km),Real Time,Velocidad promedia
Mon Oct 21 23:31:04 2024,Tomeco,Copiulemu,18.45,23.48,True,76.35772357723577
Mon Oct 21 23:31:04 2024,Copiulemu,Tomeco,15.35,22.002,True,86.0013029315961
Mon Oct 21 23:31:04 2024,Tomeco,Copiulemu,18.416666666666668,23.48,False,76.49592760180995
Mon Oct 21 23:31:04 2024,Copiulemu,Tomeco,15.333333333333334,22.002,False,86.09478260869564
