Fecha,From,To,Tiempo (min),Distancia (km),Real Time,Velocidad promedia
Mon Apr  8 20:28:37 2024,Tomeco,Copiulemu,18.033333333333335,23.48,True,78.12199630314232
Mon Apr  8 20:28:37 2024,Copiulemu,Tomeco,15.15,22.002,True,87.13663366336633
Mon Apr  8 20:28:37 2024,Tomeco,Copiulemu,18.0,23.48,False,78.26666666666667
Mon Apr  8 20:28:37 2024,Copiulemu,Tomeco,14.983333333333333,22.002,False,88.1058954393771
