Fecha,From,To,Tiempo (min),Distancia (km),Real Time,Velocidad promedia
Mon Jan 15 12:47:12 2024,Tomeco,Copiulemu,17.883333333333333,23.48,True,78.77726001863932
Mon Jan 15 12:47:12 2024,Copiulemu,Tomeco,15.05,22.002,True,87.71561461794019
Mon Jan 15 12:47:12 2024,Tomeco,Copiulemu,17.733333333333334,23.48,False,79.44360902255639
Mon Jan 15 12:47:12 2024,Copiulemu,Tomeco,16.016666666666666,22.002,False,82.4216441207076
