Fecha,From,To,Tiempo (min),Distancia (km),Real Time,Velocidad promedia
Mon Mar 14 21:31:01 2022,Tomeco,Copiulemu,20.316666666666666,23.39,True,69.07629204265793
Mon Mar 14 21:31:01 2022,Copiulemu,Tomeco,15.85,22.002,True,83.28832807570977
Mon Mar 14 21:31:01 2022,Tomeco,Copiulemu,19.383333333333333,23.39,False,72.402407566638
Mon Mar 14 21:31:01 2022,Copiulemu,Tomeco,16.233333333333334,22.002,False,81.32156057494866
