Fecha,From,To,Tiempo (min),Distancia (km),Real Time,Velocidad promedia
Mon Sep 18 23:28:10 2023,Tomeco,Copiulemu,17.566666666666666,23.39,True,79.88994307400381
Mon Sep 18 23:28:10 2023,Copiulemu,Tomeco,15.783333333333333,22.002,True,83.64012671594509
Mon Sep 18 23:28:10 2023,Tomeco,Copiulemu,17.533333333333335,23.39,False,80.04182509505702
Mon Sep 18 23:28:10 2023,Copiulemu,Tomeco,15.25,22.002,False,86.56524590163934
