Fecha,From,To,Tiempo (min),Distancia (km),Real Time,Velocidad promedia
Mon Sep 25 23:28:16 2023,Tomeco,Copiulemu,18.283333333333335,23.39,True,76.7584320875114
Mon Sep 25 23:28:16 2023,Copiulemu,Tomeco,16.583333333333332,22.002,True,79.60522613065328
Mon Sep 25 23:28:16 2023,Tomeco,Copiulemu,17.783333333333335,23.39,False,78.91658856607309
Mon Sep 25 23:28:16 2023,Copiulemu,Tomeco,16.55,22.002,False,79.76555891238671
