Fecha,From,To,Tiempo (min),Distancia (km),Real Time,Velocidad promedia
Mon Aug 29 11:32:48 2022,Tomeco,Copiulemu,16.866666666666667,23.39,True,83.20553359683794
Mon Aug 29 11:32:48 2022,Copiulemu,Tomeco,15.283333333333333,22.002,True,86.37644492911667
Mon Aug 29 11:32:48 2022,Tomeco,Copiulemu,16.766666666666666,23.39,False,83.70178926441352
Mon Aug 29 11:32:48 2022,Copiulemu,Tomeco,14.833333333333334,22.002,False,88.99685393258426
