Fecha,From,To,Tiempo (min),Distancia (km),Real Time,Velocidad promedia
Mon Sep  4 06:31:42 2023,Tomeco,Copiulemu,17.7,23.39,True,79.28813559322035
Mon Sep  4 06:31:42 2023,Copiulemu,Tomeco,15.033333333333333,22.002,True,87.81286031042129
Mon Sep  4 06:31:42 2023,Tomeco,Copiulemu,17.7,23.39,False,79.28813559322035
Mon Sep  4 06:31:42 2023,Copiulemu,Tomeco,15.033333333333333,22.002,False,87.81286031042129
