Fecha,From,To,Tiempo (min),Distancia (km),Real Time,Velocidad promedia
Mon Nov 27 15:28:30 2023,Tomeco,Copiulemu,17.383333333333333,23.39,True,80.73250239693193
Mon Nov 27 15:28:30 2023,Copiulemu,Tomeco,15.216666666666667,22.002,True,86.75487404162102
Mon Nov 27 15:28:30 2023,Tomeco,Copiulemu,16.916666666666668,23.39,False,82.95960591133006
Mon Nov 27 15:28:30 2023,Copiulemu,Tomeco,14.933333333333334,22.002,False,88.40089285714285
