Fecha,From,To,Tiempo (min),Distancia (km),Real Time,Velocidad promedia
Mon Nov  6 07:28:02 2023,Tomeco,Copiulemu,17.783333333333335,23.39,True,78.91658856607309
Mon Nov  6 07:28:02 2023,Copiulemu,Tomeco,14.916666666666666,22.002,True,88.49966480446928
Mon Nov  6 07:28:02 2023,Tomeco,Copiulemu,17.783333333333335,23.39,False,78.91658856607309
Mon Nov  6 07:28:02 2023,Copiulemu,Tomeco,14.916666666666666,22.002,False,88.49966480446928
