Fecha,From,To,Tiempo (min),Distancia (km),Real Time,Velocidad promedia
Mon Aug  8 19:29:44 2022,Tomeco,Copiulemu,16.9,23.39,True,83.04142011834321
Mon Aug  8 19:29:44 2022,Copiulemu,Tomeco,15.983333333333333,22.002,True,82.59353493222106
Mon Aug  8 19:29:44 2022,Tomeco,Copiulemu,16.7,23.39,False,84.03592814371258
Mon Aug  8 19:29:44 2022,Copiulemu,Tomeco,14.9,22.002,False,88.59865771812079
