Fecha,From,To,Tiempo (min),Distancia (km),Real Time,Velocidad promedia
Mon Sep 12 11:35:10 2022,Tomeco,Copiulemu,16.633333333333333,23.39,True,84.37274549098197
Mon Sep 12 11:35:10 2022,Copiulemu,Tomeco,15.15,22.002,True,87.13663366336633
Mon Sep 12 11:35:10 2022,Tomeco,Copiulemu,16.633333333333333,23.39,False,84.37274549098197
Mon Sep 12 11:35:10 2022,Copiulemu,Tomeco,14.916666666666666,22.002,False,88.49966480446928
