Fecha,From,To,Tiempo (min),Distancia (km),Real Time,Velocidad promedia
Mon Jun  6 13:51:57 2022,Tomeco,Copiulemu,16.766666666666666,23.39,True,83.70178926441352
Mon Jun  6 13:51:57 2022,Copiulemu,Tomeco,14.95,22.002,True,88.30234113712375
Mon Jun  6 13:51:57 2022,Tomeco,Copiulemu,16.55,23.39,False,84.797583081571
Mon Jun  6 13:51:57 2022,Copiulemu,Tomeco,14.833333333333334,22.002,False,88.99685393258426
