Fecha,From,To,Tiempo (min),Distancia (km),Real Time,Velocidad promedia
Mon Jan 22 05:31:02 2024,Tomeco,Copiulemu,18.516666666666666,23.48,True,76.08280828082809
Mon Jan 22 05:31:02 2024,Copiulemu,Tomeco,15.633333333333333,22.002,True,84.44264392324094
Mon Jan 22 05:31:02 2024,Tomeco,Copiulemu,18.516666666666666,23.48,False,76.08280828082809
Mon Jan 22 05:31:02 2024,Copiulemu,Tomeco,16.35,22.002,False,80.74128440366971
