Fecha,From,To,Tiempo (min),Distancia (km),Real Time,Velocidad promedia
Mon Aug  8 13:07:32 2022,Tomeco,Copiulemu,16.533333333333335,23.39,True,84.88306451612902
Mon Aug  8 13:07:32 2022,Copiulemu,Tomeco,14.816666666666666,22.002,True,89.09696287964005
Mon Aug  8 13:07:32 2022,Tomeco,Copiulemu,16.516666666666666,23.39,False,84.96871846619577
Mon Aug  8 13:07:32 2022,Copiulemu,Tomeco,14.816666666666666,22.002,False,89.09696287964005
