Fecha,From,To,Tiempo (min),Distancia (km),Real Time,Velocidad promedia
Mon Apr 11 15:38:33 2022,Tomeco,Copiulemu,17.533333333333335,23.649,True,80.92813688212927
Mon Apr 11 15:38:33 2022,Copiulemu,Tomeco,15.083333333333334,22.002,True,87.5217679558011
Mon Apr 11 15:38:33 2022,Tomeco,Copiulemu,17.533333333333335,23.649,False,80.92813688212927
Mon Apr 11 15:38:33 2022,Copiulemu,Tomeco,14.933333333333334,22.002,False,88.40089285714285
