Fecha,From,To,Tiempo (min),Distancia (km),Real Time,Velocidad promedia
Mon Oct 21 19:28:12 2024,Tomeco,Copiulemu,17.983333333333334,23.48,True,78.33920296570899
Mon Oct 21 19:28:12 2024,Copiulemu,Tomeco,15.833333333333334,22.002,True,83.37599999999999
Mon Oct 21 19:28:12 2024,Tomeco,Copiulemu,17.85,23.48,False,78.92436974789915
Mon Oct 21 19:28:12 2024,Copiulemu,Tomeco,15.25,22.002,False,86.56524590163934
