Fecha,From,To,Tiempo (min),Distancia (km),Real Time,Velocidad promedia
Mon Aug 26 06:39:19 2024,Tomeco,Copiulemu,18.183333333333334,23.48,True,77.47754353803849
Mon Aug 26 06:39:19 2024,Copiulemu,Tomeco,15.966666666666667,22.002,True,82.67974947807932
Mon Aug 26 06:39:19 2024,Tomeco,Copiulemu,18.183333333333334,23.48,False,77.47754353803849
Mon Aug 26 06:39:19 2024,Copiulemu,Tomeco,15.966666666666667,22.002,False,82.67974947807932
