Fecha,From,To,Tiempo (min),Distancia (km),Real Time,Velocidad promedia
Mon Jul 22 08:36:29 2024,Tomeco,Copiulemu,18.45,23.48,True,76.35772357723577
Mon Jul 22 08:36:29 2024,Copiulemu,Tomeco,15.933333333333334,22.002,True,82.85271966527196
Mon Jul 22 08:36:29 2024,Tomeco,Copiulemu,18.45,23.48,False,76.35772357723577
Mon Jul 22 08:36:29 2024,Copiulemu,Tomeco,15.933333333333334,22.002,False,82.85271966527196
