Fecha,From,To,Tiempo (min),Distancia (km),Real Time,Velocidad promedia
Mon Oct 21 03:04:08 2024,Tomeco,Copiulemu,18.483333333333334,23.48,True,76.2200180342651
Mon Oct 21 03:04:08 2024,Copiulemu,Tomeco,16.25,22.002,True,81.23815384615385
Mon Oct 21 03:04:08 2024,Tomeco,Copiulemu,18.383333333333333,23.48,False,76.63463281958296
Mon Oct 21 03:04:08 2024,Copiulemu,Tomeco,16.166666666666668,22.002,False,81.65690721649483
