Fecha,From,To,Tiempo (min),Distancia (km),Real Time,Velocidad promedia
Mon Mar 18 07:28:02 2024,Tomeco,Copiulemu,18.016666666666666,23.48,True,78.19426456984274
Mon Mar 18 07:28:02 2024,Copiulemu,Tomeco,15.383333333333333,22.002,True,85.81495124593715
Mon Mar 18 07:28:02 2024,Tomeco,Copiulemu,18.016666666666666,23.48,False,78.19426456984274
Mon Mar 18 07:28:02 2024,Copiulemu,Tomeco,15.383333333333333,22.002,False,85.81495124593715
