Fecha,From,To,Tiempo (min),Distancia (km),Real Time,Velocidad promedia
Mon Sep  2 21:28:12 2024,Tomeco,Copiulemu,19.95,23.48,True,70.61654135338347
Mon Sep  2 21:28:12 2024,Copiulemu,Tomeco,15.266666666666667,22.002,True,86.47074235807858
Mon Sep  2 21:28:12 2024,Tomeco,Copiulemu,17.883333333333333,23.48,False,78.77726001863932
Mon Sep  2 21:28:12 2024,Copiulemu,Tomeco,15.266666666666667,22.002,False,86.47074235807858
