Fecha,From,To,Tiempo (min),Distancia (km),Real Time,Velocidad promedia
Mon Nov 11 05:35:38 2024,Tomeco,Copiulemu,18.266666666666666,23.45,True,77.02554744525548
Mon Nov 11 05:35:38 2024,Copiulemu,Tomeco,15.433333333333334,21.968,True,85.40475161987041
Mon Nov 11 05:35:38 2024,Tomeco,Copiulemu,18.266666666666666,23.45,False,77.02554744525548
Mon Nov 11 05:35:38 2024,Copiulemu,Tomeco,15.433333333333334,21.968,False,85.40475161987041
