Fecha,From,To,Tiempo (min),Distancia (km),Real Time,Velocidad promedia
Mon Sep  5 13:56:19 2022,Tomeco,Copiulemu,16.883333333333333,23.39,True,83.12339585389932
Mon Sep  5 13:56:19 2022,Copiulemu,Tomeco,14.716666666666667,22.002,True,89.70237825594563
Mon Sep  5 13:56:19 2022,Tomeco,Copiulemu,16.883333333333333,23.39,False,83.12339585389932
Mon Sep  5 13:56:19 2022,Copiulemu,Tomeco,14.716666666666667,22.002,False,89.70237825594563
