Fecha,From,To,Tiempo (min),Distancia (km),Real Time,Velocidad promedia
Mon Aug 19 01:46:35 2024,Tomeco,Copiulemu,18.583333333333332,23.48,True,75.80986547085203
Mon Aug 19 01:46:35 2024,Copiulemu,Tomeco,16.0,22.002,True,82.5075
Mon Aug 19 01:46:35 2024,Tomeco,Copiulemu,17.7,23.48,False,79.59322033898306
Mon Aug 19 01:46:35 2024,Copiulemu,Tomeco,15.983333333333333,22.002,False,82.59353493222106
