Fecha,From,To,Tiempo (min),Distancia (km),Real Time,Velocidad promedia
Mon Oct  9 14:31:16 2023,Tomeco,Copiulemu,17.333333333333332,23.39,True,80.96538461538462
Mon Oct  9 14:31:16 2023,Copiulemu,Tomeco,15.6,21.461,True,82.54230769230769
Mon Oct  9 14:31:16 2023,Tomeco,Copiulemu,17.316666666666666,23.39,False,81.04331087584217
Mon Oct  9 14:31:16 2023,Copiulemu,Tomeco,14.866666666666667,21.461,False,86.61390134529147
