Fecha,From,To,Tiempo (min),Distancia (km),Real Time,Velocidad promedia
Mon Nov 27 06:32:51 2023,Tomeco,Copiulemu,17.533333333333335,23.39,True,80.04182509505702
Mon Nov 27 06:32:51 2023,Copiulemu,Tomeco,15.283333333333333,22.002,True,86.37644492911667
Mon Nov 27 06:32:51 2023,Tomeco,Copiulemu,17.533333333333335,23.39,False,80.04182509505702
Mon Nov 27 06:32:51 2023,Copiulemu,Tomeco,15.283333333333333,22.002,False,86.37644492911667
