Fecha,From,To,Tiempo (min),Distancia (km),Real Time,Velocidad promedia
Mon May 30 05:40:32 2022,Tomeco,Copiulemu,18.05,23.39,True,77.75069252077563
Mon May 30 05:40:32 2022,Copiulemu,Tomeco,15.516666666666667,22.002,True,85.07755102040815
Mon May 30 05:40:32 2022,Tomeco,Copiulemu,18.016666666666666,23.39,False,77.89454209065681
Mon May 30 05:40:32 2022,Copiulemu,Tomeco,15.516666666666667,22.002,False,85.07755102040815
