Fecha,From,To,Tiempo (min),Distancia (km),Real Time,Velocidad promedia
Mon Mar 14 08:37:33 2022,Tomeco,Copiulemu,17.966666666666665,23.39,True,78.11131725417441
Mon Mar 14 08:37:33 2022,Copiulemu,Tomeco,15.016666666666667,22.002,True,87.91032186459489
Mon Mar 14 08:37:33 2022,Tomeco,Copiulemu,17.6,23.39,False,79.73863636363636
Mon Mar 14 08:37:33 2022,Copiulemu,Tomeco,15.033333333333333,22.002,False,87.81286031042129
