Fecha,From,To,Tiempo (min),Distancia (km),Real Time,Velocidad promedia
Mon Jun 10 09:30:02 2024,Tomeco,Copiulemu,18.55,23.48,True,75.94609164420484
Mon Jun 10 09:30:02 2024,Copiulemu,Tomeco,14.866666666666667,22.002,True,88.79730941704035
Mon Jun 10 09:30:02 2024,Tomeco,Copiulemu,18.55,23.48,False,75.94609164420484
Mon Jun 10 09:30:02 2024,Copiulemu,Tomeco,14.866666666666667,22.002,False,88.79730941704035
