Fecha,From,To,Tiempo (min),Distancia (km),Real Time,Velocidad promedia
Mon Sep 30 04:38:36 2024,Tomeco,Copiulemu,18.416666666666668,23.512,True,76.60018099547511
Mon Sep 30 04:38:36 2024,Copiulemu,Tomeco,15.566666666666666,22.002,True,84.80428265524625
Mon Sep 30 04:38:36 2024,Tomeco,Copiulemu,18.416666666666668,23.512,False,76.60018099547511
Mon Sep 30 04:38:36 2024,Copiulemu,Tomeco,15.583333333333334,22.002,False,84.71358288770053
