Fecha,From,To,Tiempo (min),Distancia (km),Real Time,Velocidad promedia
Mon Dec 18 07:28:13 2023,Tomeco,Copiulemu,17.65,23.39,True,79.51274787535412
Mon Dec 18 07:28:13 2023,Copiulemu,Tomeco,15.216666666666667,22.002,True,86.75487404162102
Mon Dec 18 07:28:13 2023,Tomeco,Copiulemu,17.65,23.39,False,79.51274787535412
Mon Dec 18 07:28:13 2023,Copiulemu,Tomeco,15.216666666666667,22.002,False,86.75487404162102
