Fecha,From,To,Tiempo (min),Distancia (km),Real Time,Velocidad promedia
Mon Dec 18 18:32:32 2023,Tomeco,Copiulemu,17.7,23.39,True,79.28813559322035
Mon Dec 18 18:32:32 2023,Copiulemu,Tomeco,14.816666666666666,22.002,True,89.09696287964005
Mon Dec 18 18:32:32 2023,Tomeco,Copiulemu,17.416666666666668,23.39,False,80.57799043062201
Mon Dec 18 18:32:32 2023,Copiulemu,Tomeco,14.533333333333333,22.002,False,90.83394495412843
