Fecha,From,To,Tiempo (min),Distancia (km),Real Time,Velocidad promedia
Mon Nov 18 12:58:14 2024,Tomeco,Copiulemu,17.416666666666668,23.45,True,80.7846889952153
Mon Nov 18 12:58:14 2024,Copiulemu,Tomeco,15.433333333333334,21.968,True,85.40475161987041
Mon Nov 18 12:58:14 2024,Tomeco,Copiulemu,17.416666666666668,23.45,False,80.7846889952153
Mon Nov 18 12:58:14 2024,Copiulemu,Tomeco,14.966666666666667,21.968,False,88.06770601336304
