Fecha,From,To,Tiempo (min),Distancia (km),Real Time,Velocidad promedia
Mon Apr 25 16:53:39 2022,Tomeco,Copiulemu,16.983333333333334,23.39,True,82.63395485770363
Mon Apr 25 16:53:39 2022,Copiulemu,Tomeco,14.683333333333334,22.002,True,89.90601589103291
Mon Apr 25 16:53:39 2022,Tomeco,Copiulemu,16.816666666666666,23.39,False,83.45292368681864
Mon Apr 25 16:53:39 2022,Copiulemu,Tomeco,14.4,22.002,False,91.67499999999998
