Fecha,From,To,Tiempo (min),Distancia (km),Real Time,Velocidad promedia
Mon Oct 23 02:32:05 2023,Tomeco,Copiulemu,17.966666666666665,23.39,True,78.11131725417441
Mon Oct 23 02:32:05 2023,Copiulemu,Tomeco,15.783333333333333,22.002,True,83.64012671594509
Mon Oct 23 02:32:05 2023,Tomeco,Copiulemu,17.933333333333334,23.39,False,78.25650557620818
Mon Oct 23 02:32:05 2023,Copiulemu,Tomeco,15.783333333333333,22.002,False,83.64012671594509
