Fecha,From,To,Tiempo (min),Distancia (km),Real Time,Velocidad promedia
Mon Sep 12 21:37:40 2022,Tomeco,Copiulemu,17.483333333333334,23.39,True,80.27073403241181
Mon Sep 12 21:37:40 2022,Copiulemu,Tomeco,15.45,22.002,True,85.44466019417474
Mon Sep 12 21:37:40 2022,Tomeco,Copiulemu,17.366666666666667,23.39,False,80.80998080614204
Mon Sep 12 21:37:40 2022,Copiulemu,Tomeco,15.383333333333333,22.002,False,85.81495124593715
