Fecha,From,To,Tiempo (min),Distancia (km),Real Time,Velocidad promedia
Mon Apr 11 14:31:46 2022,Tomeco,Copiulemu,17.533333333333335,23.649,True,80.92813688212927
Mon Apr 11 14:31:46 2022,Copiulemu,Tomeco,14.883333333333333,22.002,True,88.69787234042553
Mon Apr 11 14:31:46 2022,Tomeco,Copiulemu,17.366666666666667,23.649,False,81.70479846449136
Mon Apr 11 14:31:46 2022,Copiulemu,Tomeco,14.883333333333333,22.002,False,88.69787234042553
