Fecha,From,To,Tiempo (min),Distancia (km),Real Time,Velocidad promedia
Mon Dec  4 01:36:05 2023,Tomeco,Copiulemu,17.516666666666666,23.39,True,80.11798287345385
Mon Dec  4 01:36:05 2023,Copiulemu,Tomeco,15.35,22.002,True,86.0013029315961
Mon Dec  4 01:36:05 2023,Tomeco,Copiulemu,17.516666666666666,23.39,False,80.11798287345385
Mon Dec  4 01:36:05 2023,Copiulemu,Tomeco,15.333333333333334,22.002,False,86.09478260869564
