Fecha,From,To,Tiempo (min),Distancia (km),Real Time,Velocidad promedia
Mon Dec 18 21:28:02 2023,Tomeco,Copiulemu,17.216666666666665,23.39,True,81.51403678606003
Mon Dec 18 21:28:02 2023,Copiulemu,Tomeco,15.066666666666666,22.002,True,87.61858407079646
Mon Dec 18 21:28:02 2023,Tomeco,Copiulemu,17.233333333333334,23.39,False,81.43520309477756
Mon Dec 18 21:28:02 2023,Copiulemu,Tomeco,14.566666666666666,22.002,False,90.62608695652173
