Fecha,From,To,Tiempo (min),Distancia (km),Real Time,Velocidad promedia
Mon Dec 18 10:34:36 2023,Tomeco,Copiulemu,16.75,23.39,True,83.78507462686566
Mon Dec 18 10:34:36 2023,Copiulemu,Tomeco,14.716666666666667,22.002,True,89.70237825594563
Mon Dec 18 10:34:36 2023,Tomeco,Copiulemu,16.683333333333334,23.39,False,84.11988011988012
Mon Dec 18 10:34:36 2023,Copiulemu,Tomeco,14.65,22.002,False,90.11058020477815
