Fecha,From,To,Tiempo (min),Distancia (km),Real Time,Velocidad promedia
Mon Jul 18 14:35:56 2022,Tomeco,Copiulemu,19.633333333333333,23.39,True,71.4804753820034
Mon Jul 18 14:35:56 2022,Copiulemu,Tomeco,16.75,22.002,True,78.8131343283582
Mon Jul 18 14:35:56 2022,Tomeco,Copiulemu,16.466666666666665,23.39,False,85.22672064777329
Mon Jul 18 14:35:56 2022,Copiulemu,Tomeco,15.033333333333333,22.002,False,87.81286031042129
