Fecha,From,To,Tiempo (min),Distancia (km),Real Time,Velocidad promedia
Mon Aug 29 08:44:10 2022,Tomeco,Copiulemu,17.566666666666666,23.39,True,79.88994307400381
Mon Aug 29 08:44:10 2022,Copiulemu,Tomeco,15.016666666666667,22.002,True,87.91032186459489
Mon Aug 29 08:44:10 2022,Tomeco,Copiulemu,17.566666666666666,23.39,False,79.88994307400381
Mon Aug 29 08:44:10 2022,Copiulemu,Tomeco,15.016666666666667,22.002,False,87.91032186459489
