Fecha,From,To,Tiempo (min),Distancia (km),Real Time,Velocidad promedia
Mon Mar 21 11:29:38 2022,Tomeco,Copiulemu,16.716666666666665,23.39,True,83.95214356929213
Mon Mar 21 11:29:38 2022,Copiulemu,Tomeco,14.633333333333333,22.002,True,90.2132118451025
Mon Mar 21 11:29:38 2022,Tomeco,Copiulemu,17.383333333333333,23.39,False,80.73250239693193
Mon Mar 21 11:29:38 2022,Copiulemu,Tomeco,15.016666666666667,22.002,False,87.91032186459489
