Fecha,From,To,Tiempo (min),Distancia (km),Real Time,Velocidad promedia
Mon Mar 21 21:29:49 2022,Tomeco,Copiulemu,18.066666666666666,23.39,True,77.6789667896679
Mon Mar 21 21:29:49 2022,Copiulemu,Tomeco,15.65,22.002,True,84.35271565495206
Mon Mar 21 21:29:49 2022,Tomeco,Copiulemu,19.616666666666667,23.39,False,71.54120645709432
Mon Mar 21 21:29:49 2022,Copiulemu,Tomeco,15.533333333333333,22.002,False,84.9862660944206
