Fecha,From,To,Tiempo (min),Distancia (km),Real Time,Velocidad promedia
Mon Jun 24 03:30:59 2024,Tomeco,Copiulemu,18.2,23.48,True,77.4065934065934
Mon Jun 24 03:30:59 2024,Copiulemu,Tomeco,15.616666666666667,22.002,True,84.53276414087513
Mon Jun 24 03:30:59 2024,Tomeco,Copiulemu,18.05,23.48,False,78.04986149584488
Mon Jun 24 03:30:59 2024,Copiulemu,Tomeco,15.616666666666667,22.002,False,84.53276414087513
