Fecha,From,To,Tiempo (min),Distancia (km),Real Time,Velocidad promedia
Mon Mar 18 12:43:57 2024,Tomeco,Copiulemu,17.216666666666665,23.48,True,81.82768635043564
Mon Mar 18 12:43:57 2024,Copiulemu,Tomeco,15.0,22.002,True,88.008
Mon Mar 18 12:43:57 2024,Tomeco,Copiulemu,17.133333333333333,23.48,False,82.22568093385215
Mon Mar 18 12:43:57 2024,Copiulemu,Tomeco,15.016666666666667,22.002,False,87.91032186459489
