Fecha,From,To,Tiempo (min),Distancia (km),Real Time,Velocidad promedia
Mon May 20 11:28:02 2024,Tomeco,Copiulemu,17.45,23.48,True,80.73352435530086
Mon May 20 11:28:02 2024,Copiulemu,Tomeco,15.7,22.002,True,84.08407643312101
Mon May 20 11:28:02 2024,Tomeco,Copiulemu,17.033333333333335,23.48,False,82.70841487279843
Mon May 20 11:28:02 2024,Copiulemu,Tomeco,14.933333333333334,22.002,False,88.40089285714285
