Fecha,From,To,Tiempo (min),Distancia (km),Real Time,Velocidad promedia
Mon Oct 14 08:39:31 2024,Tomeco,Copiulemu,18.416666666666668,23.48,True,76.49592760180995
Mon Oct 14 08:39:31 2024,Copiulemu,Tomeco,15.233333333333333,22.002,True,86.65995623632385
Mon Oct 14 08:39:31 2024,Tomeco,Copiulemu,18.416666666666668,23.48,False,76.49592760180995
Mon Oct 14 08:39:31 2024,Copiulemu,Tomeco,15.233333333333333,22.002,False,86.65995623632385
