Fecha,From,To,Tiempo (min),Distancia (km),Real Time,Velocidad promedia
Mon Mar 14 16:50:38 2022,Tomeco,Copiulemu,18.05,23.39,True,77.75069252077563
Mon Mar 14 16:50:38 2022,Copiulemu,Tomeco,15.483333333333333,22.002,True,85.26071044133477
Mon Mar 14 16:50:38 2022,Tomeco,Copiulemu,20.316666666666666,23.39,False,69.07629204265793
Mon Mar 14 16:50:38 2022,Copiulemu,Tomeco,15.216666666666667,22.002,False,86.75487404162102
