Fecha,From,To,Tiempo (min),Distancia (km),Real Time,Velocidad promedia
Mon Aug 19 08:35:20 2024,Tomeco,Copiulemu,18.35,23.48,True,76.77384196185285
Mon Aug 19 08:35:20 2024,Copiulemu,Tomeco,15.833333333333334,22.002,True,83.37599999999999
Mon Aug 19 08:35:20 2024,Tomeco,Copiulemu,18.35,23.48,False,76.77384196185285
Mon Aug 19 08:35:20 2024,Copiulemu,Tomeco,15.833333333333334,22.002,False,83.37599999999999
