Fecha,From,To,Tiempo (min),Distancia (km),Real Time,Velocidad promedia
Mon Feb 12 22:29:16 2024,Tomeco,Copiulemu,18.833333333333332,23.48,True,74.80353982300885
Mon Feb 12 22:29:16 2024,Copiulemu,Tomeco,16.233333333333334,22.002,True,81.32156057494866
Mon Feb 12 22:29:16 2024,Tomeco,Copiulemu,18.833333333333332,23.48,False,74.80353982300885
Mon Feb 12 22:29:16 2024,Copiulemu,Tomeco,16.216666666666665,22.002,False,81.40513874614595
