Fecha,From,To,Tiempo (min),Distancia (km),Real Time,Velocidad promedia
Mon Oct 23 08:31:27 2023,Tomeco,Copiulemu,18.033333333333335,23.39,True,77.82255083179297
Mon Oct 23 08:31:27 2023,Copiulemu,Tomeco,14.966666666666667,22.002,True,88.20400890868596
Mon Oct 23 08:31:27 2023,Tomeco,Copiulemu,18.383333333333333,23.39,False,76.34088848594742
Mon Oct 23 08:31:27 2023,Copiulemu,Tomeco,14.883333333333333,22.002,False,88.69787234042553
