Fecha,From,To,Tiempo (min),Distancia (km),Real Time,Velocidad promedia
Mon Apr 29 07:27:59 2024,Tomeco,Copiulemu,18.816666666666666,23.48,True,74.8697962798937
Mon Apr 29 07:27:59 2024,Copiulemu,Tomeco,15.216666666666667,22.002,True,86.75487404162102
Mon Apr 29 07:27:59 2024,Tomeco,Copiulemu,18.816666666666666,23.48,False,74.8697962798937
Mon Apr 29 07:27:59 2024,Copiulemu,Tomeco,15.216666666666667,22.002,False,86.75487404162102
