Fecha,From,To,Tiempo (min),Distancia (km),Real Time,Velocidad promedia
Mon Mar 28 15:36:48 2022,Tomeco,Copiulemu,18.233333333333334,23.39,True,76.9689213893967
Mon Mar 28 15:36:48 2022,Copiulemu,Tomeco,15.933333333333334,22.002,True,82.85271966527196
Mon Mar 28 15:36:48 2022,Tomeco,Copiulemu,18.233333333333334,23.39,False,76.9689213893967
Mon Mar 28 15:36:48 2022,Copiulemu,Tomeco,15.25,22.002,False,86.56524590163934
