Fecha,From,To,Tiempo (min),Distancia (km),Real Time,Velocidad promedia
Mon Aug 12 20:29:57 2024,Tomeco,Copiulemu,18.216666666666665,23.48,True,77.33577310155536
Mon Aug 12 20:29:57 2024,Copiulemu,Tomeco,15.816666666666666,21.581,True,81.8668071654373
Mon Aug 12 20:29:57 2024,Tomeco,Copiulemu,18.05,23.48,False,78.04986149584488
Mon Aug 12 20:29:57 2024,Copiulemu,Tomeco,15.816666666666666,21.581,False,81.8668071654373
