Fecha,From,To,Tiempo (min),Distancia (km),Real Time,Velocidad promedia
Mon Jun 17 05:34:49 2024,Tomeco,Copiulemu,18.316666666666666,23.48,True,76.91355777979983
Mon Jun 17 05:34:49 2024,Copiulemu,Tomeco,15.483333333333333,22.002,True,85.26071044133477
Mon Jun 17 05:34:49 2024,Tomeco,Copiulemu,18.283333333333335,23.48,False,77.05378304466727
Mon Jun 17 05:34:49 2024,Copiulemu,Tomeco,15.483333333333333,22.002,False,85.26071044133477
