Fecha,From,To,Tiempo (min),Distancia (km),Real Time,Velocidad promedia
Mon Aug  1 07:38:41 2022,Tomeco,Copiulemu,16.85,23.39,True,83.28783382789317
Mon Aug  1 07:38:41 2022,Copiulemu,Tomeco,15.05,22.002,True,87.71561461794019
Mon Aug  1 07:38:41 2022,Tomeco,Copiulemu,17.183333333333334,23.39,False,81.6721629485936
Mon Aug  1 07:38:41 2022,Copiulemu,Tomeco,15.05,22.002,False,87.71561461794019
