Fecha,From,To,Tiempo (min),Distancia (km),Real Time,Velocidad promedia
Mon Nov 18 03:45:42 2024,Tomeco,Copiulemu,18.066666666666666,23.45,True,77.87822878228782
Mon Nov 18 03:45:42 2024,Copiulemu,Tomeco,16.083333333333332,21.968,True,81.95316062176165
Mon Nov 18 03:45:42 2024,Tomeco,Copiulemu,18.066666666666666,23.45,False,77.87822878228782
Mon Nov 18 03:45:42 2024,Copiulemu,Tomeco,15.816666666666666,21.968,False,83.33487881981033
