Fecha,From,To,Tiempo (min),Distancia (km),Real Time,Velocidad promedia
Mon Jul 11 19:28:56 2022,Tomeco,Copiulemu,16.7,23.39,True,84.03592814371258
Mon Jul 11 19:28:56 2022,Copiulemu,Tomeco,15.466666666666667,22.002,True,85.35258620689655
Mon Jul 11 19:28:56 2022,Tomeco,Copiulemu,16.7,23.39,False,84.03592814371258
Mon Jul 11 19:28:56 2022,Copiulemu,Tomeco,15.133333333333333,22.002,False,87.23259911894272
