Fecha,From,To,Tiempo (min),Distancia (km),Real Time,Velocidad promedia
Mon Sep  9 16:39:06 2024,Tomeco,Copiulemu,17.716666666666665,23.48,True,79.51834430856069
Mon Sep  9 16:39:06 2024,Copiulemu,Tomeco,15.833333333333334,22.002,True,83.37599999999999
Mon Sep  9 16:39:06 2024,Tomeco,Copiulemu,17.566666666666666,23.48,False,80.19734345351044
Mon Sep  9 16:39:06 2024,Copiulemu,Tomeco,15.416666666666666,22.002,False,85.62940540540541
