Fecha,From,To,Tiempo (min),Distancia (km),Real Time,Velocidad promedia
Mon Dec 11 19:28:00 2023,Tomeco,Copiulemu,17.266666666666666,23.39,True,81.27799227799228
Mon Dec 11 19:28:00 2023,Copiulemu,Tomeco,14.916666666666666,22.002,True,88.49966480446928
Mon Dec 11 19:28:00 2023,Tomeco,Copiulemu,17.016666666666666,23.39,False,82.4720861900098
Mon Dec 11 19:28:00 2023,Copiulemu,Tomeco,14.883333333333333,22.002,False,88.69787234042553
