Fecha,From,To,Tiempo (min),Distancia (km),Real Time,Velocidad promedia
Mon Nov 18 14:38:16 2024,Tomeco,Copiulemu,17.783333333333335,23.45,True,79.1190253045923
Mon Nov 18 14:38:16 2024,Copiulemu,Tomeco,15.433333333333334,21.968,True,85.40475161987041
Mon Nov 18 14:38:16 2024,Tomeco,Copiulemu,17.316666666666666,23.45,False,81.2512030798845
Mon Nov 18 14:38:16 2024,Copiulemu,Tomeco,15.283333333333333,21.968,False,86.24296619411123
