Fecha,From,To,Tiempo (min),Distancia (km),Real Time,Velocidad promedia
Mon Aug 15 10:39:56 2022,Tomeco,Copiulemu,17.183333333333334,23.39,True,81.6721629485936
Mon Aug 15 10:39:56 2022,Copiulemu,Tomeco,15.233333333333333,22.002,True,86.65995623632385
Mon Aug 15 10:39:56 2022,Tomeco,Copiulemu,17.183333333333334,23.39,False,81.6721629485936
Mon Aug 15 10:39:56 2022,Copiulemu,Tomeco,15.233333333333333,22.002,False,86.65995623632385
