Fecha,From,To,Tiempo (min),Distancia (km),Real Time,Velocidad promedia
Mon Jun 27 08:41:51 2022,Tomeco,Copiulemu,17.383333333333333,23.39,True,80.73250239693193
Mon Jun 27 08:41:51 2022,Copiulemu,Tomeco,15.216666666666667,22.002,True,86.75487404162102
Mon Jun 27 08:41:51 2022,Tomeco,Copiulemu,17.35,23.39,False,80.88760806916426
Mon Jun 27 08:41:51 2022,Copiulemu,Tomeco,15.033333333333333,22.002,False,87.81286031042129
