Fecha,From,To,Tiempo (min),Distancia (km),Real Time,Velocidad promedia
Mon Apr  1 04:30:35 2024,Tomeco,Copiulemu,18.333333333333332,23.48,True,76.84363636363638
Mon Apr  1 04:30:35 2024,Copiulemu,Tomeco,16.066666666666666,22.002,True,82.16514522821576
Mon Apr  1 04:30:35 2024,Tomeco,Copiulemu,17.933333333333334,23.48,False,78.55762081784387
Mon Apr  1 04:30:35 2024,Copiulemu,Tomeco,16.066666666666666,22.002,False,82.16514522821576
