Fecha,From,To,Tiempo (min),Distancia (km),Real Time,Velocidad promedia
Mon Sep  4 15:28:13 2023,Tomeco,Copiulemu,17.233333333333334,23.39,True,81.43520309477756
Mon Sep  4 15:28:13 2023,Copiulemu,Tomeco,14.933333333333334,22.002,True,88.40089285714285
Mon Sep  4 15:28:13 2023,Tomeco,Copiulemu,17.233333333333334,23.39,False,81.43520309477756
Mon Sep  4 15:28:13 2023,Copiulemu,Tomeco,14.7,22.002,False,89.80408163265305
