Fecha,From,To,Tiempo (min),Distancia (km),Real Time,Velocidad promedia
Mon Dec  9 06:45:00 2024,Tomeco,Copiulemu,17.616666666666667,23.45,True,79.86754966887418
Mon Dec  9 06:45:00 2024,Copiulemu,Tomeco,15.2,21.957,True,86.67236842105265
Mon Dec  9 06:45:00 2024,Tomeco,Copiulemu,17.616666666666667,23.45,False,79.86754966887418
Mon Dec  9 06:45:00 2024,Copiulemu,Tomeco,15.2,21.957,False,86.67236842105265
