Fecha,From,To,Tiempo (min),Distancia (km),Real Time,Velocidad promedia
Mon Jul 11 08:43:48 2022,Tomeco,Copiulemu,17.283333333333335,23.39,True,81.19961427193829
Mon Jul 11 08:43:48 2022,Copiulemu,Tomeco,15.016666666666667,22.002,True,87.91032186459489
Mon Jul 11 08:43:48 2022,Tomeco,Copiulemu,17.3,23.39,False,81.121387283237
Mon Jul 11 08:43:48 2022,Copiulemu,Tomeco,15.05,22.002,False,87.71561461794019
