Fecha,From,To,Tiempo (min),Distancia (km),Real Time,Velocidad promedia
Mon Sep  4 02:30:07 2023,Tomeco,Copiulemu,17.733333333333334,23.39,True,79.1390977443609
Mon Sep  4 02:30:07 2023,Copiulemu,Tomeco,15.7,22.002,True,84.08407643312101
Mon Sep  4 02:30:07 2023,Tomeco,Copiulemu,17.733333333333334,23.39,False,79.1390977443609
Mon Sep  4 02:30:07 2023,Copiulemu,Tomeco,15.483333333333333,22.002,False,85.26071044133477
