Fecha,From,To,Tiempo (min),Distancia (km),Real Time,Velocidad promedia
Mon Sep  9 06:42:24 2024,Tomeco,Copiulemu,18.366666666666667,23.48,True,76.70417422867514
Mon Sep  9 06:42:24 2024,Copiulemu,Tomeco,15.383333333333333,22.002,True,85.81495124593715
Mon Sep  9 06:42:24 2024,Tomeco,Copiulemu,18.366666666666667,23.48,False,76.70417422867514
Mon Sep  9 06:42:24 2024,Copiulemu,Tomeco,15.383333333333333,22.002,False,85.81495124593715
