Fecha,From,To,Tiempo (min),Distancia (km),Real Time,Velocidad promedia
Mon Sep 19 11:35:11 2022,Tomeco,Copiulemu,16.416666666666668,23.39,True,85.48629441624365
Mon Sep 19 11:35:11 2022,Copiulemu,Tomeco,14.8,22.002,True,89.1972972972973
Mon Sep 19 11:35:11 2022,Tomeco,Copiulemu,16.416666666666668,23.39,False,85.48629441624365
Mon Sep 19 11:35:11 2022,Copiulemu,Tomeco,15.016666666666667,22.002,False,87.91032186459489
