Fecha,From,To,Tiempo (min),Distancia (km),Real Time,Velocidad promedia
Mon Nov  6 12:47:46 2023,Tomeco,Copiulemu,17.333333333333332,23.39,True,80.96538461538462
Mon Nov  6 12:47:46 2023,Copiulemu,Tomeco,15.266666666666667,22.002,True,86.47074235807858
Mon Nov  6 12:47:46 2023,Tomeco,Copiulemu,17.1,23.39,False,82.07017543859648
Mon Nov  6 12:47:46 2023,Copiulemu,Tomeco,14.9,22.002,False,88.59865771812079
