Fecha,From,To,Tiempo (min),Distancia (km),Real Time,Velocidad promedia
Mon Dec 25 07:28:05 2023,Tomeco,Copiulemu,18.166666666666668,23.39,True,77.25137614678899
Mon Dec 25 07:28:05 2023,Copiulemu,Tomeco,15.583333333333334,22.002,True,84.71358288770053
Mon Dec 25 07:28:05 2023,Tomeco,Copiulemu,18.166666666666668,23.39,False,77.25137614678899
Mon Dec 25 07:28:05 2023,Copiulemu,Tomeco,15.583333333333334,22.002,False,84.71358288770053
