Fecha,From,To,Tiempo (min),Distancia (km),Real Time,Velocidad promedia
Mon Mar  4 10:23:21 2024,Tomeco,Copiulemu,17.816666666666666,23.48,True,79.07202993451824
Mon Mar  4 10:23:21 2024,Copiulemu,Tomeco,15.816666666666666,22.002,True,83.46385669125394
Mon Mar  4 10:23:21 2024,Tomeco,Copiulemu,17.783333333333335,23.48,False,79.22024367385191
Mon Mar  4 10:23:21 2024,Copiulemu,Tomeco,15.466666666666667,22.002,False,85.35258620689655
