Fecha,From,To,Tiempo (min),Distancia (km),Real Time,Velocidad promedia
Mon Sep 16 13:37:04 2024,Tomeco,Copiulemu,20.533333333333335,23.48,True,68.6103896103896
Mon Sep 16 13:37:04 2024,Copiulemu,Tomeco,15.7,22.002,True,84.08407643312101
Mon Sep 16 13:37:04 2024,Tomeco,Copiulemu,17.616666666666667,23.48,False,79.96972563859981
Mon Sep 16 13:37:04 2024,Copiulemu,Tomeco,15.383333333333333,22.002,False,85.81495124593715
