Fecha,From,To,Tiempo (min),Distancia (km),Real Time,Velocidad promedia
Mon Sep  2 03:33:34 2024,Tomeco,Copiulemu,18.183333333333334,23.48,True,77.47754353803849
Mon Sep  2 03:33:34 2024,Copiulemu,Tomeco,15.75,22.002,True,83.81714285714285
Mon Sep  2 03:33:34 2024,Tomeco,Copiulemu,18.15,23.48,False,77.6198347107438
Mon Sep  2 03:33:34 2024,Copiulemu,Tomeco,15.616666666666667,22.002,False,84.53276414087513
