Fecha,From,To,Tiempo (min),Distancia (km),Real Time,Velocidad promedia
Mon Nov 25 23:31:31 2024,Tomeco,Copiulemu,17.533333333333335,23.45,True,80.24714828897336
Mon Nov 25 23:31:31 2024,Copiulemu,Tomeco,15.316666666666666,21.957,True,86.01218715995648
Mon Nov 25 23:31:31 2024,Tomeco,Copiulemu,17.533333333333335,23.45,False,80.24714828897336
Mon Nov 25 23:31:31 2024,Copiulemu,Tomeco,15.283333333333333,21.957,False,86.19978189749182
