Fecha,From,To,Tiempo (min),Distancia (km),Real Time,Velocidad promedia
Mon Nov  6 04:30:58 2023,Tomeco,Copiulemu,17.783333333333335,23.39,True,78.91658856607309
Mon Nov  6 04:30:58 2023,Copiulemu,Tomeco,15.816666666666666,22.002,True,83.46385669125394
Mon Nov  6 04:30:58 2023,Tomeco,Copiulemu,17.783333333333335,23.39,False,78.91658856607309
Mon Nov  6 04:30:58 2023,Copiulemu,Tomeco,15.816666666666666,22.002,False,83.46385669125394
