Fecha,From,To,Tiempo (min),Distancia (km),Real Time,Velocidad promedia
Mon Sep 23 10:39:28 2024,Tomeco,Copiulemu,17.983333333333334,23.48,True,78.33920296570899
Mon Sep 23 10:39:28 2024,Copiulemu,Tomeco,16.05,21.581,True,80.67663551401868
Mon Sep 23 10:39:28 2024,Tomeco,Copiulemu,17.966666666666665,23.48,False,78.41187384044528
Mon Sep 23 10:39:28 2024,Copiulemu,Tomeco,15.733333333333333,21.581,False,82.30042372881357
