Fecha,From,To,Tiempo (min),Distancia (km),Real Time,Velocidad promedia
Mon Nov 25 18:41:36 2024,Tomeco,Copiulemu,17.533333333333335,23.45,True,80.24714828897336
Mon Nov 25 18:41:36 2024,Copiulemu,Tomeco,15.516666666666667,21.957,True,84.90354457572502
Mon Nov 25 18:41:36 2024,Tomeco,Copiulemu,17.533333333333335,23.45,False,80.24714828897336
Mon Nov 25 18:41:36 2024,Copiulemu,Tomeco,15.083333333333334,21.957,False,87.34276243093923
