Fecha,From,To,Tiempo (min),Distancia (km),Real Time,Velocidad promedia
Mon May 23 23:35:56 2022,Tomeco,Copiulemu,17.25,23.39,True,81.35652173913044
Mon May 23 23:35:56 2022,Copiulemu,Tomeco,15.25,22.002,True,86.56524590163934
Mon May 23 23:35:56 2022,Tomeco,Copiulemu,16.983333333333334,23.39,False,82.63395485770363
Mon May 23 23:35:56 2022,Copiulemu,Tomeco,15.15,22.002,False,87.13663366336633
