Fecha,From,To,Tiempo (min),Distancia (km),Real Time,Velocidad promedia
Mon Aug 26 05:32:38 2024,Tomeco,Copiulemu,18.033333333333335,23.48,True,78.12199630314232
Mon Aug 26 05:32:38 2024,Copiulemu,Tomeco,15.8,22.002,True,83.5518987341772
Mon Aug 26 05:32:38 2024,Tomeco,Copiulemu,18.033333333333335,23.48,False,78.12199630314232
Mon Aug 26 05:32:38 2024,Copiulemu,Tomeco,15.8,22.002,False,83.5518987341772
