Fecha,From,To,Tiempo (min),Distancia (km),Real Time,Velocidad promedia
Mon Jun 27 16:57:19 2022,Tomeco,Copiulemu,17.966666666666665,23.39,True,78.11131725417441
Mon Jun 27 16:57:19 2022,Copiulemu,Tomeco,15.233333333333333,22.002,True,86.65995623632385
Mon Jun 27 16:57:19 2022,Tomeco,Copiulemu,16.4,23.39,False,85.57317073170732
Mon Jun 27 16:57:19 2022,Copiulemu,Tomeco,15.016666666666667,22.002,False,87.91032186459489
