Fecha,From,To,Tiempo (min),Distancia (km),Real Time,Velocidad promedia
Mon Oct  2 06:32:12 2023,Tomeco,Copiulemu,17.783333333333335,23.39,True,78.91658856607309
Mon Oct  2 06:32:12 2023,Copiulemu,Tomeco,15.083333333333334,22.002,True,87.5217679558011
Mon Oct  2 06:32:12 2023,Tomeco,Copiulemu,17.783333333333335,23.39,False,78.91658856607309
Mon Oct  2 06:32:12 2023,Copiulemu,Tomeco,15.083333333333334,22.002,False,87.5217679558011
