Fecha,From,To,Tiempo (min),Distancia (km),Real Time,Velocidad promedia
Mon Dec 25 12:44:08 2023,Tomeco,Copiulemu,17.833333333333332,23.39,True,78.69532710280374
Mon Dec 25 12:44:08 2023,Copiulemu,Tomeco,15.883333333333333,22.002,True,83.11353620146905
Mon Dec 25 12:44:08 2023,Tomeco,Copiulemu,17.566666666666666,23.39,False,79.88994307400381
Mon Dec 25 12:44:08 2023,Copiulemu,Tomeco,15.516666666666667,22.002,False,85.07755102040815
