Fecha,From,To,Tiempo (min),Distancia (km),Real Time,Velocidad promedia
Mon Dec  4 12:46:22 2023,Tomeco,Copiulemu,16.883333333333333,23.39,True,83.12339585389932
Mon Dec  4 12:46:22 2023,Copiulemu,Tomeco,14.966666666666667,22.002,True,88.20400890868596
Mon Dec  4 12:46:22 2023,Tomeco,Copiulemu,16.883333333333333,23.39,False,83.12339585389932
Mon Dec  4 12:46:22 2023,Copiulemu,Tomeco,14.85,22.002,False,88.89696969696969
