Fecha,From,To,Tiempo (min),Distancia (km),Real Time,Velocidad promedia
Mon May 16 13:06:49 2022,Tomeco,Copiulemu,17.05,23.39,True,82.3108504398827
Mon May 16 13:06:49 2022,Copiulemu,Tomeco,15.2,22.002,True,86.85000000000001
Mon May 16 13:06:49 2022,Tomeco,Copiulemu,16.566666666666666,23.39,False,84.71227364185111
Mon May 16 13:06:49 2022,Copiulemu,Tomeco,15.0,22.002,False,88.008
