Fecha,From,To,Tiempo (min),Distancia (km),Real Time,Velocidad promedia
Mon Aug  1 06:02:58 2022,Tomeco,Copiulemu,17.933333333333334,23.39,True,78.25650557620818
Mon Aug  1 06:02:58 2022,Copiulemu,Tomeco,15.333333333333334,22.002,True,86.09478260869564
Mon Aug  1 06:02:58 2022,Tomeco,Copiulemu,17.95,23.39,False,78.18384401114207
Mon Aug  1 06:02:58 2022,Copiulemu,Tomeco,15.333333333333334,22.002,False,86.09478260869564
