Fecha,From,To,Tiempo (min),Distancia (km),Real Time,Velocidad promedia
Mon Oct 14 07:35:11 2024,Tomeco,Copiulemu,18.383333333333333,23.48,True,76.63463281958296
Mon Oct 14 07:35:11 2024,Copiulemu,Tomeco,15.266666666666667,22.002,True,86.47074235807858
Mon Oct 14 07:35:11 2024,Tomeco,Copiulemu,18.383333333333333,23.48,False,76.63463281958296
Mon Oct 14 07:35:11 2024,Copiulemu,Tomeco,15.266666666666667,22.002,False,86.47074235807858
