Fecha,From,To,Tiempo (min),Distancia (km),Real Time,Velocidad promedia
Mon Mar 21 20:33:28 2022,Tomeco,Copiulemu,17.816666666666666,23.39,True,78.7689429373246
Mon Mar 21 20:33:28 2022,Copiulemu,Tomeco,14.966666666666667,22.002,True,88.20400890868596
Mon Mar 21 20:33:28 2022,Tomeco,Copiulemu,17.716666666666665,23.39,False,79.21354656632174
Mon Mar 21 20:33:28 2022,Copiulemu,Tomeco,15.666666666666666,22.002,False,84.26297872340425
