Fecha,From,To,Tiempo (min),Distancia (km),Real Time,Velocidad promedia
Mon Nov 25 07:32:44 2024,Tomeco,Copiulemu,17.983333333333334,23.45,True,78.23911028730305
Mon Nov 25 07:32:44 2024,Copiulemu,Tomeco,15.016666666666667,21.957,True,87.73052164261932
Mon Nov 25 07:32:44 2024,Tomeco,Copiulemu,17.966666666666665,23.45,False,78.31168831168831
Mon Nov 25 07:32:44 2024,Copiulemu,Tomeco,15.016666666666667,21.957,False,87.73052164261932
