Fecha,From,To,Tiempo (min),Distancia (km),Real Time,Velocidad promedia
Mon Sep  5 22:37:43 2022,Tomeco,Copiulemu,17.366666666666667,23.39,True,80.80998080614204
Mon Sep  5 22:37:43 2022,Copiulemu,Tomeco,15.05,22.002,True,87.71561461794019
Mon Sep  5 22:37:43 2022,Tomeco,Copiulemu,17.366666666666667,23.39,False,80.80998080614204
Mon Sep  5 22:37:43 2022,Copiulemu,Tomeco,15.016666666666667,22.002,False,87.91032186459489
