Fecha,From,To,Tiempo (min),Distancia (km),Real Time,Velocidad promedia
Mon May  9 05:37:13 2022,Tomeco,Copiulemu,17.733333333333334,23.39,True,79.1390977443609
Mon May  9 05:37:13 2022,Copiulemu,Tomeco,15.6,22.002,True,84.62307692307692
Mon May  9 05:37:13 2022,Tomeco,Copiulemu,17.733333333333334,23.39,False,79.1390977443609
Mon May  9 05:37:13 2022,Copiulemu,Tomeco,15.6,22.002,False,84.62307692307692
