Fecha,From,To,Tiempo (min),Distancia (km),Real Time,Velocidad promedia
Mon Jul 25 02:42:13 2022,Tomeco,Copiulemu,17.416666666666668,23.39,True,80.57799043062201
Mon Jul 25 02:42:13 2022,Copiulemu,Tomeco,15.316666666666666,22.002,True,86.18846572361262
Mon Jul 25 02:42:13 2022,Tomeco,Copiulemu,16.95,23.39,False,82.79646017699116
Mon Jul 25 02:42:13 2022,Copiulemu,Tomeco,15.316666666666666,22.002,False,86.18846572361262
