Fecha,From,To,Tiempo (min),Distancia (km),Real Time,Velocidad promedia
Mon Dec  9 07:34:21 2024,Tomeco,Copiulemu,18.4,23.45,True,76.46739130434783
Mon Dec  9 07:34:21 2024,Copiulemu,Tomeco,15.15,21.957,True,86.95841584158416
Mon Dec  9 07:34:21 2024,Tomeco,Copiulemu,18.033333333333335,23.45,False,78.02218114602587
Mon Dec  9 07:34:21 2024,Copiulemu,Tomeco,15.15,21.957,False,86.95841584158416
