Fecha,From,To,Tiempo (min),Distancia (km),Real Time,Velocidad promedia
Mon Apr 22 03:28:28 2024,Tomeco,Copiulemu,18.35,23.48,True,76.77384196185285
Mon Apr 22 03:28:28 2024,Copiulemu,Tomeco,16.05,22.002,True,82.25046728971962
Mon Apr 22 03:28:28 2024,Tomeco,Copiulemu,17.733333333333334,23.48,False,79.44360902255639
Mon Apr 22 03:28:28 2024,Copiulemu,Tomeco,16.05,22.002,False,82.25046728971962
