Fecha,From,To,Tiempo (min),Distancia (km),Real Time,Velocidad promedia
Mon Sep 16 18:39:31 2024,Tomeco,Copiulemu,17.883333333333333,23.48,True,78.77726001863932
Mon Sep 16 18:39:31 2024,Copiulemu,Tomeco,15.483333333333333,22.002,True,85.26071044133477
Mon Sep 16 18:39:31 2024,Tomeco,Copiulemu,17.816666666666666,23.48,False,79.07202993451824
Mon Sep 16 18:39:31 2024,Copiulemu,Tomeco,15.366666666666667,22.002,False,85.90802603036876
