Fecha,From,To,Tiempo (min),Distancia (km),Real Time,Velocidad promedia
Mon Mar 25 21:28:16 2024,Tomeco,Copiulemu,18.466666666666665,23.48,True,76.28880866425993
Mon Mar 25 21:28:16 2024,Copiulemu,Tomeco,15.083333333333334,22.002,True,87.5217679558011
Mon Mar 25 21:28:16 2024,Tomeco,Copiulemu,17.516666666666666,23.48,False,80.42626070409135
Mon Mar 25 21:28:16 2024,Copiulemu,Tomeco,14.783333333333333,22.002,False,89.2978579481398
