Fecha,From,To,Tiempo (min),Distancia (km),Real Time,Velocidad promedia
Mon May 23 11:32:53 2022,Tomeco,Copiulemu,17.05,23.39,True,82.3108504398827
Mon May 23 11:32:53 2022,Copiulemu,Tomeco,14.866666666666667,22.002,True,88.79730941704035
Mon May 23 11:32:53 2022,Tomeco,Copiulemu,16.45,23.39,False,85.3130699088146
Mon May 23 11:32:53 2022,Copiulemu,Tomeco,14.55,22.002,False,90.72989690721649
