Fecha,From,To,Tiempo (min),Distancia (km),Real Time,Velocidad promedia
Mon Oct 23 09:28:16 2023,Tomeco,Copiulemu,17.933333333333334,23.39,True,78.25650557620818
Mon Oct 23 09:28:16 2023,Copiulemu,Tomeco,14.7,22.002,True,89.80408163265305
Mon Oct 23 09:28:16 2023,Tomeco,Copiulemu,17.883333333333333,23.39,False,78.47530288909599
Mon Oct 23 09:28:16 2023,Copiulemu,Tomeco,14.916666666666666,22.002,False,88.49966480446928
