Fecha,From,To,Tiempo (min),Distancia (km),Real Time,Velocidad promedia
Mon Sep 11 02:30:22 2023,Tomeco,Copiulemu,17.716666666666665,23.39,True,79.21354656632174
Mon Sep 11 02:30:22 2023,Copiulemu,Tomeco,16.466666666666665,22.002,True,80.16923076923077
Mon Sep 11 02:30:22 2023,Tomeco,Copiulemu,17.716666666666665,23.39,False,79.21354656632174
Mon Sep 11 02:30:22 2023,Copiulemu,Tomeco,15.533333333333333,22.002,False,84.9862660944206
