Fecha,From,To,Tiempo (min),Distancia (km),Real Time,Velocidad promedia
Mon Jul  8 18:35:26 2024,Tomeco,Copiulemu,18.316666666666666,23.48,True,76.91355777979983
Mon Jul  8 18:35:26 2024,Copiulemu,Tomeco,15.733333333333333,22.002,True,83.90593220338984
Mon Jul  8 18:35:26 2024,Tomeco,Copiulemu,18.316666666666666,23.48,False,76.91355777979983
Mon Jul  8 18:35:26 2024,Copiulemu,Tomeco,15.65,22.002,False,84.35271565495206
