Fecha,From,To,Tiempo (min),Distancia (km),Real Time,Velocidad promedia
Mon Mar 11 23:27:59 2024,Tomeco,Copiulemu,18.083333333333332,23.48,True,77.90599078341015
Mon Mar 11 23:27:59 2024,Copiulemu,Tomeco,15.216666666666667,22.002,True,86.75487404162102
Mon Mar 11 23:27:59 2024,Tomeco,Copiulemu,17.683333333333334,23.48,False,79.66823751178134
Mon Mar 11 23:27:59 2024,Copiulemu,Tomeco,14.833333333333334,22.002,False,88.99685393258426
