Fecha,From,To,Tiempo (min),Distancia (km),Real Time,Velocidad promedia
Mon Aug 12 21:29:21 2024,Tomeco,Copiulemu,18.183333333333334,23.48,True,77.47754353803849
Mon Aug 12 21:29:21 2024,Copiulemu,Tomeco,16.033333333333335,22.002,True,82.33596673596672
Mon Aug 12 21:29:21 2024,Tomeco,Copiulemu,18.183333333333334,23.48,False,77.47754353803849
Mon Aug 12 21:29:21 2024,Copiulemu,Tomeco,16.016666666666666,22.002,False,82.4216441207076
