Fecha,From,To,Tiempo (min),Distancia (km),Real Time,Velocidad promedia
Mon Jul 25 07:34:24 2022,Tomeco,Copiulemu,17.733333333333334,23.39,True,79.1390977443609
Mon Jul 25 07:34:24 2022,Copiulemu,Tomeco,15.816666666666666,22.002,True,83.46385669125394
Mon Jul 25 07:34:24 2022,Tomeco,Copiulemu,17.733333333333334,23.39,False,79.1390977443609
Mon Jul 25 07:34:24 2022,Copiulemu,Tomeco,15.816666666666666,22.002,False,83.46385669125394
