Fecha,From,To,Tiempo (min),Distancia (km),Real Time,Velocidad promedia
Mon Nov 18 07:33:33 2024,Tomeco,Copiulemu,17.966666666666665,23.45,True,78.31168831168831
Mon Nov 18 07:33:33 2024,Copiulemu,Tomeco,15.0,21.968,True,87.872
Mon Nov 18 07:33:33 2024,Tomeco,Copiulemu,17.966666666666665,23.45,False,78.31168831168831
Mon Nov 18 07:33:33 2024,Copiulemu,Tomeco,15.0,21.968,False,87.872
