Fecha,From,To,Tiempo (min),Distancia (km),Real Time,Velocidad promedia
Mon Oct 16 20:28:18 2023,Tomeco,Copiulemu,17.25,23.39,True,81.35652173913044
Mon Oct 16 20:28:18 2023,Copiulemu,Tomeco,14.616666666666667,22.002,True,90.31607753705815
Mon Oct 16 20:28:18 2023,Tomeco,Copiulemu,17.133333333333333,23.39,False,81.91050583657588
Mon Oct 16 20:28:18 2023,Copiulemu,Tomeco,14.6,22.002,False,90.41917808219178
