Fecha,From,To,Tiempo (min),Distancia (km),Real Time,Velocidad promedia
Mon Sep 11 09:28:14 2023,Tomeco,Copiulemu,18.183333333333334,23.39,True,77.18056828597616
Mon Sep 11 09:28:14 2023,Copiulemu,Tomeco,15.183333333333334,22.002,True,86.94533479692646
Mon Sep 11 09:28:14 2023,Tomeco,Copiulemu,18.183333333333334,23.39,False,77.18056828597616
Mon Sep 11 09:28:14 2023,Copiulemu,Tomeco,15.183333333333334,22.002,False,86.94533479692646
