Fecha,From,To,Tiempo (min),Distancia (km),Real Time,Velocidad promedia
Mon Aug 15 13:07:33 2022,Tomeco,Copiulemu,17.0,23.39,True,82.5529411764706
Mon Aug 15 13:07:33 2022,Copiulemu,Tomeco,15.366666666666667,22.002,True,85.90802603036876
Mon Aug 15 13:07:33 2022,Tomeco,Copiulemu,16.766666666666666,23.39,False,83.70178926441352
Mon Aug 15 13:07:33 2022,Copiulemu,Tomeco,15.216666666666667,22.002,False,86.75487404162102
