Fecha,From,To,Tiempo (min),Distancia (km),Real Time,Velocidad promedia
Mon Jul 29 07:28:05 2024,Tomeco,Copiulemu,18.283333333333335,23.48,True,77.05378304466727
Mon Jul 29 07:28:05 2024,Copiulemu,Tomeco,16.033333333333335,22.002,True,82.33596673596672
Mon Jul 29 07:28:05 2024,Tomeco,Copiulemu,18.283333333333335,23.48,False,77.05378304466727
Mon Jul 29 07:28:05 2024,Copiulemu,Tomeco,16.033333333333335,22.002,False,82.33596673596672
