Fecha,From,To,Tiempo (min),Distancia (km),Real Time,Velocidad promedia
Mon Nov 27 07:28:06 2023,Tomeco,Copiulemu,17.6,23.39,True,79.73863636363636
Mon Nov 27 07:28:06 2023,Copiulemu,Tomeco,15.183333333333334,22.002,True,86.94533479692646
Mon Nov 27 07:28:06 2023,Tomeco,Copiulemu,17.6,23.39,False,79.73863636363636
Mon Nov 27 07:28:06 2023,Copiulemu,Tomeco,15.183333333333334,22.002,False,86.94533479692646
