Fecha,From,To,Tiempo (min),Distancia (km),Real Time,Velocidad promedia
Mon May  6 23:28:15 2024,Tomeco,Copiulemu,19.05,23.48,True,73.95275590551181
Mon May  6 23:28:15 2024,Copiulemu,Tomeco,15.516666666666667,22.002,True,85.07755102040815
Mon May  6 23:28:15 2024,Tomeco,Copiulemu,18.066666666666666,23.48,False,77.97785977859779
Mon May  6 23:28:15 2024,Copiulemu,Tomeco,15.15,22.002,False,87.13663366336633
