Fecha,From,To,Tiempo (min),Distancia (km),Real Time,Velocidad promedia
Mon Nov  4 16:39:42 2024,Tomeco,Copiulemu,18.283333333333335,23.45,True,76.9553327256153
Mon Nov  4 16:39:42 2024,Copiulemu,Tomeco,15.166666666666666,21.968,True,86.90637362637364
Mon Nov  4 16:39:42 2024,Tomeco,Copiulemu,17.866666666666667,23.45,False,78.74999999999999
Mon Nov  4 16:39:42 2024,Copiulemu,Tomeco,15.166666666666666,21.968,False,86.90637362637364
