Fecha,From,To,Tiempo (min),Distancia (km),Real Time,Velocidad promedia
Mon Aug  8 17:39:47 2022,Tomeco,Copiulemu,16.666666666666668,23.39,True,84.204
Mon Aug  8 17:39:47 2022,Copiulemu,Tomeco,14.683333333333334,22.002,True,89.90601589103291
Mon Aug  8 17:39:47 2022,Tomeco,Copiulemu,16.466666666666665,23.39,False,85.22672064777329
Mon Aug  8 17:39:47 2022,Copiulemu,Tomeco,14.65,22.002,False,90.11058020477815
