Fecha,From,To,Tiempo (min),Distancia (km),Real Time,Velocidad promedia
Mon Apr 29 13:28:02 2024,Tomeco,Copiulemu,18.516666666666666,23.48,True,76.08280828082809
Mon Apr 29 13:28:02 2024,Copiulemu,Tomeco,15.4,22.002,True,85.72207792207791
Mon Apr 29 13:28:02 2024,Tomeco,Copiulemu,17.583333333333332,23.48,False,80.12132701421802
Mon Apr 29 13:28:02 2024,Copiulemu,Tomeco,14.766666666666667,22.002,False,89.39864559819412
