Fecha,From,To,Tiempo (min),Distancia (km),Real Time,Velocidad promedia
Mon Jul  4 15:38:37 2022,Tomeco,Copiulemu,17.266666666666666,23.39,True,81.27799227799228
Mon Jul  4 15:38:37 2022,Copiulemu,Tomeco,15.216666666666667,22.002,True,86.75487404162102
Mon Jul  4 15:38:37 2022,Tomeco,Copiulemu,16.583333333333332,23.39,False,84.62713567839198
Mon Jul  4 15:38:37 2022,Copiulemu,Tomeco,15.066666666666666,22.002,False,87.61858407079646
