Fecha,From,To,Tiempo (min),Distancia (km),Real Time,Velocidad promedia
Mon Sep 16 12:54:30 2024,Tomeco,Copiulemu,17.816666666666666,23.48,True,79.07202993451824
Mon Sep 16 12:54:30 2024,Copiulemu,Tomeco,15.2,22.002,True,86.85000000000001
Mon Sep 16 12:54:30 2024,Tomeco,Copiulemu,17.8,23.48,False,79.14606741573033
Mon Sep 16 12:54:30 2024,Copiulemu,Tomeco,15.216666666666667,22.002,False,86.75487404162102
