Fecha,From,To,Tiempo (min),Distancia (km),Real Time,Velocidad promedia
Mon May 20 16:35:39 2024,Tomeco,Copiulemu,17.9,23.48,True,78.70391061452516
Mon May 20 16:35:39 2024,Copiulemu,Tomeco,15.4,22.002,True,85.72207792207791
Mon May 20 16:35:39 2024,Tomeco,Copiulemu,17.9,23.48,False,78.70391061452516
Mon May 20 16:35:39 2024,Copiulemu,Tomeco,15.4,22.002,False,85.72207792207791
