Fecha,From,To,Tiempo (min),Distancia (km),Real Time,Velocidad promedia
Mon Jul 11 05:39:11 2022,Tomeco,Copiulemu,17.683333333333334,23.39,True,79.36286522148916
Mon Jul 11 05:39:11 2022,Copiulemu,Tomeco,15.483333333333333,22.002,True,85.26071044133477
Mon Jul 11 05:39:11 2022,Tomeco,Copiulemu,17.633333333333333,23.39,False,79.58790170132326
Mon Jul 11 05:39:11 2022,Copiulemu,Tomeco,15.35,22.002,False,86.0013029315961
