Fecha,From,To,Tiempo (min),Distancia (km),Real Time,Velocidad promedia
Mon Oct 28 02:01:02 2024,Tomeco,Copiulemu,18.416666666666668,23.45,True,76.39819004524887
Mon Oct 28 02:01:02 2024,Copiulemu,Tomeco,16.016666666666666,21.968,True,82.2942767950052
Mon Oct 28 02:01:02 2024,Tomeco,Copiulemu,18.35,23.45,False,76.67574931880108
Mon Oct 28 02:01:02 2024,Copiulemu,Tomeco,15.95,21.968,False,82.63824451410659
