Fecha,From,To,Tiempo (min),Distancia (km),Real Time,Velocidad promedia
Mon Jun 17 22:30:41 2024,Tomeco,Copiulemu,18.1,23.48,True,77.8342541436464
Mon Jun 17 22:30:41 2024,Copiulemu,Tomeco,15.566666666666666,22.002,True,84.80428265524625
Mon Jun 17 22:30:41 2024,Tomeco,Copiulemu,17.916666666666668,23.48,False,78.63069767441861
Mon Jun 17 22:30:41 2024,Copiulemu,Tomeco,15.433333333333334,22.002,False,85.53693304535636
