Fecha,From,To,Tiempo (min),Distancia (km),Real Time,Velocidad promedia
Mon Dec 25 14:28:40 2023,Tomeco,Copiulemu,17.516666666666666,23.39,True,80.11798287345385
Mon Dec 25 14:28:40 2023,Copiulemu,Tomeco,17.016666666666666,21.461,True,75.67051909892263
Mon Dec 25 14:28:40 2023,Tomeco,Copiulemu,17.266666666666666,23.39,False,81.27799227799228
Mon Dec 25 14:28:40 2023,Copiulemu,Tomeco,15.733333333333333,21.461,False,81.8427966101695
