Fecha,From,To,Tiempo (min),Distancia (km),Real Time,Velocidad promedia
Mon Apr 15 12:40:26 2024,Tomeco,Copiulemu,17.55,23.48,True,80.27350427350426
Mon Apr 15 12:40:26 2024,Copiulemu,Tomeco,14.85,22.002,True,88.89696969696969
Mon Apr 15 12:40:26 2024,Tomeco,Copiulemu,17.4,23.48,False,80.96551724137932
Mon Apr 15 12:40:26 2024,Copiulemu,Tomeco,14.733333333333333,22.002,False,89.60090497737556
