Fecha,From,To,Tiempo (min),Distancia (km),Real Time,Velocidad promedia
Mon Jan 15 09:28:03 2024,Tomeco,Copiulemu,18.2,23.48,True,77.4065934065934
Mon Jan 15 09:28:03 2024,Copiulemu,Tomeco,15.383333333333333,22.002,True,85.81495124593715
Mon Jan 15 09:28:03 2024,Tomeco,Copiulemu,18.2,23.48,False,77.4065934065934
Mon Jan 15 09:28:03 2024,Copiulemu,Tomeco,15.183333333333334,22.002,False,86.94533479692646
