Fecha,From,To,Tiempo (min),Distancia (km),Real Time,Velocidad promedia
Mon Dec  2 16:43:17 2024,Tomeco,Copiulemu,17.716666666666665,23.45,True,79.4167450611477
Mon Dec  2 16:43:17 2024,Copiulemu,Tomeco,15.266666666666667,21.957,True,86.29388646288209
Mon Dec  2 16:43:17 2024,Tomeco,Copiulemu,17.3,23.45,False,81.32947976878613
Mon Dec  2 16:43:17 2024,Copiulemu,Tomeco,15.266666666666667,21.957,False,86.29388646288209
