Fecha,From,To,Tiempo (min),Distancia (km),Real Time,Velocidad promedia
Mon Sep 30 15:35:18 2024,Tomeco,Copiulemu,18.216666666666665,23.48,True,77.33577310155536
Mon Sep 30 15:35:18 2024,Copiulemu,Tomeco,15.666666666666666,22.002,True,84.26297872340425
Mon Sep 30 15:35:18 2024,Tomeco,Copiulemu,18.216666666666665,23.48,False,77.33577310155536
Mon Sep 30 15:35:18 2024,Copiulemu,Tomeco,15.666666666666666,22.002,False,84.26297872340425
