Fecha,From,To,Tiempo (min),Distancia (km),Real Time,Velocidad promedia
Mon Jun 13 09:35:44 2022,Tomeco,Copiulemu,17.05,23.39,True,82.3108504398827
Mon Jun 13 09:35:44 2022,Copiulemu,Tomeco,15.066666666666666,22.002,True,87.61858407079646
Mon Jun 13 09:35:44 2022,Tomeco,Copiulemu,17.05,23.39,False,82.3108504398827
Mon Jun 13 09:35:44 2022,Copiulemu,Tomeco,15.083333333333334,22.002,False,87.5217679558011
