Fecha,From,To,Tiempo (min),Distancia (km),Real Time,Velocidad promedia
Mon Dec 11 17:29:01 2023,Tomeco,Copiulemu,17.55,23.39,True,79.96581196581195
Mon Dec 11 17:29:01 2023,Copiulemu,Tomeco,15.083333333333334,22.002,True,87.5217679558011
Mon Dec 11 17:29:01 2023,Tomeco,Copiulemu,17.466666666666665,23.39,False,80.34732824427482
Mon Dec 11 17:29:01 2023,Copiulemu,Tomeco,14.883333333333333,22.002,False,88.69787234042553
