Fecha,From,To,Tiempo (min),Distancia (km),Real Time,Velocidad promedia
Mon Jul 11 06:44:25 2022,Tomeco,Copiulemu,18.066666666666666,23.39,True,77.6789667896679
Mon Jul 11 06:44:25 2022,Copiulemu,Tomeco,15.266666666666667,22.002,True,86.47074235807858
Mon Jul 11 06:44:25 2022,Tomeco,Copiulemu,18.066666666666666,23.39,False,77.6789667896679
Mon Jul 11 06:44:25 2022,Copiulemu,Tomeco,15.266666666666667,22.002,False,86.47074235807858
