Fecha,From,To,Tiempo (min),Distancia (km),Real Time,Velocidad promedia
Mon Apr 11 03:25:51 2022,Tomeco,Copiulemu,18.816666666666666,23.39,True,74.58281665190434
Mon Apr 11 03:25:51 2022,Copiulemu,Tomeco,15.683333333333334,22.002,True,84.17343251859724
Mon Apr 11 03:25:51 2022,Tomeco,Copiulemu,18.183333333333334,23.39,False,77.18056828597616
Mon Apr 11 03:25:51 2022,Copiulemu,Tomeco,15.683333333333334,22.002,False,84.17343251859724
