Fecha,From,To,Tiempo (min),Distancia (km),Real Time,Velocidad promedia
Mon May 13 12:46:06 2024,Tomeco,Copiulemu,17.533333333333335,23.48,True,80.34980988593155
Mon May 13 12:46:06 2024,Copiulemu,Tomeco,15.05,22.002,True,87.71561461794019
Mon May 13 12:46:06 2024,Tomeco,Copiulemu,17.516666666666666,23.48,False,80.42626070409135
Mon May 13 12:46:06 2024,Copiulemu,Tomeco,14.85,22.002,False,88.89696969696969
