Fecha,From,To,Tiempo (min),Distancia (km),Real Time,Velocidad promedia
Mon Jun 13 19:28:26 2022,Tomeco,Copiulemu,16.75,23.39,True,83.78507462686566
Mon Jun 13 19:28:26 2022,Copiulemu,Tomeco,15.483333333333333,22.002,True,85.26071044133477
Mon Jun 13 19:28:26 2022,Tomeco,Copiulemu,16.75,23.39,False,83.78507462686566
Mon Jun 13 19:28:26 2022,Copiulemu,Tomeco,15.216666666666667,22.002,False,86.75487404162102
