Fecha,From,To,Tiempo (min),Distancia (km),Real Time,Velocidad promedia
Mon Jan 29 02:29:37 2024,Tomeco,Copiulemu,22.383333333333333,23.48,True,62.939687267311996
Mon Jan 29 02:29:37 2024,Copiulemu,Tomeco,16.283333333333335,22.002,True,81.0718526100307
Mon Jan 29 02:29:37 2024,Tomeco,Copiulemu,18.016666666666666,23.48,False,78.19426456984274
Mon Jan 29 02:29:37 2024,Copiulemu,Tomeco,16.266666666666666,22.002,False,81.1549180327869
