Fecha,From,To,Tiempo (min),Distancia (km),Real Time,Velocidad promedia
Mon Oct 16 05:29:01 2023,Tomeco,Copiulemu,17.833333333333332,23.39,True,78.69532710280374
Mon Oct 16 05:29:01 2023,Copiulemu,Tomeco,15.683333333333334,22.002,True,84.17343251859724
Mon Oct 16 05:29:01 2023,Tomeco,Copiulemu,17.833333333333332,23.39,False,78.69532710280374
Mon Oct 16 05:29:01 2023,Copiulemu,Tomeco,15.133333333333333,22.002,False,87.23259911894272
