Fecha,From,To,Tiempo (min),Distancia (km),Real Time,Velocidad promedia
Mon Aug 15 20:35:39 2022,Tomeco,Copiulemu,22.283333333333335,23.39,True,62.97980553477935
Mon Aug 15 20:35:39 2022,Copiulemu,Tomeco,15.616666666666667,22.002,True,84.53276414087513
Mon Aug 15 20:35:39 2022,Tomeco,Copiulemu,17.366666666666667,23.39,False,80.80998080614204
Mon Aug 15 20:35:39 2022,Copiulemu,Tomeco,15.316666666666666,22.002,False,86.18846572361262
