Fecha,From,To,Tiempo (min),Distancia (km),Real Time,Velocidad promedia
Mon May 20 18:32:25 2024,Tomeco,Copiulemu,17.616666666666667,23.48,True,79.96972563859981
Mon May 20 18:32:25 2024,Copiulemu,Tomeco,14.9,22.002,True,88.59865771812079
Mon May 20 18:32:25 2024,Tomeco,Copiulemu,17.616666666666667,23.48,False,79.96972563859981
Mon May 20 18:32:25 2024,Copiulemu,Tomeco,14.9,22.002,False,88.59865771812079
