Fecha,From,To,Tiempo (min),Distancia (km),Real Time,Velocidad promedia
Mon Nov 13 05:29:08 2023,Tomeco,Copiulemu,17.883333333333333,23.39,True,78.47530288909599
Mon Nov 13 05:29:08 2023,Copiulemu,Tomeco,15.383333333333333,22.002,True,85.81495124593715
Mon Nov 13 05:29:08 2023,Tomeco,Copiulemu,17.883333333333333,23.39,False,78.47530288909599
Mon Nov 13 05:29:08 2023,Copiulemu,Tomeco,15.383333333333333,22.002,False,85.81495124593715
