Fecha,From,To,Tiempo (min),Distancia (km),Real Time,Velocidad promedia
Mon Mar 25 23:28:07 2024,Tomeco,Copiulemu,18.05,23.48,True,78.04986149584488
Mon Mar 25 23:28:07 2024,Copiulemu,Tomeco,15.1,22.002,True,87.4251655629139
Mon Mar 25 23:28:07 2024,Tomeco,Copiulemu,17.75,23.48,False,79.36901408450704
Mon Mar 25 23:28:07 2024,Copiulemu,Tomeco,14.983333333333333,22.002,False,88.1058954393771
