Fecha,From,To,Tiempo (min),Distancia (km),Real Time,Velocidad promedia
Mon Jan 22 17:29:56 2024,Tomeco,Copiulemu,23.366666666666667,23.48,True,60.29101283880171
Mon Jan 22 17:29:56 2024,Copiulemu,Tomeco,15.1,22.002,True,87.4251655629139
Mon Jan 22 17:29:56 2024,Tomeco,Copiulemu,18.166666666666668,23.48,False,77.548623853211
Mon Jan 22 17:29:56 2024,Copiulemu,Tomeco,15.833333333333334,22.002,False,83.37599999999999
