Fecha,From,To,Tiempo (min),Distancia (km),Real Time,Velocidad promedia
Mon Dec 18 05:30:09 2023,Tomeco,Copiulemu,18.266666666666666,23.39,True,76.82846715328468
Mon Dec 18 05:30:09 2023,Copiulemu,Tomeco,15.366666666666667,22.002,True,85.90802603036876
Mon Dec 18 05:30:09 2023,Tomeco,Copiulemu,18.233333333333334,23.39,False,76.9689213893967
Mon Dec 18 05:30:09 2023,Copiulemu,Tomeco,14.966666666666667,22.002,False,88.20400890868596
