Fecha,From,To,Tiempo (min),Distancia (km),Real Time,Velocidad promedia
Mon Dec 25 09:28:03 2023,Tomeco,Copiulemu,17.85,23.39,True,78.62184873949579
Mon Dec 25 09:28:03 2023,Copiulemu,Tomeco,15.1,22.002,True,87.4251655629139
Mon Dec 25 09:28:03 2023,Tomeco,Copiulemu,17.85,23.39,False,78.62184873949579
Mon Dec 25 09:28:03 2023,Copiulemu,Tomeco,15.1,22.002,False,87.4251655629139
