Fecha,From,To,Tiempo (min),Distancia (km),Real Time,Velocidad promedia
Mon Jun  3 12:48:36 2024,Tomeco,Copiulemu,17.433333333333334,23.48,True,80.81070745697896
Mon Jun  3 12:48:36 2024,Copiulemu,Tomeco,15.033333333333333,22.002,True,87.81286031042129
Mon Jun  3 12:48:36 2024,Tomeco,Copiulemu,17.45,23.48,False,80.73352435530086
Mon Jun  3 12:48:36 2024,Copiulemu,Tomeco,14.966666666666667,22.002,False,88.20400890868596
