Fecha,From,To,Tiempo (min),Distancia (km),Real Time,Velocidad promedia
Mon Aug  1 03:03:15 2022,Tomeco,Copiulemu,17.2,23.39,True,81.59302325581395
Mon Aug  1 03:03:15 2022,Copiulemu,Tomeco,15.416666666666666,22.002,True,85.62940540540541
Mon Aug  1 03:03:15 2022,Tomeco,Copiulemu,17.05,23.39,False,82.3108504398827
Mon Aug  1 03:03:15 2022,Copiulemu,Tomeco,15.416666666666666,22.002,False,85.62940540540541
