Fecha,From,To,Tiempo (min),Distancia (km),Real Time,Velocidad promedia
Mon Mar 25 19:28:00 2024,Tomeco,Copiulemu,17.516666666666666,23.48,True,80.42626070409135
Mon Mar 25 19:28:00 2024,Copiulemu,Tomeco,14.916666666666666,22.002,True,88.49966480446928
Mon Mar 25 19:28:00 2024,Tomeco,Copiulemu,17.583333333333332,23.48,False,80.12132701421802
Mon Mar 25 19:28:00 2024,Copiulemu,Tomeco,14.866666666666667,22.002,False,88.79730941704035
