Fecha,From,To,Tiempo (min),Distancia (km),Real Time,Velocidad promedia
Mon Sep 16 23:28:08 2024,Tomeco,Copiulemu,17.983333333333334,23.48,True,78.33920296570899
Mon Sep 16 23:28:08 2024,Copiulemu,Tomeco,15.616666666666667,22.002,True,84.53276414087513
Mon Sep 16 23:28:08 2024,Tomeco,Copiulemu,17.966666666666665,23.48,False,78.41187384044528
Mon Sep 16 23:28:08 2024,Copiulemu,Tomeco,15.55,22.002,False,84.8951768488746
