Fecha,From,To,Tiempo (min),Distancia (km),Real Time,Velocidad promedia
Mon Dec  9 17:36:15 2024,Tomeco,Copiulemu,17.533333333333335,23.45,True,80.24714828897336
Mon Dec  9 17:36:15 2024,Copiulemu,Tomeco,15.45,21.957,True,85.26990291262136
Mon Dec  9 17:36:15 2024,Tomeco,Copiulemu,17.183333333333334,23.45,False,81.88166828322016
Mon Dec  9 17:36:15 2024,Copiulemu,Tomeco,15.383333333333333,21.957,False,85.63943661971831
