Fecha,From,To,Tiempo (min),Distancia (km),Real Time,Velocidad promedia
Mon Aug 26 10:36:44 2024,Tomeco,Copiulemu,18.333333333333332,23.48,True,76.84363636363638
Mon Aug 26 10:36:44 2024,Copiulemu,Tomeco,15.616666666666667,22.002,True,84.53276414087513
Mon Aug 26 10:36:44 2024,Tomeco,Copiulemu,18.083333333333332,23.48,False,77.90599078341015
Mon Aug 26 10:36:44 2024,Copiulemu,Tomeco,15.516666666666667,22.002,False,85.07755102040815
