Fecha,From,To,Tiempo (min),Distancia (km),Real Time,Velocidad promedia
Mon Jun 24 04:32:17 2024,Tomeco,Copiulemu,17.866666666666667,23.48,True,78.8507462686567
Mon Jun 24 04:32:17 2024,Copiulemu,Tomeco,15.633333333333333,22.002,True,84.44264392324094
Mon Jun 24 04:32:17 2024,Tomeco,Copiulemu,17.866666666666667,23.48,False,78.8507462686567
Mon Jun 24 04:32:17 2024,Copiulemu,Tomeco,15.633333333333333,22.002,False,84.44264392324094
