Fecha,From,To,Tiempo (min),Distancia (km),Real Time,Velocidad promedia
Mon May 20 08:31:35 2024,Tomeco,Copiulemu,18.066666666666666,23.48,True,77.97785977859779
Mon May 20 08:31:35 2024,Copiulemu,Tomeco,15.233333333333333,22.002,True,86.65995623632385
Mon May 20 08:31:35 2024,Tomeco,Copiulemu,18.066666666666666,23.48,False,77.97785977859779
Mon May 20 08:31:35 2024,Copiulemu,Tomeco,15.233333333333333,22.002,False,86.65995623632385
