Fecha,From,To,Tiempo (min),Distancia (km),Real Time,Velocidad promedia
Mon Aug 29 21:34:12 2022,Tomeco,Copiulemu,17.516666666666666,23.39,True,80.11798287345385
Mon Aug 29 21:34:12 2022,Copiulemu,Tomeco,14.883333333333333,22.002,True,88.69787234042553
Mon Aug 29 21:34:12 2022,Tomeco,Copiulemu,17.433333333333334,23.39,False,80.50095602294455
Mon Aug 29 21:34:12 2022,Copiulemu,Tomeco,14.883333333333333,22.002,False,88.69787234042553
