Fecha,From,To,Tiempo (min),Distancia (km),Real Time,Velocidad promedia
Mon Apr 25 07:33:35 2022,Tomeco,Copiulemu,17.45,23.39,True,80.42406876790831
Mon Apr 25 07:33:35 2022,Copiulemu,Tomeco,14.933333333333334,22.002,True,88.40089285714285
Mon Apr 25 07:33:35 2022,Tomeco,Copiulemu,17.45,23.39,False,80.42406876790831
Mon Apr 25 07:33:35 2022,Copiulemu,Tomeco,14.933333333333334,22.002,False,88.40089285714285
