Fecha,From,To,Tiempo (min),Distancia (km),Real Time,Velocidad promedia
Mon Apr 25 02:22:03 2022,Tomeco,Copiulemu,18.316666666666666,23.39,True,76.61874431301183
Mon Apr 25 02:22:03 2022,Copiulemu,Tomeco,15.6,22.002,True,84.62307692307692
Mon Apr 25 02:22:03 2022,Tomeco,Copiulemu,17.716666666666665,23.39,False,79.21354656632174
Mon Apr 25 02:22:03 2022,Copiulemu,Tomeco,15.316666666666666,22.002,False,86.18846572361262
