Fecha,From,To,Tiempo (min),Distancia (km),Real Time,Velocidad promedia
Mon Mar 21 08:39:16 2022,Tomeco,Copiulemu,17.35,23.39,True,80.88760806916426
Mon Mar 21 08:39:16 2022,Copiulemu,Tomeco,14.833333333333334,22.002,True,88.99685393258426
Mon Mar 21 08:39:16 2022,Tomeco,Copiulemu,17.35,23.39,False,80.88760806916426
Mon Mar 21 08:39:16 2022,Copiulemu,Tomeco,14.833333333333334,22.002,False,88.99685393258426
