Fecha,From,To,Tiempo (min),Distancia (km),Real Time,Velocidad promedia
Mon Nov 11 08:38:52 2024,Tomeco,Copiulemu,18.3,23.45,True,76.88524590163934
Mon Nov 11 08:38:52 2024,Copiulemu,Tomeco,15.316666666666666,21.968,True,86.05527747551687
Mon Nov 11 08:38:52 2024,Tomeco,Copiulemu,18.3,23.45,False,76.88524590163934
Mon Nov 11 08:38:52 2024,Copiulemu,Tomeco,15.316666666666666,21.968,False,86.05527747551687
