Fecha,From,To,Tiempo (min),Distancia (km),Real Time,Velocidad promedia
Mon Aug 12 04:33:59 2024,Tomeco,Copiulemu,17.883333333333333,23.48,True,78.77726001863932
Mon Aug 12 04:33:59 2024,Copiulemu,Tomeco,15.65,22.002,True,84.35271565495206
Mon Aug 12 04:33:59 2024,Tomeco,Copiulemu,17.883333333333333,23.48,False,78.77726001863932
Mon Aug 12 04:33:59 2024,Copiulemu,Tomeco,15.65,22.002,False,84.35271565495206
