Fecha,From,To,Tiempo (min),Distancia (km),Real Time,Velocidad promedia
Mon Apr 22 21:28:05 2024,Tomeco,Copiulemu,17.9,23.48,True,78.70391061452516
Mon Apr 22 21:28:05 2024,Copiulemu,Tomeco,15.416666666666666,22.002,True,85.62940540540541
Mon Apr 22 21:28:05 2024,Tomeco,Copiulemu,17.883333333333333,23.48,False,78.77726001863932
Mon Apr 22 21:28:05 2024,Copiulemu,Tomeco,15.016666666666667,22.002,False,87.91032186459489
