Fecha,From,To,Tiempo (min),Distancia (km),Real Time,Velocidad promedia
Mon Oct 28 03:42:38 2024,Tomeco,Copiulemu,18.816666666666666,23.45,True,74.77413640389724
Mon Oct 28 03:42:38 2024,Copiulemu,Tomeco,15.633333333333333,21.968,True,84.31215351812367
Mon Oct 28 03:42:38 2024,Tomeco,Copiulemu,18.283333333333335,23.45,False,76.9553327256153
Mon Oct 28 03:42:38 2024,Copiulemu,Tomeco,15.95,21.968,False,82.63824451410659
