Fecha,From,To,Tiempo (min),Distancia (km),Real Time,Velocidad promedia
Mon Oct  2 12:46:28 2023,Tomeco,Copiulemu,17.266666666666666,23.39,True,81.27799227799228
Mon Oct  2 12:46:28 2023,Copiulemu,Tomeco,14.816666666666666,22.002,True,89.09696287964005
Mon Oct  2 12:46:28 2023,Tomeco,Copiulemu,17.333333333333332,23.39,False,80.96538461538462
Mon Oct  2 12:46:28 2023,Copiulemu,Tomeco,14.8,22.002,False,89.1972972972973
