Fecha,From,To,Tiempo (min),Distancia (km),Real Time,Velocidad promedia
Mon Apr 25 18:44:48 2022,Tomeco,Copiulemu,17.1,23.39,True,82.07017543859648
Mon Apr 25 18:44:48 2022,Copiulemu,Tomeco,14.733333333333333,21.461,True,87.39773755656108
Mon Apr 25 18:44:48 2022,Tomeco,Copiulemu,17.05,23.39,False,82.3108504398827
Mon Apr 25 18:44:48 2022,Copiulemu,Tomeco,14.633333333333333,21.461,False,87.99498861047836
