Fecha,From,To,Tiempo (min),Distancia (km),Real Time,Velocidad promedia
Mon Jun 20 06:46:30 2022,Tomeco,Copiulemu,17.316666666666666,23.39,True,81.04331087584217
Mon Jun 20 06:46:30 2022,Copiulemu,Tomeco,15.1,22.002,True,87.4251655629139
Mon Jun 20 06:46:30 2022,Tomeco,Copiulemu,17.316666666666666,23.39,False,81.04331087584217
Mon Jun 20 06:46:30 2022,Copiulemu,Tomeco,15.333333333333334,22.002,False,86.09478260869564
