Fecha,From,To,Tiempo (min),Distancia (km),Real Time,Velocidad promedia
Mon May 20 21:28:13 2024,Tomeco,Copiulemu,18.1,23.48,True,77.8342541436464
Mon May 20 21:28:13 2024,Copiulemu,Tomeco,15.366666666666667,22.002,True,85.90802603036876
Mon May 20 21:28:13 2024,Tomeco,Copiulemu,17.6,23.48,False,80.04545454545455
Mon May 20 21:28:13 2024,Copiulemu,Tomeco,15.333333333333334,22.002,False,86.09478260869564
