Fecha,From,To,Tiempo (min),Distancia (km),Real Time,Velocidad promedia
Mon May 30 21:34:18 2022,Tomeco,Copiulemu,17.783333333333335,23.39,True,78.91658856607309
Mon May 30 21:34:18 2022,Copiulemu,Tomeco,14.883333333333333,22.002,True,88.69787234042553
Mon May 30 21:34:18 2022,Tomeco,Copiulemu,16.866666666666667,23.39,False,83.20553359683794
Mon May 30 21:34:18 2022,Copiulemu,Tomeco,14.883333333333333,22.002,False,88.69787234042553
