Fecha,From,To,Tiempo (min),Distancia (km),Real Time,Velocidad promedia
Mon Oct  2 21:28:13 2023,Tomeco,Copiulemu,17.866666666666667,23.39,True,78.54850746268656
Mon Oct  2 21:28:13 2023,Copiulemu,Tomeco,15.2,22.002,True,86.85000000000001
Mon Oct  2 21:28:13 2023,Tomeco,Copiulemu,17.933333333333334,23.39,False,78.25650557620818
Mon Oct  2 21:28:13 2023,Copiulemu,Tomeco,14.9,22.002,False,88.59865771812079
