Fecha,From,To,Tiempo (min),Distancia (km),Real Time,Velocidad promedia
Mon Nov  6 03:28:24 2023,Tomeco,Copiulemu,17.116666666666667,23.39,True,81.9902629016553
Mon Nov  6 03:28:24 2023,Copiulemu,Tomeco,15.916666666666666,22.002,True,82.93947643979057
Mon Nov  6 03:28:24 2023,Tomeco,Copiulemu,17.116666666666667,23.39,False,81.9902629016553
Mon Nov  6 03:28:24 2023,Copiulemu,Tomeco,15.916666666666666,22.002,False,82.93947643979057
