Fecha,From,To,Tiempo (min),Distancia (km),Real Time,Velocidad promedia
Mon Dec 18 13:30:31 2023,Tomeco,Copiulemu,16.966666666666665,23.39,True,82.71512770137525
Mon Dec 18 13:30:31 2023,Copiulemu,Tomeco,14.683333333333334,22.002,True,89.90601589103291
Mon Dec 18 13:30:31 2023,Tomeco,Copiulemu,16.716666666666665,23.39,False,83.95214356929213
Mon Dec 18 13:30:31 2023,Copiulemu,Tomeco,14.666666666666666,22.002,False,90.00818181818181
