Fecha,From,To,Tiempo (min),Distancia (km),Real Time,Velocidad promedia
Mon Feb 12 01:28:54 2024,Tomeco,Copiulemu,22.433333333333334,23.48,True,62.79940564635959
Mon Feb 12 01:28:54 2024,Copiulemu,Tomeco,19.3,21.581,True,67.09119170984457
Mon Feb 12 01:28:54 2024,Tomeco,Copiulemu,25.15,23.48,False,56.015904572564615
Mon Feb 12 01:28:54 2024,Copiulemu,Tomeco,18.366666666666667,21.581,False,70.5005444646098
