Fecha,From,To,Tiempo (min),Distancia (km),Real Time,Velocidad promedia
Mon Aug 29 07:39:07 2022,Tomeco,Copiulemu,17.483333333333334,23.39,True,80.27073403241181
Mon Aug 29 07:39:07 2022,Copiulemu,Tomeco,15.15,22.002,True,87.13663366336633
Mon Aug 29 07:39:07 2022,Tomeco,Copiulemu,17.483333333333334,23.39,False,80.27073403241181
Mon Aug 29 07:39:07 2022,Copiulemu,Tomeco,15.15,22.002,False,87.13663366336633
