Fecha,From,To,Tiempo (min),Distancia (km),Real Time,Velocidad promedia
Mon Oct  7 17:33:23 2024,Tomeco,Copiulemu,17.933333333333334,23.48,True,78.55762081784387
Mon Oct  7 17:33:23 2024,Copiulemu,Tomeco,15.833333333333334,22.002,True,83.37599999999999
Mon Oct  7 17:33:23 2024,Tomeco,Copiulemu,17.933333333333334,23.48,False,78.55762081784387
Mon Oct  7 17:33:23 2024,Copiulemu,Tomeco,15.2,22.002,False,86.85000000000001
