Fecha,From,To,Tiempo (min),Distancia (km),Real Time,Velocidad promedia
Mon May  6 02:39:16 2024,Tomeco,Copiulemu,17.9,23.48,True,78.70391061452516
Mon May  6 02:39:16 2024,Copiulemu,Tomeco,15.75,22.002,True,83.81714285714285
Mon May  6 02:39:16 2024,Tomeco,Copiulemu,17.866666666666667,23.48,False,78.8507462686567
Mon May  6 02:39:16 2024,Copiulemu,Tomeco,15.733333333333333,22.002,False,83.90593220338984
