Fecha,From,To,Tiempo (min),Distancia (km),Real Time,Velocidad promedia
Mon May 16 04:53:23 2022,Tomeco,Copiulemu,16.816666666666666,23.39,True,83.45292368681864
Mon May 16 04:53:23 2022,Copiulemu,Tomeco,15.683333333333334,22.002,True,84.17343251859724
Mon May 16 04:53:23 2022,Tomeco,Copiulemu,16.816666666666666,23.39,False,83.45292368681864
Mon May 16 04:53:23 2022,Copiulemu,Tomeco,15.683333333333334,22.002,False,84.17343251859724
