Fecha,From,To,Tiempo (min),Distancia (km),Real Time,Velocidad promedia
Mon Jul 22 11:28:03 2024,Tomeco,Copiulemu,18.016666666666666,23.48,True,78.19426456984274
Mon Jul 22 11:28:03 2024,Copiulemu,Tomeco,15.866666666666667,22.002,True,83.20084033613446
Mon Jul 22 11:28:03 2024,Tomeco,Copiulemu,18.016666666666666,23.48,False,78.19426456984274
Mon Jul 22 11:28:03 2024,Copiulemu,Tomeco,15.866666666666667,22.002,False,83.20084033613446
