Fecha,From,To,Tiempo (min),Distancia (km),Real Time,Velocidad promedia
Mon Oct 23 06:33:05 2023,Tomeco,Copiulemu,17.616666666666667,23.39,True,79.6631977294229
Mon Oct 23 06:33:05 2023,Copiulemu,Tomeco,14.933333333333334,22.002,True,88.40089285714285
Mon Oct 23 06:33:05 2023,Tomeco,Copiulemu,17.616666666666667,23.39,False,79.6631977294229
Mon Oct 23 06:33:05 2023,Copiulemu,Tomeco,14.933333333333334,22.002,False,88.40089285714285
