Fecha,From,To,Tiempo (min),Distancia (km),Real Time,Velocidad promedia
Mon Aug 15 13:55:15 2022,Tomeco,Copiulemu,16.433333333333334,23.39,True,85.39959432048681
Mon Aug 15 13:55:15 2022,Copiulemu,Tomeco,15.033333333333333,22.002,True,87.81286031042129
Mon Aug 15 13:55:15 2022,Tomeco,Copiulemu,16.483333333333334,23.39,False,85.14054600606673
Mon Aug 15 13:55:15 2022,Copiulemu,Tomeco,15.016666666666667,22.002,False,87.91032186459489
