Fecha,From,To,Tiempo (min),Distancia (km),Real Time,Velocidad promedia
Mon Nov  4 23:31:20 2024,Tomeco,Copiulemu,18.583333333333332,23.45,True,75.71300448430495
Mon Nov  4 23:31:20 2024,Copiulemu,Tomeco,15.45,21.968,True,85.3126213592233
Mon Nov  4 23:31:20 2024,Tomeco,Copiulemu,18.45,23.45,False,76.26016260162602
Mon Nov  4 23:31:20 2024,Copiulemu,Tomeco,15.4,21.968,False,85.5896103896104
