Fecha,From,To,Tiempo (min),Distancia (km),Real Time,Velocidad promedia
Mon Nov 20 05:29:55 2023,Tomeco,Copiulemu,18.066666666666666,23.39,True,77.6789667896679
Mon Nov 20 05:29:55 2023,Copiulemu,Tomeco,14.933333333333334,22.002,True,88.40089285714285
Mon Nov 20 05:29:55 2023,Tomeco,Copiulemu,17.583333333333332,23.39,False,79.81421800947868
Mon Nov 20 05:29:55 2023,Copiulemu,Tomeco,14.933333333333334,22.002,False,88.40089285714285
