Fecha,From,To,Tiempo (min),Distancia (km),Real Time,Velocidad promedia
Mon May 13 01:36:52 2024,Tomeco,Copiulemu,18.183333333333334,23.48,True,77.47754353803849
Mon May 13 01:36:52 2024,Copiulemu,Tomeco,15.55,22.002,True,84.8951768488746
Mon May 13 01:36:52 2024,Tomeco,Copiulemu,18.183333333333334,23.48,False,77.47754353803849
Mon May 13 01:36:52 2024,Copiulemu,Tomeco,15.533333333333333,22.002,False,84.9862660944206
