Fecha,From,To,Tiempo (min),Distancia (km),Real Time,Velocidad promedia
Mon Jan 22 10:34:58 2024,Tomeco,Copiulemu,17.583333333333332,23.48,True,80.12132701421802
Mon Jan 22 10:34:58 2024,Copiulemu,Tomeco,15.333333333333334,22.002,True,86.09478260869564
Mon Jan 22 10:34:58 2024,Tomeco,Copiulemu,17.25,23.48,False,81.66956521739131
Mon Jan 22 10:34:58 2024,Copiulemu,Tomeco,15.1,22.002,False,87.4251655629139
