Fecha,From,To,Tiempo (min),Distancia (km),Real Time,Velocidad promedia
Mon May 23 13:03:06 2022,Tomeco,Copiulemu,16.683333333333334,23.39,True,84.11988011988012
Mon May 23 13:03:06 2022,Copiulemu,Tomeco,14.816666666666666,22.002,True,89.09696287964005
Mon May 23 13:03:06 2022,Tomeco,Copiulemu,16.683333333333334,23.39,False,84.11988011988012
Mon May 23 13:03:06 2022,Copiulemu,Tomeco,14.783333333333333,22.002,False,89.2978579481398
