Fecha,From,To,Tiempo (min),Distancia (km),Real Time,Velocidad promedia
Mon Sep 16 06:41:03 2024,Tomeco,Copiulemu,18.433333333333334,23.48,True,76.42676311030742
Mon Sep 16 06:41:03 2024,Copiulemu,Tomeco,15.15,22.002,True,87.13663366336633
Mon Sep 16 06:41:03 2024,Tomeco,Copiulemu,18.433333333333334,23.48,False,76.42676311030742
Mon Sep 16 06:41:03 2024,Copiulemu,Tomeco,15.3,22.002,False,86.28235294117647
