Fecha,From,To,Tiempo (min),Distancia (km),Real Time,Velocidad promedia
Mon Dec  2 09:36:42 2024,Tomeco,Copiulemu,17.066666666666666,23.45,True,82.44140625
Mon Dec  2 09:36:42 2024,Copiulemu,Tomeco,14.983333333333333,21.957,True,87.92569521690768
Mon Dec  2 09:36:42 2024,Tomeco,Copiulemu,17.066666666666666,23.45,False,82.44140625
Mon Dec  2 09:36:42 2024,Copiulemu,Tomeco,14.983333333333333,21.957,False,87.92569521690768
