Fecha,From,To,Tiempo (min),Distancia (km),Real Time,Velocidad promedia
Mon May 27 18:32:20 2024,Tomeco,Copiulemu,17.65,23.48,True,79.8186968838527
Mon May 27 18:32:20 2024,Copiulemu,Tomeco,14.916666666666666,22.002,True,88.49966480446928
Mon May 27 18:32:20 2024,Tomeco,Copiulemu,17.6,23.48,False,80.04545454545455
Mon May 27 18:32:20 2024,Copiulemu,Tomeco,14.9,22.002,False,88.59865771812079
