Fecha,From,To,Tiempo (min),Distancia (km),Real Time,Velocidad promedia
Mon Sep 16 08:38:38 2024,Tomeco,Copiulemu,18.466666666666665,23.48,True,76.28880866425993
Mon Sep 16 08:38:38 2024,Copiulemu,Tomeco,15.216666666666667,22.002,True,86.75487404162102
Mon Sep 16 08:38:38 2024,Tomeco,Copiulemu,18.466666666666665,23.48,False,76.28880866425993
Mon Sep 16 08:38:38 2024,Copiulemu,Tomeco,15.216666666666667,22.002,False,86.75487404162102
