Fecha,From,To,Tiempo (min),Distancia (km),Real Time,Velocidad promedia
Mon Oct 30 04:31:31 2023,Tomeco,Copiulemu,17.666666666666668,23.39,True,79.43773584905661
Mon Oct 30 04:31:31 2023,Copiulemu,Tomeco,15.866666666666667,22.002,True,83.20084033613446
Mon Oct 30 04:31:31 2023,Tomeco,Copiulemu,17.666666666666668,23.39,False,79.43773584905661
Mon Oct 30 04:31:31 2023,Copiulemu,Tomeco,15.716666666666667,22.002,False,83.99490986214211
