Fecha,From,To,Tiempo (min),Distancia (km),Real Time,Velocidad promedia
Mon Feb 26 10:31:19 2024,Tomeco,Copiulemu,18.033333333333335,23.48,True,78.12199630314232
Mon Feb 26 10:31:19 2024,Copiulemu,Tomeco,15.516666666666667,22.002,True,85.07755102040815
Mon Feb 26 10:31:19 2024,Tomeco,Copiulemu,17.866666666666667,23.48,False,78.8507462686567
Mon Feb 26 10:31:19 2024,Copiulemu,Tomeco,15.466666666666667,22.002,False,85.35258620689655
