Fecha,From,To,Tiempo (min),Distancia (km),Real Time,Velocidad promedia
Mon Oct  7 16:40:24 2024,Tomeco,Copiulemu,17.916666666666668,23.48,True,78.63069767441861
Mon Oct  7 16:40:24 2024,Copiulemu,Tomeco,15.5,22.002,True,85.1690322580645
Mon Oct  7 16:40:24 2024,Tomeco,Copiulemu,17.75,23.48,False,79.36901408450704
Mon Oct  7 16:40:24 2024,Copiulemu,Tomeco,15.216666666666667,22.002,False,86.75487404162102
