Fecha,From,To,Tiempo (min),Distancia (km),Real Time,Velocidad promedia
Mon Apr 29 23:28:00 2024,Tomeco,Copiulemu,18.55,23.48,True,75.94609164420484
Mon Apr 29 23:28:00 2024,Copiulemu,Tomeco,15.1,22.002,True,87.4251655629139
Mon Apr 29 23:28:00 2024,Tomeco,Copiulemu,18.25,23.48,False,77.19452054794522
Mon Apr 29 23:28:00 2024,Copiulemu,Tomeco,15.1,22.002,False,87.4251655629139
