Fecha,From,To,Tiempo (min),Distancia (km),Real Time,Velocidad promedia
Mon Jun 10 01:41:27 2024,Tomeco,Copiulemu,17.95,23.48,True,78.48467966573817
Mon Jun 10 01:41:27 2024,Copiulemu,Tomeco,15.5,22.002,True,85.1690322580645
Mon Jun 10 01:41:27 2024,Tomeco,Copiulemu,17.95,23.48,False,78.48467966573817
Mon Jun 10 01:41:27 2024,Copiulemu,Tomeco,15.566666666666666,22.002,False,84.80428265524625
