Fecha,From,To,Tiempo (min),Distancia (km),Real Time,Velocidad promedia
Mon May  2 22:36:27 2022,Tomeco,Copiulemu,17.833333333333332,23.39,True,78.69532710280374
Mon May  2 22:36:27 2022,Copiulemu,Tomeco,14.583333333333334,22.002,True,90.52251428571428
Mon May  2 22:36:27 2022,Tomeco,Copiulemu,17.766666666666666,23.39,False,78.9906191369606
Mon May  2 22:36:27 2022,Copiulemu,Tomeco,14.816666666666666,22.002,False,89.09696287964005
