Fecha,From,To,Tiempo (min),Distancia (km),Real Time,Velocidad promedia
Mon Aug 29 09:36:54 2022,Tomeco,Copiulemu,17.6,23.39,True,79.73863636363636
Mon Aug 29 09:36:54 2022,Copiulemu,Tomeco,14.833333333333334,22.002,True,88.99685393258426
Mon Aug 29 09:36:54 2022,Tomeco,Copiulemu,17.6,23.39,False,79.73863636363636
Mon Aug 29 09:36:54 2022,Copiulemu,Tomeco,14.833333333333334,22.002,False,88.99685393258426
