Fecha,From,To,Tiempo (min),Distancia (km),Real Time,Velocidad promedia
Mon Sep 30 19:28:08 2024,Tomeco,Copiulemu,17.95,23.48,True,78.48467966573817
Mon Sep 30 19:28:08 2024,Copiulemu,Tomeco,15.583333333333334,22.002,True,84.71358288770053
Mon Sep 30 19:28:08 2024,Tomeco,Copiulemu,17.933333333333334,23.48,False,78.55762081784387
Mon Sep 30 19:28:08 2024,Copiulemu,Tomeco,15.55,22.002,False,84.8951768488746
