Fecha,From,To,Tiempo (min),Distancia (km),Real Time,Velocidad promedia
Mon May 27 20:28:03 2024,Tomeco,Copiulemu,18.033333333333335,23.48,True,78.12199630314232
Mon May 27 20:28:03 2024,Copiulemu,Tomeco,15.483333333333333,22.002,True,85.26071044133477
Mon May 27 20:28:03 2024,Tomeco,Copiulemu,18.033333333333335,23.48,False,78.12199630314232
Mon May 27 20:28:03 2024,Copiulemu,Tomeco,15.216666666666667,22.002,False,86.75487404162102
