Fecha,From,To,Tiempo (min),Distancia (km),Real Time,Velocidad promedia
Mon Mar 21 05:29:52 2022,Tomeco,Copiulemu,18.283333333333335,23.39,True,76.7584320875114
Mon Mar 21 05:29:52 2022,Copiulemu,Tomeco,15.483333333333333,22.002,True,85.26071044133477
Mon Mar 21 05:29:52 2022,Tomeco,Copiulemu,18.283333333333335,23.39,False,76.7584320875114
Mon Mar 21 05:29:52 2022,Copiulemu,Tomeco,15.483333333333333,22.002,False,85.26071044133477
