Fecha,From,To,Tiempo (min),Distancia (km),Real Time,Velocidad promedia
Mon Jan  8 01:36:30 2024,Tomeco,Copiulemu,25.033333333333335,23.48,True,56.276964047936076
Mon Jan  8 01:36:30 2024,Copiulemu,Tomeco,18.2,22.002,True,72.53406593406592
Mon Jan  8 01:36:30 2024,Tomeco,Copiulemu,18.0,23.48,False,78.26666666666667
Mon Jan  8 01:36:30 2024,Copiulemu,Tomeco,15.566666666666666,22.002,False,84.80428265524625
