Fecha,From,To,Tiempo (min),Distancia (km),Real Time,Velocidad promedia
Mon Nov 13 16:36:00 2023,Tomeco,Copiulemu,17.6,23.39,True,79.73863636363636
Mon Nov 13 16:36:00 2023,Copiulemu,Tomeco,15.016666666666667,22.002,True,87.91032186459489
Mon Nov 13 16:36:00 2023,Tomeco,Copiulemu,17.6,23.39,False,79.73863636363636
Mon Nov 13 16:36:00 2023,Copiulemu,Tomeco,14.65,22.002,False,90.11058020477815
