Fecha,From,To,Tiempo (min),Distancia (km),Real Time,Velocidad promedia
Mon Jan  8 20:28:21 2024,Tomeco,Copiulemu,18.55,23.48,True,75.94609164420484
Mon Jan  8 20:28:21 2024,Copiulemu,Tomeco,15.366666666666667,22.002,True,85.90802603036876
Mon Jan  8 20:28:21 2024,Tomeco,Copiulemu,18.65,23.48,False,75.53887399463808
Mon Jan  8 20:28:21 2024,Copiulemu,Tomeco,15.333333333333334,22.002,False,86.09478260869564
