Fecha,From,To,Tiempo (min),Distancia (km),Real Time,Velocidad promedia
Mon Aug  8 23:35:58 2022,Tomeco,Copiulemu,17.583333333333332,23.39,True,79.81421800947868
Mon Aug  8 23:35:58 2022,Copiulemu,Tomeco,14.966666666666667,22.002,True,88.20400890868596
Mon Aug  8 23:35:58 2022,Tomeco,Copiulemu,17.0,23.39,False,82.5529411764706
Mon Aug  8 23:35:58 2022,Copiulemu,Tomeco,14.883333333333333,22.002,False,88.69787234042553
