Fecha,From,To,Tiempo (min),Distancia (km),Real Time,Velocidad promedia
Mon Oct 14 03:03:33 2024,Tomeco,Copiulemu,18.266666666666666,23.48,True,77.1240875912409
Mon Oct 14 03:03:33 2024,Copiulemu,Tomeco,15.933333333333334,22.002,True,82.85271966527196
Mon Oct 14 03:03:33 2024,Tomeco,Copiulemu,18.266666666666666,23.48,False,77.1240875912409
Mon Oct 14 03:03:33 2024,Copiulemu,Tomeco,16.183333333333334,22.002,False,81.5728115345005
