Fecha,From,To,Tiempo (min),Distancia (km),Real Time,Velocidad promedia
Mon Apr 25 09:35:43 2022,Tomeco,Copiulemu,16.916666666666668,23.39,True,82.95960591133006
Mon Apr 25 09:35:43 2022,Copiulemu,Tomeco,14.716666666666667,22.002,True,89.70237825594563
Mon Apr 25 09:35:43 2022,Tomeco,Copiulemu,16.916666666666668,23.39,False,82.95960591133006
Mon Apr 25 09:35:43 2022,Copiulemu,Tomeco,14.716666666666667,22.002,False,89.70237825594563
