Fecha,From,To,Tiempo (min),Distancia (km),Real Time,Velocidad promedia
Mon Dec  9 02:14:22 2024,Tomeco,Copiulemu,18.65,23.45,True,75.44235924932977
Mon Dec  9 02:14:22 2024,Copiulemu,Tomeco,15.7,21.968,True,83.95414012738854
Mon Dec  9 02:14:22 2024,Tomeco,Copiulemu,18.266666666666666,23.45,False,77.02554744525548
Mon Dec  9 02:14:22 2024,Copiulemu,Tomeco,15.7,21.968,False,83.95414012738854
