Fecha,From,To,Tiempo (min),Distancia (km),Real Time,Velocidad promedia
Mon Nov 11 07:31:38 2024,Tomeco,Copiulemu,18.383333333333333,23.45,True,76.53671804170445
Mon Nov 11 07:31:38 2024,Copiulemu,Tomeco,14.933333333333334,21.968,True,88.26428571428572
Mon Nov 11 07:31:38 2024,Tomeco,Copiulemu,18.383333333333333,23.45,False,76.53671804170445
Mon Nov 11 07:31:38 2024,Copiulemu,Tomeco,14.933333333333334,21.968,False,88.26428571428572
