Fecha,From,To,Tiempo (min),Distancia (km),Real Time,Velocidad promedia
Mon Apr 15 03:40:34 2024,Tomeco,Copiulemu,17.95,23.48,True,78.48467966573817
Mon Apr 15 03:40:34 2024,Copiulemu,Tomeco,16.083333333333332,22.002,True,82.08
Mon Apr 15 03:40:34 2024,Tomeco,Copiulemu,17.85,23.48,False,78.92436974789915
Mon Apr 15 03:40:34 2024,Copiulemu,Tomeco,16.083333333333332,22.002,False,82.08
