Fecha,From,To,Tiempo (min),Distancia (km),Real Time,Velocidad promedia
Mon May 13 22:30:28 2024,Tomeco,Copiulemu,18.05,23.48,True,78.04986149584488
Mon May 13 22:30:28 2024,Copiulemu,Tomeco,15.366666666666667,22.002,True,85.90802603036876
Mon May 13 22:30:28 2024,Tomeco,Copiulemu,17.566666666666666,23.48,False,80.19734345351044
Mon May 13 22:30:28 2024,Copiulemu,Tomeco,15.316666666666666,22.002,False,86.18846572361262
