Fecha,From,To,Tiempo (min),Distancia (km),Real Time,Velocidad promedia
Mon May 16 09:36:37 2022,Tomeco,Copiulemu,16.666666666666668,23.39,True,84.204
Mon May 16 09:36:37 2022,Copiulemu,Tomeco,15.066666666666666,22.002,True,87.61858407079646
Mon May 16 09:36:37 2022,Tomeco,Copiulemu,16.666666666666668,23.39,False,84.204
Mon May 16 09:36:37 2022,Copiulemu,Tomeco,15.066666666666666,22.002,False,87.61858407079646
