Fecha,From,To,Tiempo (min),Distancia (km),Real Time,Velocidad promedia
Mon Nov 18 09:37:13 2024,Tomeco,Copiulemu,17.266666666666666,23.45,True,81.4864864864865
Mon Nov 18 09:37:13 2024,Copiulemu,Tomeco,15.366666666666667,21.968,True,85.77527114967462
Mon Nov 18 09:37:13 2024,Tomeco,Copiulemu,17.266666666666666,23.45,False,81.4864864864865
Mon Nov 18 09:37:13 2024,Copiulemu,Tomeco,15.083333333333334,21.968,False,87.38651933701658
