Fecha,From,To,Tiempo (min),Distancia (km),Real Time,Velocidad promedia
Mon Oct  3 14:50:48 2022,Tomeco,Copiulemu,16.816666666666666,23.39,True,83.45292368681864
Mon Oct  3 14:50:48 2022,Copiulemu,Tomeco,15.116666666666667,22.002,True,87.328776185226
Mon Oct  3 14:50:48 2022,Tomeco,Copiulemu,16.816666666666666,23.39,False,83.45292368681864
Mon Oct  3 14:50:48 2022,Copiulemu,Tomeco,15.0,22.002,False,88.008
