Fecha,From,To,Tiempo (min),Distancia (km),Real Time,Velocidad promedia
Mon May  6 19:28:15 2024,Tomeco,Copiulemu,18.016666666666666,23.48,True,78.19426456984274
Mon May  6 19:28:15 2024,Copiulemu,Tomeco,15.216666666666667,22.002,True,86.75487404162102
Mon May  6 19:28:15 2024,Tomeco,Copiulemu,17.916666666666668,23.48,False,78.63069767441861
Mon May  6 19:28:15 2024,Copiulemu,Tomeco,15.033333333333333,22.002,False,87.81286031042129
