Fecha,From,To,Tiempo (min),Distancia (km),Real Time,Velocidad promedia
Mon Sep 18 02:30:19 2023,Tomeco,Copiulemu,17.866666666666667,23.39,True,78.54850746268656
Mon Sep 18 02:30:19 2023,Copiulemu,Tomeco,16.3,22.002,True,80.98895705521473
Mon Sep 18 02:30:19 2023,Tomeco,Copiulemu,17.866666666666667,23.39,False,78.54850746268656
Mon Sep 18 02:30:19 2023,Copiulemu,Tomeco,15.466666666666667,22.002,False,85.35258620689655
