Fecha,From,To,Tiempo (min),Distancia (km),Real Time,Velocidad promedia
Mon Jun 20 21:32:30 2022,Tomeco,Copiulemu,19.333333333333332,23.39,True,72.5896551724138
Mon Jun 20 21:32:30 2022,Copiulemu,Tomeco,15.383333333333333,22.002,True,85.81495124593715
Mon Jun 20 21:32:30 2022,Tomeco,Copiulemu,16.8,23.39,False,83.53571428571428
Mon Jun 20 21:32:30 2022,Copiulemu,Tomeco,14.883333333333333,22.002,False,88.69787234042553
