Fecha,From,To,Tiempo (min),Distancia (km),Real Time,Velocidad promedia
Mon Oct 21 04:38:09 2024,Tomeco,Copiulemu,18.6,23.48,True,75.74193548387098
Mon Oct 21 04:38:09 2024,Copiulemu,Tomeco,15.966666666666667,22.002,True,82.67974947807932
Mon Oct 21 04:38:09 2024,Tomeco,Copiulemu,18.6,23.48,False,75.74193548387098
Mon Oct 21 04:38:09 2024,Copiulemu,Tomeco,15.966666666666667,22.002,False,82.67974947807932
