Fecha,From,To,Tiempo (min),Distancia (km),Real Time,Velocidad promedia
Mon Dec  9 16:43:54 2024,Tomeco,Copiulemu,17.616666666666667,23.45,True,79.86754966887418
Mon Dec  9 16:43:54 2024,Copiulemu,Tomeco,15.383333333333333,21.957,True,85.63943661971831
Mon Dec  9 16:43:54 2024,Tomeco,Copiulemu,17.15,23.45,False,82.04081632653062
Mon Dec  9 16:43:54 2024,Copiulemu,Tomeco,15.25,21.957,False,86.38819672131149
