Fecha,From,To,Tiempo (min),Distancia (km),Real Time,Velocidad promedia
Mon Sep 25 20:28:14 2023,Tomeco,Copiulemu,18.2,23.39,True,77.1098901098901
Mon Sep 25 20:28:14 2023,Copiulemu,Tomeco,16.266666666666666,22.002,True,81.1549180327869
Mon Sep 25 20:28:14 2023,Tomeco,Copiulemu,20.65,23.39,False,67.96125907990316
Mon Sep 25 20:28:14 2023,Copiulemu,Tomeco,16.4,22.002,False,80.49512195121952
