Fecha,From,To,Tiempo (min),Distancia (km),Real Time,Velocidad promedia
Mon Aug 15 17:41:16 2022,Tomeco,Copiulemu,17.8,23.39,True,78.84269662921348
Mon Aug 15 17:41:16 2022,Copiulemu,Tomeco,15.633333333333333,22.002,True,84.44264392324094
Mon Aug 15 17:41:16 2022,Tomeco,Copiulemu,17.033333333333335,23.39,False,82.39138943248531
Mon Aug 15 17:41:16 2022,Copiulemu,Tomeco,15.5,22.002,False,85.1690322580645
