Fecha,From,To,Tiempo (min),Distancia (km),Real Time,Velocidad promedia
Mon Feb 19 21:28:00 2024,Tomeco,Copiulemu,19.066666666666666,23.48,True,73.8881118881119
Mon Feb 19 21:28:00 2024,Copiulemu,Tomeco,15.783333333333333,22.002,True,83.64012671594509
Mon Feb 19 21:28:00 2024,Tomeco,Copiulemu,18.316666666666666,23.48,False,76.91355777979983
Mon Feb 19 21:28:00 2024,Copiulemu,Tomeco,15.733333333333333,22.002,False,83.90593220338984
