Fecha,From,To,Tiempo (min),Distancia (km),Real Time,Velocidad promedia
Mon Jun 20 04:47:54 2022,Tomeco,Copiulemu,17.583333333333332,23.39,True,79.81421800947868
Mon Jun 20 04:47:54 2022,Copiulemu,Tomeco,15.266666666666667,22.002,True,86.47074235807858
Mon Jun 20 04:47:54 2022,Tomeco,Copiulemu,17.583333333333332,23.39,False,79.81421800947868
Mon Jun 20 04:47:54 2022,Copiulemu,Tomeco,15.266666666666667,22.002,False,86.47074235807858
