Fecha,From,To,Tiempo (min),Distancia (km),Real Time,Velocidad promedia
Mon Oct 16 12:47:32 2023,Tomeco,Copiulemu,17.316666666666666,23.39,True,81.04331087584217
Mon Oct 16 12:47:32 2023,Copiulemu,Tomeco,14.816666666666666,22.002,True,89.09696287964005
Mon Oct 16 12:47:32 2023,Tomeco,Copiulemu,17.266666666666666,23.39,False,81.27799227799228
Mon Oct 16 12:47:32 2023,Copiulemu,Tomeco,14.766666666666667,22.002,False,89.39864559819412
