Fecha,From,To,Tiempo (min),Distancia (km),Real Time,Velocidad promedia
Mon Nov 20 10:34:23 2023,Tomeco,Copiulemu,16.7,23.39,True,84.03592814371258
Mon Nov 20 10:34:23 2023,Copiulemu,Tomeco,14.533333333333333,22.002,True,90.83394495412843
Mon Nov 20 10:34:23 2023,Tomeco,Copiulemu,16.6,23.39,False,84.5421686746988
Mon Nov 20 10:34:23 2023,Copiulemu,Tomeco,14.5,22.002,False,91.04275862068965
