Fecha,From,To,Tiempo (min),Distancia (km),Real Time,Velocidad promedia
Mon Jun  3 23:28:19 2024,Tomeco,Copiulemu,18.683333333333334,23.48,True,75.40410347903658
Mon Jun  3 23:28:19 2024,Copiulemu,Tomeco,15.916666666666666,22.002,True,82.93947643979057
Mon Jun  3 23:28:19 2024,Tomeco,Copiulemu,17.9,23.48,False,78.70391061452516
Mon Jun  3 23:28:19 2024,Copiulemu,Tomeco,15.216666666666667,22.002,False,86.75487404162102
