Fecha,From,To,Tiempo (min),Distancia (km),Real Time,Velocidad promedia
Mon Oct 30 02:32:31 2023,Tomeco,Copiulemu,19.466666666666665,23.39,True,72.09246575342466
Mon Oct 30 02:32:31 2023,Copiulemu,Tomeco,20.383333333333333,22.002,True,64.76467702371218
Mon Oct 30 02:32:31 2023,Tomeco,Copiulemu,18.25,23.39,False,76.89863013698631
Mon Oct 30 02:32:31 2023,Copiulemu,Tomeco,15.683333333333334,22.002,False,84.17343251859724
