Fecha,From,To,Tiempo (min),Distancia (km),Real Time,Velocidad promedia
Mon Jul 29 10:35:59 2024,Tomeco,Copiulemu,18.233333333333334,23.48,True,77.26508226691041
Mon Jul 29 10:35:59 2024,Copiulemu,Tomeco,16.466666666666665,22.002,True,80.16923076923077
Mon Jul 29 10:35:59 2024,Tomeco,Copiulemu,18.166666666666668,23.48,False,77.548623853211
Mon Jul 29 10:35:59 2024,Copiulemu,Tomeco,16.516666666666666,22.002,False,79.92653884964682
