Fecha,From,To,Tiempo (min),Distancia (km),Real Time,Velocidad promedia
Mon Jan 15 06:34:28 2024,Tomeco,Copiulemu,18.65,23.48,True,75.53887399463808
Mon Jan 15 06:34:28 2024,Copiulemu,Tomeco,15.666666666666666,22.002,True,84.26297872340425
Mon Jan 15 06:34:28 2024,Tomeco,Copiulemu,18.65,23.48,False,75.53887399463808
Mon Jan 15 06:34:28 2024,Copiulemu,Tomeco,15.666666666666666,22.002,False,84.26297872340425
