Fecha,From,To,Tiempo (min),Distancia (km),Real Time,Velocidad promedia
Mon Jul 25 17:41:32 2022,Tomeco,Copiulemu,16.983333333333334,23.39,True,82.63395485770363
Mon Jul 25 17:41:32 2022,Copiulemu,Tomeco,15.683333333333334,22.002,True,84.17343251859724
Mon Jul 25 17:41:32 2022,Tomeco,Copiulemu,17.366666666666667,23.39,False,80.80998080614204
Mon Jul 25 17:41:32 2022,Copiulemu,Tomeco,15.616666666666667,22.002,False,84.53276414087513
