Fecha,From,To,Tiempo (min),Distancia (km),Real Time,Velocidad promedia
Mon Apr  8 17:29:46 2024,Tomeco,Copiulemu,18.016666666666666,23.48,True,78.19426456984274
Mon Apr  8 17:29:46 2024,Copiulemu,Tomeco,15.366666666666667,22.002,True,85.90802603036876
Mon Apr  8 17:29:46 2024,Tomeco,Copiulemu,17.933333333333334,23.48,False,78.55762081784387
Mon Apr  8 17:29:46 2024,Copiulemu,Tomeco,15.333333333333334,22.002,False,86.09478260869564
