Fecha,From,To,Tiempo (min),Distancia (km),Real Time,Velocidad promedia
Mon Oct 30 19:28:07 2023,Tomeco,Copiulemu,17.45,23.39,True,80.42406876790831
Mon Oct 30 19:28:07 2023,Copiulemu,Tomeco,14.633333333333333,22.002,True,90.2132118451025
Mon Oct 30 19:28:07 2023,Tomeco,Copiulemu,17.433333333333334,23.39,False,80.50095602294455
Mon Oct 30 19:28:07 2023,Copiulemu,Tomeco,14.533333333333333,22.002,False,90.83394495412843
