Fecha,From,To,Tiempo (min),Distancia (km),Real Time,Velocidad promedia
Mon Feb 26 09:28:05 2024,Tomeco,Copiulemu,18.233333333333334,23.48,True,77.26508226691041
Mon Feb 26 09:28:05 2024,Copiulemu,Tomeco,15.616666666666667,22.002,True,84.53276414087513
Mon Feb 26 09:28:05 2024,Tomeco,Copiulemu,17.833333333333332,23.48,False,78.9981308411215
Mon Feb 26 09:28:05 2024,Copiulemu,Tomeco,15.483333333333333,22.002,False,85.26071044133477
