Fecha,From,To,Tiempo (min),Distancia (km),Real Time,Velocidad promedia
Mon Sep 26 09:42:23 2022,Tomeco,Copiulemu,16.983333333333334,23.39,True,82.63395485770363
Mon Sep 26 09:42:23 2022,Copiulemu,Tomeco,15.283333333333333,22.002,True,86.37644492911667
Mon Sep 26 09:42:23 2022,Tomeco,Copiulemu,16.983333333333334,23.39,False,82.63395485770363
Mon Sep 26 09:42:23 2022,Copiulemu,Tomeco,15.233333333333333,22.002,False,86.65995623632385
