Fecha,From,To,Tiempo (min),Distancia (km),Real Time,Velocidad promedia
Mon Nov 27 05:29:39 2023,Tomeco,Copiulemu,17.916666666666668,23.39,True,78.3293023255814
Mon Nov 27 05:29:39 2023,Copiulemu,Tomeco,15.45,22.002,True,85.44466019417474
Mon Nov 27 05:29:39 2023,Tomeco,Copiulemu,17.916666666666668,23.39,False,78.3293023255814
Mon Nov 27 05:29:39 2023,Copiulemu,Tomeco,15.0,22.002,False,88.008
