Fecha,From,To,Tiempo (min),Distancia (km),Real Time,Velocidad promedia
Mon Oct 16 03:28:07 2023,Tomeco,Copiulemu,17.166666666666668,23.39,True,81.7514563106796
Mon Oct 16 03:28:07 2023,Copiulemu,Tomeco,15.816666666666666,22.002,True,83.46385669125394
Mon Oct 16 03:28:07 2023,Tomeco,Copiulemu,17.166666666666668,23.39,False,81.7514563106796
Mon Oct 16 03:28:07 2023,Copiulemu,Tomeco,15.816666666666666,22.002,False,83.46385669125394
