Fecha,From,To,Tiempo (min),Distancia (km),Real Time,Velocidad promedia
Mon Jun 27 13:55:35 2022,Tomeco,Copiulemu,17.183333333333334,23.39,True,81.6721629485936
Mon Jun 27 13:55:35 2022,Copiulemu,Tomeco,15.0,22.002,True,88.008
Mon Jun 27 13:55:35 2022,Tomeco,Copiulemu,16.583333333333332,23.39,False,84.62713567839198
Mon Jun 27 13:55:35 2022,Copiulemu,Tomeco,14.933333333333334,22.002,False,88.40089285714285
