Fecha,From,To,Tiempo (min),Distancia (km),Real Time,Velocidad promedia
Mon Jan  8 05:30:08 2024,Tomeco,Copiulemu,18.916666666666668,23.48,True,74.47400881057268
Mon Jan  8 05:30:08 2024,Copiulemu,Tomeco,15.416666666666666,22.002,True,85.62940540540541
Mon Jan  8 05:30:08 2024,Tomeco,Copiulemu,18.916666666666668,23.48,False,74.47400881057268
Mon Jan  8 05:30:08 2024,Copiulemu,Tomeco,16.166666666666668,22.002,False,81.65690721649483
