Fecha,From,To,Tiempo (min),Distancia (km),Real Time,Velocidad promedia
Mon Sep  2 15:31:03 2024,Tomeco,Copiulemu,18.166666666666668,23.48,True,77.548623853211
Mon Sep  2 15:31:03 2024,Copiulemu,Tomeco,15.7,22.002,True,84.08407643312101
Mon Sep  2 15:31:03 2024,Tomeco,Copiulemu,17.75,23.48,False,79.36901408450704
Mon Sep  2 15:31:03 2024,Copiulemu,Tomeco,15.65,22.002,False,84.35271565495206
