Fecha,From,To,Tiempo (min),Distancia (km),Real Time,Velocidad promedia
Mon Feb 26 07:28:07 2024,Tomeco,Copiulemu,18.85,23.48,True,74.73740053050398
Mon Feb 26 07:28:07 2024,Copiulemu,Tomeco,16.15,22.002,True,81.74117647058823
Mon Feb 26 07:28:07 2024,Tomeco,Copiulemu,18.85,23.48,False,74.73740053050398
Mon Feb 26 07:28:07 2024,Copiulemu,Tomeco,16.15,22.002,False,81.74117647058823
