Fecha,From,To,Tiempo (min),Distancia (km),Real Time,Velocidad promedia
Mon Jul 11 13:55:39 2022,Tomeco,Copiulemu,17.25,23.39,True,81.35652173913044
Mon Jul 11 13:55:39 2022,Copiulemu,Tomeco,15.016666666666667,22.002,True,87.91032186459489
Mon Jul 11 13:55:39 2022,Tomeco,Copiulemu,16.633333333333333,23.39,False,84.37274549098197
Mon Jul 11 13:55:39 2022,Copiulemu,Tomeco,14.933333333333334,22.002,False,88.40089285714285
