Fecha,From,To,Tiempo (min),Distancia (km),Real Time,Velocidad promedia
Mon Jun 24 21:28:09 2024,Tomeco,Copiulemu,19.816666666666666,23.48,True,71.09167367535744
Mon Jun 24 21:28:09 2024,Copiulemu,Tomeco,15.966666666666667,22.002,True,82.67974947807932
Mon Jun 24 21:28:09 2024,Tomeco,Copiulemu,17.9,23.48,False,78.70391061452516
Mon Jun 24 21:28:09 2024,Copiulemu,Tomeco,15.966666666666667,22.002,False,82.67974947807932
