Fecha,From,To,Tiempo (min),Distancia (km),Real Time,Velocidad promedia
Mon Mar 28 03:10:32 2022,Tomeco,Copiulemu,18.833333333333332,23.39,True,74.51681415929204
Mon Mar 28 03:10:32 2022,Copiulemu,Tomeco,16.6,22.002,True,79.52530120481927
Mon Mar 28 03:10:32 2022,Tomeco,Copiulemu,18.633333333333333,23.39,False,75.31663685152058
Mon Mar 28 03:10:32 2022,Copiulemu,Tomeco,16.933333333333334,22.002,False,77.95984251968504
