Fecha,From,To,Tiempo (min),Distancia (km),Real Time,Velocidad promedia
Mon Jul 29 04:33:07 2024,Tomeco,Copiulemu,17.883333333333333,23.48,True,78.77726001863932
Mon Jul 29 04:33:07 2024,Copiulemu,Tomeco,15.766666666666667,22.002,True,83.72854122621564
Mon Jul 29 04:33:07 2024,Tomeco,Copiulemu,17.883333333333333,23.48,False,78.77726001863932
Mon Jul 29 04:33:07 2024,Copiulemu,Tomeco,15.766666666666667,22.002,False,83.72854122621564
