Fecha,From,To,Tiempo (min),Distancia (km),Real Time,Velocidad promedia
Mon Jan 15 16:37:16 2024,Tomeco,Copiulemu,18.233333333333334,23.48,True,77.26508226691041
Mon Jan 15 16:37:16 2024,Copiulemu,Tomeco,16.0,22.002,True,82.5075
Mon Jan 15 16:37:16 2024,Tomeco,Copiulemu,18.05,23.48,False,78.04986149584488
Mon Jan 15 16:37:16 2024,Copiulemu,Tomeco,14.866666666666667,22.002,False,88.79730941704035
