Fecha,From,To,Tiempo (min),Distancia (km),Real Time,Velocidad promedia
Mon Dec 11 20:28:08 2023,Tomeco,Copiulemu,16.933333333333334,23.39,True,82.87795275590551
Mon Dec 11 20:28:08 2023,Copiulemu,Tomeco,14.916666666666666,22.002,True,88.49966480446928
Mon Dec 11 20:28:08 2023,Tomeco,Copiulemu,16.933333333333334,23.39,False,82.87795275590551
Mon Dec 11 20:28:08 2023,Copiulemu,Tomeco,14.566666666666666,22.002,False,90.62608695652173
