Fecha,From,To,Tiempo (min),Distancia (km),Real Time,Velocidad promedia
Mon Jun  3 04:33:46 2024,Tomeco,Copiulemu,18.166666666666668,23.48,True,77.548623853211
Mon Jun  3 04:33:46 2024,Copiulemu,Tomeco,15.516666666666667,22.002,True,85.07755102040815
Mon Jun  3 04:33:46 2024,Tomeco,Copiulemu,18.166666666666668,23.48,False,77.548623853211
Mon Jun  3 04:33:46 2024,Copiulemu,Tomeco,15.75,22.002,False,83.81714285714285
