Fecha,From,To,Tiempo (min),Distancia (km),Real Time,Velocidad promedia
Mon Apr  8 10:34:01 2024,Tomeco,Copiulemu,17.933333333333334,23.48,True,78.55762081784387
Mon Apr  8 10:34:01 2024,Copiulemu,Tomeco,15.05,22.002,True,87.71561461794019
Mon Apr  8 10:34:01 2024,Tomeco,Copiulemu,17.516666666666666,23.48,False,80.42626070409135
Mon Apr  8 10:34:01 2024,Copiulemu,Tomeco,15.033333333333333,22.002,False,87.81286031042129
