Fecha,From,To,Tiempo (min),Distancia (km),Real Time,Velocidad promedia
Mon May  2 02:43:05 2022,Tomeco,Copiulemu,17.833333333333332,23.39,True,78.69532710280374
Mon May  2 02:43:05 2022,Copiulemu,Tomeco,15.216666666666667,22.002,True,86.75487404162102
Mon May  2 02:43:05 2022,Tomeco,Copiulemu,17.516666666666666,23.39,False,80.11798287345385
Mon May  2 02:43:05 2022,Copiulemu,Tomeco,15.216666666666667,22.002,False,86.75487404162102
