Fecha,From,To,Tiempo (min),Distancia (km),Real Time,Velocidad promedia
Mon Sep 23 01:55:56 2024,Tomeco,Copiulemu,17.95,23.512,True,78.591643454039
Mon Sep 23 01:55:56 2024,Copiulemu,Tomeco,17.433333333333334,22.002,True,75.72390057361376
Mon Sep 23 01:55:56 2024,Tomeco,Copiulemu,17.966666666666665,23.512,False,78.5187384044527
Mon Sep 23 01:55:56 2024,Copiulemu,Tomeco,15.916666666666666,22.002,False,82.93947643979057
