Fecha,From,To,Tiempo (min),Distancia (km),Real Time,Velocidad promedia
Mon May 23 04:05:23 2022,Tomeco,Copiulemu,17.3,23.39,True,81.121387283237
Mon May 23 04:05:23 2022,Copiulemu,Tomeco,15.216666666666667,22.002,True,86.75487404162102
Mon May 23 04:05:23 2022,Tomeco,Copiulemu,16.85,23.39,False,83.28783382789317
Mon May 23 04:05:23 2022,Copiulemu,Tomeco,15.216666666666667,22.002,False,86.75487404162102
