Fecha,From,To,Tiempo (min),Distancia (km),Real Time,Velocidad promedia
Mon Sep  5 07:03:15 2022,Tomeco,Copiulemu,17.4,23.39,True,80.65517241379311
Mon Sep  5 07:03:15 2022,Copiulemu,Tomeco,15.116666666666667,22.002,True,87.328776185226
Mon Sep  5 07:03:15 2022,Tomeco,Copiulemu,17.4,23.39,False,80.65517241379311
Mon Sep  5 07:03:15 2022,Copiulemu,Tomeco,15.116666666666667,22.002,False,87.328776185226
