Fecha,From,To,Tiempo (min),Distancia (km),Real Time,Velocidad promedia
Mon Apr 29 16:33:02 2024,Tomeco,Copiulemu,18.733333333333334,23.48,True,75.20284697508896
Mon Apr 29 16:33:02 2024,Copiulemu,Tomeco,15.533333333333333,22.002,True,84.9862660944206
Mon Apr 29 16:33:02 2024,Tomeco,Copiulemu,18.383333333333333,23.48,False,76.63463281958296
Mon Apr 29 16:33:02 2024,Copiulemu,Tomeco,15.45,22.002,False,85.44466019417474
