Fecha,From,To,Tiempo (min),Distancia (km),Real Time,Velocidad promedia
Mon Sep 11 05:28:30 2023,Tomeco,Copiulemu,17.683333333333334,23.39,True,79.36286522148916
Mon Sep 11 05:28:30 2023,Copiulemu,Tomeco,15.316666666666666,22.002,True,86.18846572361262
Mon Sep 11 05:28:30 2023,Tomeco,Copiulemu,18.016666666666666,23.39,False,77.89454209065681
Mon Sep 11 05:28:30 2023,Copiulemu,Tomeco,15.433333333333334,22.002,False,85.53693304535636
