Fecha,From,To,Tiempo (min),Distancia (km),Real Time,Velocidad promedia
Mon Jul  1 09:32:33 2024,Tomeco,Copiulemu,18.716666666666665,23.48,True,75.26981300089048
Mon Jul  1 09:32:33 2024,Copiulemu,Tomeco,15.4,22.002,True,85.72207792207791
Mon Jul  1 09:32:33 2024,Tomeco,Copiulemu,18.716666666666665,23.48,False,75.26981300089048
Mon Jul  1 09:32:33 2024,Copiulemu,Tomeco,15.4,22.002,False,85.72207792207791
