Fecha,From,To,Tiempo (min),Distancia (km),Real Time,Velocidad promedia
Mon May  9 04:52:49 2022,Tomeco,Copiulemu,16.716666666666665,23.39,True,83.95214356929213
Mon May  9 04:52:49 2022,Copiulemu,Tomeco,15.533333333333333,22.002,True,84.9862660944206
Mon May  9 04:52:49 2022,Tomeco,Copiulemu,16.716666666666665,23.39,False,83.95214356929213
Mon May  9 04:52:49 2022,Copiulemu,Tomeco,15.533333333333333,22.002,False,84.9862660944206
