Fecha,From,To,Tiempo (min),Distancia (km),Real Time,Velocidad promedia
Mon Feb 26 04:30:12 2024,Tomeco,Copiulemu,19.633333333333333,23.48,True,71.75551782682514
Mon Feb 26 04:30:12 2024,Copiulemu,Tomeco,15.933333333333334,22.002,True,82.85271966527196
Mon Feb 26 04:30:12 2024,Tomeco,Copiulemu,18.366666666666667,23.48,False,76.70417422867514
Mon Feb 26 04:30:12 2024,Copiulemu,Tomeco,15.933333333333334,22.002,False,82.85271966527196
