Fecha,From,To,Tiempo (min),Distancia (km),Real Time,Velocidad promedia
Mon Aug 15 04:39:00 2022,Tomeco,Copiulemu,17.8,23.39,True,78.84269662921348
Mon Aug 15 04:39:00 2022,Copiulemu,Tomeco,14.983333333333333,22.002,True,88.1058954393771
Mon Aug 15 04:39:00 2022,Tomeco,Copiulemu,17.416666666666668,23.39,False,80.57799043062201
Mon Aug 15 04:39:00 2022,Copiulemu,Tomeco,14.983333333333333,22.002,False,88.1058954393771
