Fecha,From,To,Tiempo (min),Distancia (km),Real Time,Velocidad promedia
Mon Jan  8 02:39:35 2024,Tomeco,Copiulemu,17.716666666666665,23.48,True,79.51834430856069
Mon Jan  8 02:39:35 2024,Copiulemu,Tomeco,17.183333333333334,22.002,True,76.82560620756546
Mon Jan  8 02:39:35 2024,Tomeco,Copiulemu,17.683333333333334,23.48,False,79.66823751178134
Mon Jan  8 02:39:35 2024,Copiulemu,Tomeco,15.666666666666666,22.002,False,84.26297872340425
