Fecha,From,To,Tiempo (min),Distancia (km),Real Time,Velocidad promedia
Mon Sep 23 12:54:23 2024,Tomeco,Copiulemu,18.183333333333334,23.48,True,77.47754353803849
Mon Sep 23 12:54:23 2024,Copiulemu,Tomeco,15.45,22.002,True,85.44466019417474
Mon Sep 23 12:54:23 2024,Tomeco,Copiulemu,17.65,23.48,False,79.8186968838527
Mon Sep 23 12:54:23 2024,Copiulemu,Tomeco,15.783333333333333,22.002,False,83.64012671594509
