Fecha,From,To,Tiempo (min),Distancia (km),Real Time,Velocidad promedia
Mon Jun 17 16:35:57 2024,Tomeco,Copiulemu,18.283333333333335,23.48,True,77.05378304466727
Mon Jun 17 16:35:57 2024,Copiulemu,Tomeco,15.5,22.002,True,85.1690322580645
Mon Jun 17 16:35:57 2024,Tomeco,Copiulemu,18.033333333333335,23.48,False,78.12199630314232
Mon Jun 17 16:35:57 2024,Copiulemu,Tomeco,15.166666666666666,22.002,False,87.04087912087913
