Fecha,From,To,Tiempo (min),Distancia (km),Real Time,Velocidad promedia
Mon Oct 23 15:28:09 2023,Tomeco,Copiulemu,17.466666666666665,23.39,True,80.34732824427482
Mon Oct 23 15:28:09 2023,Copiulemu,Tomeco,14.8,22.002,True,89.1972972972973
Mon Oct 23 15:28:09 2023,Tomeco,Copiulemu,17.466666666666665,23.39,False,80.34732824427482
Mon Oct 23 15:28:09 2023,Copiulemu,Tomeco,14.683333333333334,22.002,False,89.90601589103291
