Fecha,From,To,Tiempo (min),Distancia (km),Real Time,Velocidad promedia
Mon Dec 18 09:28:03 2023,Tomeco,Copiulemu,16.816666666666666,23.39,True,83.45292368681864
Mon Dec 18 09:28:03 2023,Copiulemu,Tomeco,14.383333333333333,22.002,True,91.78122827346465
Mon Dec 18 09:28:03 2023,Tomeco,Copiulemu,16.833333333333332,23.39,False,83.37029702970297
Mon Dec 18 09:28:03 2023,Copiulemu,Tomeco,14.366666666666667,22.002,False,91.88770301624129
