Fecha,From,To,Tiempo (min),Distancia (km),Real Time,Velocidad promedia
Mon Sep 30 10:39:35 2024,Tomeco,Copiulemu,18.166666666666668,23.48,True,77.548623853211
Mon Sep 30 10:39:35 2024,Copiulemu,Tomeco,15.266666666666667,22.002,True,86.47074235807858
Mon Sep 30 10:39:35 2024,Tomeco,Copiulemu,17.516666666666666,23.48,False,80.42626070409135
Mon Sep 30 10:39:35 2024,Copiulemu,Tomeco,15.083333333333334,22.002,False,87.5217679558011
