Fecha,From,To,Tiempo (min),Distancia (km),Real Time,Velocidad promedia
Mon Nov  6 23:28:10 2023,Tomeco,Copiulemu,17.6,23.39,True,79.73863636363636
Mon Nov  6 23:28:10 2023,Copiulemu,Tomeco,15.3,22.002,True,86.28235294117647
Mon Nov  6 23:28:10 2023,Tomeco,Copiulemu,17.566666666666666,23.39,False,79.88994307400381
Mon Nov  6 23:28:10 2023,Copiulemu,Tomeco,15.3,22.002,False,86.28235294117647
