Fecha,From,To,Tiempo (min),Distancia (km),Real Time,Velocidad promedia
Mon Jul 25 06:44:47 2022,Tomeco,Copiulemu,17.666666666666668,23.39,True,79.43773584905661
Mon Jul 25 06:44:47 2022,Copiulemu,Tomeco,16.05,22.002,True,82.25046728971962
Mon Jul 25 06:44:47 2022,Tomeco,Copiulemu,17.683333333333334,23.39,False,79.36286522148916
Mon Jul 25 06:44:47 2022,Copiulemu,Tomeco,15.433333333333334,22.002,False,85.53693304535636
