Fecha,From,To,Tiempo (min),Distancia (km),Real Time,Velocidad promedia
Mon Nov 20 22:31:03 2023,Tomeco,Copiulemu,17.083333333333332,23.39,True,82.15024390243903
Mon Nov 20 22:31:03 2023,Copiulemu,Tomeco,14.816666666666666,22.002,True,89.09696287964005
Mon Nov 20 22:31:03 2023,Tomeco,Copiulemu,17.05,23.39,False,82.3108504398827
Mon Nov 20 22:31:03 2023,Copiulemu,Tomeco,14.7,22.002,False,89.80408163265305
