Fecha,From,To,Tiempo (min),Distancia (km),Real Time,Velocidad promedia
Mon Mar 25 18:30:27 2024,Tomeco,Copiulemu,17.8,23.48,True,79.14606741573033
Mon Mar 25 18:30:27 2024,Copiulemu,Tomeco,14.95,22.002,True,88.30234113712375
Mon Mar 25 18:30:27 2024,Tomeco,Copiulemu,17.633333333333333,23.48,False,79.89413988657846
Mon Mar 25 18:30:27 2024,Copiulemu,Tomeco,14.766666666666667,22.002,False,89.39864559819412
