Fecha,From,To,Tiempo (min),Distancia (km),Real Time,Velocidad promedia
Mon May  6 05:30:36 2024,Tomeco,Copiulemu,18.016666666666666,23.48,True,78.19426456984274
Mon May  6 05:30:36 2024,Copiulemu,Tomeco,15.333333333333334,22.002,True,86.09478260869564
Mon May  6 05:30:36 2024,Tomeco,Copiulemu,18.016666666666666,23.48,False,78.19426456984274
Mon May  6 05:30:36 2024,Copiulemu,Tomeco,16.016666666666666,22.002,False,82.4216441207076
