Fecha,From,To,Tiempo (min),Distancia (km),Real Time,Velocidad promedia
Mon Jun 24 13:28:51 2024,Tomeco,Copiulemu,17.9,23.48,True,78.70391061452516
Mon Jun 24 13:28:51 2024,Copiulemu,Tomeco,15.166666666666666,22.002,True,87.04087912087913
Mon Jun 24 13:28:51 2024,Tomeco,Copiulemu,17.633333333333333,23.48,False,79.89413988657846
Mon Jun 24 13:28:51 2024,Copiulemu,Tomeco,14.95,22.002,False,88.30234113712375
