Fecha,From,To,Tiempo (min),Distancia (km),Real Time,Velocidad promedia
Mon Nov 25 08:41:26 2024,Tomeco,Copiulemu,18.433333333333334,23.45,True,76.32911392405063
Mon Nov 25 08:41:26 2024,Copiulemu,Tomeco,15.433333333333334,21.957,True,85.36198704103671
Mon Nov 25 08:41:26 2024,Tomeco,Copiulemu,18.116666666666667,23.45,False,77.66329346826126
Mon Nov 25 08:41:26 2024,Copiulemu,Tomeco,15.433333333333334,21.957,False,85.36198704103671
