Fecha,From,To,Tiempo (min),Distancia (km),Real Time,Velocidad promedia
Mon Oct 23 13:29:26 2023,Tomeco,Copiulemu,17.7,23.39,True,79.28813559322035
Mon Oct 23 13:29:26 2023,Copiulemu,Tomeco,14.916666666666666,22.002,True,88.49966480446928
Mon Oct 23 13:29:26 2023,Tomeco,Copiulemu,17.266666666666666,23.39,False,81.27799227799228
Mon Oct 23 13:29:26 2023,Copiulemu,Tomeco,14.683333333333334,22.002,False,89.90601589103291
