Fecha,From,To,Tiempo (min),Distancia (km),Real Time,Velocidad promedia
Mon Jun 10 05:31:11 2024,Tomeco,Copiulemu,17.983333333333334,23.48,True,78.33920296570899
Mon Jun 10 05:31:11 2024,Copiulemu,Tomeco,15.633333333333333,22.002,True,84.44264392324094
Mon Jun 10 05:31:11 2024,Tomeco,Copiulemu,18.066666666666666,23.48,False,77.97785977859779
Mon Jun 10 05:31:11 2024,Copiulemu,Tomeco,15.633333333333333,22.002,False,84.44264392324094
