Fecha,From,To,Tiempo (min),Distancia (km),Real Time,Velocidad promedia
Mon Sep 12 14:00:49 2022,Tomeco,Copiulemu,16.816666666666666,23.39,True,83.45292368681864
Mon Sep 12 14:00:49 2022,Copiulemu,Tomeco,14.95,22.002,True,88.30234113712375
Mon Sep 12 14:00:49 2022,Tomeco,Copiulemu,16.816666666666666,23.39,False,83.45292368681864
Mon Sep 12 14:00:49 2022,Copiulemu,Tomeco,14.85,22.002,False,88.89696969696969
