Fecha,From,To,Tiempo (min),Distancia (km),Real Time,Velocidad promedia
Mon Apr 11 13:42:10 2022,Tomeco,Copiulemu,17.333333333333332,23.649,True,81.86192307692309
Mon Apr 11 13:42:10 2022,Copiulemu,Tomeco,15.166666666666666,22.002,True,87.04087912087913
Mon Apr 11 13:42:10 2022,Tomeco,Copiulemu,17.283333333333335,23.649,False,82.09874638379942
Mon Apr 11 13:42:10 2022,Copiulemu,Tomeco,14.633333333333333,22.002,False,90.2132118451025
