Fecha,From,To,Tiempo (min),Distancia (km),Real Time,Velocidad promedia
Mon Feb 26 13:28:05 2024,Tomeco,Copiulemu,18.15,23.48,True,77.6198347107438
Mon Feb 26 13:28:05 2024,Copiulemu,Tomeco,15.983333333333333,22.002,True,82.59353493222106
Mon Feb 26 13:28:05 2024,Tomeco,Copiulemu,18.15,23.48,False,77.6198347107438
Mon Feb 26 13:28:05 2024,Copiulemu,Tomeco,15.966666666666667,22.002,False,82.67974947807932
