Fecha,From,To,Tiempo (min),Distancia (km),Real Time,Velocidad promedia
Mon Mar 21 07:31:07 2022,Tomeco,Copiulemu,18.3,23.39,True,76.68852459016394
Mon Mar 21 07:31:07 2022,Copiulemu,Tomeco,15.283333333333333,22.002,True,86.37644492911667
Mon Mar 21 07:31:07 2022,Tomeco,Copiulemu,18.3,23.39,False,76.68852459016394
Mon Mar 21 07:31:07 2022,Copiulemu,Tomeco,15.283333333333333,22.002,False,86.37644492911667
