Fecha,From,To,Tiempo (min),Distancia (km),Real Time,Velocidad promedia
Mon Oct 28 19:28:05 2024,Tomeco,Copiulemu,17.966666666666665,23.45,True,78.31168831168831
Mon Oct 28 19:28:05 2024,Copiulemu,Tomeco,15.383333333333333,21.968,True,85.68234019501625
Mon Oct 28 19:28:05 2024,Tomeco,Copiulemu,17.933333333333334,23.45,False,78.45724907063197
Mon Oct 28 19:28:05 2024,Copiulemu,Tomeco,15.366666666666667,21.968,False,85.77527114967462
