Fecha,From,To,Tiempo (min),Distancia (km),Real Time,Velocidad promedia
Mon Oct 21 18:40:40 2024,Tomeco,Copiulemu,18.066666666666666,23.48,True,77.97785977859779
Mon Oct 21 18:40:40 2024,Copiulemu,Tomeco,15.3,22.002,True,86.28235294117647
Mon Oct 21 18:40:40 2024,Tomeco,Copiulemu,18.066666666666666,23.48,False,77.97785977859779
Mon Oct 21 18:40:40 2024,Copiulemu,Tomeco,15.05,22.002,False,87.71561461794019
