Fecha,From,To,Tiempo (min),Distancia (km),Real Time,Velocidad promedia
Mon Oct 30 17:28:19 2023,Tomeco,Copiulemu,17.5,23.39,True,80.19428571428571
Mon Oct 30 17:28:19 2023,Copiulemu,Tomeco,14.7,22.002,True,89.80408163265305
Mon Oct 30 17:28:19 2023,Tomeco,Copiulemu,17.233333333333334,23.39,False,81.43520309477756
Mon Oct 30 17:28:19 2023,Copiulemu,Tomeco,14.7,22.002,False,89.80408163265305
