Fecha,From,To,Tiempo (min),Distancia (km),Real Time,Velocidad promedia
Mon Sep 23 05:35:37 2024,Tomeco,Copiulemu,18.516666666666666,23.48,True,76.08280828082809
Mon Sep 23 05:35:37 2024,Copiulemu,Tomeco,15.683333333333334,22.002,True,84.17343251859724
Mon Sep 23 05:35:37 2024,Tomeco,Copiulemu,18.183333333333334,23.512,False,77.58313473877176
Mon Sep 23 05:35:37 2024,Copiulemu,Tomeco,16.633333333333333,22.002,False,79.36593186372745
