Fecha,From,To,Tiempo (min),Distancia (km),Real Time,Velocidad promedia
Mon Jun 17 02:45:45 2024,Tomeco,Copiulemu,17.966666666666665,23.48,True,78.41187384044528
Mon Jun 17 02:45:45 2024,Copiulemu,Tomeco,15.55,22.002,True,84.8951768488746
Mon Jun 17 02:45:45 2024,Tomeco,Copiulemu,17.966666666666665,23.48,False,78.41187384044528
Mon Jun 17 02:45:45 2024,Copiulemu,Tomeco,15.483333333333333,22.002,False,85.26071044133477
