Fecha,From,To,Tiempo (min),Distancia (km),Real Time,Velocidad promedia
Mon Apr 22 17:28:12 2024,Tomeco,Copiulemu,18.4,23.48,True,76.56521739130436
Mon Apr 22 17:28:12 2024,Copiulemu,Tomeco,15.433333333333334,22.002,True,85.53693304535636
Mon Apr 22 17:28:12 2024,Tomeco,Copiulemu,18.066666666666666,23.48,False,77.97785977859779
Mon Apr 22 17:28:12 2024,Copiulemu,Tomeco,15.4,22.002,False,85.72207792207791
