Fecha,From,To,Tiempo (min),Distancia (km),Real Time,Velocidad promedia
Mon Jul 22 15:31:30 2024,Tomeco,Copiulemu,17.883333333333333,23.48,True,78.77726001863932
Mon Jul 22 15:31:30 2024,Copiulemu,Tomeco,15.366666666666667,22.002,True,85.90802603036876
Mon Jul 22 15:31:30 2024,Tomeco,Copiulemu,17.866666666666667,23.48,False,78.8507462686567
Mon Jul 22 15:31:30 2024,Copiulemu,Tomeco,15.783333333333333,22.002,False,83.64012671594509
