Fecha,From,To,Tiempo (min),Distancia (km),Real Time,Velocidad promedia
Mon Oct  2 01:30:31 2023,Tomeco,Copiulemu,17.783333333333335,23.39,True,78.91658856607309
Mon Oct  2 01:30:31 2023,Copiulemu,Tomeco,15.533333333333333,22.002,True,84.9862660944206
Mon Oct  2 01:30:31 2023,Tomeco,Copiulemu,17.783333333333335,23.39,False,78.91658856607309
Mon Oct  2 01:30:31 2023,Copiulemu,Tomeco,15.5,22.002,False,85.1690322580645
