Fecha,From,To,Tiempo (min),Distancia (km),Real Time,Velocidad promedia
Mon Sep 30 03:05:17 2024,Tomeco,Copiulemu,18.283333333333335,23.512,True,77.1587967183227
Mon Sep 30 03:05:17 2024,Copiulemu,Tomeco,16.083333333333332,22.002,True,82.08
Mon Sep 30 03:05:17 2024,Tomeco,Copiulemu,18.1,23.512,False,77.9403314917127
Mon Sep 30 03:05:17 2024,Copiulemu,Tomeco,16.083333333333332,22.002,False,82.08
