Fecha,From,To,Tiempo (min),Distancia (km),Real Time,Velocidad promedia
Mon Jul 11 20:45:31 2022,Tomeco,Copiulemu,18.8,23.39,True,74.64893617021276
Mon Jul 11 20:45:31 2022,Copiulemu,Tomeco,15.1,22.002,True,87.4251655629139
Mon Jul 11 20:45:31 2022,Tomeco,Copiulemu,16.666666666666668,23.39,False,84.204
Mon Jul 11 20:45:31 2022,Copiulemu,Tomeco,15.033333333333333,22.002,False,87.81286031042129
