Fecha,From,To,Tiempo (min),Distancia (km),Real Time,Velocidad promedia
Mon Nov  6 01:33:52 2023,Tomeco,Copiulemu,17.55,23.39,True,79.96581196581195
Mon Nov  6 01:33:52 2023,Copiulemu,Tomeco,15.65,22.002,True,84.35271565495206
Mon Nov  6 01:33:52 2023,Tomeco,Copiulemu,17.55,23.39,False,79.96581196581195
Mon Nov  6 01:33:52 2023,Copiulemu,Tomeco,15.65,22.002,False,84.35271565495206
