Fecha,From,To,Tiempo (min),Distancia (km),Real Time,Velocidad promedia
Mon Apr 15 05:28:09 2024,Tomeco,Copiulemu,18.616666666666667,23.48,True,75.67412712623099
Mon Apr 15 05:28:09 2024,Copiulemu,Tomeco,16.35,22.002,True,80.74128440366971
Mon Apr 15 05:28:09 2024,Tomeco,Copiulemu,18.133333333333333,23.48,False,77.69117647058823
Mon Apr 15 05:28:09 2024,Copiulemu,Tomeco,16.35,22.002,False,80.74128440366971
