Fecha,From,To,Tiempo (min),Distancia (km),Real Time,Velocidad promedia
Mon Jul 25 13:06:46 2022,Tomeco,Copiulemu,16.416666666666668,23.39,True,85.48629441624365
Mon Jul 25 13:06:46 2022,Copiulemu,Tomeco,14.55,22.002,True,90.72989690721649
Mon Jul 25 13:06:46 2022,Tomeco,Copiulemu,16.183333333333334,23.39,False,86.7188465499485
Mon Jul 25 13:06:46 2022,Copiulemu,Tomeco,14.533333333333333,22.002,False,90.83394495412843
