Fecha,From,To,Tiempo (min),Distancia (km),Real Time,Velocidad promedia
Mon Nov  4 05:36:05 2024,Tomeco,Copiulemu,18.183333333333334,23.45,True,77.37855178735104
Mon Nov  4 05:36:05 2024,Copiulemu,Tomeco,15.466666666666667,21.968,True,85.22068965517242
Mon Nov  4 05:36:05 2024,Tomeco,Copiulemu,18.183333333333334,23.45,False,77.37855178735104
Mon Nov  4 05:36:05 2024,Copiulemu,Tomeco,15.383333333333333,21.968,False,85.68234019501625
