Fecha,From,To,Tiempo (min),Distancia (km),Real Time,Velocidad promedia
Mon Mar  4 03:09:53 2024,Tomeco,Copiulemu,19.316666666666666,23.48,True,72.93183779119931
Mon Mar  4 03:09:53 2024,Copiulemu,Tomeco,16.266666666666666,22.002,True,81.1549180327869
Mon Mar  4 03:09:53 2024,Tomeco,Copiulemu,21.4,23.48,False,65.83177570093459
Mon Mar  4 03:09:53 2024,Copiulemu,Tomeco,16.983333333333334,22.002,False,77.73032384690873
