Fecha,From,To,Tiempo (min),Distancia (km),Real Time,Velocidad promedia
Mon Oct  9 13:30:51 2023,Tomeco,Copiulemu,17.45,23.39,True,80.42406876790831
Mon Oct  9 13:30:51 2023,Copiulemu,Tomeco,14.9,22.002,True,88.59865771812079
Mon Oct  9 13:30:51 2023,Tomeco,Copiulemu,17.283333333333335,23.39,False,81.19961427193829
Mon Oct  9 13:30:51 2023,Copiulemu,Tomeco,14.7,22.002,False,89.80408163265305
