Fecha,From,To,Tiempo (min),Distancia (km),Real Time,Velocidad promedia
Mon Sep 18 20:28:03 2023,Tomeco,Copiulemu,17.616666666666667,23.39,True,79.6631977294229
Mon Sep 18 20:28:03 2023,Copiulemu,Tomeco,15.416666666666666,22.002,True,85.62940540540541
Mon Sep 18 20:28:03 2023,Tomeco,Copiulemu,17.35,23.39,False,80.88760806916426
Mon Sep 18 20:28:03 2023,Copiulemu,Tomeco,15.133333333333333,22.002,False,87.23259911894272
