Fecha,From,To,Tiempo (min),Distancia (km),Real Time,Velocidad promedia
Mon Sep 16 05:36:56 2024,Tomeco,Copiulemu,18.916666666666668,23.48,True,74.47400881057268
Mon Sep 16 05:36:56 2024,Copiulemu,Tomeco,15.766666666666667,22.002,True,83.72854122621564
Mon Sep 16 05:36:56 2024,Tomeco,Copiulemu,18.616666666666667,23.48,False,75.67412712623099
Mon Sep 16 05:36:56 2024,Copiulemu,Tomeco,15.766666666666667,22.002,False,83.72854122621564
