Fecha,From,To,Tiempo (min),Distancia (km),Real Time,Velocidad promedia
Mon Jul 29 06:37:55 2024,Tomeco,Copiulemu,18.483333333333334,23.48,True,76.2200180342651
Mon Jul 29 06:37:55 2024,Copiulemu,Tomeco,16.116666666666667,22.002,True,81.91023784901756
Mon Jul 29 06:37:55 2024,Tomeco,Copiulemu,18.483333333333334,23.48,False,76.2200180342651
Mon Jul 29 06:37:55 2024,Copiulemu,Tomeco,15.733333333333333,22.002,False,83.90593220338984
