Fecha,From,To,Tiempo (min),Distancia (km),Real Time,Velocidad promedia
Mon Mar 14 07:30:45 2022,Tomeco,Copiulemu,18.733333333333334,23.39,True,74.91459074733096
Mon Mar 14 07:30:45 2022,Copiulemu,Tomeco,15.783333333333333,22.002,True,83.64012671594509
Mon Mar 14 07:30:45 2022,Tomeco,Copiulemu,18.733333333333334,23.39,False,74.91459074733096
Mon Mar 14 07:30:45 2022,Copiulemu,Tomeco,15.783333333333333,22.002,False,83.64012671594509
