Fecha,From,To,Tiempo (min),Distancia (km),Real Time,Velocidad promedia
Mon Jun  3 13:30:03 2024,Tomeco,Copiulemu,17.566666666666666,23.48,True,80.19734345351044
Mon Jun  3 13:30:03 2024,Copiulemu,Tomeco,15.466666666666667,21.581,True,83.71939655172413
Mon Jun  3 13:30:03 2024,Tomeco,Copiulemu,17.6,23.48,False,80.04545454545455
Mon Jun  3 13:30:03 2024,Copiulemu,Tomeco,15.433333333333334,21.581,False,83.90021598272138
