Fecha,From,To,Tiempo (min),Distancia (km),Real Time,Velocidad promedia
Mon Jun 10 13:30:17 2024,Tomeco,Copiulemu,17.8,23.48,True,79.14606741573033
Mon Jun 10 13:30:17 2024,Copiulemu,Tomeco,14.883333333333333,22.002,True,88.69787234042553
Mon Jun 10 13:30:17 2024,Tomeco,Copiulemu,17.65,23.48,False,79.8186968838527
Mon Jun 10 13:30:17 2024,Copiulemu,Tomeco,14.55,22.002,False,90.72989690721649
