Fecha,From,To,Tiempo (min),Distancia (km),Real Time,Velocidad promedia
Mon Jul  4 04:25:16 2022,Tomeco,Copiulemu,17.716666666666665,23.39,True,79.21354656632174
Mon Jul  4 04:25:16 2022,Copiulemu,Tomeco,15.133333333333333,22.002,True,87.23259911894272
Mon Jul  4 04:25:16 2022,Tomeco,Copiulemu,17.1,23.39,False,82.07017543859648
Mon Jul  4 04:25:16 2022,Copiulemu,Tomeco,15.083333333333334,22.002,False,87.5217679558011
