Fecha,From,To,Tiempo (min),Distancia (km),Real Time,Velocidad promedia
Mon Apr 29 03:28:04 2024,Tomeco,Copiulemu,17.966666666666665,23.48,True,78.41187384044528
Mon Apr 29 03:28:04 2024,Copiulemu,Tomeco,16.116666666666667,22.002,True,81.91023784901756
Mon Apr 29 03:28:04 2024,Tomeco,Copiulemu,17.9,23.48,False,78.70391061452516
Mon Apr 29 03:28:04 2024,Copiulemu,Tomeco,16.116666666666667,22.002,False,81.91023784901756
