Fecha,From,To,Tiempo (min),Distancia (km),Real Time,Velocidad promedia
Mon Dec  4 20:28:05 2023,Tomeco,Copiulemu,17.066666666666666,23.39,True,82.23046875
Mon Dec  4 20:28:05 2023,Copiulemu,Tomeco,14.783333333333333,22.002,True,89.2978579481398
Mon Dec  4 20:28:05 2023,Tomeco,Copiulemu,17.066666666666666,23.39,False,82.23046875
Mon Dec  4 20:28:05 2023,Copiulemu,Tomeco,14.616666666666667,22.002,False,90.31607753705815
