Fecha,From,To,Tiempo (min),Distancia (km),Real Time,Velocidad promedia
Mon Feb 19 02:31:02 2024,Tomeco,Copiulemu,22.466666666666665,23.48,True,62.70623145400594
Mon Feb 19 02:31:02 2024,Copiulemu,Tomeco,16.533333333333335,22.002,True,79.84596774193547
Mon Feb 19 02:31:02 2024,Tomeco,Copiulemu,19.233333333333334,23.48,False,73.2478336221837
Mon Feb 19 02:31:02 2024,Copiulemu,Tomeco,16.533333333333335,22.002,False,79.84596774193547
