Fecha,From,To,Tiempo (min),Distancia (km),Real Time,Velocidad promedia
Mon Jul  8 23:28:05 2024,Tomeco,Copiulemu,18.083333333333332,23.48,True,77.90599078341015
Mon Jul  8 23:28:05 2024,Copiulemu,Tomeco,16.45,21.581,True,78.71489361702127
Mon Jul  8 23:28:05 2024,Tomeco,Copiulemu,18.583333333333332,23.48,False,75.80986547085203
Mon Jul  8 23:28:05 2024,Copiulemu,Tomeco,16.783333333333335,21.581,False,77.15153922542203
