Fecha,From,To,Tiempo (min),Distancia (km),Real Time,Velocidad promedia
Mon Jun 27 18:45:54 2022,Tomeco,Copiulemu,17.016666666666666,23.39,True,82.4720861900098
Mon Jun 27 18:45:54 2022,Copiulemu,Tomeco,14.816666666666666,22.002,True,89.09696287964005
Mon Jun 27 18:45:54 2022,Tomeco,Copiulemu,16.633333333333333,23.39,False,84.37274549098197
Mon Jun 27 18:45:54 2022,Copiulemu,Tomeco,14.8,22.002,False,89.1972972972973
