Fecha,From,To,Tiempo (min),Distancia (km),Real Time,Velocidad promedia
Mon Jul 18 19:28:44 2022,Tomeco,Copiulemu,17.433333333333334,23.39,True,80.50095602294455
Mon Jul 18 19:28:44 2022,Copiulemu,Tomeco,15.516666666666667,22.002,True,85.07755102040815
Mon Jul 18 19:28:44 2022,Tomeco,Copiulemu,16.7,23.39,False,84.03592814371258
Mon Jul 18 19:28:44 2022,Copiulemu,Tomeco,15.116666666666667,22.002,False,87.328776185226
