Fecha,From,To,Tiempo (min),Distancia (km),Real Time,Velocidad promedia
Mon Aug 22 05:52:42 2022,Tomeco,Copiulemu,17.616666666666667,23.39,True,79.6631977294229
Mon Aug 22 05:52:42 2022,Copiulemu,Tomeco,15.2,22.002,True,86.85000000000001
Mon Aug 22 05:52:42 2022,Tomeco,Copiulemu,17.65,23.39,False,79.51274787535412
Mon Aug 22 05:52:42 2022,Copiulemu,Tomeco,15.2,22.002,False,86.85000000000001
