Fecha,From,To,Tiempo (min),Distancia (km),Real Time,Velocidad promedia
Mon May 23 15:40:36 2022,Tomeco,Copiulemu,17.133333333333333,23.39,True,81.91050583657588
Mon May 23 15:40:36 2022,Copiulemu,Tomeco,15.083333333333334,22.002,True,87.5217679558011
Mon May 23 15:40:36 2022,Tomeco,Copiulemu,16.7,23.39,False,84.03592814371258
Mon May 23 15:40:36 2022,Copiulemu,Tomeco,14.95,22.002,False,88.30234113712375
