Fecha,From,To,Tiempo (min),Distancia (km),Real Time,Velocidad promedia
Mon Nov 27 19:28:05 2023,Tomeco,Copiulemu,17.583333333333332,23.39,True,79.81421800947868
Mon Nov 27 19:28:05 2023,Copiulemu,Tomeco,15.2,22.002,True,86.85000000000001
Mon Nov 27 19:28:05 2023,Tomeco,Copiulemu,17.266666666666666,23.39,False,81.27799227799228
Mon Nov 27 19:28:05 2023,Copiulemu,Tomeco,14.883333333333333,22.002,False,88.69787234042553
