Fecha,From,To,Tiempo (min),Distancia (km),Real Time,Velocidad promedia
Mon Jun 24 22:31:29 2024,Tomeco,Copiulemu,19.533333333333335,23.48,True,72.12286689419794
Mon Jun 24 22:31:29 2024,Copiulemu,Tomeco,16.033333333333335,22.002,True,82.33596673596672
Mon Jun 24 22:31:29 2024,Tomeco,Copiulemu,18.083333333333332,23.48,False,77.90599078341015
Mon Jun 24 22:31:29 2024,Copiulemu,Tomeco,15.766666666666667,22.002,False,83.72854122621564
