Fecha,From,To,Tiempo (min),Distancia (km),Real Time,Velocidad promedia
Mon Jul 18 13:57:27 2022,Tomeco,Copiulemu,18.033333333333335,23.39,True,77.82255083179297
Mon Jul 18 13:57:27 2022,Copiulemu,Tomeco,15.233333333333333,22.002,True,86.65995623632385
Mon Jul 18 13:57:27 2022,Tomeco,Copiulemu,16.583333333333332,23.39,False,84.62713567839198
Mon Jul 18 13:57:27 2022,Copiulemu,Tomeco,14.95,22.002,False,88.30234113712375
