Fecha,From,To,Tiempo (min),Distancia (km),Real Time,Velocidad promedia
Mon Aug  8 02:36:00 2022,Tomeco,Copiulemu,17.3,23.39,True,81.121387283237
Mon Aug  8 02:36:00 2022,Copiulemu,Tomeco,15.35,22.002,True,86.0013029315961
Mon Aug  8 02:36:00 2022,Tomeco,Copiulemu,17.25,23.39,False,81.35652173913044
Mon Aug  8 02:36:00 2022,Copiulemu,Tomeco,15.116666666666667,22.002,False,87.328776185226
