Fecha,From,To,Tiempo (min),Distancia (km),Real Time,Velocidad promedia
Mon Nov 11 21:29:10 2024,Tomeco,Copiulemu,17.683333333333334,23.45,True,79.56644674835061
Mon Nov 11 21:29:10 2024,Copiulemu,Tomeco,14.916666666666666,21.968,True,88.36290502793297
Mon Nov 11 21:29:10 2024,Tomeco,Copiulemu,17.666666666666668,23.45,False,79.64150943396226
Mon Nov 11 21:29:10 2024,Copiulemu,Tomeco,14.833333333333334,21.968,False,88.85932584269662
