Fecha,From,To,Tiempo (min),Distancia (km),Real Time,Velocidad promedia
Mon Jun 13 05:37:25 2022,Tomeco,Copiulemu,18.033333333333335,23.39,True,77.82255083179297
Mon Jun 13 05:37:25 2022,Copiulemu,Tomeco,15.483333333333333,22.002,True,85.26071044133477
Mon Jun 13 05:37:25 2022,Tomeco,Copiulemu,17.966666666666665,23.39,False,78.11131725417441
Mon Jun 13 05:37:25 2022,Copiulemu,Tomeco,15.483333333333333,22.002,False,85.26071044133477
