Fecha,From,To,Tiempo (min),Distancia (km),Real Time,Velocidad promedia
Sat Apr 30 11:30:09 2022,Tomeco,Copiulemu,17.016666666666666,23.39,True,82.4720861900098
Sat Apr 30 11:30:09 2022,Copiulemu,Tomeco,14.883333333333333,22.002,True,88.69787234042553
Sat Apr 30 11:30:09 2022,Tomeco,Copiulemu,17.016666666666666,23.39,False,82.4720861900098
Sat Apr 30 11:30:09 2022,Copiulemu,Tomeco,14.883333333333333,22.002,False,88.69787234042553
