Fecha,From,To,Tiempo (min),Distancia (km),Real Time,Velocidad promedia
Sat Sep  3 06:42:39 2022,Tomeco,Copiulemu,17.333333333333332,23.39,True,80.96538461538462
Sat Sep  3 06:42:39 2022,Copiulemu,Tomeco,15.833333333333334,22.002,True,83.37599999999999
Sat Sep  3 06:42:39 2022,Tomeco,Copiulemu,17.316666666666666,23.39,False,81.04331087584217
Sat Sep  3 06:42:39 2022,Copiulemu,Tomeco,15.8,22.002,False,83.5518987341772
