Fecha,From,To,Tiempo (min),Distancia (km),Real Time,Velocidad promedia
Sat May 25 20:28:07 2024,Tomeco,Copiulemu,18.0,23.48,True,78.26666666666667
Sat May 25 20:28:07 2024,Copiulemu,Tomeco,15.4,22.002,True,85.72207792207791
Sat May 25 20:28:07 2024,Tomeco,Copiulemu,18.0,23.48,False,78.26666666666667
Sat May 25 20:28:07 2024,Copiulemu,Tomeco,15.883333333333333,22.002,False,83.11353620146905
