Fecha,From,To,Tiempo (min),Distancia (km),Real Time,Velocidad promedia
Sat Oct 21 01:27:24 2023,Tomeco,Copiulemu,17.95,23.39,True,78.18384401114207
Sat Oct 21 01:27:24 2023,Copiulemu,Tomeco,15.933333333333334,22.002,True,82.85271966527196
Sat Oct 21 01:27:24 2023,Tomeco,Copiulemu,17.95,23.39,False,78.18384401114207
Sat Oct 21 01:27:24 2023,Copiulemu,Tomeco,15.783333333333333,22.002,False,83.64012671594509
