Fecha,From,To,Tiempo (min),Distancia (km),Real Time,Velocidad promedia
Sat Apr  6 12:40:34 2024,Tomeco,Copiulemu,18.266666666666666,23.48,True,77.1240875912409
Sat Apr  6 12:40:34 2024,Copiulemu,Tomeco,16.25,22.002,True,81.23815384615385
Sat Apr  6 12:40:34 2024,Tomeco,Copiulemu,18.25,23.48,False,77.19452054794522
Sat Apr  6 12:40:34 2024,Copiulemu,Tomeco,17.866666666666667,22.002,False,73.88731343283581
