Fecha,From,To,Tiempo (min),Distancia (km),Real Time,Velocidad promedia
Sat Aug 31 04:36:20 2024,Tomeco,Copiulemu,19.316666666666666,23.48,True,72.93183779119931
Sat Aug 31 04:36:20 2024,Copiulemu,Tomeco,16.3,22.002,True,80.98895705521473
Sat Aug 31 04:36:20 2024,Tomeco,Copiulemu,18.816666666666666,23.48,False,74.8697962798937
Sat Aug 31 04:36:20 2024,Copiulemu,Tomeco,15.6,22.002,False,84.62307692307692
