Fecha,From,To,Tiempo (min),Distancia (km),Real Time,Velocidad promedia
Sat Dec 30 09:28:06 2023,Tomeco,Copiulemu,17.833333333333332,23.39,True,78.69532710280374
Sat Dec 30 09:28:06 2023,Copiulemu,Tomeco,15.283333333333333,22.002,True,86.37644492911667
Sat Dec 30 09:28:06 2023,Tomeco,Copiulemu,17.833333333333332,23.39,False,78.69532710280374
Sat Dec 30 09:28:06 2023,Copiulemu,Tomeco,15.133333333333333,22.002,False,87.23259911894272
