Fecha,From,To,Tiempo (min),Distancia (km),Real Time,Velocidad promedia
Sat Mar  9 11:28:04 2024,Tomeco,Copiulemu,18.0,23.48,True,78.26666666666667
Sat Mar  9 11:28:04 2024,Copiulemu,Tomeco,15.95,22.002,True,82.76614420062697
Sat Mar  9 11:28:04 2024,Tomeco,Copiulemu,17.983333333333334,23.48,False,78.33920296570899
Sat Mar  9 11:28:04 2024,Copiulemu,Tomeco,17.1,22.002,False,77.19999999999999
