Fecha,From,To,Tiempo (min),Distancia (km),Real Time,Velocidad promedia
Sat Mar  9 22:29:26 2024,Tomeco,Copiulemu,18.766666666666666,23.48,True,75.06927175843695
Sat Mar  9 22:29:26 2024,Copiulemu,Tomeco,15.216666666666667,22.002,True,86.75487404162102
Sat Mar  9 22:29:26 2024,Tomeco,Copiulemu,18.766666666666666,23.48,False,75.06927175843695
Sat Mar  9 22:29:26 2024,Copiulemu,Tomeco,15.766666666666667,22.002,False,83.72854122621564
