Fecha,From,To,Tiempo (min),Distancia (km),Real Time,Velocidad promedia
Sat Apr  9 21:30:58 2022,Tomeco,Copiulemu,18.066666666666666,23.39,True,77.6789667896679
Sat Apr  9 21:30:58 2022,Copiulemu,Tomeco,16.816666666666666,22.002,True,78.50069375619424
Sat Apr  9 21:30:58 2022,Tomeco,Copiulemu,17.9,23.39,False,78.40223463687153
Sat Apr  9 21:30:58 2022,Copiulemu,Tomeco,15.683333333333334,22.002,False,84.17343251859724
