Fecha,From,To,Tiempo (min),Distancia (km),Real Time,Velocidad promedia
Sat Jul 20 10:34:10 2024,Tomeco,Copiulemu,18.65,23.48,True,75.53887399463808
Sat Jul 20 10:34:10 2024,Copiulemu,Tomeco,15.733333333333333,22.002,True,83.90593220338984
Sat Jul 20 10:34:10 2024,Tomeco,Copiulemu,18.65,23.48,False,75.53887399463808
Sat Jul 20 10:34:10 2024,Copiulemu,Tomeco,15.6,22.002,False,84.62307692307692
