Fecha,From,To,Tiempo (min),Distancia (km),Real Time,Velocidad promedia
Sat Dec  7 05:35:48 2024,Tomeco,Copiulemu,18.266666666666666,23.45,True,77.02554744525548
Sat Dec  7 05:35:48 2024,Copiulemu,Tomeco,15.783333333333333,21.968,True,83.51087645195354
Sat Dec  7 05:35:48 2024,Tomeco,Copiulemu,18.266666666666666,23.45,False,77.02554744525548
Sat Dec  7 05:35:48 2024,Copiulemu,Tomeco,15.783333333333333,21.968,False,83.51087645195354
