Fecha,From,To,Tiempo (min),Distancia (km),Real Time,Velocidad promedia
Sat Jan 20 19:28:03 2024,Tomeco,Copiulemu,27.25,23.48,True,51.69908256880734
Sat Jan 20 19:28:03 2024,Copiulemu,Tomeco,17.25,22.002,True,76.52869565217391
Sat Jan 20 19:28:03 2024,Tomeco,Copiulemu,17.733333333333334,23.48,False,79.44360902255639
Sat Jan 20 19:28:03 2024,Copiulemu,Tomeco,15.966666666666667,22.002,False,82.67974947807932
