Fecha,From,To,Tiempo (min),Distancia (km),Real Time,Velocidad promedia
Sat Feb 17 14:28:03 2024,Tomeco,Copiulemu,19.183333333333334,23.48,True,73.43874891398784
Sat Feb 17 14:28:03 2024,Copiulemu,Tomeco,16.633333333333333,22.002,True,79.36593186372745
Sat Feb 17 14:28:03 2024,Tomeco,Copiulemu,18.45,23.48,False,76.35772357723577
Sat Feb 17 14:28:03 2024,Copiulemu,Tomeco,16.516666666666666,22.002,False,79.92653884964682
