Fecha,From,To,Tiempo (min),Distancia (km),Real Time,Velocidad promedia
Sat Jul 23 21:32:52 2022,Tomeco,Copiulemu,17.35,23.39,True,80.88760806916426
Sat Jul 23 21:32:52 2022,Copiulemu,Tomeco,15.633333333333333,22.002,True,84.44264392324094
Sat Jul 23 21:32:52 2022,Tomeco,Copiulemu,17.333333333333332,23.39,False,80.96538461538462
Sat Jul 23 21:32:52 2022,Copiulemu,Tomeco,15.55,22.002,False,84.8951768488746
