Fecha,From,To,Tiempo (min),Distancia (km),Real Time,Velocidad promedia
Sat Aug 27 06:41:59 2022,Tomeco,Copiulemu,17.466666666666665,23.39,True,80.34732824427482
Sat Aug 27 06:41:59 2022,Copiulemu,Tomeco,15.633333333333333,22.002,True,84.44264392324094
Sat Aug 27 06:41:59 2022,Tomeco,Copiulemu,17.433333333333334,23.39,False,80.50095602294455
Sat Aug 27 06:41:59 2022,Copiulemu,Tomeco,15.633333333333333,22.002,False,84.44264392324094
