Fecha,From,To,Tiempo (min),Distancia (km),Real Time,Velocidad promedia
Sat Jul  6 13:28:08 2024,Tomeco,Copiulemu,17.916666666666668,23.48,True,78.63069767441861
Sat Jul  6 13:28:08 2024,Copiulemu,Tomeco,15.5,22.002,True,85.1690322580645
Sat Jul  6 13:28:08 2024,Tomeco,Copiulemu,17.916666666666668,23.48,False,78.63069767441861
Sat Jul  6 13:28:08 2024,Copiulemu,Tomeco,15.233333333333333,22.002,False,86.65995623632385
