Fecha,From,To,Tiempo (min),Distancia (km),Real Time,Velocidad promedia
Sat Feb 17 13:28:11 2024,Tomeco,Copiulemu,18.35,23.48,True,76.77384196185285
Sat Feb 17 13:28:11 2024,Copiulemu,Tomeco,17.883333333333333,22.002,True,73.81845293569431
Sat Feb 17 13:28:11 2024,Tomeco,Copiulemu,18.35,23.48,False,76.77384196185285
Sat Feb 17 13:28:11 2024,Copiulemu,Tomeco,17.3,22.002,False,76.30751445086705
