Fecha,From,To,Tiempo (min),Distancia (km),Real Time,Velocidad promedia
Sat Mar 30 01:26:09 2024,Tomeco,Copiulemu,19.4,23.48,True,72.61855670103094
Sat Mar 30 01:26:09 2024,Copiulemu,Tomeco,16.033333333333335,22.002,True,82.33596673596672
Sat Mar 30 01:26:09 2024,Tomeco,Copiulemu,19.95,23.48,False,70.61654135338347
Sat Mar 30 01:26:09 2024,Copiulemu,Tomeco,16.016666666666666,22.002,False,82.4216441207076
