Fecha,From,To,Tiempo (min),Distancia (km),Real Time,Velocidad promedia
Sat Jan 13 08:29:59 2024,Tomeco,Copiulemu,18.5,23.48,True,76.15135135135135
Sat Jan 13 08:29:59 2024,Copiulemu,Tomeco,16.366666666666667,22.002,True,80.65906313645621
Sat Jan 13 08:29:59 2024,Tomeco,Copiulemu,18.5,23.48,False,76.15135135135135
Sat Jan 13 08:29:59 2024,Copiulemu,Tomeco,15.55,22.002,False,84.8951768488746
