Fecha,From,To,Tiempo (min),Distancia (km),Real Time,Velocidad promedia
Sat Nov  2 17:30:29 2024,Tomeco,Copiulemu,18.283333333333335,23.45,True,76.9553327256153
Sat Nov  2 17:30:29 2024,Copiulemu,Tomeco,15.75,21.968,True,83.68761904761904
Sat Nov  2 17:30:29 2024,Tomeco,Copiulemu,17.866666666666667,23.45,False,78.74999999999999
Sat Nov  2 17:30:29 2024,Copiulemu,Tomeco,15.683333333333334,21.968,False,84.0433581296493
