Fecha,From,To,Tiempo (min),Distancia (km),Real Time,Velocidad promedia
Sat Jun 25 02:40:45 2022,Tomeco,Copiulemu,17.133333333333333,23.39,True,81.91050583657588
Sat Jun 25 02:40:45 2022,Copiulemu,Tomeco,16.933333333333334,22.002,True,77.95984251968504
Sat Jun 25 02:40:45 2022,Tomeco,Copiulemu,17.133333333333333,23.39,False,81.91050583657588
Sat Jun 25 02:40:45 2022,Copiulemu,Tomeco,15.783333333333333,22.002,False,83.64012671594509
