Fecha,From,To,Tiempo (min),Distancia (km),Real Time,Velocidad promedia
Sat Oct 26 22:33:47 2024,Tomeco,Copiulemu,18.266666666666666,23.45,True,77.02554744525548
Sat Oct 26 22:33:47 2024,Copiulemu,Tomeco,15.7,21.968,True,83.95414012738854
Sat Oct 26 22:33:47 2024,Tomeco,Copiulemu,19.05,23.45,False,73.85826771653544
Sat Oct 26 22:33:47 2024,Copiulemu,Tomeco,15.333333333333334,21.968,False,85.96173913043476
