Fecha,From,To,Tiempo (min),Distancia (km),Real Time,Velocidad promedia
Sat Oct 14 10:28:57 2023,Tomeco,Copiulemu,17.683333333333334,23.39,True,79.36286522148916
Sat Oct 14 10:28:57 2023,Copiulemu,Tomeco,14.9,22.002,True,88.59865771812079
Sat Oct 14 10:28:57 2023,Tomeco,Copiulemu,17.683333333333334,23.39,False,79.36286522148916
Sat Oct 14 10:28:57 2023,Copiulemu,Tomeco,14.85,22.002,False,88.89696969696969
