Fecha,From,To,Tiempo (min),Distancia (km),Real Time,Velocidad promedia
Sat May 18 16:31:36 2024,Tomeco,Copiulemu,18.2,23.48,True,77.4065934065934
Sat May 18 16:31:36 2024,Copiulemu,Tomeco,16.783333333333335,22.002,True,78.65660377358489
Sat May 18 16:31:36 2024,Tomeco,Copiulemu,18.033333333333335,23.48,False,78.12199630314232
Sat May 18 16:31:36 2024,Copiulemu,Tomeco,16.15,22.002,False,81.74117647058823
