Fecha,From,To,Tiempo (min),Distancia (km),Real Time,Velocidad promedia
Sat Aug 20 14:31:36 2022,Tomeco,Copiulemu,16.616666666666667,23.39,True,84.45737211634905
Sat Aug 20 14:31:36 2022,Copiulemu,Tomeco,15.483333333333333,22.002,True,85.26071044133477
Sat Aug 20 14:31:36 2022,Tomeco,Copiulemu,16.6,23.39,False,84.5421686746988
Sat Aug 20 14:31:36 2022,Copiulemu,Tomeco,15.35,22.002,False,86.0013029315961
