Fecha,From,To,Tiempo (min),Distancia (km),Real Time,Velocidad promedia
Sat Apr 13 15:28:11 2024,Tomeco,Copiulemu,18.266666666666666,23.48,True,77.1240875912409
Sat Apr 13 15:28:11 2024,Copiulemu,Tomeco,16.216666666666665,22.002,True,81.40513874614595
Sat Apr 13 15:28:11 2024,Tomeco,Copiulemu,18.3,23.48,False,76.98360655737706
Sat Apr 13 15:28:11 2024,Copiulemu,Tomeco,16.166666666666668,22.002,False,81.65690721649483
