Fecha,From,To,Tiempo (min),Distancia (km),Real Time,Velocidad promedia
Sat Apr  2 11:29:05 2022,Tomeco,Copiulemu,17.7,23.39,True,79.28813559322035
Sat Apr  2 11:29:05 2022,Copiulemu,Tomeco,15.566666666666666,22.002,True,84.80428265524625
Sat Apr  2 11:29:05 2022,Tomeco,Copiulemu,17.483333333333334,23.39,False,80.27073403241181
Sat Apr  2 11:29:05 2022,Copiulemu,Tomeco,15.5,22.002,False,85.1690322580645
