Fecha,From,To,Tiempo (min),Distancia (km),Real Time,Velocidad promedia
Sat Mar 23 21:28:16 2024,Tomeco,Copiulemu,19.966666666666665,23.48,True,70.55759599332221
Sat Mar 23 21:28:16 2024,Copiulemu,Tomeco,15.516666666666667,22.002,True,85.07755102040815
Sat Mar 23 21:28:16 2024,Tomeco,Copiulemu,18.1,23.48,False,77.8342541436464
Sat Mar 23 21:28:16 2024,Copiulemu,Tomeco,15.283333333333333,22.002,False,86.37644492911667
