Fecha,From,To,Tiempo (min),Distancia (km),Real Time,Velocidad promedia
Sat Apr 27 23:28:14 2024,Tomeco,Copiulemu,19.483333333333334,23.48,True,72.30795551753636
Sat Apr 27 23:28:14 2024,Copiulemu,Tomeco,16.933333333333334,22.002,True,77.95984251968504
Sat Apr 27 23:28:14 2024,Tomeco,Copiulemu,19.05,23.48,False,73.95275590551181
Sat Apr 27 23:28:14 2024,Copiulemu,Tomeco,15.95,22.002,False,82.76614420062697
