Fecha,From,To,Tiempo (min),Distancia (km),Real Time,Velocidad promedia
Sat Nov 18 21:28:20 2023,Tomeco,Copiulemu,17.3,23.39,True,81.121387283237
Sat Nov 18 21:28:20 2023,Copiulemu,Tomeco,15.083333333333334,22.002,True,87.5217679558011
Sat Nov 18 21:28:20 2023,Tomeco,Copiulemu,17.316666666666666,23.39,False,81.04331087584217
Sat Nov 18 21:28:20 2023,Copiulemu,Tomeco,15.016666666666667,22.002,False,87.91032186459489
