Fecha,From,To,Tiempo (min),Distancia (km),Real Time,Velocidad promedia
Sat Feb 10 23:27:58 2024,Tomeco,Copiulemu,18.85,23.48,True,74.73740053050398
Sat Feb 10 23:27:58 2024,Copiulemu,Tomeco,15.816666666666666,22.002,True,83.46385669125394
Sat Feb 10 23:27:58 2024,Tomeco,Copiulemu,18.65,23.48,False,75.53887399463808
Sat Feb 10 23:27:58 2024,Copiulemu,Tomeco,15.733333333333333,22.002,False,83.90593220338984
