Fecha,From,To,Tiempo (min),Distancia (km),Real Time,Velocidad promedia
Sat Apr  9 15:36:29 2022,Tomeco,Copiulemu,18.716666666666665,23.39,True,74.98130008904721
Sat Apr  9 15:36:29 2022,Copiulemu,Tomeco,16.166666666666668,22.002,True,81.65690721649483
Sat Apr  9 15:36:29 2022,Tomeco,Copiulemu,18.683333333333334,23.39,False,75.11507582515611
Sat Apr  9 15:36:29 2022,Copiulemu,Tomeco,16.066666666666666,22.002,False,82.16514522821576
