Fecha,From,To,Tiempo (min),Distancia (km),Real Time,Velocidad promedia
Sat Oct 26 06:39:05 2024,Tomeco,Copiulemu,18.25,23.45,True,77.0958904109589
Sat Oct 26 06:39:05 2024,Copiulemu,Tomeco,15.983333333333333,21.968,True,82.46590198123045
Sat Oct 26 06:39:05 2024,Tomeco,Copiulemu,18.25,23.45,False,77.0958904109589
Sat Oct 26 06:39:05 2024,Copiulemu,Tomeco,15.983333333333333,21.968,False,82.46590198123045
