Fecha,From,To,Tiempo (min),Distancia (km),Real Time,Velocidad promedia
Sat Aug 17 22:30:57 2024,Tomeco,Copiulemu,18.266666666666666,23.48,True,77.1240875912409
Sat Aug 17 22:30:57 2024,Copiulemu,Tomeco,15.866666666666667,22.002,True,83.20084033613446
Sat Aug 17 22:30:57 2024,Tomeco,Copiulemu,18.933333333333334,23.48,False,74.40845070422536
Sat Aug 17 22:30:57 2024,Copiulemu,Tomeco,15.65,22.002,False,84.35271565495206
