Fecha,From,To,Tiempo (min),Distancia (km),Real Time,Velocidad promedia
Sat Nov  4 02:30:39 2023,Tomeco,Copiulemu,18.016666666666666,23.39,True,77.89454209065681
Sat Nov  4 02:30:39 2023,Copiulemu,Tomeco,17.7,22.002,True,74.58305084745763
Sat Nov  4 02:30:39 2023,Tomeco,Copiulemu,18.016666666666666,23.39,False,77.89454209065681
Sat Nov  4 02:30:39 2023,Copiulemu,Tomeco,15.6,22.002,False,84.62307692307692
