Fecha,From,To,Tiempo (min),Distancia (km),Real Time,Velocidad promedia
Sat Sep  9 14:28:09 2023,Tomeco,Copiulemu,17.966666666666665,23.39,True,78.11131725417441
Sat Sep  9 14:28:09 2023,Copiulemu,Tomeco,15.266666666666667,22.002,True,86.47074235807858
Sat Sep  9 14:28:09 2023,Tomeco,Copiulemu,17.366666666666667,23.39,False,80.80998080614204
Sat Sep  9 14:28:09 2023,Copiulemu,Tomeco,15.65,22.002,False,84.35271565495206
