Fecha,From,To,Tiempo (min),Distancia (km),Real Time,Velocidad promedia
Sat Oct 26 02:57:04 2024,Tomeco,Copiulemu,18.55,23.45,True,75.84905660377358
Sat Oct 26 02:57:04 2024,Copiulemu,Tomeco,15.483333333333333,21.968,True,85.12895586652314
Sat Oct 26 02:57:04 2024,Tomeco,Copiulemu,18.4,23.45,False,76.46739130434783
Sat Oct 26 02:57:04 2024,Copiulemu,Tomeco,15.533333333333333,21.968,False,84.8549356223176
