Fecha,From,To,Tiempo (min),Distancia (km),Real Time,Velocidad promedia
Sat Sep 28 16:38:11 2024,Tomeco,Copiulemu,17.85,23.48,True,78.92436974789915
Sat Sep 28 16:38:11 2024,Copiulemu,Tomeco,17.483333333333334,22.002,True,75.50734032411819
Sat Sep 28 16:38:11 2024,Tomeco,Copiulemu,17.833333333333332,23.48,False,78.9981308411215
Sat Sep 28 16:38:11 2024,Copiulemu,Tomeco,15.616666666666667,22.002,False,84.53276414087513
