Fecha,From,To,Tiempo (min),Distancia (km),Real Time,Velocidad promedia
Sat Apr 27 20:28:02 2024,Tomeco,Copiulemu,19.333333333333332,23.48,True,72.86896551724139
Sat Apr 27 20:28:02 2024,Copiulemu,Tomeco,16.416666666666668,22.002,True,80.41340101522842
Sat Apr 27 20:28:02 2024,Tomeco,Copiulemu,18.466666666666665,23.48,False,76.28880866425993
Sat Apr 27 20:28:02 2024,Copiulemu,Tomeco,16.316666666666666,22.002,False,80.90623084780388
