Fecha,From,To,Tiempo (min),Distancia (km),Real Time,Velocidad promedia
Sat May 11 02:34:15 2024,Tomeco,Copiulemu,19.166666666666668,23.48,True,73.50260869565217
Sat May 11 02:34:15 2024,Copiulemu,Tomeco,15.666666666666666,22.002,True,84.26297872340425
Sat May 11 02:34:15 2024,Tomeco,Copiulemu,19.016666666666666,23.48,False,74.08238387379492
Sat May 11 02:34:15 2024,Copiulemu,Tomeco,15.666666666666666,22.002,False,84.26297872340425
