Fecha,From,To,Tiempo (min),Distancia (km),Real Time,Velocidad promedia
Sat Oct 26 12:51:09 2024,Tomeco,Copiulemu,17.55,23.45,True,80.17094017094016
Sat Oct 26 12:51:09 2024,Copiulemu,Tomeco,15.333333333333334,21.968,True,85.96173913043476
Sat Oct 26 12:51:09 2024,Tomeco,Copiulemu,17.133333333333333,23.45,False,82.12062256809338
Sat Oct 26 12:51:09 2024,Copiulemu,Tomeco,15.233333333333333,21.968,False,86.52603938730853
