Fecha,From,To,Tiempo (min),Distancia (km),Real Time,Velocidad promedia
Sat Oct  5 02:57:46 2024,Tomeco,Copiulemu,19.9,23.48,True,70.79396984924624
Sat Oct  5 02:57:46 2024,Copiulemu,Tomeco,15.65,22.002,True,84.35271565495206
Sat Oct  5 02:57:46 2024,Tomeco,Copiulemu,18.433333333333334,23.48,False,76.42676311030742
Sat Oct  5 02:57:46 2024,Copiulemu,Tomeco,15.583333333333334,22.002,False,84.71358288770053
