Fecha,From,To,Tiempo (min),Distancia (km),Real Time,Velocidad promedia
Sat Mar 26 01:57:20 2022,Tomeco,Copiulemu,17.75,23.39,True,79.06478873239436
Sat Mar 26 01:57:20 2022,Copiulemu,Tomeco,16.266666666666666,22.002,True,81.1549180327869
Sat Mar 26 01:57:20 2022,Tomeco,Copiulemu,17.75,23.39,False,79.06478873239436
Sat Mar 26 01:57:20 2022,Copiulemu,Tomeco,16.116666666666667,22.002,False,81.91023784901756
