Fecha,From,To,Tiempo (min),Distancia (km),Real Time,Velocidad promedia
Sat Jul  2 04:10:33 2022,Tomeco,Copiulemu,18.883333333333333,23.39,True,74.31950573698147
Sat Jul  2 04:10:33 2022,Copiulemu,Tomeco,15.733333333333333,22.002,True,83.90593220338984
Sat Jul  2 04:10:33 2022,Tomeco,Copiulemu,17.016666666666666,23.39,False,82.4720861900098
Sat Jul  2 04:10:33 2022,Copiulemu,Tomeco,15.766666666666667,22.002,False,83.72854122621564
