Fecha,From,To,Tiempo (min),Distancia (km),Real Time,Velocidad promedia
Sat Feb 24 21:28:04 2024,Tomeco,Copiulemu,18.283333333333335,23.48,True,77.05378304466727
Sat Feb 24 21:28:04 2024,Copiulemu,Tomeco,15.3,22.002,True,86.28235294117647
Sat Feb 24 21:28:04 2024,Tomeco,Copiulemu,18.283333333333335,23.48,False,77.05378304466727
Sat Feb 24 21:28:04 2024,Copiulemu,Tomeco,15.233333333333333,22.002,False,86.65995623632385
