Fecha,From,To,Tiempo (min),Distancia (km),Real Time,Velocidad promedia
Sat Dec 14 09:31:21 2024,Tomeco,Copiulemu,18.05,23.45,True,77.95013850415512
Sat Dec 14 09:31:21 2024,Copiulemu,Tomeco,15.35,21.968,True,85.8684039087948
Sat Dec 14 09:31:21 2024,Tomeco,Copiulemu,18.066666666666666,23.45,False,77.87822878228782
Sat Dec 14 09:31:21 2024,Copiulemu,Tomeco,15.35,21.968,False,85.8684039087948
