Fecha,From,To,Tiempo (min),Distancia (km),Real Time,Velocidad promedia
Sat Sep 30 19:28:09 2023,Tomeco,Copiulemu,17.683333333333334,23.39,True,79.36286522148916
Sat Sep 30 19:28:09 2023,Copiulemu,Tomeco,15.2,22.002,True,86.85000000000001
Sat Sep 30 19:28:09 2023,Tomeco,Copiulemu,17.6,23.39,False,79.73863636363636
Sat Sep 30 19:28:09 2023,Copiulemu,Tomeco,15.183333333333334,22.002,False,86.94533479692646
