Fecha,From,To,Tiempo (min),Distancia (km),Real Time,Velocidad promedia
Sat Apr 27 14:28:42 2024,Tomeco,Copiulemu,17.783333333333335,23.48,True,79.22024367385191
Sat Apr 27 14:28:42 2024,Copiulemu,Tomeco,16.2,22.002,True,81.4888888888889
Sat Apr 27 14:28:42 2024,Tomeco,Copiulemu,17.783333333333335,23.48,False,79.22024367385191
Sat Apr 27 14:28:42 2024,Copiulemu,Tomeco,15.85,22.002,False,83.28832807570977
