Fecha,From,To,Tiempo (min),Distancia (km),Real Time,Velocidad promedia
Sat Dec  2 11:28:07 2023,Tomeco,Copiulemu,17.433333333333334,23.39,True,80.50095602294455
Sat Dec  2 11:28:07 2023,Copiulemu,Tomeco,15.616666666666667,22.002,True,84.53276414087513
Sat Dec  2 11:28:07 2023,Tomeco,Copiulemu,17.416666666666668,23.39,False,80.57799043062201
Sat Dec  2 11:28:07 2023,Copiulemu,Tomeco,15.2,22.002,False,86.85000000000001
