Fecha,From,To,Tiempo (min),Distancia (km),Real Time,Velocidad promedia
Sat Apr 16 21:31:23 2022,Tomeco,Copiulemu,19.55,23.39,True,71.7851662404092
Sat Apr 16 21:31:23 2022,Copiulemu,Tomeco,15.0,22.002,True,88.008
Sat Apr 16 21:31:23 2022,Tomeco,Copiulemu,17.833333333333332,23.39,False,78.69532710280374
Sat Apr 16 21:31:23 2022,Copiulemu,Tomeco,15.95,22.002,False,82.76614420062697
