Fecha,From,To,Tiempo (min),Distancia (km),Real Time,Velocidad promedia
Sat Jul  6 20:28:05 2024,Tomeco,Copiulemu,18.216666666666665,23.48,True,77.33577310155536
Sat Jul  6 20:28:05 2024,Copiulemu,Tomeco,15.766666666666667,22.002,True,83.72854122621564
Sat Jul  6 20:28:05 2024,Tomeco,Copiulemu,18.2,23.48,False,77.4065934065934
Sat Jul  6 20:28:05 2024,Copiulemu,Tomeco,15.7,22.002,False,84.08407643312101
