Fecha,From,To,Tiempo (min),Distancia (km),Real Time,Velocidad promedia
Sat Apr 23 16:50:02 2022,Tomeco,Copiulemu,17.033333333333335,23.39,True,82.39138943248531
Sat Apr 23 16:50:02 2022,Copiulemu,Tomeco,15.8,22.002,True,83.5518987341772
Sat Apr 23 16:50:02 2022,Tomeco,Copiulemu,17.266666666666666,23.39,False,81.27799227799228
Sat Apr 23 16:50:02 2022,Copiulemu,Tomeco,19.166666666666668,22.002,False,68.87582608695651
