Fecha,From,To,Tiempo (min),Distancia (km),Real Time,Velocidad promedia
Sat Sep  3 18:41:20 2022,Tomeco,Copiulemu,16.8,23.39,True,83.53571428571428
Sat Sep  3 18:41:20 2022,Copiulemu,Tomeco,14.8,22.002,True,89.1972972972973
Sat Sep  3 18:41:20 2022,Tomeco,Copiulemu,16.783333333333335,23.39,False,83.61866931479642
Sat Sep  3 18:41:20 2022,Copiulemu,Tomeco,15.3,22.002,False,86.28235294117647
