Fecha,From,To,Tiempo (min),Distancia (km),Real Time,Velocidad promedia
Sat Jun 22 19:28:07 2024,Tomeco,Copiulemu,17.683333333333334,23.48,True,79.66823751178134
Sat Jun 22 19:28:07 2024,Copiulemu,Tomeco,15.283333333333333,22.002,True,86.37644492911667
Sat Jun 22 19:28:07 2024,Tomeco,Copiulemu,17.683333333333334,23.48,False,79.66823751178134
Sat Jun 22 19:28:07 2024,Copiulemu,Tomeco,15.133333333333333,22.002,False,87.23259911894272
