Fecha,From,To,Tiempo (min),Distancia (km),Real Time,Velocidad promedia
Sat Nov 25 18:28:58 2023,Tomeco,Copiulemu,18.95,23.39,True,74.0580474934037
Sat Nov 25 18:28:58 2023,Copiulemu,Tomeco,16.066666666666666,22.002,True,82.16514522821576
Sat Nov 25 18:28:58 2023,Tomeco,Copiulemu,17.183333333333334,23.39,False,81.6721629485936
Sat Nov 25 18:28:58 2023,Copiulemu,Tomeco,15.1,22.002,False,87.4251655629139
