Fecha,From,To,Tiempo (min),Distancia (km),Real Time,Velocidad promedia
Sat Jun 25 16:47:15 2022,Tomeco,Copiulemu,16.866666666666667,23.39,True,83.20553359683794
Sat Jun 25 16:47:15 2022,Copiulemu,Tomeco,14.766666666666667,22.002,True,89.39864559819412
Sat Jun 25 16:47:15 2022,Tomeco,Copiulemu,16.816666666666666,23.39,False,83.45292368681864
Sat Jun 25 16:47:15 2022,Copiulemu,Tomeco,16.683333333333334,22.002,False,79.12807192807192
