Fecha,From,To,Tiempo (min),Distancia (km),Real Time,Velocidad promedia
Sat Jan 27 05:28:02 2024,Tomeco,Copiulemu,18.416666666666668,23.48,True,76.49592760180995
Sat Jan 27 05:28:02 2024,Copiulemu,Tomeco,15.866666666666667,22.002,True,83.20084033613446
Sat Jan 27 05:28:02 2024,Tomeco,Copiulemu,18.416666666666668,23.48,False,76.49592760180995
Sat Jan 27 05:28:02 2024,Copiulemu,Tomeco,15.866666666666667,22.002,False,83.20084033613446
