Fecha,From,To,Tiempo (min),Distancia (km),Real Time,Velocidad promedia
Sat Aug  6 11:31:27 2022,Tomeco,Copiulemu,17.016666666666666,23.39,True,82.4720861900098
Sat Aug  6 11:31:27 2022,Copiulemu,Tomeco,15.233333333333333,22.002,True,86.65995623632385
Sat Aug  6 11:31:27 2022,Tomeco,Copiulemu,17.1,23.39,False,82.07017543859648
Sat Aug  6 11:31:27 2022,Copiulemu,Tomeco,15.2,22.002,False,86.85000000000001
