Fecha,From,To,Tiempo (min),Distancia (km),Real Time,Velocidad promedia
Sat Sep 17 23:38:19 2022,Tomeco,Copiulemu,17.166666666666668,23.39,True,81.7514563106796
Sat Sep 17 23:38:19 2022,Copiulemu,Tomeco,15.266666666666667,22.002,True,86.47074235807858
Sat Sep 17 23:38:19 2022,Tomeco,Copiulemu,17.0,23.39,False,82.5529411764706
Sat Sep 17 23:38:19 2022,Copiulemu,Tomeco,15.183333333333334,22.002,False,86.94533479692646
