Fecha,From,To,Tiempo (min),Distancia (km),Real Time,Velocidad promedia
Sat May 21 16:50:43 2022,Tomeco,Copiulemu,17.083333333333332,23.39,True,82.15024390243903
Sat May 21 16:50:43 2022,Copiulemu,Tomeco,15.85,22.002,True,83.28832807570977
Sat May 21 16:50:43 2022,Tomeco,Copiulemu,17.083333333333332,23.39,False,82.15024390243903
Sat May 21 16:50:43 2022,Copiulemu,Tomeco,18.133333333333333,22.002,False,72.80073529411764
