Fecha,From,To,Tiempo (min),Distancia (km),Real Time,Velocidad promedia
Sat May 25 13:28:07 2024,Tomeco,Copiulemu,17.216666666666665,23.48,True,81.82768635043564
Sat May 25 13:28:07 2024,Copiulemu,Tomeco,15.35,22.002,True,86.0013029315961
Sat May 25 13:28:07 2024,Tomeco,Copiulemu,17.183333333333334,23.48,False,81.98642095053346
Sat May 25 13:28:07 2024,Copiulemu,Tomeco,15.266666666666667,22.002,False,86.47074235807858
