Fecha,From,To,Tiempo (min),Distancia (km),Real Time,Velocidad promedia
Sat Jun  8 16:35:28 2024,Tomeco,Copiulemu,17.666666666666668,23.48,True,79.74339622641509
Sat Jun  8 16:35:28 2024,Copiulemu,Tomeco,15.566666666666666,22.002,True,84.80428265524625
Sat Jun  8 16:35:28 2024,Tomeco,Copiulemu,17.533333333333335,23.48,False,80.34980988593155
Sat Jun  8 16:35:28 2024,Copiulemu,Tomeco,15.3,22.002,False,86.28235294117647
