Fecha,From,To,Tiempo (min),Distancia (km),Real Time,Velocidad promedia
Sat Nov 16 16:40:39 2024,Tomeco,Copiulemu,17.45,23.45,True,80.63037249283667
Sat Nov 16 16:40:39 2024,Copiulemu,Tomeco,15.966666666666667,21.968,True,82.55198329853862
Sat Nov 16 16:40:39 2024,Tomeco,Copiulemu,17.65,23.45,False,79.71671388101984
Sat Nov 16 16:40:39 2024,Copiulemu,Tomeco,15.95,21.968,False,82.63824451410659
