Fecha,From,To,Tiempo (min),Distancia (km),Real Time,Velocidad promedia
Sat Sep 24 13:48:44 2022,Tomeco,Copiulemu,16.5,23.39,True,85.05454545454545
Sat Sep 24 13:48:44 2022,Copiulemu,Tomeco,15.25,22.002,True,86.56524590163934
Sat Sep 24 13:48:44 2022,Tomeco,Copiulemu,16.333333333333332,23.39,False,85.92244897959185
Sat Sep 24 13:48:44 2022,Copiulemu,Tomeco,15.183333333333334,22.002,False,86.94533479692646
