Fecha,From,To,Tiempo (min),Distancia (km),Real Time,Velocidad promedia
Sat Aug  6 10:36:30 2022,Tomeco,Copiulemu,17.35,23.39,True,80.88760806916426
Sat Aug  6 10:36:30 2022,Copiulemu,Tomeco,15.266666666666667,22.002,True,86.47074235807858
Sat Aug  6 10:36:30 2022,Tomeco,Copiulemu,17.35,23.39,False,80.88760806916426
Sat Aug  6 10:36:30 2022,Copiulemu,Tomeco,15.266666666666667,22.002,False,86.47074235807858
