Fecha,From,To,Tiempo (min),Distancia (km),Real Time,Velocidad promedia
Sat Feb 24 18:29:21 2024,Tomeco,Copiulemu,18.4,23.48,True,76.56521739130436
Sat Feb 24 18:29:21 2024,Copiulemu,Tomeco,16.45,22.002,True,80.25045592705166
Sat Feb 24 18:29:21 2024,Tomeco,Copiulemu,18.083333333333332,23.48,False,77.90599078341015
Sat Feb 24 18:29:21 2024,Copiulemu,Tomeco,15.933333333333334,22.002,False,82.85271966527196
