Fecha,From,To,Tiempo (min),Distancia (km),Real Time,Velocidad promedia
Sat Sep 24 15:40:24 2022,Tomeco,Copiulemu,16.566666666666666,23.39,True,84.71227364185111
Sat Sep 24 15:40:24 2022,Copiulemu,Tomeco,16.883333333333333,22.002,True,78.19072063178677
Sat Sep 24 15:40:24 2022,Tomeco,Copiulemu,16.566666666666666,23.39,False,84.71227364185111
Sat Sep 24 15:40:24 2022,Copiulemu,Tomeco,15.466666666666667,22.002,False,85.35258620689655
