Fecha,From,To,Tiempo (min),Distancia (km),Real Time,Velocidad promedia
Sat May 18 22:30:02 2024,Tomeco,Copiulemu,18.5,23.48,True,76.15135135135135
Sat May 18 22:30:02 2024,Copiulemu,Tomeco,15.65,22.002,True,84.35271565495206
Sat May 18 22:30:02 2024,Tomeco,Copiulemu,18.5,23.48,False,76.15135135135135
Sat May 18 22:30:02 2024,Copiulemu,Tomeco,15.616666666666667,22.002,False,84.53276414087513
