Fecha,From,To,Tiempo (min),Distancia (km),Real Time,Velocidad promedia
Sat Sep 28 17:30:24 2024,Tomeco,Copiulemu,17.966666666666665,23.48,True,78.41187384044528
Sat Sep 28 17:30:24 2024,Copiulemu,Tomeco,15.5,22.002,True,85.1690322580645
Sat Sep 28 17:30:24 2024,Tomeco,Copiulemu,17.916666666666668,23.48,False,78.63069767441861
Sat Sep 28 17:30:24 2024,Copiulemu,Tomeco,15.466666666666667,22.002,False,85.35258620689655
