Fecha,From,To,Tiempo (min),Distancia (km),Real Time,Velocidad promedia
Sat Jun 29 12:45:48 2024,Tomeco,Copiulemu,17.966666666666665,23.48,True,78.41187384044528
Sat Jun 29 12:45:48 2024,Copiulemu,Tomeco,14.8,22.002,True,89.1972972972973
Sat Jun 29 12:45:48 2024,Tomeco,Copiulemu,17.85,23.48,False,78.92436974789915
Sat Jun 29 12:45:48 2024,Copiulemu,Tomeco,14.65,22.002,False,90.11058020477815
