Fecha,From,To,Tiempo (min),Distancia (km),Real Time,Velocidad promedia
Sat Sep 21 04:36:33 2024,Tomeco,Copiulemu,19.383333333333333,23.48,True,72.68099742046432
Sat Sep 21 04:36:33 2024,Copiulemu,Tomeco,15.833333333333334,21.587,True,81.80336842105262
Sat Sep 21 04:36:33 2024,Tomeco,Copiulemu,18.2,23.48,False,77.4065934065934
Sat Sep 21 04:36:33 2024,Copiulemu,Tomeco,15.783333333333333,21.587,False,82.06251319957762
