Fecha,From,To,Tiempo (min),Distancia (km),Real Time,Velocidad promedia
Sat Apr 27 16:30:13 2024,Tomeco,Copiulemu,19.083333333333332,23.48,True,73.82358078602621
Sat Apr 27 16:30:13 2024,Copiulemu,Tomeco,16.866666666666667,22.002,True,78.26798418972331
Sat Apr 27 16:30:13 2024,Tomeco,Copiulemu,19.033333333333335,23.48,False,74.01751313485114
Sat Apr 27 16:30:13 2024,Copiulemu,Tomeco,16.666666666666668,22.002,False,79.20719999999999
