Fecha,From,To,Tiempo (min),Distancia (km),Real Time,Velocidad promedia
Sat Nov  4 10:29:29 2023,Tomeco,Copiulemu,17.816666666666666,23.39,True,78.7689429373246
Sat Nov  4 10:29:29 2023,Copiulemu,Tomeco,15.233333333333333,22.002,True,86.65995623632385
Sat Nov  4 10:29:29 2023,Tomeco,Copiulemu,17.816666666666666,23.39,False,78.7689429373246
Sat Nov  4 10:29:29 2023,Copiulemu,Tomeco,15.166666666666666,22.002,False,87.04087912087913
