Fecha,From,To,Tiempo (min),Distancia (km),Real Time,Velocidad promedia
Sat Apr 20 01:30:26 2024,Tomeco,Copiulemu,18.2,23.48,True,77.4065934065934
Sat Apr 20 01:30:26 2024,Copiulemu,Tomeco,16.2,22.002,True,81.4888888888889
Sat Apr 20 01:30:26 2024,Tomeco,Copiulemu,18.183333333333334,23.48,False,77.47754353803849
Sat Apr 20 01:30:26 2024,Copiulemu,Tomeco,15.966666666666667,22.002,False,82.67974947807932
