Fecha,From,To,Tiempo (min),Distancia (km),Real Time,Velocidad promedia
Sat Jun 29 02:41:36 2024,Tomeco,Copiulemu,19.55,23.48,True,72.06138107416879
Sat Jun 29 02:41:36 2024,Copiulemu,Tomeco,16.35,22.002,True,80.74128440366971
Sat Jun 29 02:41:36 2024,Tomeco,Copiulemu,19.483333333333334,23.48,False,72.30795551753636
Sat Jun 29 02:41:36 2024,Copiulemu,Tomeco,16.35,22.002,False,80.74128440366971
