Fecha,From,To,Tiempo (min),Distancia (km),Real Time,Velocidad promedia
Sat Jul 13 07:27:58 2024,Tomeco,Copiulemu,19.033333333333335,23.48,True,74.01751313485114
Sat Jul 13 07:27:58 2024,Copiulemu,Tomeco,15.533333333333333,22.002,True,84.9862660944206
Sat Jul 13 07:27:58 2024,Tomeco,Copiulemu,18.25,23.48,False,77.19452054794522
Sat Jul 13 07:27:58 2024,Copiulemu,Tomeco,15.533333333333333,22.002,False,84.9862660944206
