Fecha,From,To,Tiempo (min),Distancia (km),Real Time,Velocidad promedia
Sat Jun 15 14:29:41 2024,Tomeco,Copiulemu,17.916666666666668,23.48,True,78.63069767441861
Sat Jun 15 14:29:41 2024,Copiulemu,Tomeco,15.266666666666667,22.002,True,86.47074235807858
Sat Jun 15 14:29:41 2024,Tomeco,Copiulemu,17.716666666666665,23.48,False,79.51834430856069
Sat Jun 15 14:29:41 2024,Copiulemu,Tomeco,15.25,22.002,False,86.56524590163934
