Fecha,From,To,Tiempo (min),Distancia (km),Real Time,Velocidad promedia
Sat Aug  3 16:35:51 2024,Tomeco,Copiulemu,18.083333333333332,23.48,True,77.90599078341015
Sat Aug  3 16:35:51 2024,Copiulemu,Tomeco,15.45,22.002,True,85.44466019417474
Sat Aug  3 16:35:51 2024,Tomeco,Copiulemu,17.9,23.48,False,78.70391061452516
Sat Aug  3 16:35:51 2024,Copiulemu,Tomeco,16.15,22.002,False,81.74117647058823
