Fecha,From,To,Tiempo (min),Distancia (km),Real Time,Velocidad promedia
Sat May 25 11:28:06 2024,Tomeco,Copiulemu,17.566666666666666,23.48,True,80.19734345351044
Sat May 25 11:28:06 2024,Copiulemu,Tomeco,14.966666666666667,22.002,True,88.20400890868596
Sat May 25 11:28:06 2024,Tomeco,Copiulemu,17.566666666666666,23.48,False,80.19734345351044
Sat May 25 11:28:06 2024,Copiulemu,Tomeco,14.95,22.002,False,88.30234113712375
