Fecha,From,To,Tiempo (min),Distancia (km),Real Time,Velocidad promedia
Sat Nov 25 19:28:02 2023,Tomeco,Copiulemu,17.55,23.39,True,79.96581196581195
Sat Nov 25 19:28:02 2023,Copiulemu,Tomeco,15.833333333333334,21.461,True,81.3258947368421
Sat Nov 25 19:28:02 2023,Tomeco,Copiulemu,17.216666666666665,23.39,False,81.51403678606003
Sat Nov 25 19:28:02 2023,Copiulemu,Tomeco,15.633333333333333,21.461,False,82.36631130063965
