Fecha,From,To,Tiempo (min),Distancia (km),Real Time,Velocidad promedia
Sat Oct 21 06:29:59 2023,Tomeco,Copiulemu,17.883333333333333,23.39,True,78.47530288909599
Sat Oct 21 06:29:59 2023,Copiulemu,Tomeco,15.533333333333333,22.002,True,84.9862660944206
Sat Oct 21 06:29:59 2023,Tomeco,Copiulemu,17.883333333333333,23.39,False,78.47530288909599
Sat Oct 21 06:29:59 2023,Copiulemu,Tomeco,15.533333333333333,22.002,False,84.9862660944206
