Fecha,From,To,Tiempo (min),Distancia (km),Real Time,Velocidad promedia
Sat Mar 23 19:28:07 2024,Tomeco,Copiulemu,18.6,23.48,True,75.74193548387098
Sat Mar 23 19:28:07 2024,Copiulemu,Tomeco,17.3,22.002,True,76.30751445086705
Sat Mar 23 19:28:07 2024,Tomeco,Copiulemu,18.083333333333332,23.48,False,77.90599078341015
Sat Mar 23 19:28:07 2024,Copiulemu,Tomeco,15.55,22.002,False,84.8951768488746
