Fecha,From,To,Tiempo (min),Distancia (km),Real Time,Velocidad promedia
Sat Jun 25 15:35:33 2022,Tomeco,Copiulemu,16.666666666666668,23.39,True,84.204
Sat Jun 25 15:35:33 2022,Copiulemu,Tomeco,15.283333333333333,22.002,True,86.37644492911667
Sat Jun 25 15:35:33 2022,Tomeco,Copiulemu,16.7,23.39,False,84.03592814371258
Sat Jun 25 15:35:33 2022,Copiulemu,Tomeco,15.316666666666666,22.002,False,86.18846572361262
