Fecha,From,To,Tiempo (min),Distancia (km),Real Time,Velocidad promedia
Sat Dec 16 17:28:06 2023,Tomeco,Copiulemu,17.616666666666667,23.39,True,79.6631977294229
Sat Dec 16 17:28:06 2023,Copiulemu,Tomeco,15.833333333333334,22.002,True,83.37599999999999
Sat Dec 16 17:28:06 2023,Tomeco,Copiulemu,16.933333333333334,23.39,False,82.87795275590551
Sat Dec 16 17:28:06 2023,Copiulemu,Tomeco,15.416666666666666,22.002,False,85.62940540540541
