Fecha,From,To,Tiempo (min),Distancia (km),Real Time,Velocidad promedia
Sat Jun 22 15:28:06 2024,Tomeco,Copiulemu,17.966666666666665,23.48,True,78.41187384044528
Sat Jun 22 15:28:06 2024,Copiulemu,Tomeco,15.566666666666666,22.002,True,84.80428265524625
Sat Jun 22 15:28:06 2024,Tomeco,Copiulemu,17.75,23.48,False,79.36901408450704
Sat Jun 22 15:28:06 2024,Copiulemu,Tomeco,15.466666666666667,22.002,False,85.35258620689655
