Fecha,From,To,Tiempo (min),Distancia (km),Real Time,Velocidad promedia
Sat Oct 26 08:35:48 2024,Tomeco,Copiulemu,18.35,23.45,True,76.67574931880108
Sat Oct 26 08:35:48 2024,Copiulemu,Tomeco,15.716666666666667,21.968,True,83.86511134676564
Sat Oct 26 08:35:48 2024,Tomeco,Copiulemu,18.35,23.45,False,76.67574931880108
Sat Oct 26 08:35:48 2024,Copiulemu,Tomeco,15.716666666666667,21.968,False,83.86511134676564
