Fecha,From,To,Tiempo (min),Distancia (km),Real Time,Velocidad promedia
Sat Jun 11 10:35:03 2022,Tomeco,Copiulemu,17.483333333333334,23.39,True,80.27073403241181
Sat Jun 11 10:35:03 2022,Copiulemu,Tomeco,14.85,21.461,True,86.71111111111111
Sat Jun 11 10:35:03 2022,Tomeco,Copiulemu,17.483333333333334,23.39,False,80.27073403241181
Sat Jun 11 10:35:03 2022,Copiulemu,Tomeco,14.85,21.461,False,86.71111111111111
