Fecha,From,To,Tiempo (min),Distancia (km),Real Time,Velocidad promedia
Sat Jan 27 18:28:05 2024,Tomeco,Copiulemu,17.616666666666667,23.48,True,79.96972563859981
Sat Jan 27 18:28:05 2024,Copiulemu,Tomeco,16.0,22.002,True,82.5075
Sat Jan 27 18:28:05 2024,Tomeco,Copiulemu,17.616666666666667,23.48,False,79.96972563859981
Sat Jan 27 18:28:05 2024,Copiulemu,Tomeco,15.9,22.002,False,83.02641509433961
