Fecha,From,To,Tiempo (min),Distancia (km),Real Time,Velocidad promedia
Sat Aug 10 14:30:11 2024,Tomeco,Copiulemu,17.6,23.48,True,80.04545454545455
Sat Aug 10 14:30:11 2024,Copiulemu,Tomeco,16.0,22.002,True,82.5075
Sat Aug 10 14:30:11 2024,Tomeco,Copiulemu,17.6,23.48,False,80.04545454545455
Sat Aug 10 14:30:11 2024,Copiulemu,Tomeco,15.933333333333334,22.002,False,82.85271966527196
