Fecha,From,To,Tiempo (min),Distancia (km),Real Time,Velocidad promedia
Sat Mar 16 14:28:03 2024,Tomeco,Copiulemu,19.433333333333334,23.48,True,72.49399656946827
Sat Mar 16 14:28:03 2024,Copiulemu,Tomeco,16.266666666666666,22.002,True,81.1549180327869
Sat Mar 16 14:28:03 2024,Tomeco,Copiulemu,19.3,23.48,False,72.99481865284974
Sat Mar 16 14:28:03 2024,Copiulemu,Tomeco,16.183333333333334,22.002,False,81.5728115345005
