Fecha,From,To,Tiempo (min),Distancia (km),Real Time,Velocidad promedia
Sat Apr 16 23:33:09 2022,Tomeco,Copiulemu,24.083333333333332,23.39,True,58.2726643598616
Sat Apr 16 23:33:09 2022,Copiulemu,Tomeco,16.266666666666666,22.002,True,81.1549180327869
Sat Apr 16 23:33:09 2022,Tomeco,Copiulemu,18.616666666666667,23.39,False,75.38406445837064
Sat Apr 16 23:33:09 2022,Copiulemu,Tomeco,15.566666666666666,22.002,False,84.80428265524625
