Fecha,From,To,Tiempo (min),Distancia (km),Real Time,Velocidad promedia
Sat Dec 16 20:28:00 2023,Tomeco,Copiulemu,19.483333333333334,23.39,True,72.03079555175363
Sat Dec 16 20:28:00 2023,Copiulemu,Tomeco,15.25,21.461,True,84.43672131147541
Sat Dec 16 20:28:00 2023,Tomeco,Copiulemu,17.1,23.39,False,82.07017543859648
Sat Dec 16 20:28:00 2023,Copiulemu,Tomeco,15.266666666666667,21.461,False,84.34454148471615
