Fecha,From,To,Tiempo (min),Distancia (km),Real Time,Velocidad promedia
Sat May 11 17:28:26 2024,Tomeco,Copiulemu,18.15,23.48,True,77.6198347107438
Sat May 11 17:28:26 2024,Copiulemu,Tomeco,15.766666666666667,22.002,True,83.72854122621564
Sat May 11 17:28:26 2024,Tomeco,Copiulemu,18.166666666666668,23.48,False,77.548623853211
Sat May 11 17:28:26 2024,Copiulemu,Tomeco,15.766666666666667,22.002,False,83.72854122621564
