Fecha,From,To,Tiempo (min),Distancia (km),Real Time,Velocidad promedia
Sat Dec 16 23:28:14 2023,Tomeco,Copiulemu,17.866666666666667,23.39,True,78.54850746268656
Sat Dec 16 23:28:14 2023,Copiulemu,Tomeco,15.483333333333333,22.002,True,85.26071044133477
Sat Dec 16 23:28:14 2023,Tomeco,Copiulemu,17.783333333333335,23.39,False,78.91658856607309
Sat Dec 16 23:28:14 2023,Copiulemu,Tomeco,15.466666666666667,22.002,False,85.35258620689655
