Fecha,From,To,Tiempo (min),Distancia (km),Real Time,Velocidad promedia
Sat Sep 16 02:28:07 2023,Tomeco,Copiulemu,18.283333333333335,23.39,True,76.7584320875114
Sat Sep 16 02:28:07 2023,Copiulemu,Tomeco,17.233333333333334,22.002,True,76.6027079303675
Sat Sep 16 02:28:07 2023,Tomeco,Copiulemu,18.016666666666666,23.39,False,77.89454209065681
Sat Sep 16 02:28:07 2023,Copiulemu,Tomeco,16.483333333333334,22.002,False,80.08816986855408
