Fecha,From,To,Tiempo (min),Distancia (km),Real Time,Velocidad promedia
Sat Dec  7 19:28:03 2024,Tomeco,Copiulemu,17.35,23.45,True,81.0951008645533
Sat Dec  7 19:28:03 2024,Copiulemu,Tomeco,16.533333333333335,21.968,True,79.72258064516127
Sat Dec  7 19:28:03 2024,Tomeco,Copiulemu,17.35,23.45,False,81.0951008645533
Sat Dec  7 19:28:03 2024,Copiulemu,Tomeco,15.883333333333333,21.968,False,82.98509968520463
