Fecha,From,To,Tiempo (min),Distancia (km),Real Time,Velocidad promedia
Sat Jul 23 05:35:01 2022,Tomeco,Copiulemu,18.033333333333335,23.39,True,77.82255083179297
Sat Jul 23 05:35:01 2022,Copiulemu,Tomeco,15.783333333333333,22.002,True,83.64012671594509
Sat Jul 23 05:35:01 2022,Tomeco,Copiulemu,17.516666666666666,23.39,False,80.11798287345385
Sat Jul 23 05:35:01 2022,Copiulemu,Tomeco,15.783333333333333,22.002,False,83.64012671594509
