Fecha,From,To,Tiempo (min),Distancia (km),Real Time,Velocidad promedia
Sat Sep  7 12:48:11 2024,Tomeco,Copiulemu,17.75,23.48,True,79.36901408450704
Sat Sep  7 12:48:11 2024,Copiulemu,Tomeco,15.25,22.002,True,86.56524590163934
Sat Sep  7 12:48:11 2024,Tomeco,Copiulemu,17.683333333333334,23.48,False,79.66823751178134
Sat Sep  7 12:48:11 2024,Copiulemu,Tomeco,15.116666666666667,22.002,False,87.328776185226
