Fecha,From,To,Tiempo (min),Distancia (km),Real Time,Velocidad promedia
Sat Sep  2 22:28:07 2023,Tomeco,Copiulemu,18.35,23.39,True,76.47956403269755
Sat Sep  2 22:28:07 2023,Copiulemu,Tomeco,16.166666666666668,22.002,True,81.65690721649483
Sat Sep  2 22:28:07 2023,Tomeco,Copiulemu,18.35,23.39,False,76.47956403269755
Sat Sep  2 22:28:07 2023,Copiulemu,Tomeco,15.2,22.002,False,86.85000000000001
