Fecha,From,To,Tiempo (min),Distancia (km),Real Time,Velocidad promedia
Sat Jun 18 06:39:45 2022,Tomeco,Copiulemu,17.5,23.39,True,80.19428571428571
Sat Jun 18 06:39:45 2022,Copiulemu,Tomeco,15.25,22.002,True,86.56524590163934
Sat Jun 18 06:39:45 2022,Tomeco,Copiulemu,17.5,23.39,False,80.19428571428571
Sat Jun 18 06:39:45 2022,Copiulemu,Tomeco,15.25,22.002,False,86.56524590163934
