Fecha,From,To,Tiempo (min),Distancia (km),Real Time,Velocidad promedia
Sat Aug 13 04:46:13 2022,Tomeco,Copiulemu,17.3,23.39,True,81.121387283237
Sat Aug 13 04:46:13 2022,Copiulemu,Tomeco,15.366666666666667,22.002,True,85.90802603036876
Sat Aug 13 04:46:13 2022,Tomeco,Copiulemu,17.3,23.39,False,81.121387283237
Sat Aug 13 04:46:13 2022,Copiulemu,Tomeco,15.366666666666667,22.002,False,85.90802603036876
