Fecha,From,To,Tiempo (min),Distancia (km),Real Time,Velocidad promedia
Sat Sep 14 01:49:43 2024,Tomeco,Copiulemu,18.05,23.48,True,78.04986149584488
Sat Sep 14 01:49:43 2024,Copiulemu,Tomeco,16.083333333333332,22.002,True,82.08
Sat Sep 14 01:49:43 2024,Tomeco,Copiulemu,18.05,23.48,False,78.04986149584488
Sat Sep 14 01:49:43 2024,Copiulemu,Tomeco,15.933333333333334,22.002,False,82.85271966527196
