Fecha,From,To,Tiempo (min),Distancia (km),Real Time,Velocidad promedia
Sat Mar 26 05:29:40 2022,Tomeco,Copiulemu,20.1,23.39,True,69.82089552238806
Sat Mar 26 05:29:40 2022,Copiulemu,Tomeco,15.883333333333333,22.002,True,83.11353620146905
Sat Mar 26 05:29:40 2022,Tomeco,Copiulemu,17.783333333333335,23.39,False,78.91658856607309
Sat Mar 26 05:29:40 2022,Copiulemu,Tomeco,15.75,22.002,False,83.81714285714285
