Fecha,From,To,Tiempo (min),Distancia (km),Real Time,Velocidad promedia
Sat Jun 29 21:27:59 2024,Tomeco,Copiulemu,18.783333333333335,23.48,True,75.00266193433895
Sat Jun 29 21:27:59 2024,Copiulemu,Tomeco,15.466666666666667,22.002,True,85.35258620689655
Sat Jun 29 21:27:59 2024,Tomeco,Copiulemu,17.883333333333333,23.48,False,78.77726001863932
Sat Jun 29 21:27:59 2024,Copiulemu,Tomeco,15.4,22.002,False,85.72207792207791
