Fecha,From,To,Tiempo (min),Distancia (km),Real Time,Velocidad promedia
Sat Apr 30 04:46:21 2022,Tomeco,Copiulemu,17.516666666666666,23.39,True,80.11798287345385
Sat Apr 30 04:46:21 2022,Copiulemu,Tomeco,15.15,22.002,True,87.13663366336633
Sat Apr 30 04:46:21 2022,Tomeco,Copiulemu,17.05,23.39,False,82.3108504398827
Sat Apr 30 04:46:21 2022,Copiulemu,Tomeco,14.983333333333333,22.002,False,88.1058954393771
