Fecha,From,To,Tiempo (min),Distancia (km),Real Time,Velocidad promedia
Sat Dec 30 02:34:30 2023,Tomeco,Copiulemu,18.616666666666667,23.39,True,75.38406445837064
Sat Dec 30 02:34:30 2023,Copiulemu,Tomeco,16.633333333333333,21.461,True,77.41442885771544
Sat Dec 30 02:34:30 2023,Tomeco,Copiulemu,18.583333333333332,23.39,False,75.51928251121078
Sat Dec 30 02:34:30 2023,Copiulemu,Tomeco,16.583333333333332,21.461,False,77.6478391959799
