Fecha,From,To,Tiempo (min),Distancia (km),Real Time,Velocidad promedia
Sat Oct 19 17:31:25 2024,Tomeco,Copiulemu,17.4,23.48,True,80.96551724137932
Sat Oct 19 17:31:25 2024,Copiulemu,Tomeco,15.716666666666667,22.002,True,83.99490986214211
Sat Oct 19 17:31:25 2024,Tomeco,Copiulemu,17.75,23.48,False,79.36901408450704
Sat Oct 19 17:31:25 2024,Copiulemu,Tomeco,15.35,22.002,False,86.0013029315961
