Fecha,From,To,Tiempo (min),Distancia (km),Real Time,Velocidad promedia
Sat Jul  9 21:31:29 2022,Tomeco,Copiulemu,18.033333333333335,23.39,True,77.82255083179297
Sat Jul  9 21:31:29 2022,Copiulemu,Tomeco,15.55,22.002,True,84.8951768488746
Sat Jul  9 21:31:29 2022,Tomeco,Copiulemu,17.9,23.39,False,78.40223463687153
Sat Jul  9 21:31:29 2022,Copiulemu,Tomeco,15.466666666666667,22.002,False,85.35258620689655
