Fecha,From,To,Tiempo (min),Distancia (km),Real Time,Velocidad promedia
Sat Dec  2 08:28:50 2023,Tomeco,Copiulemu,18.566666666666666,23.39,True,75.58707360861759
Sat Dec  2 08:28:50 2023,Copiulemu,Tomeco,15.283333333333333,22.002,True,86.37644492911667
Sat Dec  2 08:28:50 2023,Tomeco,Copiulemu,18.566666666666666,23.39,False,75.58707360861759
Sat Dec  2 08:28:50 2023,Copiulemu,Tomeco,15.283333333333333,22.002,False,86.37644492911667
