Fecha,From,To,Tiempo (min),Distancia (km),Real Time,Velocidad promedia
Sat Aug 10 03:34:03 2024,Tomeco,Copiulemu,19.666666666666668,23.48,True,71.63389830508474
Sat Aug 10 03:34:03 2024,Copiulemu,Tomeco,15.916666666666666,22.002,True,82.93947643979057
Sat Aug 10 03:34:03 2024,Tomeco,Copiulemu,18.783333333333335,23.48,False,75.00266193433895
Sat Aug 10 03:34:03 2024,Copiulemu,Tomeco,15.9,22.002,False,83.02641509433961
