Fecha,From,To,Tiempo (min),Distancia (km),Real Time,Velocidad promedia
Sat Jul 20 08:30:47 2024,Tomeco,Copiulemu,18.716666666666665,23.48,True,75.26981300089048
Sat Jul 20 08:30:47 2024,Copiulemu,Tomeco,15.816666666666666,22.002,True,83.46385669125394
Sat Jul 20 08:30:47 2024,Tomeco,Copiulemu,18.716666666666665,23.48,False,75.26981300089048
Sat Jul 20 08:30:47 2024,Copiulemu,Tomeco,15.816666666666666,22.002,False,83.46385669125394
