Fecha,From,To,Tiempo (min),Distancia (km),Real Time,Velocidad promedia
Sat Jul 27 06:34:58 2024,Tomeco,Copiulemu,18.883333333333333,23.48,True,74.60547219770521
Sat Jul 27 06:34:58 2024,Copiulemu,Tomeco,15.766666666666667,22.002,True,83.72854122621564
Sat Jul 27 06:34:58 2024,Tomeco,Copiulemu,19.016666666666666,23.48,False,74.08238387379492
Sat Jul 27 06:34:58 2024,Copiulemu,Tomeco,15.833333333333334,22.002,False,83.37599999999999
