Fecha,From,To,Tiempo (min),Distancia (km),Real Time,Velocidad promedia
Sat Sep  9 08:28:17 2023,Tomeco,Copiulemu,18.4,23.39,True,76.2717391304348
Sat Sep  9 08:28:17 2023,Copiulemu,Tomeco,15.766666666666667,22.002,True,83.72854122621564
Sat Sep  9 08:28:17 2023,Tomeco,Copiulemu,18.4,23.39,False,76.2717391304348
Sat Sep  9 08:28:17 2023,Copiulemu,Tomeco,15.766666666666667,22.002,False,83.72854122621564
