Fecha,From,To,Tiempo (min),Distancia (km),Real Time,Velocidad promedia
Sat Jul 27 14:29:47 2024,Tomeco,Copiulemu,17.933333333333334,23.48,True,78.55762081784387
Sat Jul 27 14:29:47 2024,Copiulemu,Tomeco,16.25,22.002,True,81.23815384615385
Sat Jul 27 14:29:47 2024,Tomeco,Copiulemu,17.766666666666666,23.48,False,79.29455909943715
Sat Jul 27 14:29:47 2024,Copiulemu,Tomeco,15.633333333333333,22.002,False,84.44264392324094
