Fecha,From,To,Tiempo (min),Distancia (km),Real Time,Velocidad promedia
Sat Jan 27 07:28:00 2024,Tomeco,Copiulemu,18.583333333333332,23.48,True,75.80986547085203
Sat Jan 27 07:28:00 2024,Copiulemu,Tomeco,16.05,22.002,True,82.25046728971962
Sat Jan 27 07:28:00 2024,Tomeco,Copiulemu,18.583333333333332,23.48,False,75.80986547085203
Sat Jan 27 07:28:00 2024,Copiulemu,Tomeco,16.05,22.002,False,82.25046728971962
