Fecha,From,To,Tiempo (min),Distancia (km),Real Time,Velocidad promedia
Sat Nov 25 06:30:31 2023,Tomeco,Copiulemu,18.5,23.39,True,75.85945945945946
Sat Nov 25 06:30:31 2023,Copiulemu,Tomeco,15.766666666666667,22.002,True,83.72854122621564
Sat Nov 25 06:30:31 2023,Tomeco,Copiulemu,17.65,23.39,False,79.51274787535412
Sat Nov 25 06:30:31 2023,Copiulemu,Tomeco,15.433333333333334,22.002,False,85.53693304535636
