Fecha,From,To,Tiempo (min),Distancia (km),Real Time,Velocidad promedia
Sat Aug  3 21:28:03 2024,Tomeco,Copiulemu,18.733333333333334,23.48,True,75.20284697508896
Sat Aug  3 21:28:03 2024,Copiulemu,Tomeco,15.833333333333334,22.002,True,83.37599999999999
Sat Aug  3 21:28:03 2024,Tomeco,Copiulemu,18.616666666666667,23.48,False,75.67412712623099
Sat Aug  3 21:28:03 2024,Copiulemu,Tomeco,15.616666666666667,22.002,False,84.53276414087513
