Fecha,From,To,Tiempo (min),Distancia (km),Real Time,Velocidad promedia
Sat Nov 18 14:28:00 2023,Tomeco,Copiulemu,17.516666666666666,23.39,True,80.11798287345385
Sat Nov 18 14:28:00 2023,Copiulemu,Tomeco,15.75,22.002,True,83.81714285714285
Sat Nov 18 14:28:00 2023,Tomeco,Copiulemu,17.366666666666667,23.39,False,80.80998080614204
Sat Nov 18 14:28:00 2023,Copiulemu,Tomeco,15.25,22.002,False,86.56524590163934
