Fecha,From,To,Tiempo (min),Distancia (km),Real Time,Velocidad promedia
Sat Aug 24 18:34:27 2024,Tomeco,Copiulemu,17.966666666666665,23.48,True,78.41187384044528
Sat Aug 24 18:34:27 2024,Copiulemu,Tomeco,16.5,22.002,True,80.00727272727272
Sat Aug 24 18:34:27 2024,Tomeco,Copiulemu,17.516666666666666,23.48,False,80.42626070409135
Sat Aug 24 18:34:27 2024,Copiulemu,Tomeco,16.166666666666668,22.002,False,81.65690721649483
