Fecha,From,To,Tiempo (min),Distancia (km),Real Time,Velocidad promedia
Sat Aug 31 05:31:46 2024,Tomeco,Copiulemu,19.033333333333335,23.48,True,74.01751313485114
Sat Aug 31 05:31:46 2024,Copiulemu,Tomeco,15.966666666666667,22.002,True,82.67974947807932
Sat Aug 31 05:31:46 2024,Tomeco,Copiulemu,19.016666666666666,23.48,False,74.08238387379492
Sat Aug 31 05:31:46 2024,Copiulemu,Tomeco,15.966666666666667,22.002,False,82.67974947807932
