Fecha,From,To,Tiempo (min),Distancia (km),Real Time,Velocidad promedia
Sat Jun 29 03:32:41 2024,Tomeco,Copiulemu,18.9,23.48,True,74.53968253968254
Sat Jun 29 03:32:41 2024,Copiulemu,Tomeco,16.766666666666666,22.002,True,78.73479125248508
Sat Jun 29 03:32:41 2024,Tomeco,Copiulemu,18.883333333333333,23.48,False,74.60547219770521
Sat Jun 29 03:32:41 2024,Copiulemu,Tomeco,16.016666666666666,22.002,False,82.4216441207076
