Fecha,From,To,Tiempo (min),Distancia (km),Real Time,Velocidad promedia
Sat Nov 30 03:43:19 2024,Tomeco,Copiulemu,18.666666666666668,23.45,True,75.375
Sat Nov 30 03:43:19 2024,Copiulemu,Tomeco,16.083333333333332,21.968,True,81.95316062176165
Sat Nov 30 03:43:19 2024,Tomeco,Copiulemu,18.433333333333334,23.45,False,76.32911392405063
Sat Nov 30 03:43:19 2024,Copiulemu,Tomeco,15.95,21.968,False,82.63824451410659
