Fecha,From,To,Tiempo (min),Distancia (km),Real Time,Velocidad promedia
Sat Jun  4 11:29:23 2022,Tomeco,Copiulemu,17.266666666666666,23.39,True,81.27799227799228
Sat Jun  4 11:29:23 2022,Copiulemu,Tomeco,14.983333333333333,22.002,True,88.1058954393771
Sat Jun  4 11:29:23 2022,Tomeco,Copiulemu,17.266666666666666,23.39,False,81.27799227799228
Sat Jun  4 11:29:23 2022,Copiulemu,Tomeco,14.916666666666666,22.002,False,88.49966480446928
