Fecha,From,To,Tiempo (min),Distancia (km),Real Time,Velocidad promedia
Sat Sep 17 14:35:06 2022,Tomeco,Copiulemu,17.3,23.39,True,81.121387283237
Sat Sep 17 14:35:06 2022,Copiulemu,Tomeco,15.8,22.002,True,83.5518987341772
Sat Sep 17 14:35:06 2022,Tomeco,Copiulemu,16.733333333333334,23.39,False,83.86852589641434
Sat Sep 17 14:35:06 2022,Copiulemu,Tomeco,15.333333333333334,22.002,False,86.09478260869564
