Fecha,From,To,Tiempo (min),Distancia (km),Real Time,Velocidad promedia
Sat Oct 21 10:29:18 2023,Tomeco,Copiulemu,17.466666666666665,23.39,True,80.34732824427482
Sat Oct 21 10:29:18 2023,Copiulemu,Tomeco,14.933333333333334,22.002,True,88.40089285714285
Sat Oct 21 10:29:18 2023,Tomeco,Copiulemu,17.466666666666665,23.39,False,80.34732824427482
Sat Oct 21 10:29:18 2023,Copiulemu,Tomeco,14.933333333333334,22.002,False,88.40089285714285
