Fecha,From,To,Tiempo (min),Distancia (km),Real Time,Velocidad promedia
Sat Sep 28 18:37:26 2024,Tomeco,Copiulemu,17.866666666666667,23.48,True,78.8507462686567
Sat Sep 28 18:37:26 2024,Copiulemu,Tomeco,15.35,22.002,True,86.0013029315961
Sat Sep 28 18:37:26 2024,Tomeco,Copiulemu,17.866666666666667,23.48,False,78.8507462686567
Sat Sep 28 18:37:26 2024,Copiulemu,Tomeco,15.283333333333333,22.002,False,86.37644492911667
