Fecha,From,To,Tiempo (min),Distancia (km),Real Time,Velocidad promedia
Sat Apr  9 10:36:07 2022,Tomeco,Copiulemu,18.066666666666666,23.39,True,77.6789667896679
Sat Apr  9 10:36:07 2022,Copiulemu,Tomeco,15.15,22.002,True,87.13663366336633
Sat Apr  9 10:36:07 2022,Tomeco,Copiulemu,18.066666666666666,23.39,False,77.6789667896679
Sat Apr  9 10:36:07 2022,Copiulemu,Tomeco,15.2,22.002,False,86.85000000000001
