Fecha,From,To,Tiempo (min),Distancia (km),Real Time,Velocidad promedia
Sat Jul  2 11:29:35 2022,Tomeco,Copiulemu,16.766666666666666,23.39,True,83.70178926441352
Sat Jul  2 11:29:35 2022,Copiulemu,Tomeco,14.85,22.002,True,88.89696969696969
Sat Jul  2 11:29:35 2022,Tomeco,Copiulemu,17.25,23.39,False,81.35652173913044
Sat Jul  2 11:29:35 2022,Copiulemu,Tomeco,14.85,22.002,False,88.89696969696969
