Fecha,From,To,Tiempo (min),Distancia (km),Real Time,Velocidad promedia
Sat Nov 23 21:30:32 2024,Tomeco,Copiulemu,17.666666666666668,23.45,True,79.64150943396226
Sat Nov 23 21:30:32 2024,Copiulemu,Tomeco,15.233333333333333,21.968,True,86.52603938730853
Sat Nov 23 21:30:32 2024,Tomeco,Copiulemu,17.3,23.45,False,81.32947976878613
Sat Nov 23 21:30:32 2024,Copiulemu,Tomeco,15.033333333333333,21.968,False,87.67716186252773
