Fecha,From,To,Tiempo (min),Distancia (km),Real Time,Velocidad promedia
Sat Jun  4 21:31:33 2022,Tomeco,Copiulemu,18.233333333333334,23.39,True,76.9689213893967
Sat Jun  4 21:31:33 2022,Copiulemu,Tomeco,15.583333333333334,22.002,True,84.71358288770053
Sat Jun  4 21:31:33 2022,Tomeco,Copiulemu,17.95,23.39,False,78.18384401114207
Sat Jun  4 21:31:33 2022,Copiulemu,Tomeco,15.483333333333333,22.002,False,85.26071044133477
