Fecha,From,To,Tiempo (min),Distancia (km),Real Time,Velocidad promedia
Sat Dec 14 05:34:58 2024,Tomeco,Copiulemu,18.433333333333334,23.45,True,76.32911392405063
Sat Dec 14 05:34:58 2024,Copiulemu,Tomeco,15.85,21.968,True,83.1596214511041
Sat Dec 14 05:34:58 2024,Tomeco,Copiulemu,18.316666666666666,23.45,False,76.81528662420382
Sat Dec 14 05:34:58 2024,Copiulemu,Tomeco,15.85,21.968,False,83.1596214511041
