Fecha,From,To,Tiempo (min),Distancia (km),Real Time,Velocidad promedia
Sat Mar  2 10:28:06 2024,Tomeco,Copiulemu,18.45,23.48,True,76.35772357723577
Sat Mar  2 10:28:06 2024,Copiulemu,Tomeco,15.516666666666667,22.002,True,85.07755102040815
Sat Mar  2 10:28:06 2024,Tomeco,Copiulemu,18.45,23.48,False,76.35772357723577
Sat Mar  2 10:28:06 2024,Copiulemu,Tomeco,15.9,22.002,False,83.02641509433961
