Fecha,From,To,Tiempo (min),Distancia (km),Real Time,Velocidad promedia
Sat Nov 23 19:28:14 2024,Tomeco,Copiulemu,17.616666666666667,23.45,True,79.86754966887418
Sat Nov 23 19:28:14 2024,Copiulemu,Tomeco,16.25,21.968,True,81.1126153846154
Sat Nov 23 19:28:14 2024,Tomeco,Copiulemu,17.416666666666668,23.45,False,80.7846889952153
Sat Nov 23 19:28:14 2024,Copiulemu,Tomeco,15.883333333333333,21.968,False,82.98509968520463
