Fecha,From,To,Tiempo (min),Distancia (km),Real Time,Velocidad promedia
Sat Jan  6 20:28:06 2024,Tomeco,Copiulemu,17.833333333333332,23.48,True,78.9981308411215
Sat Jan  6 20:28:06 2024,Copiulemu,Tomeco,15.266666666666667,22.002,True,86.47074235807858
Sat Jan  6 20:28:06 2024,Tomeco,Copiulemu,17.65,23.48,False,79.8186968838527
Sat Jan  6 20:28:06 2024,Copiulemu,Tomeco,15.316666666666666,22.002,False,86.18846572361262
