Fecha,From,To,Tiempo (min),Distancia (km),Real Time,Velocidad promedia
Sat Nov 18 05:28:27 2023,Tomeco,Copiulemu,18.066666666666666,23.39,True,77.6789667896679
Sat Nov 18 05:28:27 2023,Copiulemu,Tomeco,15.633333333333333,22.002,True,84.44264392324094
Sat Nov 18 05:28:27 2023,Tomeco,Copiulemu,18.05,23.39,False,77.75069252077563
Sat Nov 18 05:28:27 2023,Copiulemu,Tomeco,15.65,22.002,False,84.35271565495206
