Fecha,From,To,Tiempo (min),Distancia (km),Real Time,Velocidad promedia
Sat Jul  6 09:29:30 2024,Tomeco,Copiulemu,18.766666666666666,23.48,True,75.06927175843695
Sat Jul  6 09:29:30 2024,Copiulemu,Tomeco,15.933333333333334,22.002,True,82.85271966527196
Sat Jul  6 09:29:30 2024,Tomeco,Copiulemu,18.783333333333335,23.48,False,75.00266193433895
Sat Jul  6 09:29:30 2024,Copiulemu,Tomeco,15.933333333333334,22.002,False,82.85271966527196
