Fecha,From,To,Tiempo (min),Distancia (km),Real Time,Velocidad promedia
Sat Nov 30 20:32:11 2024,Tomeco,Copiulemu,18.05,23.45,True,77.95013850415512
Sat Nov 30 20:32:11 2024,Copiulemu,Tomeco,19.5,21.968,True,67.59384615384616
Sat Nov 30 20:32:11 2024,Tomeco,Copiulemu,17.416666666666668,23.45,False,80.7846889952153
Sat Nov 30 20:32:11 2024,Copiulemu,Tomeco,15.383333333333333,21.968,False,85.68234019501625
