Fecha,From,To,Tiempo (min),Distancia (km),Real Time,Velocidad promedia
Sat Jul  9 07:32:21 2022,Tomeco,Copiulemu,17.616666666666667,23.39,True,79.6631977294229
Sat Jul  9 07:32:21 2022,Copiulemu,Tomeco,15.8,22.002,True,83.5518987341772
Sat Jul  9 07:32:21 2022,Tomeco,Copiulemu,17.616666666666667,23.39,False,79.6631977294229
Sat Jul  9 07:32:21 2022,Copiulemu,Tomeco,15.8,22.002,False,83.5518987341772
