Fecha,From,To,Tiempo (min),Distancia (km),Real Time,Velocidad promedia
Sat Sep  3 04:37:10 2022,Tomeco,Copiulemu,17.116666666666667,23.39,True,81.9902629016553
Sat Sep  3 04:37:10 2022,Copiulemu,Tomeco,15.633333333333333,22.002,True,84.44264392324094
Sat Sep  3 04:37:10 2022,Tomeco,Copiulemu,17.083333333333332,23.39,False,82.15024390243903
Sat Sep  3 04:37:10 2022,Copiulemu,Tomeco,15.45,22.002,False,85.44466019417474
