Fecha,From,To,Tiempo (min),Distancia (km),Real Time,Velocidad promedia
Sat Aug 10 16:38:48 2024,Tomeco,Copiulemu,17.866666666666667,23.48,True,78.8507462686567
Sat Aug 10 16:38:48 2024,Copiulemu,Tomeco,15.266666666666667,22.002,True,86.47074235807858
Sat Aug 10 16:38:48 2024,Tomeco,Copiulemu,17.783333333333335,23.48,False,79.22024367385191
Sat Aug 10 16:38:48 2024,Copiulemu,Tomeco,16.05,22.002,False,82.25046728971962
