Fecha,From,To,Tiempo (min),Distancia (km),Real Time,Velocidad promedia
Sat Mar 26 19:28:15 2022,Tomeco,Copiulemu,18.016666666666666,23.39,True,77.89454209065681
Sat Mar 26 19:28:15 2022,Copiulemu,Tomeco,15.266666666666667,22.002,True,86.47074235807858
Sat Mar 26 19:28:15 2022,Tomeco,Copiulemu,18.0,23.39,False,77.96666666666667
Sat Mar 26 19:28:15 2022,Copiulemu,Tomeco,16.283333333333335,22.002,False,81.0718526100307
