Fecha,From,To,Tiempo (min),Distancia (km),Real Time,Velocidad promedia
Sat Sep 14 13:30:20 2024,Tomeco,Copiulemu,18.366666666666667,23.48,True,76.70417422867514
Sat Sep 14 13:30:20 2024,Copiulemu,Tomeco,15.466666666666667,22.002,True,85.35258620689655
Sat Sep 14 13:30:20 2024,Tomeco,Copiulemu,17.216666666666665,23.48,False,81.82768635043564
Sat Sep 14 13:30:20 2024,Copiulemu,Tomeco,15.533333333333333,22.002,False,84.9862660944206
