Fecha,From,To,Tiempo (min),Distancia (km),Real Time,Velocidad promedia
Sat May 21 15:38:19 2022,Tomeco,Copiulemu,16.583333333333332,23.39,True,84.62713567839198
Sat May 21 15:38:19 2022,Copiulemu,Tomeco,15.316666666666666,22.002,True,86.18846572361262
Sat May 21 15:38:19 2022,Tomeco,Copiulemu,16.583333333333332,23.39,False,84.62713567839198
Sat May 21 15:38:19 2022,Copiulemu,Tomeco,16.583333333333332,22.002,False,79.60522613065328
