Fecha,From,To,Tiempo (min),Distancia (km),Real Time,Velocidad promedia
Sat May 25 21:27:59 2024,Tomeco,Copiulemu,18.583333333333332,23.48,True,75.80986547085203
Sat May 25 21:27:59 2024,Copiulemu,Tomeco,15.566666666666666,22.002,True,84.80428265524625
Sat May 25 21:27:59 2024,Tomeco,Copiulemu,18.3,23.48,False,76.98360655737706
Sat May 25 21:27:59 2024,Copiulemu,Tomeco,15.8,22.002,False,83.5518987341772
