Fecha,From,To,Tiempo (min),Distancia (km),Real Time,Velocidad promedia
Sat Mar 30 10:29:41 2024,Tomeco,Copiulemu,18.966666666666665,23.48,True,74.27768014059755
Sat Mar 30 10:29:41 2024,Copiulemu,Tomeco,15.583333333333334,22.002,True,84.71358288770053
Sat Mar 30 10:29:41 2024,Tomeco,Copiulemu,18.966666666666665,23.48,False,74.27768014059755
Sat Mar 30 10:29:41 2024,Copiulemu,Tomeco,15.583333333333334,22.002,False,84.71358288770053
