Fecha,From,To,Tiempo (min),Distancia (km),Real Time,Velocidad promedia
Sat Jul 13 21:28:03 2024,Tomeco,Copiulemu,17.95,23.48,True,78.48467966573817
Sat Jul 13 21:28:03 2024,Copiulemu,Tomeco,15.6,22.002,True,84.62307692307692
Sat Jul 13 21:28:03 2024,Tomeco,Copiulemu,17.95,23.48,False,78.48467966573817
Sat Jul 13 21:28:03 2024,Copiulemu,Tomeco,15.533333333333333,22.002,False,84.9862660944206
