Fecha,From,To,Tiempo (min),Distancia (km),Real Time,Velocidad promedia
Sat Sep 10 04:52:22 2022,Tomeco,Copiulemu,17.483333333333334,23.39,True,80.27073403241181
Sat Sep 10 04:52:22 2022,Copiulemu,Tomeco,15.716666666666667,22.002,True,83.99490986214211
Sat Sep 10 04:52:22 2022,Tomeco,Copiulemu,17.4,23.39,False,80.65517241379311
Sat Sep 10 04:52:22 2022,Copiulemu,Tomeco,15.716666666666667,22.002,False,83.99490986214211
