Fecha,From,To,Tiempo (min),Distancia (km),Real Time,Velocidad promedia
Sat Oct 12 11:29:50 2024,Tomeco,Copiulemu,17.416666666666668,23.48,True,80.88803827751195
Sat Oct 12 11:29:50 2024,Copiulemu,Tomeco,14.866666666666667,22.002,True,88.79730941704035
Sat Oct 12 11:29:50 2024,Tomeco,Copiulemu,17.166666666666668,23.48,False,82.06601941747572
Sat Oct 12 11:29:50 2024,Copiulemu,Tomeco,14.65,22.002,False,90.11058020477815
