Fecha,From,To,Tiempo (min),Distancia (km),Real Time,Velocidad promedia
Sat Aug 27 02:59:12 2022,Tomeco,Copiulemu,17.516666666666666,23.39,True,80.11798287345385
Sat Aug 27 02:59:12 2022,Copiulemu,Tomeco,16.216666666666665,22.002,True,81.40513874614595
Sat Aug 27 02:59:12 2022,Tomeco,Copiulemu,16.883333333333333,23.39,False,83.12339585389932
Sat Aug 27 02:59:12 2022,Copiulemu,Tomeco,16.183333333333334,22.002,False,81.5728115345005
