Fecha,From,To,Tiempo (min),Distancia (km),Real Time,Velocidad promedia
Sat Sep  7 02:50:11 2024,Tomeco,Copiulemu,18.833333333333332,23.48,True,74.80353982300885
Sat Sep  7 02:50:11 2024,Copiulemu,Tomeco,17.383333333333333,22.002,True,75.94170661553211
Sat Sep  7 02:50:11 2024,Tomeco,Copiulemu,18.316666666666666,23.48,False,76.91355777979983
Sat Sep  7 02:50:11 2024,Copiulemu,Tomeco,15.883333333333333,22.002,False,83.11353620146905
