Fecha,From,To,Tiempo (min),Distancia (km),Real Time,Velocidad promedia
Sat Sep  2 05:28:15 2023,Tomeco,Copiulemu,18.133333333333333,23.39,True,77.39338235294117
Sat Sep  2 05:28:15 2023,Copiulemu,Tomeco,16.216666666666665,22.002,True,81.40513874614595
Sat Sep  2 05:28:15 2023,Tomeco,Copiulemu,18.133333333333333,23.39,False,77.39338235294117
Sat Sep  2 05:28:15 2023,Copiulemu,Tomeco,16.2,22.002,False,81.4888888888889
