Fecha,From,To,Tiempo (min),Distancia (km),Real Time,Velocidad promedia
Sat Sep 10 05:57:02 2022,Tomeco,Copiulemu,17.633333333333333,23.39,True,79.58790170132326
Sat Sep 10 05:57:02 2022,Copiulemu,Tomeco,15.833333333333334,22.002,True,83.37599999999999
Sat Sep 10 05:57:02 2022,Tomeco,Copiulemu,17.633333333333333,23.39,False,79.58790170132326
Sat Sep 10 05:57:02 2022,Copiulemu,Tomeco,15.8,22.002,False,83.5518987341772
