Fecha,From,To,Tiempo (min),Distancia (km),Real Time,Velocidad promedia
Sat Sep 10 08:44:18 2022,Tomeco,Copiulemu,17.683333333333334,23.39,True,79.36286522148916
Sat Sep 10 08:44:18 2022,Copiulemu,Tomeco,15.35,22.002,True,86.0013029315961
Sat Sep 10 08:44:18 2022,Tomeco,Copiulemu,17.683333333333334,23.39,False,79.36286522148916
Sat Sep 10 08:44:18 2022,Copiulemu,Tomeco,15.316666666666666,22.002,False,86.18846572361262
