Fecha,From,To,Tiempo (min),Distancia (km),Real Time,Velocidad promedia
Sat Oct 26 03:36:25 2024,Tomeco,Copiulemu,18.583333333333332,23.45,True,75.71300448430495
Sat Oct 26 03:36:25 2024,Copiulemu,Tomeco,14.95,21.968,True,88.16588628762543
Sat Oct 26 03:36:25 2024,Tomeco,Copiulemu,18.55,23.45,False,75.84905660377358
Sat Oct 26 03:36:25 2024,Copiulemu,Tomeco,15.316666666666666,21.968,False,86.05527747551687
