Fecha,From,To,Tiempo (min),Distancia (km),Real Time,Velocidad promedia
Sat Sep 16 22:28:43 2023,Tomeco,Copiulemu,18.233333333333334,23.39,True,76.9689213893967
Sat Sep 16 22:28:43 2023,Copiulemu,Tomeco,15.6,22.002,True,84.62307692307692
Sat Sep 16 22:28:43 2023,Tomeco,Copiulemu,18.066666666666666,23.39,False,77.6789667896679
Sat Sep 16 22:28:43 2023,Copiulemu,Tomeco,15.5,22.002,False,85.1690322580645
