Fecha,From,To,Tiempo (min),Distancia (km),Real Time,Velocidad promedia
Sat Apr  9 06:40:52 2022,Tomeco,Copiulemu,18.083333333333332,23.39,True,77.6073732718894
Sat Apr  9 06:40:52 2022,Copiulemu,Tomeco,15.933333333333334,22.002,True,82.85271966527196
Sat Apr  9 06:40:52 2022,Tomeco,Copiulemu,18.016666666666666,23.39,False,77.89454209065681
Sat Apr  9 06:40:52 2022,Copiulemu,Tomeco,15.933333333333334,22.002,False,82.85271966527196
