Fecha,From,To,Tiempo (min),Distancia (km),Real Time,Velocidad promedia
Sat Sep 28 14:31:40 2024,Tomeco,Copiulemu,17.983333333333334,23.48,True,78.33920296570899
Sat Sep 28 14:31:40 2024,Copiulemu,Tomeco,15.666666666666666,22.002,True,84.26297872340425
Sat Sep 28 14:31:40 2024,Tomeco,Copiulemu,17.716666666666665,23.48,False,79.51834430856069
Sat Sep 28 14:31:40 2024,Copiulemu,Tomeco,15.616666666666667,22.002,False,84.53276414087513
