Fecha,From,To,Tiempo (min),Distancia (km),Real Time,Velocidad promedia
Sat Aug 10 17:28:21 2024,Tomeco,Copiulemu,18.2,23.48,True,77.4065934065934
Sat Aug 10 17:28:21 2024,Copiulemu,Tomeco,15.45,22.002,True,85.44466019417474
Sat Aug 10 17:28:21 2024,Tomeco,Copiulemu,18.183333333333334,23.48,False,77.47754353803849
Sat Aug 10 17:28:21 2024,Copiulemu,Tomeco,16.116666666666667,22.002,False,81.91023784901756
