Fecha,From,To,Tiempo (min),Distancia (km),Real Time,Velocidad promedia
Sat Feb 24 07:28:05 2024,Tomeco,Copiulemu,19.7,23.48,True,71.51269035532995
Sat Feb 24 07:28:05 2024,Copiulemu,Tomeco,16.016666666666666,22.002,True,82.4216441207076
Sat Feb 24 07:28:05 2024,Tomeco,Copiulemu,19.166666666666668,23.48,False,73.50260869565217
Sat Feb 24 07:28:05 2024,Copiulemu,Tomeco,15.85,22.002,False,83.28832807570977
