Fecha,From,To,Tiempo (min),Distancia (km),Real Time,Velocidad promedia
Sat Aug  3 01:41:17 2024,Tomeco,Copiulemu,18.433333333333334,23.48,True,76.42676311030742
Sat Aug  3 01:41:17 2024,Copiulemu,Tomeco,15.816666666666666,22.002,True,83.46385669125394
Sat Aug  3 01:41:17 2024,Tomeco,Copiulemu,18.25,23.48,False,77.19452054794522
Sat Aug  3 01:41:17 2024,Copiulemu,Tomeco,15.633333333333333,22.002,False,84.44264392324094
