Fecha,From,To,Tiempo (min),Distancia (km),Real Time,Velocidad promedia
Sat Nov 23 05:34:58 2024,Tomeco,Copiulemu,18.216666666666665,23.45,True,77.23696248856359
Sat Nov 23 05:34:58 2024,Copiulemu,Tomeco,15.65,21.968,True,84.22236421725239
Sat Nov 23 05:34:58 2024,Tomeco,Copiulemu,18.216666666666665,23.45,False,77.23696248856359
Sat Nov 23 05:34:58 2024,Copiulemu,Tomeco,15.65,21.968,False,84.22236421725239
