Fecha,From,To,Tiempo (min),Distancia (km),Real Time,Velocidad promedia
Sat Aug 24 09:29:18 2024,Tomeco,Copiulemu,19.033333333333335,23.48,True,74.01751313485114
Sat Aug 24 09:29:18 2024,Copiulemu,Tomeco,15.616666666666667,22.002,True,84.53276414087513
Sat Aug 24 09:29:18 2024,Tomeco,Copiulemu,18.55,23.48,False,75.94609164420484
Sat Aug 24 09:29:18 2024,Copiulemu,Tomeco,15.616666666666667,22.002,False,84.53276414087513
