Fecha,From,To,Tiempo (min),Distancia (km),Real Time,Velocidad promedia
Sat May 21 03:45:25 2022,Tomeco,Copiulemu,16.933333333333334,23.39,True,82.87795275590551
Sat May 21 03:45:25 2022,Copiulemu,Tomeco,15.966666666666667,22.002,True,82.67974947807932
Sat May 21 03:45:25 2022,Tomeco,Copiulemu,16.933333333333334,23.39,False,82.87795275590551
Sat May 21 03:45:25 2022,Copiulemu,Tomeco,15.966666666666667,22.002,False,82.67974947807932
