Fecha,From,To,Tiempo (min),Distancia (km),Real Time,Velocidad promedia
Sat Apr 30 05:31:46 2022,Tomeco,Copiulemu,16.9,23.39,True,83.04142011834321
Sat Apr 30 05:31:46 2022,Copiulemu,Tomeco,15.183333333333334,22.002,True,86.94533479692646
Sat Apr 30 05:31:46 2022,Tomeco,Copiulemu,17.166666666666668,23.39,False,81.7514563106796
Sat Apr 30 05:31:46 2022,Copiulemu,Tomeco,15.066666666666666,22.002,False,87.61858407079646
