Fecha,From,To,Tiempo (min),Distancia (km),Real Time,Velocidad promedia
Sat Aug 31 10:33:13 2024,Tomeco,Copiulemu,18.533333333333335,23.48,True,76.01438848920863
Sat Aug 31 10:33:13 2024,Copiulemu,Tomeco,15.6,22.002,True,84.62307692307692
Sat Aug 31 10:33:13 2024,Tomeco,Copiulemu,18.533333333333335,23.48,False,76.01438848920863
Sat Aug 31 10:33:13 2024,Copiulemu,Tomeco,15.6,22.002,False,84.62307692307692
