Fecha,From,To,Tiempo (min),Distancia (km),Real Time,Velocidad promedia
Sat May 25 04:31:18 2024,Tomeco,Copiulemu,18.466666666666665,23.48,True,76.28880866425993
Sat May 25 04:31:18 2024,Copiulemu,Tomeco,15.733333333333333,22.002,True,83.90593220338984
Sat May 25 04:31:18 2024,Tomeco,Copiulemu,18.3,23.48,False,76.98360655737706
Sat May 25 04:31:18 2024,Copiulemu,Tomeco,15.733333333333333,22.002,False,83.90593220338984
