Fecha,From,To,Tiempo (min),Distancia (km),Real Time,Velocidad promedia
Sat Oct 26 04:37:05 2024,Tomeco,Copiulemu,19.116666666666667,23.45,True,73.60069747166521
Sat Oct 26 04:37:05 2024,Copiulemu,Tomeco,15.666666666666666,21.968,True,84.13276595744681
Sat Oct 26 04:37:05 2024,Tomeco,Copiulemu,19.116666666666667,23.45,False,73.60069747166521
Sat Oct 26 04:37:05 2024,Copiulemu,Tomeco,15.666666666666666,21.968,False,84.13276595744681
