Fecha,From,To,Tiempo (min),Distancia (km),Real Time,Velocidad promedia
Sat Apr  9 17:33:28 2022,Tomeco,Copiulemu,23.85,23.39,True,58.84276729559748
Sat Apr  9 17:33:28 2022,Copiulemu,Tomeco,20.65,22.002,True,63.92832929782083
Sat Apr  9 17:33:28 2022,Tomeco,Copiulemu,19.883333333333333,23.39,False,70.58172673931266
Sat Apr  9 17:33:28 2022,Copiulemu,Tomeco,17.966666666666665,22.002,False,73.4760667903525
