Fecha,From,To,Tiempo (min),Distancia (km),Real Time,Velocidad promedia
Sat Jul 23 06:42:16 2022,Tomeco,Copiulemu,17.933333333333334,23.39,True,78.25650557620818
Sat Jul 23 06:42:16 2022,Copiulemu,Tomeco,15.916666666666666,22.002,True,82.93947643979057
Sat Jul 23 06:42:16 2022,Tomeco,Copiulemu,17.766666666666666,23.39,False,78.9906191369606
Sat Jul 23 06:42:16 2022,Copiulemu,Tomeco,15.583333333333334,22.002,False,84.71358288770053
