Fecha,From,To,Tiempo (min),Distancia (km),Real Time,Velocidad promedia
Sat Aug 10 20:28:17 2024,Tomeco,Copiulemu,18.533333333333335,23.48,True,76.01438848920863
Sat Aug 10 20:28:17 2024,Copiulemu,Tomeco,15.95,22.002,True,82.76614420062697
Sat Aug 10 20:28:17 2024,Tomeco,Copiulemu,18.166666666666668,23.48,False,77.548623853211
Sat Aug 10 20:28:17 2024,Copiulemu,Tomeco,15.8,22.002,False,83.5518987341772
