Fecha,From,To,Tiempo (min),Distancia (km),Real Time,Velocidad promedia
Sat Jul 20 22:30:44 2024,Tomeco,Copiulemu,20.466666666666665,23.48,True,68.83387622149837
Sat Jul 20 22:30:44 2024,Copiulemu,Tomeco,15.466666666666667,22.002,True,85.35258620689655
Sat Jul 20 22:30:44 2024,Tomeco,Copiulemu,18.383333333333333,23.48,False,76.63463281958296
Sat Jul 20 22:30:44 2024,Copiulemu,Tomeco,15.466666666666667,22.002,False,85.35258620689655
