Fecha,From,To,Tiempo (min),Distancia (km),Real Time,Velocidad promedia
Sat May  4 12:42:08 2024,Tomeco,Copiulemu,17.716666666666665,23.48,True,79.51834430856069
Sat May  4 12:42:08 2024,Copiulemu,Tomeco,15.166666666666666,22.002,True,87.04087912087913
Sat May  4 12:42:08 2024,Tomeco,Copiulemu,17.866666666666667,23.48,False,78.8507462686567
Sat May  4 12:42:08 2024,Copiulemu,Tomeco,15.166666666666666,22.002,False,87.04087912087913
