Fecha,From,To,Tiempo (min),Distancia (km),Real Time,Velocidad promedia
Sat Jan 13 06:30:48 2024,Tomeco,Copiulemu,18.533333333333335,23.48,True,76.01438848920863
Sat Jan 13 06:30:48 2024,Copiulemu,Tomeco,15.95,22.002,True,82.76614420062697
Sat Jan 13 06:30:48 2024,Tomeco,Copiulemu,18.533333333333335,23.48,False,76.01438848920863
Sat Jan 13 06:30:48 2024,Copiulemu,Tomeco,15.95,22.002,False,82.76614420062697
