Fecha,From,To,Tiempo (min),Distancia (km),Real Time,Velocidad promedia
Sat Nov 30 15:31:45 2024,Tomeco,Copiulemu,18.533333333333335,23.45,True,75.91726618705034
Sat Nov 30 15:31:45 2024,Copiulemu,Tomeco,18.866666666666667,21.968,True,69.86289752650175
Sat Nov 30 15:31:45 2024,Tomeco,Copiulemu,17.116666666666667,23.45,False,82.20058422590067
Sat Nov 30 15:31:45 2024,Copiulemu,Tomeco,16.383333333333333,21.968,False,80.45249237029502
