Fecha,From,To,Tiempo (min),Distancia (km),Real Time,Velocidad promedia
Sat Feb 10 10:29:16 2024,Tomeco,Copiulemu,18.333333333333332,23.48,True,76.84363636363638
Sat Feb 10 10:29:16 2024,Copiulemu,Tomeco,15.683333333333334,22.002,True,84.17343251859724
Sat Feb 10 10:29:16 2024,Tomeco,Copiulemu,18.2,23.48,False,77.4065934065934
Sat Feb 10 10:29:16 2024,Copiulemu,Tomeco,15.5,22.002,False,85.1690322580645
