Fecha,From,To,Tiempo (min),Distancia (km),Real Time,Velocidad promedia
Sat Oct  8 16:56:13 2022,Tomeco,Copiulemu,16.55,23.39,True,84.797583081571
Sat Oct  8 16:56:13 2022,Copiulemu,Tomeco,14.9,22.002,True,88.59865771812079
Sat Oct  8 16:56:13 2022,Tomeco,Copiulemu,16.533333333333335,23.39,False,84.88306451612902
Sat Oct  8 16:56:13 2022,Copiulemu,Tomeco,14.883333333333333,22.002,False,88.69787234042553
