Fecha,From,To,Tiempo (min),Distancia (km),Real Time,Velocidad promedia
Sat Dec  2 22:28:36 2023,Tomeco,Copiulemu,18.866666666666667,23.39,True,74.3851590106007
Sat Dec  2 22:28:36 2023,Copiulemu,Tomeco,15.633333333333333,22.002,True,84.44264392324094
Sat Dec  2 22:28:36 2023,Tomeco,Copiulemu,17.683333333333334,23.39,False,79.36286522148916
Sat Dec  2 22:28:36 2023,Copiulemu,Tomeco,15.383333333333333,22.002,False,85.81495124593715
