Fecha,From,To,Tiempo (min),Distancia (km),Real Time,Velocidad promedia
Sat Aug 10 13:28:14 2024,Tomeco,Copiulemu,17.8,23.48,True,79.14606741573033
Sat Aug 10 13:28:14 2024,Copiulemu,Tomeco,15.45,22.002,True,85.44466019417474
Sat Aug 10 13:28:14 2024,Tomeco,Copiulemu,17.8,23.48,False,79.14606741573033
Sat Aug 10 13:28:14 2024,Copiulemu,Tomeco,15.45,22.002,False,85.44466019417474
