Fecha,From,To,Tiempo (min),Distancia (km),Real Time,Velocidad promedia
Sat Nov 16 03:05:06 2024,Tomeco,Copiulemu,18.4,23.45,True,76.46739130434783
Sat Nov 16 03:05:06 2024,Copiulemu,Tomeco,15.3,21.968,True,86.14901960784313
Sat Nov 16 03:05:06 2024,Tomeco,Copiulemu,18.4,23.45,False,76.46739130434783
Sat Nov 16 03:05:06 2024,Copiulemu,Tomeco,15.283333333333333,21.968,False,86.24296619411123
