Fecha,From,To,Tiempo (min),Distancia (km),Real Time,Velocidad promedia
Sat Sep 28 06:38:54 2024,Tomeco,Copiulemu,18.133333333333333,23.48,True,77.69117647058823
Sat Sep 28 06:38:54 2024,Copiulemu,Tomeco,15.916666666666666,22.002,True,82.93947643979057
Sat Sep 28 06:38:54 2024,Tomeco,Copiulemu,18.4,23.48,False,76.56521739130436
Sat Sep 28 06:38:54 2024,Copiulemu,Tomeco,15.916666666666666,22.002,False,82.93947643979057
