Fecha,From,To,Tiempo (min),Distancia (km),Real Time,Velocidad promedia
Sat Nov  9 11:28:04 2024,Tomeco,Copiulemu,17.333333333333332,23.45,True,81.17307692307693
Sat Nov  9 11:28:04 2024,Copiulemu,Tomeco,15.466666666666667,21.968,True,85.22068965517242
Sat Nov  9 11:28:04 2024,Tomeco,Copiulemu,17.2,23.45,False,81.80232558139534
Sat Nov  9 11:28:04 2024,Copiulemu,Tomeco,15.0,21.968,False,87.872
