Fecha,From,To,Tiempo (min),Distancia (km),Real Time,Velocidad promedia
Sat Jun 22 02:39:32 2024,Tomeco,Copiulemu,20.766666666666666,23.48,True,67.83948635634029
Sat Jun 22 02:39:32 2024,Copiulemu,Tomeco,15.833333333333334,22.002,True,83.37599999999999
Sat Jun 22 02:39:32 2024,Tomeco,Copiulemu,19.366666666666667,23.48,False,72.74354561101549
Sat Jun 22 02:39:32 2024,Copiulemu,Tomeco,16.283333333333335,22.002,False,81.0718526100307
