Fecha,From,To,Tiempo (min),Distancia (km),Real Time,Velocidad promedia
Sat Oct  7 13:28:03 2023,Tomeco,Copiulemu,17.516666666666666,23.39,True,80.11798287345385
Sat Oct  7 13:28:03 2023,Copiulemu,Tomeco,15.3,22.002,True,86.28235294117647
Sat Oct  7 13:28:03 2023,Tomeco,Copiulemu,17.4,23.39,False,80.65517241379311
Sat Oct  7 13:28:03 2023,Copiulemu,Tomeco,15.283333333333333,22.002,False,86.37644492911667
