Fecha,From,To,Tiempo (min),Distancia (km),Real Time,Velocidad promedia
Sat Aug 27 11:30:48 2022,Tomeco,Copiulemu,17.083333333333332,23.39,True,82.15024390243903
Sat Aug 27 11:30:48 2022,Copiulemu,Tomeco,15.433333333333334,22.002,True,85.53693304535636
Sat Aug 27 11:30:48 2022,Tomeco,Copiulemu,17.083333333333332,23.39,False,82.15024390243903
Sat Aug 27 11:30:48 2022,Copiulemu,Tomeco,15.3,22.002,False,86.28235294117647
