Fecha,From,To,Tiempo (min),Distancia (km),Real Time,Velocidad promedia
Sat Sep  9 09:28:13 2023,Tomeco,Copiulemu,17.9,23.39,True,78.40223463687153
Sat Sep  9 09:28:13 2023,Copiulemu,Tomeco,15.633333333333333,22.002,True,84.44264392324094
Sat Sep  9 09:28:13 2023,Tomeco,Copiulemu,17.9,23.39,False,78.40223463687153
Sat Sep  9 09:28:13 2023,Copiulemu,Tomeco,15.633333333333333,22.002,False,84.44264392324094
