Fecha,From,To,Tiempo (min),Distancia (km),Real Time,Velocidad promedia
Sat Apr  2 16:48:26 2022,Tomeco,Copiulemu,17.666666666666668,23.39,True,79.43773584905661
Sat Apr  2 16:48:26 2022,Copiulemu,Tomeco,17.5,22.002,True,75.43542857142856
Sat Apr  2 16:48:26 2022,Tomeco,Copiulemu,19.433333333333334,23.39,False,72.21612349914237
Sat Apr  2 16:48:26 2022,Copiulemu,Tomeco,17.5,22.002,False,75.43542857142856
