Fecha,From,To,Tiempo (min),Distancia (km),Real Time,Velocidad promedia
Sat Jun  1 17:28:56 2024,Tomeco,Copiulemu,17.35,23.48,True,81.19884726224784
Sat Jun  1 17:28:56 2024,Copiulemu,Tomeco,15.866666666666667,22.002,True,83.20084033613446
Sat Jun  1 17:28:56 2024,Tomeco,Copiulemu,17.366666666666667,23.48,False,81.12092130518234
Sat Jun  1 17:28:56 2024,Copiulemu,Tomeco,15.8,22.002,False,83.5518987341772
