Fecha,From,To,Tiempo (min),Distancia (km),Real Time,Velocidad promedia
Sat Dec 16 16:32:44 2023,Tomeco,Copiulemu,17.233333333333334,23.39,True,81.43520309477756
Sat Dec 16 16:32:44 2023,Copiulemu,Tomeco,16.583333333333332,22.002,True,79.60522613065328
Sat Dec 16 16:32:44 2023,Tomeco,Copiulemu,17.25,23.39,False,81.35652173913044
Sat Dec 16 16:32:44 2023,Copiulemu,Tomeco,15.8,22.002,False,83.5518987341772
