Fecha,From,To,Tiempo (min),Distancia (km),Real Time,Velocidad promedia
Sat May 21 18:40:44 2022,Tomeco,Copiulemu,16.966666666666665,23.39,True,82.71512770137525
Sat May 21 18:40:44 2022,Copiulemu,Tomeco,14.783333333333333,22.002,True,89.2978579481398
Sat May 21 18:40:44 2022,Tomeco,Copiulemu,16.783333333333335,23.39,False,83.61866931479642
Sat May 21 18:40:44 2022,Copiulemu,Tomeco,16.233333333333334,22.002,False,81.32156057494866
