Fecha,From,To,Tiempo (min),Distancia (km),Real Time,Velocidad promedia
Sat Nov 18 11:28:02 2023,Tomeco,Copiulemu,17.3,23.39,True,81.121387283237
Sat Nov 18 11:28:02 2023,Copiulemu,Tomeco,15.166666666666666,22.002,True,87.04087912087913
Sat Nov 18 11:28:02 2023,Tomeco,Copiulemu,17.3,23.39,False,81.121387283237
Sat Nov 18 11:28:02 2023,Copiulemu,Tomeco,15.266666666666667,22.002,False,86.47074235807858
