Fecha,From,To,Tiempo (min),Distancia (km),Real Time,Velocidad promedia
Sat Mar  2 16:30:28 2024,Tomeco,Copiulemu,18.833333333333332,23.48,True,74.80353982300885
Sat Mar  2 16:30:28 2024,Copiulemu,Tomeco,16.233333333333334,22.002,True,81.32156057494866
Sat Mar  2 16:30:28 2024,Tomeco,Copiulemu,18.85,23.48,False,74.73740053050398
Sat Mar  2 16:30:28 2024,Copiulemu,Tomeco,16.05,22.002,False,82.25046728971962
