Fecha,From,To,Tiempo (min),Distancia (km),Real Time,Velocidad promedia
Sat Aug 31 21:28:14 2024,Tomeco,Copiulemu,18.416666666666668,23.48,True,76.49592760180995
Sat Aug 31 21:28:14 2024,Copiulemu,Tomeco,15.4,22.002,True,85.72207792207791
Sat Aug 31 21:28:14 2024,Tomeco,Copiulemu,18.416666666666668,23.48,False,76.49592760180995
Sat Aug 31 21:28:14 2024,Copiulemu,Tomeco,15.2,22.002,False,86.85000000000001
