Fecha,From,To,Tiempo (min),Distancia (km),Real Time,Velocidad promedia
Sat Jan 27 09:28:02 2024,Tomeco,Copiulemu,18.066666666666666,23.48,True,77.97785977859779
Sat Jan 27 09:28:02 2024,Copiulemu,Tomeco,15.583333333333334,22.002,True,84.71358288770053
Sat Jan 27 09:28:02 2024,Tomeco,Copiulemu,18.066666666666666,23.48,False,77.97785977859779
Sat Jan 27 09:28:02 2024,Copiulemu,Tomeco,15.583333333333334,22.002,False,84.71358288770053
