Fecha,From,To,Tiempo (min),Distancia (km),Real Time,Velocidad promedia
Sat Jan  6 12:43:49 2024,Tomeco,Copiulemu,18.133333333333333,23.48,True,77.69117647058823
Sat Jan  6 12:43:49 2024,Copiulemu,Tomeco,16.1,22.002,True,81.99503105590061
Sat Jan  6 12:43:49 2024,Tomeco,Copiulemu,17.733333333333334,23.48,False,79.44360902255639
Sat Jan  6 12:43:49 2024,Copiulemu,Tomeco,15.416666666666666,22.002,False,85.62940540540541
