Fecha,From,To,Tiempo (min),Distancia (km),Real Time,Velocidad promedia
Sat Jan 27 16:31:10 2024,Tomeco,Copiulemu,19.6,23.48,True,71.87755102040815
Sat Jan 27 16:31:10 2024,Copiulemu,Tomeco,16.35,22.002,True,80.74128440366971
Sat Jan 27 16:31:10 2024,Tomeco,Copiulemu,17.666666666666668,23.48,False,79.74339622641509
Sat Jan 27 16:31:10 2024,Copiulemu,Tomeco,16.35,22.002,False,80.74128440366971
