Fecha,From,To,Tiempo (min),Distancia (km),Real Time,Velocidad promedia
Sat Aug 17 03:30:54 2024,Tomeco,Copiulemu,18.816666666666666,23.48,True,74.8697962798937
Sat Aug 17 03:30:54 2024,Copiulemu,Tomeco,15.883333333333333,22.002,True,83.11353620146905
Sat Aug 17 03:30:54 2024,Tomeco,Copiulemu,18.8,23.48,False,74.93617021276596
Sat Aug 17 03:30:54 2024,Copiulemu,Tomeco,15.783333333333333,22.002,False,83.64012671594509
