Fecha,From,To,Tiempo (min),Distancia (km),Real Time,Velocidad promedia
Sat Feb 17 22:29:48 2024,Tomeco,Copiulemu,18.9,23.48,True,74.53968253968254
Sat Feb 17 22:29:48 2024,Copiulemu,Tomeco,15.483333333333333,22.002,True,85.26071044133477
Sat Feb 17 22:29:48 2024,Tomeco,Copiulemu,18.683333333333334,23.48,False,75.40410347903658
Sat Feb 17 22:29:48 2024,Copiulemu,Tomeco,15.316666666666666,22.002,False,86.18846572361262
