Fecha,From,To,Tiempo (min),Distancia (km),Real Time,Velocidad promedia
Sat Oct  5 21:31:25 2024,Tomeco,Copiulemu,18.366666666666667,23.48,True,76.70417422867514
Sat Oct  5 21:31:25 2024,Copiulemu,Tomeco,15.2,22.002,True,86.85000000000001
Sat Oct  5 21:31:25 2024,Tomeco,Copiulemu,19.683333333333334,23.48,False,71.57324301439458
Sat Oct  5 21:31:25 2024,Copiulemu,Tomeco,15.2,22.002,False,86.85000000000001
