Fecha,From,To,Tiempo (min),Distancia (km),Real Time,Velocidad promedia
Sat Jul  9 18:39:08 2022,Tomeco,Copiulemu,17.7,23.39,True,79.28813559322035
Sat Jul  9 18:39:08 2022,Copiulemu,Tomeco,17.183333333333334,22.002,True,76.82560620756546
Sat Jul  9 18:39:08 2022,Tomeco,Copiulemu,16.933333333333334,23.39,False,82.87795275590551
Sat Jul  9 18:39:08 2022,Copiulemu,Tomeco,15.55,22.002,False,84.8951768488746
