Fecha,From,To,Tiempo (min),Distancia (km),Real Time,Velocidad promedia
Sat Nov  2 05:34:12 2024,Tomeco,Copiulemu,18.283333333333335,23.45,True,76.9553327256153
Sat Nov  2 05:34:12 2024,Copiulemu,Tomeco,15.7,21.968,True,83.95414012738854
Sat Nov  2 05:34:12 2024,Tomeco,Copiulemu,18.283333333333335,23.45,False,76.9553327256153
Sat Nov  2 05:34:12 2024,Copiulemu,Tomeco,15.583333333333334,21.968,False,84.58267379679144
