Fecha,From,To,Tiempo (min),Distancia (km),Real Time,Velocidad promedia
Sat Jan 20 01:34:40 2024,Tomeco,Copiulemu,18.383333333333333,23.48,True,76.63463281958296
Sat Jan 20 01:34:40 2024,Copiulemu,Tomeco,15.683333333333334,22.002,True,84.17343251859724
Sat Jan 20 01:34:40 2024,Tomeco,Copiulemu,18.3,23.48,False,76.98360655737706
Sat Jan 20 01:34:40 2024,Copiulemu,Tomeco,15.7,22.002,False,84.08407643312101
