Fecha,From,To,Tiempo (min),Distancia (km),Real Time,Velocidad promedia
Sat Aug 13 19:28:15 2022,Tomeco,Copiulemu,17.333333333333332,23.39,True,80.96538461538462
Sat Aug 13 19:28:15 2022,Copiulemu,Tomeco,15.0,22.002,True,88.008
Sat Aug 13 19:28:15 2022,Tomeco,Copiulemu,17.333333333333332,23.39,False,80.96538461538462
Sat Aug 13 19:28:15 2022,Copiulemu,Tomeco,14.966666666666667,22.002,False,88.20400890868596
