Fecha,From,To,Tiempo (min),Distancia (km),Real Time,Velocidad promedia
Sat Mar  2 21:27:58 2024,Tomeco,Copiulemu,18.283333333333335,23.48,True,77.05378304466727
Sat Mar  2 21:27:58 2024,Copiulemu,Tomeco,15.866666666666667,22.002,True,83.20084033613446
Sat Mar  2 21:27:58 2024,Tomeco,Copiulemu,18.25,23.48,False,77.19452054794522
Sat Mar  2 21:27:58 2024,Copiulemu,Tomeco,15.416666666666666,22.002,False,85.62940540540541
