Fecha,From,To,Tiempo (min),Distancia (km),Real Time,Velocidad promedia
Sat Aug 13 07:34:30 2022,Tomeco,Copiulemu,17.416666666666668,23.39,True,80.57799043062201
Sat Aug 13 07:34:30 2022,Copiulemu,Tomeco,15.583333333333334,22.002,True,84.71358288770053
Sat Aug 13 07:34:30 2022,Tomeco,Copiulemu,17.416666666666668,23.39,False,80.57799043062201
Sat Aug 13 07:34:30 2022,Copiulemu,Tomeco,15.583333333333334,22.002,False,84.71358288770053
