Fecha,From,To,Tiempo (min),Distancia (km),Real Time,Velocidad promedia
Sat Jun 25 22:34:06 2022,Tomeco,Copiulemu,18.916666666666668,23.39,True,74.1885462555066
Sat Jun 25 22:34:06 2022,Copiulemu,Tomeco,15.3,22.002,True,86.28235294117647
Sat Jun 25 22:34:06 2022,Tomeco,Copiulemu,19.683333333333334,23.39,False,71.29889923793395
Sat Jun 25 22:34:06 2022,Copiulemu,Tomeco,15.283333333333333,22.002,False,86.37644492911667
