Fecha,From,To,Tiempo (min),Distancia (km),Real Time,Velocidad promedia
Sat Jun 11 16:46:05 2022,Tomeco,Copiulemu,17.3,23.39,True,81.121387283237
Sat Jun 11 16:46:05 2022,Copiulemu,Tomeco,17.366666666666667,21.461,True,74.14548944337811
Sat Jun 11 16:46:05 2022,Tomeco,Copiulemu,16.883333333333333,23.39,False,83.12339585389932
Sat Jun 11 16:46:05 2022,Copiulemu,Tomeco,17.333333333333332,21.461,False,74.28807692307693
