Fecha,From,To,Tiempo (min),Distancia (km),Real Time,Velocidad promedia
Sat Jul 16 02:32:56 2022,Tomeco,Copiulemu,17.15,23.39,True,81.83090379008746
Sat Jul 16 02:32:56 2022,Copiulemu,Tomeco,16.2,22.002,True,81.4888888888889
Sat Jul 16 02:32:56 2022,Tomeco,Copiulemu,17.15,23.39,False,81.83090379008746
Sat Jul 16 02:32:56 2022,Copiulemu,Tomeco,15.883333333333333,22.002,False,83.11353620146905
