Fecha,From,To,Tiempo (min),Distancia (km),Real Time,Velocidad promedia
Sat Jul 27 17:28:36 2024,Tomeco,Copiulemu,18.033333333333335,23.48,True,78.12199630314232
Sat Jul 27 17:28:36 2024,Copiulemu,Tomeco,18.7,22.002,True,70.59465240641711
Sat Jul 27 17:28:36 2024,Tomeco,Copiulemu,18.033333333333335,23.48,False,78.12199630314232
Sat Jul 27 17:28:36 2024,Copiulemu,Tomeco,15.783333333333333,22.002,False,83.64012671594509
