Fecha,From,To,Tiempo (min),Distancia (km),Real Time,Velocidad promedia
Sat Sep 28 19:28:03 2024,Tomeco,Copiulemu,18.166666666666668,23.48,True,77.548623853211
Sat Sep 28 19:28:03 2024,Copiulemu,Tomeco,16.466666666666665,22.002,True,80.16923076923077
Sat Sep 28 19:28:03 2024,Tomeco,Copiulemu,18.166666666666668,23.48,False,77.548623853211
Sat Sep 28 19:28:03 2024,Copiulemu,Tomeco,15.35,22.002,False,86.0013029315961
