Fecha,From,To,Tiempo (min),Distancia (km),Real Time,Velocidad promedia
Sat Jan 20 04:31:55 2024,Tomeco,Copiulemu,18.366666666666667,23.48,True,76.70417422867514
Sat Jan 20 04:31:55 2024,Copiulemu,Tomeco,15.5,22.002,True,85.1690322580645
Sat Jan 20 04:31:55 2024,Tomeco,Copiulemu,18.383333333333333,23.48,False,76.63463281958296
Sat Jan 20 04:31:55 2024,Copiulemu,Tomeco,15.483333333333333,22.002,False,85.26071044133477
