Fecha,From,To,Tiempo (min),Distancia (km),Real Time,Velocidad promedia
Sat Jul  9 02:28:25 2022,Tomeco,Copiulemu,18.583333333333332,23.39,True,75.51928251121078
Sat Jul  9 02:28:25 2022,Copiulemu,Tomeco,16.066666666666666,22.002,True,82.16514522821576
Sat Jul  9 02:28:25 2022,Tomeco,Copiulemu,17.566666666666666,23.39,False,79.88994307400381
Sat Jul  9 02:28:25 2022,Copiulemu,Tomeco,16.0,22.002,False,82.5075
