Fecha,From,To,Tiempo (min),Distancia (km),Real Time,Velocidad promedia
Sat Jul  2 18:38:09 2022,Tomeco,Copiulemu,17.083333333333332,23.39,True,82.15024390243903
Sat Jul  2 18:38:09 2022,Copiulemu,Tomeco,15.716666666666667,22.002,True,83.99490986214211
Sat Jul  2 18:38:09 2022,Tomeco,Copiulemu,16.633333333333333,23.39,False,84.37274549098197
Sat Jul  2 18:38:09 2022,Copiulemu,Tomeco,15.566666666666666,22.002,False,84.80428265524625
