Fecha,From,To,Tiempo (min),Distancia (km),Real Time,Velocidad promedia
Sat Sep 17 07:35:45 2022,Tomeco,Copiulemu,17.383333333333333,23.39,True,80.73250239693193
Sat Sep 17 07:35:45 2022,Copiulemu,Tomeco,15.5,22.002,True,85.1690322580645
Sat Sep 17 07:35:45 2022,Tomeco,Copiulemu,17.383333333333333,23.39,False,80.73250239693193
Sat Sep 17 07:35:45 2022,Copiulemu,Tomeco,15.5,22.002,False,85.1690322580645
