Fecha,From,To,Tiempo (min),Distancia (km),Real Time,Velocidad promedia
Sat Apr 16 15:36:28 2022,Tomeco,Copiulemu,18.616666666666667,23.39,True,75.38406445837064
Sat Apr 16 15:36:28 2022,Copiulemu,Tomeco,19.0,22.002,True,69.48
Sat Apr 16 15:36:28 2022,Tomeco,Copiulemu,18.516666666666666,23.39,False,75.7911791179118
Sat Apr 16 15:36:28 2022,Copiulemu,Tomeco,16.233333333333334,22.002,False,81.32156057494866
