Fecha,From,To,Tiempo (min),Distancia (km),Real Time,Velocidad promedia
Sat Apr  6 05:28:06 2024,Tomeco,Copiulemu,18.716666666666665,23.48,True,75.26981300089048
Sat Apr  6 05:28:06 2024,Copiulemu,Tomeco,16.116666666666667,22.002,True,81.91023784901756
Sat Apr  6 05:28:06 2024,Tomeco,Copiulemu,18.716666666666665,23.48,False,75.26981300089048
Sat Apr  6 05:28:06 2024,Copiulemu,Tomeco,16.116666666666667,22.002,False,81.91023784901756
