Fecha,From,To,Tiempo (min),Distancia (km),Real Time,Velocidad promedia
Sat Jul 20 13:28:02 2024,Tomeco,Copiulemu,17.65,23.48,True,79.8186968838527
Sat Jul 20 13:28:02 2024,Copiulemu,Tomeco,15.95,22.002,True,82.76614420062697
Sat Jul 20 13:28:02 2024,Tomeco,Copiulemu,17.616666666666667,23.48,False,79.96972563859981
Sat Jul 20 13:28:02 2024,Copiulemu,Tomeco,15.25,22.002,False,86.56524590163934
