Fecha,From,To,Tiempo (min),Distancia (km),Real Time,Velocidad promedia
Sat May 28 14:32:44 2022,Tomeco,Copiulemu,16.75,23.39,True,83.78507462686566
Sat May 28 14:32:44 2022,Copiulemu,Tomeco,15.633333333333333,22.002,True,84.44264392324094
Sat May 28 14:32:44 2022,Tomeco,Copiulemu,16.7,23.39,False,84.03592814371258
Sat May 28 14:32:44 2022,Copiulemu,Tomeco,15.65,22.002,False,84.35271565495206
