Fecha,From,To,Tiempo (min),Distancia (km),Real Time,Velocidad promedia
Sat May 25 15:28:32 2024,Tomeco,Copiulemu,17.616666666666667,23.48,True,79.96972563859981
Sat May 25 15:28:32 2024,Copiulemu,Tomeco,15.8,22.002,True,83.5518987341772
Sat May 25 15:28:32 2024,Tomeco,Copiulemu,17.616666666666667,23.48,False,79.96972563859981
Sat May 25 15:28:32 2024,Copiulemu,Tomeco,15.8,22.002,False,83.5518987341772
