Fecha,From,To,Tiempo (min),Distancia (km),Real Time,Velocidad promedia
Sat Jan 13 09:28:04 2024,Tomeco,Copiulemu,18.366666666666667,23.48,True,76.70417422867514
Sat Jan 13 09:28:04 2024,Copiulemu,Tomeco,15.266666666666667,22.002,True,86.47074235807858
Sat Jan 13 09:28:04 2024,Tomeco,Copiulemu,18.1,23.48,False,77.8342541436464
Sat Jan 13 09:28:04 2024,Copiulemu,Tomeco,15.266666666666667,22.002,False,86.47074235807858
