Fecha,From,To,Tiempo (min),Distancia (km),Real Time,Velocidad promedia
Sat Jul 13 22:30:29 2024,Tomeco,Copiulemu,18.566666666666666,23.48,True,75.87791741472172
Sat Jul 13 22:30:29 2024,Copiulemu,Tomeco,15.666666666666666,22.002,True,84.26297872340425
Sat Jul 13 22:30:29 2024,Tomeco,Copiulemu,18.566666666666666,23.48,False,75.87791741472172
Sat Jul 13 22:30:29 2024,Copiulemu,Tomeco,15.466666666666667,22.002,False,85.35258620689655
