Fecha,From,To,Tiempo (min),Distancia (km),Real Time,Velocidad promedia
Sat May 11 05:29:00 2024,Tomeco,Copiulemu,19.083333333333332,23.48,True,73.82358078602621
Sat May 11 05:29:00 2024,Copiulemu,Tomeco,15.983333333333333,22.002,True,82.59353493222106
Sat May 11 05:29:00 2024,Tomeco,Copiulemu,19.066666666666666,23.48,False,73.8881118881119
Sat May 11 05:29:00 2024,Copiulemu,Tomeco,15.983333333333333,22.002,False,82.59353493222106
