Fecha,From,To,Tiempo (min),Distancia (km),Real Time,Velocidad promedia
Sat Apr  2 21:31:24 2022,Tomeco,Copiulemu,19.016666666666666,23.39,True,73.79842243645925
Sat Apr  2 21:31:24 2022,Copiulemu,Tomeco,15.616666666666667,22.002,True,84.53276414087513
Sat Apr  2 21:31:24 2022,Tomeco,Copiulemu,17.9,23.39,False,78.40223463687153
Sat Apr  2 21:31:24 2022,Copiulemu,Tomeco,15.166666666666666,22.002,False,87.04087912087913
