Fecha,From,To,Tiempo (min),Distancia (km),Real Time,Velocidad promedia
Sat Aug 10 08:32:11 2024,Tomeco,Copiulemu,19.016666666666666,23.48,True,74.08238387379492
Sat Aug 10 08:32:11 2024,Copiulemu,Tomeco,15.683333333333334,22.002,True,84.17343251859724
Sat Aug 10 08:32:11 2024,Tomeco,Copiulemu,19.016666666666666,23.48,False,74.08238387379492
Sat Aug 10 08:32:11 2024,Copiulemu,Tomeco,15.683333333333334,22.002,False,84.17343251859724
