Fecha,From,To,Tiempo (min),Distancia (km),Real Time,Velocidad promedia
Sat Sep 28 02:58:11 2024,Tomeco,Copiulemu,18.466666666666665,23.48,True,76.28880866425993
Sat Sep 28 02:58:11 2024,Copiulemu,Tomeco,15.816666666666666,22.002,True,83.46385669125394
Sat Sep 28 02:58:11 2024,Tomeco,Copiulemu,18.45,23.48,False,76.35772357723577
Sat Sep 28 02:58:11 2024,Copiulemu,Tomeco,15.75,22.002,False,83.81714285714285
