Fecha,From,To,Tiempo (min),Distancia (km),Real Time,Velocidad promedia
Sat Nov 25 05:28:46 2023,Tomeco,Copiulemu,17.85,23.39,True,78.62184873949579
Sat Nov 25 05:28:46 2023,Copiulemu,Tomeco,15.95,22.002,True,82.76614420062697
Sat Nov 25 05:28:46 2023,Tomeco,Copiulemu,17.85,23.39,False,78.62184873949579
Sat Nov 25 05:28:46 2023,Copiulemu,Tomeco,15.666666666666666,22.002,False,84.26297872340425
