Fecha,From,To,Tiempo (min),Distancia (km),Real Time,Velocidad promedia
Sat Jul  2 09:32:27 2022,Tomeco,Copiulemu,17.916666666666668,23.39,True,78.3293023255814
Sat Jul  2 09:32:27 2022,Copiulemu,Tomeco,15.233333333333333,22.002,True,86.65995623632385
Sat Jul  2 09:32:27 2022,Tomeco,Copiulemu,18.1,23.39,False,77.53591160220994
Sat Jul  2 09:32:27 2022,Copiulemu,Tomeco,15.233333333333333,22.002,False,86.65995623632385
