Fecha,From,To,Tiempo (min),Distancia (km),Real Time,Velocidad promedia
Sat Jun 29 23:28:14 2024,Tomeco,Copiulemu,18.45,23.48,True,76.35772357723577
Sat Jun 29 23:28:14 2024,Copiulemu,Tomeco,16.866666666666667,22.002,True,78.26798418972331
Sat Jun 29 23:28:14 2024,Tomeco,Copiulemu,18.15,23.48,False,77.6198347107438
Sat Jun 29 23:28:14 2024,Copiulemu,Tomeco,15.566666666666666,22.002,False,84.80428265524625
