Fecha,From,To,Tiempo (min),Distancia (km),Real Time,Velocidad promedia
Sat Feb 10 07:28:11 2024,Tomeco,Copiulemu,19.416666666666668,23.48,True,72.55622317596567
Sat Feb 10 07:28:11 2024,Copiulemu,Tomeco,15.866666666666667,22.002,True,83.20084033613446
Sat Feb 10 07:28:11 2024,Tomeco,Copiulemu,19.0,23.48,False,74.14736842105263
Sat Feb 10 07:28:11 2024,Copiulemu,Tomeco,16.033333333333335,22.002,False,82.33596673596672
