Fecha,From,To,Tiempo (min),Distancia (km),Real Time,Velocidad promedia
Sat Oct 26 09:30:11 2024,Tomeco,Copiulemu,18.35,23.45,True,76.67574931880108
Sat Oct 26 09:30:11 2024,Copiulemu,Tomeco,15.566666666666666,21.968,True,84.67323340471093
Sat Oct 26 09:30:11 2024,Tomeco,Copiulemu,18.35,23.45,False,76.67574931880108
Sat Oct 26 09:30:11 2024,Copiulemu,Tomeco,15.633333333333333,21.968,False,84.31215351812367
