Fecha,From,To,Tiempo (min),Distancia (km),Real Time,Velocidad promedia
Sat Oct 14 07:28:03 2023,Tomeco,Copiulemu,18.316666666666666,23.39,True,76.61874431301183
Sat Oct 14 07:28:03 2023,Copiulemu,Tomeco,15.533333333333333,22.002,True,84.9862660944206
Sat Oct 14 07:28:03 2023,Tomeco,Copiulemu,18.316666666666666,23.39,False,76.61874431301183
Sat Oct 14 07:28:03 2023,Copiulemu,Tomeco,15.533333333333333,22.002,False,84.9862660944206
