Fecha,From,To,Tiempo (min),Distancia (km),Real Time,Velocidad promedia
Sat Oct  7 22:28:20 2023,Tomeco,Copiulemu,18.333333333333332,23.39,True,76.54909090909092
Sat Oct  7 22:28:20 2023,Copiulemu,Tomeco,15.95,21.461,True,80.73103448275862
Sat Oct  7 22:28:20 2023,Tomeco,Copiulemu,18.116666666666667,23.39,False,77.46458141674333
Sat Oct  7 22:28:20 2023,Copiulemu,Tomeco,15.766666666666667,21.461,False,81.66976744186046
