Fecha,From,To,Tiempo (min),Distancia (km),Real Time,Velocidad promedia
Sat Sep 17 20:38:37 2022,Tomeco,Copiulemu,17.116666666666667,23.39,True,81.9902629016553
Sat Sep 17 20:38:37 2022,Copiulemu,Tomeco,15.033333333333333,22.002,True,87.81286031042129
Sat Sep 17 20:38:37 2022,Tomeco,Copiulemu,17.133333333333333,23.39,False,81.91050583657588
Sat Sep 17 20:38:37 2022,Copiulemu,Tomeco,14.933333333333334,22.002,False,88.40089285714285
