Fecha,From,To,Tiempo (min),Distancia (km),Real Time,Velocidad promedia
Sat Oct 26 01:53:25 2024,Tomeco,Copiulemu,18.883333333333333,23.475,True,74.58958517210945
Sat Oct 26 01:53:25 2024,Copiulemu,Tomeco,16.116666666666667,22.002,True,81.91023784901756
Sat Oct 26 01:53:25 2024,Tomeco,Copiulemu,18.5,23.475,False,76.13513513513513
Sat Oct 26 01:53:25 2024,Copiulemu,Tomeco,15.966666666666667,22.002,False,82.67974947807932
