Fecha,From,To,Tiempo (min),Distancia (km),Real Time,Velocidad promedia
Sat Jun 15 13:28:04 2024,Tomeco,Copiulemu,17.983333333333334,23.48,True,78.33920296570899
Sat Jun 15 13:28:04 2024,Copiulemu,Tomeco,15.566666666666666,22.002,True,84.80428265524625
Sat Jun 15 13:28:04 2024,Tomeco,Copiulemu,17.466666666666665,23.48,False,80.65648854961833
Sat Jun 15 13:28:04 2024,Copiulemu,Tomeco,15.15,22.002,False,87.13663366336633
