Fecha,From,To,Tiempo (min),Distancia (km),Real Time,Velocidad promedia
Sat Jul 16 17:32:38 2022,Tomeco,Copiulemu,18.466666666666665,23.39,True,75.99638989169675
Sat Jul 16 17:32:38 2022,Copiulemu,Tomeco,21.166666666666668,22.002,True,62.36787401574802
Sat Jul 16 17:32:38 2022,Tomeco,Copiulemu,16.883333333333333,23.39,False,83.12339585389932
Sat Jul 16 17:32:38 2022,Copiulemu,Tomeco,15.65,22.002,False,84.35271565495206
