Fecha,From,To,Tiempo (min),Distancia (km),Real Time,Velocidad promedia
Sat Jul 23 12:56:37 2022,Tomeco,Copiulemu,17.083333333333332,23.39,True,82.15024390243903
Sat Jul 23 12:56:37 2022,Copiulemu,Tomeco,15.416666666666666,22.002,True,85.62940540540541
Sat Jul 23 12:56:37 2022,Tomeco,Copiulemu,17.083333333333332,23.39,False,82.15024390243903
Sat Jul 23 12:56:37 2022,Copiulemu,Tomeco,15.216666666666667,22.002,False,86.75487404162102
