Fecha,From,To,Tiempo (min),Distancia (km),Real Time,Velocidad promedia
Sat Aug 17 02:44:16 2024,Tomeco,Copiulemu,18.616666666666667,23.48,True,75.67412712623099
Sat Aug 17 02:44:16 2024,Copiulemu,Tomeco,16.15,22.002,True,81.74117647058823
Sat Aug 17 02:44:16 2024,Tomeco,Copiulemu,18.55,23.48,False,75.94609164420484
Sat Aug 17 02:44:16 2024,Copiulemu,Tomeco,15.783333333333333,22.002,False,83.64012671594509
