Fecha,From,To,Tiempo (min),Distancia (km),Real Time,Velocidad promedia
Sat Jul 20 15:27:59 2024,Tomeco,Copiulemu,17.966666666666665,23.48,True,78.41187384044528
Sat Jul 20 15:27:59 2024,Copiulemu,Tomeco,15.75,22.002,True,83.81714285714285
Sat Jul 20 15:27:59 2024,Tomeco,Copiulemu,17.716666666666665,23.48,False,79.51834430856069
Sat Jul 20 15:27:59 2024,Copiulemu,Tomeco,15.55,22.002,False,84.8951768488746
