Fecha,From,To,Tiempo (min),Distancia (km),Real Time,Velocidad promedia
Sat Aug 13 10:37:15 2022,Tomeco,Copiulemu,17.183333333333334,23.39,True,81.6721629485936
Sat Aug 13 10:37:15 2022,Copiulemu,Tomeco,15.35,22.002,True,86.0013029315961
Sat Aug 13 10:37:15 2022,Tomeco,Copiulemu,17.183333333333334,23.39,False,81.6721629485936
Sat Aug 13 10:37:15 2022,Copiulemu,Tomeco,15.216666666666667,22.002,False,86.75487404162102
