Fecha,From,To,Tiempo (min),Distancia (km),Real Time,Velocidad promedia
Sat Sep  2 20:28:12 2023,Tomeco,Copiulemu,17.316666666666666,23.39,True,81.04331087584217
Sat Sep  2 20:28:12 2023,Copiulemu,Tomeco,15.45,21.461,True,83.34368932038834
Sat Sep  2 20:28:12 2023,Tomeco,Copiulemu,17.266666666666666,23.39,False,81.27799227799228
Sat Sep  2 20:28:12 2023,Copiulemu,Tomeco,15.333333333333334,21.461,False,83.9778260869565
