Fecha,From,To,Tiempo (min),Distancia (km),Real Time,Velocidad promedia
Sat Jul 30 06:40:44 2022,Tomeco,Copiulemu,17.316666666666666,23.39,True,81.04331087584217
Sat Jul 30 06:40:44 2022,Copiulemu,Tomeco,15.833333333333334,22.002,True,83.37599999999999
Sat Jul 30 06:40:44 2022,Tomeco,Copiulemu,17.75,23.39,False,79.06478873239436
Sat Jul 30 06:40:44 2022,Copiulemu,Tomeco,15.833333333333334,22.002,False,83.37599999999999
