Fecha,From,To,Tiempo (min),Distancia (km),Real Time,Velocidad promedia
Sat Jul 27 18:34:08 2024,Tomeco,Copiulemu,20.466666666666665,23.48,True,68.83387622149837
Sat Jul 27 18:34:08 2024,Copiulemu,Tomeco,18.6,22.002,True,70.97419354838709
Sat Jul 27 18:34:08 2024,Tomeco,Copiulemu,17.4,23.48,False,80.96551724137932
Sat Jul 27 18:34:08 2024,Copiulemu,Tomeco,15.716666666666667,22.002,False,83.99490986214211
