Fecha,From,To,Tiempo (min),Distancia (km),Real Time,Velocidad promedia
Sat Apr 23 14:31:25 2022,Tomeco,Copiulemu,17.883333333333333,23.39,True,78.47530288909599
Sat Apr 23 14:31:25 2022,Copiulemu,Tomeco,15.9,22.002,True,83.02641509433961
Sat Apr 23 14:31:25 2022,Tomeco,Copiulemu,16.783333333333335,23.39,False,83.61866931479642
Sat Apr 23 14:31:25 2022,Copiulemu,Tomeco,15.633333333333333,22.002,False,84.44264392324094
