Fecha,From,To,Tiempo (min),Distancia (km),Real Time,Velocidad promedia
Sat Sep 23 21:28:10 2023,Tomeco,Copiulemu,18.283333333333335,23.39,True,76.7584320875114
Sat Sep 23 21:28:10 2023,Copiulemu,Tomeco,15.35,22.002,True,86.0013029315961
Sat Sep 23 21:28:10 2023,Tomeco,Copiulemu,18.15,23.39,False,77.32231404958678
Sat Sep 23 21:28:10 2023,Copiulemu,Tomeco,15.333333333333334,22.002,False,86.09478260869564
