Fecha,From,To,Tiempo (min),Distancia (km),Real Time,Velocidad promedia
Sat Feb 17 10:29:07 2024,Tomeco,Copiulemu,18.416666666666668,23.48,True,76.49592760180995
Sat Feb 17 10:29:07 2024,Copiulemu,Tomeco,15.716666666666667,22.002,True,83.99490986214211
Sat Feb 17 10:29:07 2024,Tomeco,Copiulemu,18.283333333333335,23.48,False,77.05378304466727
Sat Feb 17 10:29:07 2024,Copiulemu,Tomeco,15.6,22.002,False,84.62307692307692
