Fecha,From,To,Tiempo (min),Distancia (km),Real Time,Velocidad promedia
Sat Mar  2 17:28:03 2024,Tomeco,Copiulemu,18.166666666666668,23.48,True,77.548623853211
Sat Mar  2 17:28:03 2024,Copiulemu,Tomeco,15.85,22.002,True,83.28832807570977
Sat Mar  2 17:28:03 2024,Tomeco,Copiulemu,18.1,23.48,False,77.8342541436464
Sat Mar  2 17:28:03 2024,Copiulemu,Tomeco,16.166666666666668,22.002,False,81.65690721649483
