Fecha,From,To,Tiempo (min),Distancia (km),Real Time,Velocidad promedia
Sat Aug 17 18:34:06 2024,Tomeco,Copiulemu,19.55,23.48,True,72.06138107416879
Sat Aug 17 18:34:06 2024,Copiulemu,Tomeco,16.35,22.002,True,80.74128440366971
Sat Aug 17 18:34:06 2024,Tomeco,Copiulemu,17.466666666666665,23.48,False,80.65648854961833
Sat Aug 17 18:34:06 2024,Copiulemu,Tomeco,16.166666666666668,22.002,False,81.65690721649483
