Fecha,From,To,Tiempo (min),Distancia (km),Real Time,Velocidad promedia
Sat Jan 20 21:28:13 2024,Tomeco,Copiulemu,18.866666666666667,23.48,True,74.67137809187278
Sat Jan 20 21:28:13 2024,Copiulemu,Tomeco,17.866666666666667,22.002,True,73.88731343283581
Sat Jan 20 21:28:13 2024,Tomeco,Copiulemu,17.95,23.48,False,78.48467966573817
Sat Jan 20 21:28:13 2024,Copiulemu,Tomeco,15.2,22.002,False,86.85000000000001
