Fecha,From,To,Tiempo (min),Distancia (km),Real Time,Velocidad promedia
Sat Sep 28 21:29:10 2024,Tomeco,Copiulemu,19.55,23.48,True,72.06138107416879
Sat Sep 28 21:29:10 2024,Copiulemu,Tomeco,15.95,22.002,True,82.76614420062697
Sat Sep 28 21:29:10 2024,Tomeco,Copiulemu,19.55,23.48,False,72.06138107416879
Sat Sep 28 21:29:10 2024,Copiulemu,Tomeco,15.35,22.002,False,86.0013029315961
