Fecha,From,To,Tiempo (min),Distancia (km),Real Time,Velocidad promedia
Sat Jun 25 11:29:45 2022,Tomeco,Copiulemu,17.216666666666665,23.39,True,81.51403678606003
Sat Jun 25 11:29:45 2022,Copiulemu,Tomeco,14.916666666666666,22.002,True,88.49966480446928
Sat Jun 25 11:29:45 2022,Tomeco,Copiulemu,17.216666666666665,23.39,False,81.51403678606003
Sat Jun 25 11:29:45 2022,Copiulemu,Tomeco,14.833333333333334,22.002,False,88.99685393258426
