Fecha,From,To,Tiempo (min),Distancia (km),Real Time,Velocidad promedia
Sat May 18 19:28:02 2024,Tomeco,Copiulemu,18.016666666666666,23.48,True,78.19426456984274
Sat May 18 19:28:02 2024,Copiulemu,Tomeco,15.616666666666667,22.002,True,84.53276414087513
Sat May 18 19:28:02 2024,Tomeco,Copiulemu,17.583333333333332,23.48,False,80.12132701421802
Sat May 18 19:28:02 2024,Copiulemu,Tomeco,15.6,22.002,False,84.62307692307692
