Fecha,From,To,Tiempo (min),Distancia (km),Real Time,Velocidad promedia
Sat Jul 20 14:29:10 2024,Tomeco,Copiulemu,18.266666666666666,23.48,True,77.1240875912409
Sat Jul 20 14:29:10 2024,Copiulemu,Tomeco,16.633333333333333,22.002,True,79.36593186372745
Sat Jul 20 14:29:10 2024,Tomeco,Copiulemu,17.85,23.48,False,78.92436974789915
Sat Jul 20 14:29:10 2024,Copiulemu,Tomeco,15.35,22.002,False,86.0013029315961
