Fecha,From,To,Tiempo (min),Distancia (km),Real Time,Velocidad promedia
Sat Mar 26 17:31:51 2022,Tomeco,Copiulemu,17.216666666666665,23.39,True,81.51403678606003
Sat Mar 26 17:31:51 2022,Copiulemu,Tomeco,15.466666666666667,22.002,True,85.35258620689655
Sat Mar 26 17:31:51 2022,Tomeco,Copiulemu,18.166666666666668,23.39,False,77.25137614678899
Sat Mar 26 17:31:51 2022,Copiulemu,Tomeco,15.45,22.002,False,85.44466019417474
