Fecha,From,To,Tiempo (min),Distancia (km),Real Time,Velocidad promedia
Sat Nov 16 10:36:34 2024,Tomeco,Copiulemu,17.733333333333334,23.45,True,79.34210526315789
Sat Nov 16 10:36:34 2024,Copiulemu,Tomeco,15.316666666666666,21.968,True,86.05527747551687
Sat Nov 16 10:36:34 2024,Tomeco,Copiulemu,17.716666666666665,23.45,False,79.4167450611477
Sat Nov 16 10:36:34 2024,Copiulemu,Tomeco,15.216666666666667,21.968,False,86.62081051478641
