Fecha,From,To,Tiempo (min),Distancia (km),Real Time,Velocidad promedia
Sat Nov 30 04:38:14 2024,Tomeco,Copiulemu,18.8,23.45,True,74.84042553191489
Sat Nov 30 04:38:14 2024,Copiulemu,Tomeco,16.116666666666667,21.968,True,81.7836608066184
Sat Nov 30 04:38:14 2024,Tomeco,Copiulemu,18.783333333333335,23.45,False,74.90683229813664
Sat Nov 30 04:38:14 2024,Copiulemu,Tomeco,16.116666666666667,21.968,False,81.7836608066184
