Fecha,From,To,Tiempo (min),Distancia (km),Real Time,Velocidad promedia
Sat Jul 27 19:28:08 2024,Tomeco,Copiulemu,17.55,23.48,True,80.27350427350426
Sat Jul 27 19:28:08 2024,Copiulemu,Tomeco,16.366666666666667,22.002,True,80.65906313645621
Sat Jul 27 19:28:08 2024,Tomeco,Copiulemu,17.55,23.48,False,80.27350427350426
Sat Jul 27 19:28:08 2024,Copiulemu,Tomeco,15.233333333333333,22.002,False,86.65995623632385
