Fecha,From,To,Tiempo (min),Distancia (km),Real Time,Velocidad promedia
Sat Sep 23 11:28:28 2023,Tomeco,Copiulemu,17.583333333333332,23.39,True,79.81421800947868
Sat Sep 23 11:28:28 2023,Copiulemu,Tomeco,15.116666666666667,22.002,True,87.328776185226
Sat Sep 23 11:28:28 2023,Tomeco,Copiulemu,17.333333333333332,23.39,False,80.96538461538462
Sat Sep 23 11:28:28 2023,Copiulemu,Tomeco,14.983333333333333,22.002,False,88.1058954393771
