Fecha,From,To,Tiempo (min),Distancia (km),Real Time,Velocidad promedia
Sat Jul  6 03:31:34 2024,Tomeco,Copiulemu,18.833333333333332,23.48,True,74.80353982300885
Sat Jul  6 03:31:34 2024,Copiulemu,Tomeco,16.233333333333334,22.002,True,81.32156057494866
Sat Jul  6 03:31:34 2024,Tomeco,Copiulemu,18.683333333333334,23.48,False,75.40410347903658
Sat Jul  6 03:31:34 2024,Copiulemu,Tomeco,16.233333333333334,22.002,False,81.32156057494866
