Fecha,From,To,Tiempo (min),Distancia (km),Real Time,Velocidad promedia
Sat Apr  6 07:28:02 2024,Tomeco,Copiulemu,18.783333333333335,23.48,True,75.00266193433895
Sat Apr  6 07:28:02 2024,Copiulemu,Tomeco,15.85,22.002,True,83.28832807570977
Sat Apr  6 07:28:02 2024,Tomeco,Copiulemu,18.783333333333335,23.48,False,75.00266193433895
Sat Apr  6 07:28:02 2024,Copiulemu,Tomeco,15.85,22.002,False,83.28832807570977
