Fecha,From,To,Tiempo (min),Distancia (km),Real Time,Velocidad promedia
Sat Aug 13 02:28:15 2022,Tomeco,Copiulemu,17.066666666666666,23.39,True,82.23046875
Sat Aug 13 02:28:15 2022,Copiulemu,Tomeco,16.05,22.002,True,82.25046728971962
Sat Aug 13 02:28:15 2022,Tomeco,Copiulemu,17.066666666666666,23.39,False,82.23046875
Sat Aug 13 02:28:15 2022,Copiulemu,Tomeco,16.05,22.002,False,82.25046728971962
