Fecha,From,To,Tiempo (min),Distancia (km),Real Time,Velocidad promedia
Sat Dec  2 13:28:02 2023,Tomeco,Copiulemu,17.483333333333334,23.39,True,80.27073403241181
Sat Dec  2 13:28:02 2023,Copiulemu,Tomeco,16.733333333333334,22.002,True,78.89163346613545
Sat Dec  2 13:28:02 2023,Tomeco,Copiulemu,17.033333333333335,23.39,False,82.39138943248531
Sat Dec  2 13:28:02 2023,Copiulemu,Tomeco,15.533333333333333,22.002,False,84.9862660944206
