Fecha,From,To,Tiempo (min),Distancia (km),Real Time,Velocidad promedia
Sat Jun  4 10:34:23 2022,Tomeco,Copiulemu,17.366666666666667,23.39,True,80.80998080614204
Sat Jun  4 10:34:23 2022,Copiulemu,Tomeco,14.95,22.002,True,88.30234113712375
Sat Jun  4 10:34:23 2022,Tomeco,Copiulemu,17.366666666666667,23.39,False,80.80998080614204
Sat Jun  4 10:34:23 2022,Copiulemu,Tomeco,14.95,22.002,False,88.30234113712375
