Fecha,From,To,Tiempo (min),Distancia (km),Real Time,Velocidad promedia
Sat Feb 17 15:28:07 2024,Tomeco,Copiulemu,19.35,23.48,True,72.8062015503876
Sat Feb 17 15:28:07 2024,Copiulemu,Tomeco,17.55,22.002,True,75.22051282051281
Sat Feb 17 15:28:07 2024,Tomeco,Copiulemu,19.316666666666666,23.48,False,72.93183779119931
Sat Feb 17 15:28:07 2024,Copiulemu,Tomeco,16.85,22.002,False,78.3454005934718
