Fecha,From,To,Tiempo (min),Distancia (km),Real Time,Velocidad promedia
Sat Nov  2 20:31:10 2024,Tomeco,Copiulemu,18.283333333333335,23.45,True,76.9553327256153
Sat Nov  2 20:31:10 2024,Copiulemu,Tomeco,15.666666666666666,21.968,True,84.13276595744681
Sat Nov  2 20:31:10 2024,Tomeco,Copiulemu,18.25,23.45,False,77.0958904109589
Sat Nov  2 20:31:10 2024,Copiulemu,Tomeco,15.35,21.968,False,85.8684039087948
