Fecha,From,To,Tiempo (min),Distancia (km),Real Time,Velocidad promedia
Sat Jul 30 09:33:09 2022,Tomeco,Copiulemu,17.8,23.39,True,78.84269662921348
Sat Jul 30 09:33:09 2022,Copiulemu,Tomeco,15.266666666666667,22.002,True,86.47074235807858
Sat Jul 30 09:33:09 2022,Tomeco,Copiulemu,17.8,23.39,False,78.84269662921348
Sat Jul 30 09:33:09 2022,Copiulemu,Tomeco,15.266666666666667,22.002,False,86.47074235807858
