Fecha,From,To,Tiempo (min),Distancia (km),Real Time,Velocidad promedia
Sat Mar  9 18:28:32 2024,Tomeco,Copiulemu,18.033333333333335,23.48,True,78.12199630314232
Sat Mar  9 18:28:32 2024,Copiulemu,Tomeco,16.683333333333334,22.002,True,79.12807192807192
Sat Mar  9 18:28:32 2024,Tomeco,Copiulemu,17.933333333333334,23.48,False,78.55762081784387
Sat Mar  9 18:28:32 2024,Copiulemu,Tomeco,16.366666666666667,22.002,False,80.65906313645621
