Fecha,From,To,Tiempo (min),Distancia (km),Real Time,Velocidad promedia
Sat Jul 20 19:28:22 2024,Tomeco,Copiulemu,17.833333333333332,23.48,True,78.9981308411215
Sat Jul 20 19:28:22 2024,Copiulemu,Tomeco,15.583333333333334,22.002,True,84.71358288770053
Sat Jul 20 19:28:22 2024,Tomeco,Copiulemu,17.75,23.48,False,79.36901408450704
Sat Jul 20 19:28:22 2024,Copiulemu,Tomeco,15.4,22.002,False,85.72207792207791
