Fecha,From,To,Tiempo (min),Distancia (km),Real Time,Velocidad promedia
Sat Sep 23 07:28:05 2023,Tomeco,Copiulemu,18.416666666666668,23.39,True,76.2027149321267
Sat Sep 23 07:28:05 2023,Copiulemu,Tomeco,15.566666666666666,22.002,True,84.80428265524625
Sat Sep 23 07:28:05 2023,Tomeco,Copiulemu,18.416666666666668,23.39,False,76.2027149321267
Sat Sep 23 07:28:05 2023,Copiulemu,Tomeco,15.566666666666666,22.002,False,84.80428265524625
