Fecha,From,To,Tiempo (min),Distancia (km),Real Time,Velocidad promedia
Sat Sep 10 13:00:59 2022,Tomeco,Copiulemu,16.283333333333335,23.39,True,86.18628454452406
Sat Sep 10 13:00:59 2022,Copiulemu,Tomeco,15.033333333333333,22.002,True,87.81286031042129
Sat Sep 10 13:00:59 2022,Tomeco,Copiulemu,16.283333333333335,23.39,False,86.18628454452406
Sat Sep 10 13:00:59 2022,Copiulemu,Tomeco,15.016666666666667,22.002,False,87.91032186459489
