Fecha,From,To,Tiempo (min),Distancia (km),Real Time,Velocidad promedia
Sat Jan 20 09:28:03 2024,Tomeco,Copiulemu,18.25,23.48,True,77.19452054794522
Sat Jan 20 09:28:03 2024,Copiulemu,Tomeco,16.083333333333332,22.002,True,82.08
Sat Jan 20 09:28:03 2024,Tomeco,Copiulemu,18.25,23.48,False,77.19452054794522
Sat Jan 20 09:28:03 2024,Copiulemu,Tomeco,15.5,22.002,False,85.1690322580645
