Fecha,From,To,Tiempo (min),Distancia (km),Real Time,Velocidad promedia
Sat Dec  7 16:40:21 2024,Tomeco,Copiulemu,17.75,23.45,True,79.26760563380282
Sat Dec  7 16:40:21 2024,Copiulemu,Tomeco,18.333333333333332,21.564,True,70.57309090909092
Sat Dec  7 16:40:21 2024,Tomeco,Copiulemu,17.75,23.45,False,79.26760563380282
Sat Dec  7 16:40:21 2024,Copiulemu,Tomeco,16.3,21.564,False,79.37668711656441
