Fecha,From,To,Tiempo (min),Distancia (km),Real Time,Velocidad promedia
Sat Oct 28 04:29:40 2023,Tomeco,Copiulemu,17.65,23.39,True,79.51274787535412
Sat Oct 28 04:29:40 2023,Copiulemu,Tomeco,15.616666666666667,22.002,True,84.53276414087513
Sat Oct 28 04:29:40 2023,Tomeco,Copiulemu,17.8,23.39,False,78.84269662921348
Sat Oct 28 04:29:40 2023,Copiulemu,Tomeco,15.616666666666667,22.002,False,84.53276414087513
