Fecha,From,To,Tiempo (min),Distancia (km),Real Time,Velocidad promedia
Sat Mar 30 19:28:18 2024,Tomeco,Copiulemu,17.883333333333333,23.48,True,78.77726001863932
Sat Mar 30 19:28:18 2024,Copiulemu,Tomeco,16.0,22.002,True,82.5075
Sat Mar 30 19:28:18 2024,Tomeco,Copiulemu,18.266666666666666,23.48,False,77.1240875912409
Sat Mar 30 19:28:18 2024,Copiulemu,Tomeco,15.883333333333333,22.002,False,83.11353620146905
