Fecha,From,To,Tiempo (min),Distancia (km),Real Time,Velocidad promedia
Sat Jun 22 20:28:07 2024,Tomeco,Copiulemu,18.7,23.48,True,75.33689839572193
Sat Jun 22 20:28:07 2024,Copiulemu,Tomeco,15.566666666666666,22.002,True,84.80428265524625
Sat Jun 22 20:28:07 2024,Tomeco,Copiulemu,18.15,23.48,False,77.6198347107438
Sat Jun 22 20:28:07 2024,Copiulemu,Tomeco,15.45,22.002,False,85.44466019417474
