Fecha,From,To,Tiempo (min),Distancia (km),Real Time,Velocidad promedia
Sat Aug 13 03:56:23 2022,Tomeco,Copiulemu,17.0,23.39,True,82.5529411764706
Sat Aug 13 03:56:23 2022,Copiulemu,Tomeco,15.8,22.002,True,83.5518987341772
Sat Aug 13 03:56:23 2022,Tomeco,Copiulemu,17.016666666666666,23.39,False,82.4720861900098
Sat Aug 13 03:56:23 2022,Copiulemu,Tomeco,15.8,22.002,False,83.5518987341772
