Fecha,From,To,Tiempo (min),Distancia (km),Real Time,Velocidad promedia
Sat Feb 24 02:28:11 2024,Tomeco,Copiulemu,18.633333333333333,23.48,True,75.60644007155636
Sat Feb 24 02:28:11 2024,Copiulemu,Tomeco,16.533333333333335,22.002,True,79.84596774193547
Sat Feb 24 02:28:11 2024,Tomeco,Copiulemu,18.516666666666666,23.48,False,76.08280828082809
Sat Feb 24 02:28:11 2024,Copiulemu,Tomeco,16.033333333333335,22.002,False,82.33596673596672
