Fecha,From,To,Tiempo (min),Distancia (km),Real Time,Velocidad promedia
Sat Apr 20 22:28:45 2024,Tomeco,Copiulemu,18.616666666666667,23.48,True,75.67412712623099
Sat Apr 20 22:28:45 2024,Copiulemu,Tomeco,15.683333333333334,22.002,True,84.17343251859724
Sat Apr 20 22:28:45 2024,Tomeco,Copiulemu,18.616666666666667,23.48,False,75.67412712623099
Sat Apr 20 22:28:45 2024,Copiulemu,Tomeco,15.5,22.002,False,85.1690322580645
