Fecha,From,To,Tiempo (min),Distancia (km),Real Time,Velocidad promedia
Sat Sep 17 03:02:27 2022,Tomeco,Copiulemu,18.016666666666666,23.39,True,77.89454209065681
Sat Sep 17 03:02:27 2022,Copiulemu,Tomeco,15.75,22.002,True,83.81714285714285
Sat Sep 17 03:02:27 2022,Tomeco,Copiulemu,17.216666666666665,23.39,False,81.51403678606003
Sat Sep 17 03:02:27 2022,Copiulemu,Tomeco,15.75,22.002,False,83.81714285714285
