Fecha,From,To,Tiempo (min),Distancia (km),Real Time,Velocidad promedia
Sat Jun 18 10:35:24 2022,Tomeco,Copiulemu,17.65,23.39,True,79.51274787535412
Sat Jun 18 10:35:24 2022,Copiulemu,Tomeco,14.916666666666666,22.002,True,88.49966480446928
Sat Jun 18 10:35:24 2022,Tomeco,Copiulemu,17.65,23.39,False,79.51274787535412
Sat Jun 18 10:35:24 2022,Copiulemu,Tomeco,14.883333333333333,22.002,False,88.69787234042553
