Fecha,From,To,Tiempo (min),Distancia (km),Real Time,Velocidad promedia
Sat Jan 13 10:31:09 2024,Tomeco,Copiulemu,18.266666666666666,23.48,True,77.1240875912409
Sat Jan 13 10:31:09 2024,Copiulemu,Tomeco,15.583333333333334,22.002,True,84.71358288770053
Sat Jan 13 10:31:09 2024,Tomeco,Copiulemu,17.683333333333334,23.48,False,79.66823751178134
Sat Jan 13 10:31:09 2024,Copiulemu,Tomeco,14.966666666666667,22.002,False,88.20400890868596
