Fecha,From,To,Tiempo (min),Distancia (km),Real Time,Velocidad promedia
Sat May 14 22:36:17 2022,Tomeco,Copiulemu,22.25,23.39,True,63.07415730337078
Sat May 14 22:36:17 2022,Copiulemu,Tomeco,17.25,22.002,True,76.52869565217391
Sat May 14 22:36:17 2022,Tomeco,Copiulemu,18.283333333333335,23.39,False,76.7584320875114
Sat May 14 22:36:17 2022,Copiulemu,Tomeco,14.833333333333334,22.002,False,88.99685393258426
