Fecha,From,To,Tiempo (min),Distancia (km),Real Time,Velocidad promedia
Sat Jan  6 05:28:51 2024,Tomeco,Copiulemu,18.25,23.48,True,77.19452054794522
Sat Jan  6 05:28:51 2024,Copiulemu,Tomeco,15.2,22.002,True,86.85000000000001
Sat Jan  6 05:28:51 2024,Tomeco,Copiulemu,18.466666666666665,23.48,False,76.28880866425993
Sat Jan  6 05:28:51 2024,Copiulemu,Tomeco,15.2,22.002,False,86.85000000000001
