Fecha,From,To,Tiempo (min),Distancia (km),Real Time,Velocidad promedia
Sat Nov 16 12:52:46 2024,Tomeco,Copiulemu,17.166666666666668,23.45,True,81.96116504854368
Sat Nov 16 12:52:46 2024,Copiulemu,Tomeco,16.083333333333332,21.968,True,81.95316062176165
Sat Nov 16 12:52:46 2024,Tomeco,Copiulemu,17.1,23.45,False,82.28070175438596
Sat Nov 16 12:52:46 2024,Copiulemu,Tomeco,15.566666666666666,21.968,False,84.67323340471093
