Fecha,From,To,Tiempo (min),Distancia (km),Real Time,Velocidad promedia
Sat Oct 21 14:28:04 2023,Tomeco,Copiulemu,17.833333333333332,23.39,True,78.69532710280374
Sat Oct 21 14:28:04 2023,Copiulemu,Tomeco,15.816666666666666,22.002,True,83.46385669125394
Sat Oct 21 14:28:04 2023,Tomeco,Copiulemu,17.45,23.39,False,80.42406876790831
Sat Oct 21 14:28:04 2023,Copiulemu,Tomeco,15.5,22.002,False,85.1690322580645
