Fecha,From,To,Tiempo (min),Distancia (km),Real Time,Velocidad promedia
Sat May  7 07:31:59 2022,Tomeco,Copiulemu,17.483333333333334,23.39,True,80.27073403241181
Sat May  7 07:31:59 2022,Copiulemu,Tomeco,15.7,22.002,True,84.08407643312101
Sat May  7 07:31:59 2022,Tomeco,Copiulemu,17.566666666666666,23.39,False,79.88994307400381
Sat May  7 07:31:59 2022,Copiulemu,Tomeco,15.7,22.002,False,84.08407643312101
