Fecha,From,To,Tiempo (min),Distancia (km),Real Time,Velocidad promedia
Sat Sep  2 14:28:08 2023,Tomeco,Copiulemu,17.133333333333333,23.39,True,81.91050583657588
Sat Sep  2 14:28:08 2023,Copiulemu,Tomeco,15.55,22.002,True,84.8951768488746
Sat Sep  2 14:28:08 2023,Tomeco,Copiulemu,17.133333333333333,23.39,False,81.91050583657588
Sat Sep  2 14:28:08 2023,Copiulemu,Tomeco,15.683333333333334,22.002,False,84.17343251859724
