Fecha,From,To,Tiempo (min),Distancia (km),Real Time,Velocidad promedia
Sat May 21 09:35:42 2022,Tomeco,Copiulemu,17.966666666666665,23.39,True,78.11131725417441
Sat May 21 09:35:42 2022,Copiulemu,Tomeco,15.316666666666666,22.002,True,86.18846572361262
Sat May 21 09:35:42 2022,Tomeco,Copiulemu,17.966666666666665,23.39,False,78.11131725417441
Sat May 21 09:35:42 2022,Copiulemu,Tomeco,15.316666666666666,22.002,False,86.18846572361262
