Fecha,From,To,Tiempo (min),Distancia (km),Real Time,Velocidad promedia
Sat Sep 24 08:45:32 2022,Tomeco,Copiulemu,17.35,23.39,True,80.88760806916426
Sat Sep 24 08:45:32 2022,Copiulemu,Tomeco,15.383333333333333,22.002,True,85.81495124593715
Sat Sep 24 08:45:32 2022,Tomeco,Copiulemu,17.35,23.39,False,80.88760806916426
Sat Sep 24 08:45:32 2022,Copiulemu,Tomeco,15.366666666666667,22.002,False,85.90802603036876
