Fecha,From,To,Tiempo (min),Distancia (km),Real Time,Velocidad promedia
Sat Oct 28 20:28:16 2023,Tomeco,Copiulemu,17.8,23.39,True,78.84269662921348
Sat Oct 28 20:28:16 2023,Copiulemu,Tomeco,15.6,22.002,True,84.62307692307692
Sat Oct 28 20:28:16 2023,Tomeco,Copiulemu,17.75,23.39,False,79.06478873239436
Sat Oct 28 20:28:16 2023,Copiulemu,Tomeco,15.55,22.002,False,84.8951768488746
