Fecha,From,To,Tiempo (min),Distancia (km),Real Time,Velocidad promedia
Sat Aug  6 18:39:47 2022,Tomeco,Copiulemu,16.933333333333334,23.39,True,82.87795275590551
Sat Aug  6 18:39:47 2022,Copiulemu,Tomeco,15.783333333333333,22.002,True,83.64012671594509
Sat Aug  6 18:39:47 2022,Tomeco,Copiulemu,16.783333333333335,23.39,False,83.61866931479642
Sat Aug  6 18:39:47 2022,Copiulemu,Tomeco,15.416666666666666,22.002,False,85.62940540540541
