Fecha,From,To,Tiempo (min),Distancia (km),Real Time,Velocidad promedia
Sat May  4 05:29:38 2024,Tomeco,Copiulemu,18.516666666666666,23.48,True,76.08280828082809
Sat May  4 05:29:38 2024,Copiulemu,Tomeco,15.733333333333333,22.002,True,83.90593220338984
Sat May  4 05:29:38 2024,Tomeco,Copiulemu,18.516666666666666,23.48,False,76.08280828082809
Sat May  4 05:29:38 2024,Copiulemu,Tomeco,15.75,22.002,False,83.81714285714285
