Fecha,From,To,Tiempo (min),Distancia (km),Real Time,Velocidad promedia
Sat Sep 30 05:28:10 2023,Tomeco,Copiulemu,17.933333333333334,23.39,True,78.25650557620818
Sat Sep 30 05:28:10 2023,Copiulemu,Tomeco,16.216666666666665,22.002,True,81.40513874614595
Sat Sep 30 05:28:10 2023,Tomeco,Copiulemu,17.933333333333334,23.39,False,78.25650557620818
Sat Sep 30 05:28:10 2023,Copiulemu,Tomeco,16.233333333333334,22.002,False,81.32156057494866
