Fecha,From,To,Tiempo (min),Distancia (km),Real Time,Velocidad promedia
Sat Oct 21 19:28:13 2023,Tomeco,Copiulemu,18.516666666666666,23.39,True,75.7911791179118
Sat Oct 21 19:28:13 2023,Copiulemu,Tomeco,15.6,22.002,True,84.62307692307692
Sat Oct 21 19:28:13 2023,Tomeco,Copiulemu,17.566666666666666,23.39,False,79.88994307400381
Sat Oct 21 19:28:13 2023,Copiulemu,Tomeco,15.466666666666667,22.002,False,85.35258620689655
