Fecha,From,To,Tiempo (min),Distancia (km),Real Time,Velocidad promedia
Sat Jan 13 15:28:00 2024,Tomeco,Copiulemu,18.166666666666668,23.48,True,77.548623853211
Sat Jan 13 15:28:00 2024,Copiulemu,Tomeco,18.65,22.002,True,70.78391420911528
Sat Jan 13 15:28:00 2024,Tomeco,Copiulemu,17.9,23.48,False,78.70391061452516
Sat Jan 13 15:28:00 2024,Copiulemu,Tomeco,16.2,22.002,False,81.4888888888889
