Fecha,From,To,Tiempo (min),Distancia (km),Real Time,Velocidad promedia
Sat Nov 16 03:42:05 2024,Tomeco,Copiulemu,19.183333333333334,23.45,True,73.34491746307557
Sat Nov 16 03:42:05 2024,Copiulemu,Tomeco,15.616666666666667,21.968,True,84.40213447171826
Sat Nov 16 03:42:05 2024,Tomeco,Copiulemu,18.516666666666666,23.45,False,75.98559855985599
Sat Nov 16 03:42:05 2024,Copiulemu,Tomeco,15.25,21.968,False,86.43147540983607
