Fecha,From,To,Tiempo (min),Distancia (km),Real Time,Velocidad promedia
Sat Sep 10 20:38:10 2022,Tomeco,Copiulemu,17.433333333333334,23.39,True,80.50095602294455
Sat Sep 10 20:38:10 2022,Copiulemu,Tomeco,14.883333333333333,22.002,True,88.69787234042553
Sat Sep 10 20:38:10 2022,Tomeco,Copiulemu,17.4,23.39,False,80.65517241379311
Sat Sep 10 20:38:10 2022,Copiulemu,Tomeco,14.883333333333333,22.002,False,88.69787234042553
