Fecha,From,To,Tiempo (min),Distancia (km),Real Time,Velocidad promedia
Sat Oct  1 15:42:54 2022,Tomeco,Copiulemu,16.616666666666667,23.39,True,84.45737211634905
Sat Oct  1 15:42:54 2022,Copiulemu,Tomeco,15.583333333333334,22.002,True,84.71358288770053
Sat Oct  1 15:42:54 2022,Tomeco,Copiulemu,16.583333333333332,23.39,False,84.62713567839198
Sat Oct  1 15:42:54 2022,Copiulemu,Tomeco,15.333333333333334,22.002,False,86.09478260869564
