Fecha,From,To,Tiempo (min),Distancia (km),Real Time,Velocidad promedia
Sat Oct  7 23:28:10 2023,Tomeco,Copiulemu,18.766666666666666,23.39,True,74.78152753108348
Sat Oct  7 23:28:10 2023,Copiulemu,Tomeco,16.7,22.002,True,79.04910179640719
Sat Oct  7 23:28:10 2023,Tomeco,Copiulemu,18.016666666666666,23.39,False,77.89454209065681
Sat Oct  7 23:28:10 2023,Copiulemu,Tomeco,15.333333333333334,22.002,False,86.09478260869564
