Fecha,From,To,Tiempo (min),Distancia (km),Real Time,Velocidad promedia
Sat Oct  7 05:28:13 2023,Tomeco,Copiulemu,17.916666666666668,23.39,True,78.3293023255814
Sat Oct  7 05:28:13 2023,Copiulemu,Tomeco,15.4,22.002,True,85.72207792207791
Sat Oct  7 05:28:13 2023,Tomeco,Copiulemu,17.916666666666668,23.39,False,78.3293023255814
Sat Oct  7 05:28:13 2023,Copiulemu,Tomeco,15.683333333333334,22.002,False,84.17343251859724
