Fecha,From,To,Tiempo (min),Distancia (km),Real Time,Velocidad promedia
Sat Aug 13 06:41:20 2022,Tomeco,Copiulemu,17.483333333333334,23.39,True,80.27073403241181
Sat Aug 13 06:41:20 2022,Copiulemu,Tomeco,15.75,22.002,True,83.81714285714285
Sat Aug 13 06:41:20 2022,Tomeco,Copiulemu,17.483333333333334,23.39,False,80.27073403241181
Sat Aug 13 06:41:20 2022,Copiulemu,Tomeco,15.75,22.002,False,83.81714285714285
