Fecha,From,To,Tiempo (min),Distancia (km),Real Time,Velocidad promedia
Sat Feb 17 20:27:59 2024,Tomeco,Copiulemu,18.116666666666667,23.48,True,77.76264949402024
Sat Feb 17 20:27:59 2024,Copiulemu,Tomeco,16.0,22.002,True,82.5075
Sat Feb 17 20:27:59 2024,Tomeco,Copiulemu,18.083333333333332,23.48,False,77.90599078341015
Sat Feb 17 20:27:59 2024,Copiulemu,Tomeco,15.783333333333333,22.002,False,83.64012671594509
