Fecha,From,To,Tiempo (min),Distancia (km),Real Time,Velocidad promedia
Sat Apr  6 22:28:09 2024,Tomeco,Copiulemu,18.7,23.48,True,75.33689839572193
Sat Apr  6 22:28:09 2024,Copiulemu,Tomeco,15.933333333333334,22.002,True,82.85271966527196
Sat Apr  6 22:28:09 2024,Tomeco,Copiulemu,19.183333333333334,23.48,False,73.43874891398784
Sat Apr  6 22:28:09 2024,Copiulemu,Tomeco,15.9,22.002,False,83.02641509433961
