Fecha,From,To,Tiempo (min),Distancia (km),Real Time,Velocidad promedia
Sat Jan 27 20:28:08 2024,Tomeco,Copiulemu,18.8,23.48,True,74.93617021276596
Sat Jan 27 20:28:08 2024,Copiulemu,Tomeco,15.666666666666666,22.002,True,84.26297872340425
Sat Jan 27 20:28:08 2024,Tomeco,Copiulemu,17.916666666666668,23.48,False,78.63069767441861
Sat Jan 27 20:28:08 2024,Copiulemu,Tomeco,15.883333333333333,22.002,False,83.11353620146905
