Fecha,From,To,Tiempo (min),Distancia (km),Real Time,Velocidad promedia
Sat Sep 23 15:28:06 2023,Tomeco,Copiulemu,18.2,23.39,True,77.1098901098901
Sat Sep 23 15:28:06 2023,Copiulemu,Tomeco,15.583333333333334,22.002,True,84.71358288770053
Sat Sep 23 15:28:06 2023,Tomeco,Copiulemu,17.45,23.39,False,80.42406876790831
Sat Sep 23 15:28:06 2023,Copiulemu,Tomeco,15.5,22.002,False,85.1690322580645
