Fecha,From,To,Tiempo (min),Distancia (km),Real Time,Velocidad promedia
Sat Jul  2 15:35:18 2022,Tomeco,Copiulemu,16.733333333333334,23.39,True,83.86852589641434
Sat Jul  2 15:35:18 2022,Copiulemu,Tomeco,15.533333333333333,22.002,True,84.9862660944206
Sat Jul  2 15:35:18 2022,Tomeco,Copiulemu,16.666666666666668,23.39,False,84.204
Sat Jul  2 15:35:18 2022,Copiulemu,Tomeco,15.266666666666667,22.002,False,86.47074235807858
