Fecha,From,To,Tiempo (min),Distancia (km),Real Time,Velocidad promedia
Sat Aug 10 01:44:45 2024,Tomeco,Copiulemu,18.35,23.48,True,76.77384196185285
Sat Aug 10 01:44:45 2024,Copiulemu,Tomeco,15.6,22.002,True,84.62307692307692
Sat Aug 10 01:44:45 2024,Tomeco,Copiulemu,18.233333333333334,23.48,False,77.26508226691041
Sat Aug 10 01:44:45 2024,Copiulemu,Tomeco,15.55,22.002,False,84.8951768488746
