Fecha,From,To,Tiempo (min),Distancia (km),Real Time,Velocidad promedia
Sat Sep 16 20:28:22 2023,Tomeco,Copiulemu,18.05,23.39,True,77.75069252077563
Sat Sep 16 20:28:22 2023,Copiulemu,Tomeco,17.033333333333335,22.002,True,77.50215264187865
Sat Sep 16 20:28:22 2023,Tomeco,Copiulemu,17.35,23.39,False,80.88760806916426
Sat Sep 16 20:28:22 2023,Copiulemu,Tomeco,15.133333333333333,22.002,False,87.23259911894272
