Fecha,From,To,Tiempo (min),Distancia (km),Real Time,Velocidad promedia
Sat Apr  2 08:37:39 2022,Tomeco,Copiulemu,18.566666666666666,23.39,True,75.58707360861759
Sat Apr  2 08:37:39 2022,Copiulemu,Tomeco,15.6,22.002,True,84.62307692307692
Sat Apr  2 08:37:39 2022,Tomeco,Copiulemu,18.533333333333335,23.39,False,75.72302158273381
Sat Apr  2 08:37:39 2022,Copiulemu,Tomeco,15.6,22.002,False,84.62307692307692
