Fecha,From,To,Tiempo (min),Distancia (km),Real Time,Velocidad promedia
Sat Jul  2 08:38:35 2022,Tomeco,Copiulemu,17.366666666666667,23.39,True,80.80998080614204
Sat Jul  2 08:38:35 2022,Copiulemu,Tomeco,15.166666666666666,22.002,True,87.04087912087913
Sat Jul  2 08:38:35 2022,Tomeco,Copiulemu,17.366666666666667,23.39,False,80.80998080614204
Sat Jul  2 08:38:35 2022,Copiulemu,Tomeco,15.166666666666666,22.002,False,87.04087912087913
