Fecha,From,To,Tiempo (min),Distancia (km),Real Time,Velocidad promedia
Sat May  4 19:28:09 2024,Tomeco,Copiulemu,18.283333333333335,23.48,True,77.05378304466727
Sat May  4 19:28:09 2024,Copiulemu,Tomeco,14.883333333333333,22.002,True,88.69787234042553
Sat May  4 19:28:09 2024,Tomeco,Copiulemu,18.283333333333335,23.48,False,77.05378304466727
Sat May  4 19:28:09 2024,Copiulemu,Tomeco,15.85,22.002,False,83.28832807570977
