Fecha,From,To,Tiempo (min),Distancia (km),Real Time,Velocidad promedia
Sat Nov  9 09:28:59 2024,Tomeco,Copiulemu,18.616666666666667,23.45,True,75.57743957027753
Sat Nov  9 09:28:59 2024,Copiulemu,Tomeco,15.65,21.968,True,84.22236421725239
Sat Nov  9 09:28:59 2024,Tomeco,Copiulemu,18.416666666666668,23.45,False,76.39819004524887
Sat Nov  9 09:28:59 2024,Copiulemu,Tomeco,15.65,21.968,False,84.22236421725239
