Fecha,From,To,Tiempo (min),Distancia (km),Real Time,Velocidad promedia
Sat Dec  9 17:28:01 2023,Tomeco,Copiulemu,17.233333333333334,23.39,True,81.43520309477756
Sat Dec  9 17:28:01 2023,Copiulemu,Tomeco,15.4,22.002,True,85.72207792207791
Sat Dec  9 17:28:01 2023,Tomeco,Copiulemu,17.233333333333334,23.39,False,81.43520309477756
Sat Dec  9 17:28:01 2023,Copiulemu,Tomeco,15.383333333333333,22.002,False,85.81495124593715
