Fecha,From,To,Tiempo (min),Distancia (km),Real Time,Velocidad promedia
Sat Sep 17 04:38:43 2022,Tomeco,Copiulemu,17.35,23.39,True,80.88760806916426
Sat Sep 17 04:38:43 2022,Copiulemu,Tomeco,15.4,22.002,True,85.72207792207791
Sat Sep 17 04:38:43 2022,Tomeco,Copiulemu,17.35,23.39,False,80.88760806916426
Sat Sep 17 04:38:43 2022,Copiulemu,Tomeco,15.4,22.002,False,85.72207792207791
