Fecha,From,To,Tiempo (min),Distancia (km),Real Time,Velocidad promedia
Sat Jan 27 17:28:12 2024,Tomeco,Copiulemu,17.683333333333334,23.48,True,79.66823751178134
Sat Jan 27 17:28:12 2024,Copiulemu,Tomeco,16.233333333333334,22.002,True,81.32156057494866
Sat Jan 27 17:28:12 2024,Tomeco,Copiulemu,17.583333333333332,23.48,False,80.12132701421802
Sat Jan 27 17:28:12 2024,Copiulemu,Tomeco,15.833333333333334,22.002,False,83.37599999999999
