Fecha,From,To,Tiempo (min),Distancia (km),Real Time,Velocidad promedia
Sat Oct 28 18:28:33 2023,Tomeco,Copiulemu,17.55,23.39,True,79.96581196581195
Sat Oct 28 18:28:33 2023,Copiulemu,Tomeco,15.633333333333333,22.002,True,84.44264392324094
Sat Oct 28 18:28:33 2023,Tomeco,Copiulemu,17.433333333333334,23.39,False,80.50095602294455
Sat Oct 28 18:28:33 2023,Copiulemu,Tomeco,15.283333333333333,22.002,False,86.37644492911667
