Fecha,From,To,Tiempo (min),Distancia (km),Real Time,Velocidad promedia
Sat Aug 31 19:28:18 2024,Tomeco,Copiulemu,17.533333333333335,23.48,True,80.34980988593155
Sat Aug 31 19:28:18 2024,Copiulemu,Tomeco,16.916666666666668,22.002,True,78.03665024630541
Sat Aug 31 19:28:18 2024,Tomeco,Copiulemu,17.533333333333335,23.48,False,80.34980988593155
Sat Aug 31 19:28:18 2024,Copiulemu,Tomeco,15.816666666666666,22.002,False,83.46385669125394
