Fecha,From,To,Tiempo (min),Distancia (km),Real Time,Velocidad promedia
Sat May 21 17:36:49 2022,Tomeco,Copiulemu,16.95,23.39,True,82.79646017699116
Sat May 21 17:36:49 2022,Copiulemu,Tomeco,16.416666666666668,22.002,True,80.41340101522842
Sat May 21 17:36:49 2022,Tomeco,Copiulemu,16.9,23.39,False,83.04142011834321
Sat May 21 17:36:49 2022,Copiulemu,Tomeco,16.316666666666666,22.002,False,80.90623084780388
