Fecha,From,To,Tiempo (min),Distancia (km),Real Time,Velocidad promedia
Sat Nov 30 16:40:08 2024,Tomeco,Copiulemu,18.433333333333334,23.45,True,76.32911392405063
Sat Nov 30 16:40:08 2024,Copiulemu,Tomeco,16.683333333333334,21.968,True,79.0057942057942
Sat Nov 30 16:40:08 2024,Tomeco,Copiulemu,17.7,23.45,False,79.49152542372882
Sat Nov 30 16:40:08 2024,Copiulemu,Tomeco,16.05,21.968,False,82.1233644859813
