Fecha,From,To,Tiempo (min),Distancia (km),Real Time,Velocidad promedia
Sat Apr 13 08:28:13 2024,Tomeco,Copiulemu,18.683333333333334,23.48,True,75.40410347903658
Sat Apr 13 08:28:13 2024,Copiulemu,Tomeco,15.9,22.002,True,83.02641509433961
Sat Apr 13 08:28:13 2024,Tomeco,Copiulemu,18.683333333333334,23.48,False,75.40410347903658
Sat Apr 13 08:28:13 2024,Copiulemu,Tomeco,15.9,22.002,False,83.02641509433961
