Fecha,From,To,Tiempo (min),Distancia (km),Real Time,Velocidad promedia
Sat May 11 13:28:05 2024,Tomeco,Copiulemu,17.65,23.48,True,79.8186968838527
Sat May 11 13:28:05 2024,Copiulemu,Tomeco,15.733333333333333,22.002,True,83.90593220338984
Sat May 11 13:28:05 2024,Tomeco,Copiulemu,17.5,23.48,False,80.50285714285714
Sat May 11 13:28:05 2024,Copiulemu,Tomeco,15.7,22.002,False,84.08407643312101
