Fecha,From,To,Tiempo (min),Distancia (km),Real Time,Velocidad promedia
Sat Apr  2 12:50:19 2022,Tomeco,Copiulemu,17.95,23.39,True,78.18384401114207
Sat Apr  2 12:50:19 2022,Copiulemu,Tomeco,15.466666666666667,22.002,True,85.35258620689655
Sat Apr  2 12:50:19 2022,Tomeco,Copiulemu,17.716666666666665,23.39,False,79.21354656632174
Sat Apr  2 12:50:19 2022,Copiulemu,Tomeco,17.25,22.002,False,76.52869565217391
