Fecha,From,To,Tiempo (min),Distancia (km),Real Time,Velocidad promedia
Sat Feb 10 08:28:00 2024,Tomeco,Copiulemu,19.583333333333332,23.48,True,71.93872340425531
Sat Feb 10 08:28:00 2024,Copiulemu,Tomeco,15.866666666666667,22.002,True,83.20084033613446
Sat Feb 10 08:28:00 2024,Tomeco,Copiulemu,18.916666666666668,23.48,False,74.47400881057268
Sat Feb 10 08:28:00 2024,Copiulemu,Tomeco,15.766666666666667,22.002,False,83.72854122621564
