Fecha,From,To,Tiempo (min),Distancia (km),Real Time,Velocidad promedia
Sat Apr 30 23:33:38 2022,Tomeco,Copiulemu,19.8,23.39,True,70.87878787878788
Sat Apr 30 23:33:38 2022,Copiulemu,Tomeco,16.2,22.002,True,81.4888888888889
Sat Apr 30 23:33:38 2022,Tomeco,Copiulemu,18.5,23.39,False,75.85945945945946
Sat Apr 30 23:33:38 2022,Copiulemu,Tomeco,15.633333333333333,22.002,False,84.44264392324094
