Fecha,From,To,Tiempo (min),Distancia (km),Real Time,Velocidad promedia
Sat Apr  6 06:29:48 2024,Tomeco,Copiulemu,18.983333333333334,23.48,True,74.2124670763828
Sat Apr  6 06:29:48 2024,Copiulemu,Tomeco,15.616666666666667,22.002,True,84.53276414087513
Sat Apr  6 06:29:48 2024,Tomeco,Copiulemu,18.983333333333334,23.48,False,74.2124670763828
Sat Apr  6 06:29:48 2024,Copiulemu,Tomeco,15.8,22.002,False,83.5518987341772
