Fecha,From,To,Tiempo (min),Distancia (km),Real Time,Velocidad promedia
Sat Oct 19 12:51:34 2024,Tomeco,Copiulemu,17.216666666666665,23.48,True,81.82768635043564
Sat Oct 19 12:51:34 2024,Copiulemu,Tomeco,15.433333333333334,22.002,True,85.53693304535636
Sat Oct 19 12:51:34 2024,Tomeco,Copiulemu,17.216666666666665,23.48,False,81.82768635043564
Sat Oct 19 12:51:34 2024,Copiulemu,Tomeco,15.366666666666667,22.002,False,85.90802603036876
