Fecha,From,To,Tiempo (min),Distancia (km),Real Time,Velocidad promedia
Sat Jul 16 22:34:11 2022,Tomeco,Copiulemu,21.283333333333335,23.39,True,65.9389193422083
Sat Jul 16 22:34:11 2022,Copiulemu,Tomeco,15.533333333333333,22.002,True,84.9862660944206
Sat Jul 16 22:34:11 2022,Tomeco,Copiulemu,18.35,23.39,False,76.47956403269755
Sat Jul 16 22:34:11 2022,Copiulemu,Tomeco,15.383333333333333,22.002,False,85.81495124593715
