Fecha,From,To,Tiempo (min),Distancia (km),Real Time,Velocidad promedia
Sat Jul 23 19:29:08 2022,Tomeco,Copiulemu,17.9,23.39,True,78.40223463687153
Sat Jul 23 19:29:08 2022,Copiulemu,Tomeco,15.3,22.002,True,86.28235294117647
Sat Jul 23 19:29:08 2022,Tomeco,Copiulemu,16.95,23.39,False,82.79646017699116
Sat Jul 23 19:29:08 2022,Copiulemu,Tomeco,15.233333333333333,22.002,False,86.65995623632385
