Fecha,From,To,Tiempo (min),Distancia (km),Real Time,Velocidad promedia
Sat Jun  1 18:31:45 2024,Tomeco,Copiulemu,18.133333333333333,23.48,True,77.69117647058823
Sat Jun  1 18:31:45 2024,Copiulemu,Tomeco,16.166666666666668,22.002,True,81.65690721649483
Sat Jun  1 18:31:45 2024,Tomeco,Copiulemu,18.133333333333333,23.48,False,77.69117647058823
Sat Jun  1 18:31:45 2024,Copiulemu,Tomeco,15.733333333333333,22.002,False,83.90593220338984
