Fecha,From,To,Tiempo (min),Distancia (km),Real Time,Velocidad promedia
Sat Dec 16 11:28:01 2023,Tomeco,Copiulemu,17.266666666666666,23.39,True,81.27799227799228
Sat Dec 16 11:28:01 2023,Copiulemu,Tomeco,15.266666666666667,22.002,True,86.47074235807858
Sat Dec 16 11:28:01 2023,Tomeco,Copiulemu,17.266666666666666,23.39,False,81.27799227799228
Sat Dec 16 11:28:01 2023,Copiulemu,Tomeco,15.266666666666667,22.002,False,86.47074235807858
