Fecha,From,To,Tiempo (min),Distancia (km),Real Time,Velocidad promedia
Sat Apr 13 19:27:59 2024,Tomeco,Copiulemu,17.9,23.48,True,78.70391061452516
Sat Apr 13 19:27:59 2024,Copiulemu,Tomeco,16.55,22.002,True,79.76555891238671
Sat Apr 13 19:27:59 2024,Tomeco,Copiulemu,17.9,23.48,False,78.70391061452516
Sat Apr 13 19:27:59 2024,Copiulemu,Tomeco,16.55,22.002,False,79.76555891238671
