Fecha,From,To,Tiempo (min),Distancia (km),Real Time,Velocidad promedia
Sat Jan  6 08:29:47 2024,Tomeco,Copiulemu,18.666666666666668,23.48,True,75.47142857142858
Sat Jan  6 08:29:47 2024,Copiulemu,Tomeco,15.716666666666667,22.002,True,83.99490986214211
Sat Jan  6 08:29:47 2024,Tomeco,Copiulemu,18.666666666666668,23.48,False,75.47142857142858
Sat Jan  6 08:29:47 2024,Copiulemu,Tomeco,15.6,22.002,False,84.62307692307692
