Fecha,From,To,Tiempo (min),Distancia (km),Real Time,Velocidad promedia
Sat Feb 10 17:28:00 2024,Tomeco,Copiulemu,18.7,23.48,True,75.33689839572193
Sat Feb 10 17:28:00 2024,Copiulemu,Tomeco,15.883333333333333,22.002,True,83.11353620146905
Sat Feb 10 17:28:00 2024,Tomeco,Copiulemu,18.3,23.48,False,76.98360655737706
Sat Feb 10 17:28:00 2024,Copiulemu,Tomeco,15.783333333333333,22.002,False,83.64012671594509
