Fecha,From,To,Tiempo (min),Distancia (km),Real Time,Velocidad promedia
Sat Sep 10 21:35:29 2022,Tomeco,Copiulemu,18.066666666666666,23.39,True,77.6789667896679
Sat Sep 10 21:35:29 2022,Copiulemu,Tomeco,16.233333333333334,22.002,True,81.32156057494866
Sat Sep 10 21:35:29 2022,Tomeco,Copiulemu,18.183333333333334,23.39,False,77.18056828597616
Sat Sep 10 21:35:29 2022,Copiulemu,Tomeco,15.483333333333333,22.002,False,85.26071044133477
