Fecha,From,To,Tiempo (min),Distancia (km),Real Time,Velocidad promedia
Sat Mar 19 21:29:53 2022,Tomeco,Copiulemu,18.216666666666665,23.39,True,77.03934126258005
Sat Mar 19 21:29:53 2022,Copiulemu,Tomeco,15.65,22.002,True,84.35271565495206
Sat Mar 19 21:29:53 2022,Tomeco,Copiulemu,17.816666666666666,23.39,False,78.7689429373246
Sat Mar 19 21:29:53 2022,Copiulemu,Tomeco,15.383333333333333,22.002,False,85.81495124593715
