Fecha,From,To,Tiempo (min),Distancia (km),Real Time,Velocidad promedia
Sat Sep 14 02:52:24 2024,Tomeco,Copiulemu,18.383333333333333,23.48,True,76.63463281958296
Sat Sep 14 02:52:24 2024,Copiulemu,Tomeco,15.716666666666667,22.002,True,83.99490986214211
Sat Sep 14 02:52:24 2024,Tomeco,Copiulemu,18.15,23.48,False,77.6198347107438
Sat Sep 14 02:52:24 2024,Copiulemu,Tomeco,15.716666666666667,22.002,False,83.99490986214211
