Fecha,From,To,Tiempo (min),Distancia (km),Real Time,Velocidad promedia
Sat Aug 10 19:28:06 2024,Tomeco,Copiulemu,17.933333333333334,23.48,True,78.55762081784387
Sat Aug 10 19:28:06 2024,Copiulemu,Tomeco,16.016666666666666,22.002,True,82.4216441207076
Sat Aug 10 19:28:06 2024,Tomeco,Copiulemu,17.683333333333334,23.48,False,79.66823751178134
Sat Aug 10 19:28:06 2024,Copiulemu,Tomeco,16.016666666666666,22.002,False,82.4216441207076
