Fecha,From,To,Tiempo (min),Distancia (km),Real Time,Velocidad promedia
Sat Aug 31 17:29:48 2024,Tomeco,Copiulemu,18.066666666666666,23.48,True,77.97785977859779
Sat Aug 31 17:29:48 2024,Copiulemu,Tomeco,15.883333333333333,22.002,True,83.11353620146905
Sat Aug 31 17:29:48 2024,Tomeco,Copiulemu,17.733333333333334,23.48,False,79.44360902255639
Sat Aug 31 17:29:48 2024,Copiulemu,Tomeco,15.75,22.002,False,83.81714285714285
