Fecha,From,To,Tiempo (min),Distancia (km),Real Time,Velocidad promedia
Sat Dec 23 20:28:07 2023,Tomeco,Copiulemu,17.333333333333332,23.39,True,80.96538461538462
Sat Dec 23 20:28:07 2023,Copiulemu,Tomeco,15.383333333333333,22.002,True,85.81495124593715
Sat Dec 23 20:28:07 2023,Tomeco,Copiulemu,17.333333333333332,23.39,False,80.96538461538462
Sat Dec 23 20:28:07 2023,Copiulemu,Tomeco,15.35,22.002,False,86.0013029315961
