Fecha,From,To,Tiempo (min),Distancia (km),Real Time,Velocidad promedia
Sat Jun 25 20:34:18 2022,Tomeco,Copiulemu,17.05,23.39,True,82.3108504398827
Sat Jun 25 20:34:18 2022,Copiulemu,Tomeco,14.816666666666666,22.002,True,89.09696287964005
Sat Jun 25 20:34:18 2022,Tomeco,Copiulemu,16.983333333333334,23.39,False,82.63395485770363
Sat Jun 25 20:34:18 2022,Copiulemu,Tomeco,16.05,22.002,False,82.25046728971962
