Fecha,From,To,Tiempo (min),Distancia (km),Real Time,Velocidad promedia
Sat Sep 23 18:28:14 2023,Tomeco,Copiulemu,18.133333333333333,23.39,True,77.39338235294117
Sat Sep 23 18:28:14 2023,Copiulemu,Tomeco,15.416666666666666,22.002,True,85.62940540540541
Sat Sep 23 18:28:14 2023,Tomeco,Copiulemu,17.6,23.39,False,79.73863636363636
Sat Sep 23 18:28:14 2023,Copiulemu,Tomeco,15.183333333333334,22.002,False,86.94533479692646
