Fecha,From,To,Tiempo (min),Distancia (km),Real Time,Velocidad promedia
Sat Apr 20 09:28:03 2024,Tomeco,Copiulemu,18.183333333333334,23.48,True,77.47754353803849
Sat Apr 20 09:28:03 2024,Copiulemu,Tomeco,15.766666666666667,22.002,True,83.72854122621564
Sat Apr 20 09:28:03 2024,Tomeco,Copiulemu,18.866666666666667,23.48,False,74.67137809187278
Sat Apr 20 09:28:03 2024,Copiulemu,Tomeco,15.766666666666667,22.002,False,83.72854122621564
