Fecha,From,To,Tiempo (min),Distancia (km),Real Time,Velocidad promedia
Sat Jun 22 07:28:15 2024,Tomeco,Copiulemu,18.45,23.48,True,76.35772357723577
Sat Jun 22 07:28:15 2024,Copiulemu,Tomeco,15.416666666666666,22.002,True,85.62940540540541
Sat Jun 22 07:28:15 2024,Tomeco,Copiulemu,18.45,23.48,False,76.35772357723577
Sat Jun 22 07:28:15 2024,Copiulemu,Tomeco,15.416666666666666,22.002,False,85.62940540540541
