Fecha,From,To,Tiempo (min),Distancia (km),Real Time,Velocidad promedia
Sat Nov 11 10:29:36 2023,Tomeco,Copiulemu,17.633333333333333,23.39,True,79.58790170132326
Sat Nov 11 10:29:36 2023,Copiulemu,Tomeco,14.916666666666666,22.002,True,88.49966480446928
Sat Nov 11 10:29:36 2023,Tomeco,Copiulemu,17.616666666666667,23.39,False,79.6631977294229
Sat Nov 11 10:29:36 2023,Copiulemu,Tomeco,14.916666666666666,22.002,False,88.49966480446928
