Fecha,From,To,Tiempo (min),Distancia (km),Real Time,Velocidad promedia
Sat Apr 20 15:28:06 2024,Tomeco,Copiulemu,18.216666666666665,23.48,True,77.33577310155536
Sat Apr 20 15:28:06 2024,Copiulemu,Tomeco,16.183333333333334,22.002,True,81.5728115345005
Sat Apr 20 15:28:06 2024,Tomeco,Copiulemu,18.216666666666665,23.48,False,77.33577310155536
Sat Apr 20 15:28:06 2024,Copiulemu,Tomeco,16.033333333333335,22.002,False,82.33596673596672
