Fecha,From,To,Tiempo (min),Distancia (km),Real Time,Velocidad promedia
Sat May  7 10:38:04 2022,Tomeco,Copiulemu,17.433333333333334,23.39,True,80.50095602294455
Sat May  7 10:38:04 2022,Copiulemu,Tomeco,14.883333333333333,22.002,True,88.69787234042553
Sat May  7 10:38:04 2022,Tomeco,Copiulemu,17.116666666666667,23.39,False,81.9902629016553
Sat May  7 10:38:04 2022,Copiulemu,Tomeco,14.883333333333333,22.002,False,88.69787234042553
