Fecha,From,To,Tiempo (min),Distancia (km),Real Time,Velocidad promedia
Sat Jun 11 13:37:08 2022,Tomeco,Copiulemu,17.05,23.39,True,82.3108504398827
Sat Jun 11 13:37:08 2022,Copiulemu,Tomeco,15.3,21.461,True,84.16078431372549
Sat Jun 11 13:37:08 2022,Tomeco,Copiulemu,16.966666666666665,23.39,False,82.71512770137525
Sat Jun 11 13:37:08 2022,Copiulemu,Tomeco,15.283333333333333,21.461,False,84.25256270447109
