Fecha,From,To,Tiempo (min),Distancia (km),Real Time,Velocidad promedia
Sat Nov 18 09:28:15 2023,Tomeco,Copiulemu,18.116666666666667,23.39,True,77.46458141674333
Sat Nov 18 09:28:15 2023,Copiulemu,Tomeco,14.816666666666666,22.002,True,89.09696287964005
Sat Nov 18 09:28:15 2023,Tomeco,Copiulemu,18.116666666666667,23.39,False,77.46458141674333
Sat Nov 18 09:28:15 2023,Copiulemu,Tomeco,14.816666666666666,22.002,False,89.09696287964005
