Fecha,From,To,Tiempo (min),Distancia (km),Real Time,Velocidad promedia
Sat Nov 11 07:28:25 2023,Tomeco,Copiulemu,18.383333333333333,23.39,True,76.34088848594742
Sat Nov 11 07:28:25 2023,Copiulemu,Tomeco,15.516666666666667,22.002,True,85.07755102040815
Sat Nov 11 07:28:25 2023,Tomeco,Copiulemu,18.383333333333333,23.39,False,76.34088848594742
Sat Nov 11 07:28:25 2023,Copiulemu,Tomeco,15.516666666666667,22.002,False,85.07755102040815
