Fecha,From,To,Tiempo (min),Distancia (km),Real Time,Velocidad promedia
Sat May 18 08:30:54 2024,Tomeco,Copiulemu,19.083333333333332,23.48,True,73.82358078602621
Sat May 18 08:30:54 2024,Copiulemu,Tomeco,15.616666666666667,22.002,True,84.53276414087513
Sat May 18 08:30:54 2024,Tomeco,Copiulemu,18.233333333333334,23.48,False,77.26508226691041
Sat May 18 08:30:54 2024,Copiulemu,Tomeco,15.616666666666667,22.002,False,84.53276414087513
