Fecha,From,To,Tiempo (min),Distancia (km),Real Time,Velocidad promedia
Sat Sep 16 07:28:08 2023,Tomeco,Copiulemu,18.016666666666666,23.39,True,77.89454209065681
Sat Sep 16 07:28:08 2023,Copiulemu,Tomeco,15.466666666666667,22.002,True,85.35258620689655
Sat Sep 16 07:28:08 2023,Tomeco,Copiulemu,17.983333333333334,23.39,False,78.03892493049119
Sat Sep 16 07:28:08 2023,Copiulemu,Tomeco,15.283333333333333,22.002,False,86.37644492911667
