Fecha,From,To,Tiempo (min),Distancia (km),Real Time,Velocidad promedia
Sat Sep 30 16:31:01 2023,Tomeco,Copiulemu,19.833333333333332,23.39,True,70.75966386554622
Sat Sep 30 16:31:01 2023,Copiulemu,Tomeco,16.166666666666668,22.002,True,81.65690721649483
Sat Sep 30 16:31:01 2023,Tomeco,Copiulemu,17.116666666666667,23.39,False,81.9902629016553
Sat Sep 30 16:31:01 2023,Copiulemu,Tomeco,15.916666666666666,22.002,False,82.93947643979057
