Fecha,From,To,Tiempo (min),Distancia (km),Real Time,Velocidad promedia
Sat Sep  9 17:28:10 2023,Tomeco,Copiulemu,17.633333333333333,23.39,True,79.58790170132326
Sat Sep  9 17:28:10 2023,Copiulemu,Tomeco,15.9,22.002,True,83.02641509433961
Sat Sep  9 17:28:10 2023,Tomeco,Copiulemu,17.35,23.39,False,80.88760806916426
Sat Sep  9 17:28:10 2023,Copiulemu,Tomeco,15.316666666666666,22.002,False,86.18846572361262
