Fecha,From,To,Tiempo (min),Distancia (km),Real Time,Velocidad promedia
Sat Aug 20 04:52:14 2022,Tomeco,Copiulemu,17.283333333333335,23.39,True,81.19961427193829
Sat Aug 20 04:52:14 2022,Copiulemu,Tomeco,15.483333333333333,22.002,True,85.26071044133477
Sat Aug 20 04:52:14 2022,Tomeco,Copiulemu,17.283333333333335,23.39,False,81.19961427193829
Sat Aug 20 04:52:14 2022,Copiulemu,Tomeco,15.483333333333333,22.002,False,85.26071044133477
