Fecha,From,To,Tiempo (min),Distancia (km),Real Time,Velocidad promedia
Sat Feb 17 05:28:03 2024,Tomeco,Copiulemu,17.7,23.48,True,79.59322033898306
Sat Feb 17 05:28:03 2024,Copiulemu,Tomeco,16.3,22.002,True,80.98895705521473
Sat Feb 17 05:28:03 2024,Tomeco,Copiulemu,17.7,23.48,False,79.59322033898306
Sat Feb 17 05:28:03 2024,Copiulemu,Tomeco,16.3,22.002,False,80.98895705521473
