Fecha,From,To,Tiempo (min),Distancia (km),Real Time,Velocidad promedia
Sat Dec  9 10:30:12 2023,Tomeco,Copiulemu,17.4,23.39,True,80.65517241379311
Sat Dec  9 10:30:12 2023,Copiulemu,Tomeco,14.516666666666667,22.002,True,90.93823191733638
Sat Dec  9 10:30:12 2023,Tomeco,Copiulemu,17.266666666666666,23.39,False,81.27799227799228
Sat Dec  9 10:30:12 2023,Copiulemu,Tomeco,14.866666666666667,22.002,False,88.79730941704035
