Fecha,From,To,Tiempo (min),Distancia (km),Real Time,Velocidad promedia
Sat Jun  8 13:28:03 2024,Tomeco,Copiulemu,17.6,23.48,True,80.04545454545455
Sat Jun  8 13:28:03 2024,Copiulemu,Tomeco,15.116666666666667,22.002,True,87.328776185226
Sat Jun  8 13:28:03 2024,Tomeco,Copiulemu,17.366666666666667,23.48,False,81.12092130518234
Sat Jun  8 13:28:03 2024,Copiulemu,Tomeco,15.033333333333333,22.002,False,87.81286031042129
