Fecha,From,To,Tiempo (min),Distancia (km),Real Time,Velocidad promedia
Sat May 28 20:36:27 2022,Tomeco,Copiulemu,17.066666666666666,23.39,True,82.23046875
Sat May 28 20:36:27 2022,Copiulemu,Tomeco,15.833333333333334,22.002,True,83.37599999999999
Sat May 28 20:36:27 2022,Tomeco,Copiulemu,16.7,23.39,False,84.03592814371258
Sat May 28 20:36:27 2022,Copiulemu,Tomeco,15.85,22.002,False,83.28832807570977
