Fecha,From,To,Tiempo (min),Distancia (km),Real Time,Velocidad promedia
Sat Apr 13 16:29:31 2024,Tomeco,Copiulemu,18.316666666666666,23.48,True,76.91355777979983
Sat Apr 13 16:29:31 2024,Copiulemu,Tomeco,17.283333333333335,22.002,True,76.38109932497589
Sat Apr 13 16:29:31 2024,Tomeco,Copiulemu,19.633333333333333,23.48,False,71.75551782682514
Sat Apr 13 16:29:31 2024,Copiulemu,Tomeco,17.283333333333335,22.002,False,76.38109932497589
