Fecha,From,To,Tiempo (min),Distancia (km),Real Time,Velocidad promedia
Sat Aug 24 21:28:07 2024,Tomeco,Copiulemu,18.616666666666667,23.48,True,75.67412712623099
Sat Aug 24 21:28:07 2024,Copiulemu,Tomeco,15.666666666666666,22.002,True,84.26297872340425
Sat Aug 24 21:28:07 2024,Tomeco,Copiulemu,18.383333333333333,23.48,False,76.63463281958296
Sat Aug 24 21:28:07 2024,Copiulemu,Tomeco,15.3,22.002,False,86.28235294117647
