Fecha,From,To,Tiempo (min),Distancia (km),Real Time,Velocidad promedia
Sat Sep  7 14:31:06 2024,Tomeco,Copiulemu,18.366666666666667,23.48,True,76.70417422867514
Sat Sep  7 14:31:06 2024,Copiulemu,Tomeco,15.716666666666667,22.002,True,83.99490986214211
Sat Sep  7 14:31:06 2024,Tomeco,Copiulemu,17.516666666666666,23.48,False,80.42626070409135
Sat Sep  7 14:31:06 2024,Copiulemu,Tomeco,15.666666666666666,22.002,False,84.26297872340425
