Fecha,From,To,Tiempo (min),Distancia (km),Real Time,Velocidad promedia
Sat May 21 14:31:53 2022,Tomeco,Copiulemu,16.9,23.39,True,83.04142011834321
Sat May 21 14:31:53 2022,Copiulemu,Tomeco,15.633333333333333,22.002,True,84.44264392324094
Sat May 21 14:31:53 2022,Tomeco,Copiulemu,16.716666666666665,23.39,False,83.95214356929213
Sat May 21 14:31:53 2022,Copiulemu,Tomeco,15.55,22.002,False,84.8951768488746
