Fecha,From,To,Tiempo (min),Distancia (km),Real Time,Velocidad promedia
Sat Jun  4 17:31:23 2022,Tomeco,Copiulemu,18.333333333333332,23.39,True,76.54909090909092
Sat Jun  4 17:31:23 2022,Copiulemu,Tomeco,16.45,22.002,True,80.25045592705166
Sat Jun  4 17:31:23 2022,Tomeco,Copiulemu,16.9,23.39,False,83.04142011834321
Sat Jun  4 17:31:23 2022,Copiulemu,Tomeco,15.983333333333333,22.002,False,82.59353493222106
