Fecha,From,To,Tiempo (min),Distancia (km),Real Time,Velocidad promedia
Sat Jul  9 15:36:11 2022,Tomeco,Copiulemu,17.466666666666665,23.39,True,80.34732824427482
Sat Jul  9 15:36:11 2022,Copiulemu,Tomeco,15.75,22.002,True,83.81714285714285
Sat Jul  9 15:36:11 2022,Tomeco,Copiulemu,16.783333333333335,23.39,False,83.61866931479642
Sat Jul  9 15:36:11 2022,Copiulemu,Tomeco,15.2,22.002,False,86.85000000000001
