Fecha,From,To,Tiempo (min),Distancia (km),Real Time,Velocidad promedia
Sat Apr  6 01:27:56 2024,Tomeco,Copiulemu,18.483333333333334,23.48,True,76.2200180342651
Sat Apr  6 01:27:56 2024,Copiulemu,Tomeco,16.066666666666666,22.002,True,82.16514522821576
Sat Apr  6 01:27:56 2024,Tomeco,Copiulemu,18.466666666666665,23.48,False,76.28880866425993
Sat Apr  6 01:27:56 2024,Copiulemu,Tomeco,15.9,22.002,False,83.02641509433961
