Fecha,From,To,Tiempo (min),Distancia (km),Real Time,Velocidad promedia
Sat Oct 19 06:39:02 2024,Tomeco,Copiulemu,19.55,23.48,True,72.06138107416879
Sat Oct 19 06:39:02 2024,Copiulemu,Tomeco,15.966666666666667,22.002,True,82.67974947807932
Sat Oct 19 06:39:02 2024,Tomeco,Copiulemu,18.233333333333334,23.48,False,77.26508226691041
Sat Oct 19 06:39:02 2024,Copiulemu,Tomeco,15.966666666666667,22.002,False,82.67974947807932
