Fecha,From,To,Tiempo (min),Distancia (km),Real Time,Velocidad promedia
Sat Sep 23 10:28:48 2023,Tomeco,Copiulemu,17.733333333333334,23.39,True,79.1390977443609
Sat Sep 23 10:28:48 2023,Copiulemu,Tomeco,15.5,22.002,True,85.1690322580645
Sat Sep 23 10:28:48 2023,Tomeco,Copiulemu,17.666666666666668,23.39,False,79.43773584905661
Sat Sep 23 10:28:48 2023,Copiulemu,Tomeco,15.2,22.002,False,86.85000000000001
