Fecha,From,To,Tiempo (min),Distancia (km),Real Time,Velocidad promedia
Sat Nov  9 22:31:48 2024,Tomeco,Copiulemu,18.616666666666667,23.45,True,75.57743957027753
Sat Nov  9 22:31:48 2024,Copiulemu,Tomeco,15.6,21.968,True,84.49230769230769
Sat Nov  9 22:31:48 2024,Tomeco,Copiulemu,18.383333333333333,23.45,False,76.53671804170445
Sat Nov  9 22:31:48 2024,Copiulemu,Tomeco,15.466666666666667,21.968,False,85.22068965517242
