Fecha,From,To,Tiempo (min),Distancia (km),Real Time,Velocidad promedia
Sat May 21 12:56:07 2022,Tomeco,Copiulemu,16.533333333333335,23.39,True,84.88306451612902
Sat May 21 12:56:07 2022,Copiulemu,Tomeco,15.166666666666666,22.002,True,87.04087912087913
Sat May 21 12:56:07 2022,Tomeco,Copiulemu,16.516666666666666,23.39,False,84.96871846619577
Sat May 21 12:56:07 2022,Copiulemu,Tomeco,15.15,22.002,False,87.13663366336633
