Fecha,From,To,Tiempo (min),Distancia (km),Real Time,Velocidad promedia
Sat Dec 16 21:28:12 2023,Tomeco,Copiulemu,17.566666666666666,23.39,True,79.88994307400381
Sat Dec 16 21:28:12 2023,Copiulemu,Tomeco,15.183333333333334,22.002,True,86.94533479692646
Sat Dec 16 21:28:12 2023,Tomeco,Copiulemu,17.316666666666666,23.39,False,81.04331087584217
Sat Dec 16 21:28:12 2023,Copiulemu,Tomeco,15.15,22.002,False,87.13663366336633
