Fecha,From,To,Tiempo (min),Distancia (km),Real Time,Velocidad promedia
Sat Aug  3 19:28:02 2024,Tomeco,Copiulemu,18.016666666666666,23.48,True,78.19426456984274
Sat Aug  3 19:28:02 2024,Copiulemu,Tomeco,16.15,22.002,True,81.74117647058823
Sat Aug  3 19:28:02 2024,Tomeco,Copiulemu,17.65,23.48,False,79.8186968838527
Sat Aug  3 19:28:02 2024,Copiulemu,Tomeco,15.933333333333334,22.002,False,82.85271966527196
