Fecha,From,To,Tiempo (min),Distancia (km),Real Time,Velocidad promedia
Sat Feb 17 21:28:16 2024,Tomeco,Copiulemu,18.766666666666666,23.48,True,75.06927175843695
Sat Feb 17 21:28:16 2024,Copiulemu,Tomeco,15.3,22.002,True,86.28235294117647
Sat Feb 17 21:28:16 2024,Tomeco,Copiulemu,18.166666666666668,23.48,False,77.548623853211
Sat Feb 17 21:28:16 2024,Copiulemu,Tomeco,15.266666666666667,22.002,False,86.47074235807858
