Fecha,From,To,Tiempo (min),Distancia (km),Real Time,Velocidad promedia
Sat Jun 15 17:28:36 2024,Tomeco,Copiulemu,18.083333333333332,23.48,True,77.90599078341015
Sat Jun 15 17:28:36 2024,Copiulemu,Tomeco,15.583333333333334,22.002,True,84.71358288770053
Sat Jun 15 17:28:36 2024,Tomeco,Copiulemu,17.566666666666666,23.48,False,80.19734345351044
Sat Jun 15 17:28:36 2024,Copiulemu,Tomeco,15.583333333333334,22.002,False,84.71358288770053
