Fecha,From,To,Tiempo (min),Distancia (km),Real Time,Velocidad promedia
Sat May 14 04:52:38 2022,Tomeco,Copiulemu,16.583333333333332,23.39,True,84.62713567839198
Sat May 14 04:52:38 2022,Copiulemu,Tomeco,15.35,22.002,True,86.0013029315961
Sat May 14 04:52:38 2022,Tomeco,Copiulemu,16.633333333333333,23.39,False,84.37274549098197
Sat May 14 04:52:38 2022,Copiulemu,Tomeco,15.35,22.002,False,86.0013029315961
