Fecha,From,To,Tiempo (min),Distancia (km),Real Time,Velocidad promedia
Sat Apr  2 02:05:04 2022,Tomeco,Copiulemu,18.433333333333334,23.39,True,76.13381555153707
Sat Apr  2 02:05:04 2022,Copiulemu,Tomeco,15.916666666666666,22.002,True,82.93947643979057
Sat Apr  2 02:05:04 2022,Tomeco,Copiulemu,18.183333333333334,23.39,False,77.18056828597616
Sat Apr  2 02:05:04 2022,Copiulemu,Tomeco,15.7,22.002,False,84.08407643312101
