Fecha,From,To,Tiempo (min),Distancia (km),Real Time,Velocidad promedia
Sat Jul 23 20:35:21 2022,Tomeco,Copiulemu,17.6,23.39,True,79.73863636363636
Sat Jul 23 20:35:21 2022,Copiulemu,Tomeco,15.983333333333333,22.002,True,82.59353493222106
Sat Jul 23 20:35:21 2022,Tomeco,Copiulemu,17.283333333333335,23.39,False,81.19961427193829
Sat Jul 23 20:35:21 2022,Copiulemu,Tomeco,15.983333333333333,22.002,False,82.59353493222106
