Fecha,From,To,Tiempo (min),Distancia (km),Real Time,Velocidad promedia
Sat Sep 21 08:34:28 2024,Tomeco,Copiulemu,18.466666666666665,23.48,True,76.28880866425993
Sat Sep 21 08:34:28 2024,Copiulemu,Tomeco,15.65,22.002,True,84.35271565495206
Sat Sep 21 08:34:28 2024,Tomeco,Copiulemu,18.466666666666665,23.48,False,76.28880866425993
Sat Sep 21 08:34:28 2024,Copiulemu,Tomeco,15.633333333333333,22.002,False,84.44264392324094
