Fecha,From,To,Tiempo (min),Distancia (km),Real Time,Velocidad promedia
Sat Oct  5 08:36:44 2024,Tomeco,Copiulemu,18.35,23.48,True,76.77384196185285
Sat Oct  5 08:36:44 2024,Copiulemu,Tomeco,15.583333333333334,22.002,True,84.71358288770053
Sat Oct  5 08:36:44 2024,Tomeco,Copiulemu,18.35,23.48,False,76.77384196185285
Sat Oct  5 08:36:44 2024,Copiulemu,Tomeco,15.583333333333334,22.002,False,84.71358288770053
