Fecha,From,To,Tiempo (min),Distancia (km),Real Time,Velocidad promedia
Sat Sep 24 17:40:33 2022,Tomeco,Copiulemu,17.166666666666668,23.39,True,81.7514563106796
Sat Sep 24 17:40:33 2022,Copiulemu,Tomeco,14.933333333333334,22.002,True,88.40089285714285
Sat Sep 24 17:40:33 2022,Tomeco,Copiulemu,16.233333333333334,23.39,False,86.4517453798768
Sat Sep 24 17:40:33 2022,Copiulemu,Tomeco,14.916666666666666,22.002,False,88.49966480446928
