Fecha,From,To,Tiempo (min),Distancia (km),Real Time,Velocidad promedia
Sat Sep 14 14:31:13 2024,Tomeco,Copiulemu,17.616666666666667,23.48,True,79.96972563859981
Sat Sep 14 14:31:13 2024,Copiulemu,Tomeco,15.716666666666667,22.002,True,83.99490986214211
Sat Sep 14 14:31:13 2024,Tomeco,Copiulemu,17.616666666666667,23.48,False,79.96972563859981
Sat Sep 14 14:31:13 2024,Copiulemu,Tomeco,15.7,22.002,False,84.08407643312101
