Fecha,From,To,Tiempo (min),Distancia (km),Real Time,Velocidad promedia
Sat Jul 23 14:32:01 2022,Tomeco,Copiulemu,16.433333333333334,23.39,True,85.39959432048681
Sat Jul 23 14:32:01 2022,Copiulemu,Tomeco,15.7,22.002,True,84.08407643312101
Sat Jul 23 14:32:01 2022,Tomeco,Copiulemu,16.333333333333332,23.39,False,85.92244897959185
Sat Jul 23 14:32:01 2022,Copiulemu,Tomeco,15.533333333333333,22.002,False,84.9862660944206
