Fecha,From,To,Tiempo (min),Distancia (km),Real Time,Velocidad promedia
Sat Nov  2 10:35:17 2024,Tomeco,Copiulemu,17.85,23.45,True,78.8235294117647
Sat Nov  2 10:35:17 2024,Copiulemu,Tomeco,15.716666666666667,21.968,True,83.86511134676564
Sat Nov  2 10:35:17 2024,Tomeco,Copiulemu,17.766666666666666,23.45,False,79.19324577861163
Sat Nov  2 10:35:17 2024,Copiulemu,Tomeco,15.166666666666666,21.968,False,86.90637362637364
