Fecha,From,To,Tiempo (min),Distancia (km),Real Time,Velocidad promedia
Sat Jan 13 13:28:03 2024,Tomeco,Copiulemu,17.433333333333334,23.48,True,80.81070745697896
Sat Jan 13 13:28:03 2024,Copiulemu,Tomeco,17.1,22.002,True,77.19999999999999
Sat Jan 13 13:28:03 2024,Tomeco,Copiulemu,17.433333333333334,23.48,False,80.81070745697896
Sat Jan 13 13:28:03 2024,Copiulemu,Tomeco,15.616666666666667,22.002,False,84.53276414087513
