Fecha,From,To,Tiempo (min),Distancia (km),Real Time,Velocidad promedia
Sat Nov  2 02:58:19 2024,Tomeco,Copiulemu,19.033333333333335,23.45,True,73.92294220665498
Sat Nov  2 02:58:19 2024,Copiulemu,Tomeco,15.35,21.968,True,85.8684039087948
Sat Nov  2 02:58:19 2024,Tomeco,Copiulemu,18.2,23.45,False,77.3076923076923
Sat Nov  2 02:58:19 2024,Copiulemu,Tomeco,15.333333333333334,21.968,False,85.96173913043476
