Fecha,From,To,Tiempo (min),Distancia (km),Real Time,Velocidad promedia
Sat Dec  7 21:29:54 2024,Tomeco,Copiulemu,17.733333333333334,23.45,True,79.34210526315789
Sat Dec  7 21:29:54 2024,Copiulemu,Tomeco,15.2,21.968,True,86.71578947368423
Sat Dec  7 21:29:54 2024,Tomeco,Copiulemu,17.666666666666668,23.45,False,79.64150943396226
Sat Dec  7 21:29:54 2024,Copiulemu,Tomeco,15.083333333333334,21.968,False,87.38651933701658
