Fecha,From,To,Tiempo (min),Distancia (km),Real Time,Velocidad promedia
Sat Jun 11 19:28:01 2022,Tomeco,Copiulemu,16.816666666666666,23.39,True,83.45292368681864
Sat Jun 11 19:28:01 2022,Copiulemu,Tomeco,16.083333333333332,21.461,True,80.06176165803109
Sat Jun 11 19:28:01 2022,Tomeco,Copiulemu,16.8,23.39,False,83.53571428571428
Sat Jun 11 19:28:01 2022,Copiulemu,Tomeco,16.083333333333332,21.461,False,80.06176165803109
