Fecha,From,To,Tiempo (min),Distancia (km),Real Time,Velocidad promedia
Sat Nov 30 22:35:31 2024,Tomeco,Copiulemu,18.55,23.45,True,75.84905660377358
Sat Nov 30 22:35:31 2024,Copiulemu,Tomeco,15.266666666666667,21.968,True,86.33711790393012
Sat Nov 30 22:35:31 2024,Tomeco,Copiulemu,17.8,23.45,False,79.04494382022472
Sat Nov 30 22:35:31 2024,Copiulemu,Tomeco,15.083333333333334,21.968,False,87.38651933701658
