Fecha,From,To,Tiempo (min),Distancia (km),Real Time,Velocidad promedia
Sat May 28 12:55:55 2022,Tomeco,Copiulemu,17.333333333333332,23.39,True,80.96538461538462
Sat May 28 12:55:55 2022,Copiulemu,Tomeco,15.483333333333333,22.002,True,85.26071044133477
Sat May 28 12:55:55 2022,Tomeco,Copiulemu,16.783333333333335,23.39,False,83.61866931479642
Sat May 28 12:55:55 2022,Copiulemu,Tomeco,15.316666666666666,22.002,False,86.18846572361262
