Fecha,From,To,Tiempo (min),Distancia (km),Real Time,Velocidad promedia
Sat Nov 23 04:37:42 2024,Tomeco,Copiulemu,18.983333333333334,23.45,True,74.11764705882352
Sat Nov 23 04:37:42 2024,Copiulemu,Tomeco,16.483333333333334,21.968,True,79.9644084934277
Sat Nov 23 04:37:42 2024,Tomeco,Copiulemu,18.983333333333334,23.45,False,74.11764705882352
Sat Nov 23 04:37:42 2024,Copiulemu,Tomeco,16.2,21.968,False,81.36296296296297
