Fecha,From,To,Tiempo (min),Distancia (km),Real Time,Velocidad promedia
Sat Oct 12 10:34:46 2024,Tomeco,Copiulemu,18.266666666666666,23.48,True,77.1240875912409
Sat Oct 12 10:34:46 2024,Copiulemu,Tomeco,15.166666666666666,22.002,True,87.04087912087913
Sat Oct 12 10:34:46 2024,Tomeco,Copiulemu,17.816666666666666,23.48,False,79.07202993451824
Sat Oct 12 10:34:46 2024,Copiulemu,Tomeco,14.966666666666667,22.002,False,88.20400890868596
