Fecha,From,To,Tiempo (min),Distancia (km),Real Time,Velocidad promedia
Sat May 25 12:44:09 2024,Tomeco,Copiulemu,18.366666666666667,23.48,True,76.70417422867514
Sat May 25 12:44:09 2024,Copiulemu,Tomeco,14.75,22.002,True,89.49966101694915
Sat May 25 12:44:09 2024,Tomeco,Copiulemu,17.55,23.48,False,80.27350427350426
Sat May 25 12:44:09 2024,Copiulemu,Tomeco,14.733333333333333,22.002,False,89.60090497737556
