Fecha,From,To,Tiempo (min),Distancia (km),Real Time,Velocidad promedia
Sat Jun 29 14:30:41 2024,Tomeco,Copiulemu,18.183333333333334,23.48,True,77.47754353803849
Sat Jun 29 14:30:41 2024,Copiulemu,Tomeco,15.333333333333334,22.002,True,86.09478260869564
Sat Jun 29 14:30:41 2024,Tomeco,Copiulemu,17.716666666666665,23.48,False,79.51834430856069
Sat Jun 29 14:30:41 2024,Copiulemu,Tomeco,15.216666666666667,22.002,False,86.75487404162102
