Fecha,From,To,Tiempo (min),Distancia (km),Real Time,Velocidad promedia
Sat Jun 18 12:53:13 2022,Tomeco,Copiulemu,17.016666666666666,23.39,True,82.4720861900098
Sat Jun 18 12:53:13 2022,Copiulemu,Tomeco,14.933333333333334,22.002,True,88.40089285714285
Sat Jun 18 12:53:13 2022,Tomeco,Copiulemu,17.016666666666666,23.39,False,82.4720861900098
Sat Jun 18 12:53:13 2022,Copiulemu,Tomeco,14.933333333333334,22.002,False,88.40089285714285
