Fecha,From,To,Tiempo (min),Distancia (km),Real Time,Velocidad promedia
Sat Oct  5 23:29:08 2024,Tomeco,Copiulemu,18.316666666666666,23.48,True,76.91355777979983
Sat Oct  5 23:29:08 2024,Copiulemu,Tomeco,15.833333333333334,22.002,True,83.37599999999999
Sat Oct  5 23:29:08 2024,Tomeco,Copiulemu,18.233333333333334,23.48,False,77.26508226691041
Sat Oct  5 23:29:08 2024,Copiulemu,Tomeco,15.433333333333334,22.002,False,85.53693304535636
