Fecha,From,To,Tiempo (min),Distancia (km),Real Time,Velocidad promedia
Sat Feb 10 06:28:47 2024,Tomeco,Copiulemu,19.15,23.48,True,73.56657963446476
Sat Feb 10 06:28:47 2024,Copiulemu,Tomeco,16.2,22.002,True,81.4888888888889
Sat Feb 10 06:28:47 2024,Tomeco,Copiulemu,19.016666666666666,23.48,False,74.08238387379492
Sat Feb 10 06:28:47 2024,Copiulemu,Tomeco,16.2,22.002,False,81.4888888888889
