Fecha,From,To,Tiempo (min),Distancia (km),Real Time,Velocidad promedia
Sat Jan 13 17:28:05 2024,Tomeco,Copiulemu,17.65,23.48,True,79.8186968838527
Sat Jan 13 17:28:05 2024,Copiulemu,Tomeco,16.85,22.002,True,78.3454005934718
Sat Jan 13 17:28:05 2024,Tomeco,Copiulemu,17.633333333333333,23.48,False,79.89413988657846
Sat Jan 13 17:28:05 2024,Copiulemu,Tomeco,15.566666666666666,22.002,False,84.80428265524625
