Fecha,From,To,Tiempo (min),Distancia (km),Real Time,Velocidad promedia
Sat Dec  2 04:30:16 2023,Tomeco,Copiulemu,17.9,23.39,True,78.40223463687153
Sat Dec  2 04:30:16 2023,Copiulemu,Tomeco,14.95,21.461,True,86.13110367892976
Sat Dec  2 04:30:16 2023,Tomeco,Copiulemu,17.9,23.39,False,78.40223463687153
Sat Dec  2 04:30:16 2023,Copiulemu,Tomeco,15.433333333333334,21.461,False,83.43369330453562
