Fecha,From,To,Tiempo (min),Distancia (km),Real Time,Velocidad promedia
Sat May 21 01:54:57 2022,Tomeco,Copiulemu,16.766666666666666,23.39,True,83.70178926441352
Sat May 21 01:54:57 2022,Copiulemu,Tomeco,16.116666666666667,22.002,True,81.91023784901756
Sat May 21 01:54:57 2022,Tomeco,Copiulemu,16.683333333333334,23.39,False,84.11988011988012
Sat May 21 01:54:57 2022,Copiulemu,Tomeco,16.066666666666666,22.002,False,82.16514522821576
