Fecha,From,To,Tiempo (min),Distancia (km),Real Time,Velocidad promedia
Sat Sep 10 17:40:29 2022,Tomeco,Copiulemu,16.683333333333334,23.39,True,84.11988011988012
Sat Sep 10 17:40:29 2022,Copiulemu,Tomeco,15.066666666666666,22.002,True,87.61858407079646
Sat Sep 10 17:40:29 2022,Tomeco,Copiulemu,16.683333333333334,23.39,False,84.11988011988012
Sat Sep 10 17:40:29 2022,Copiulemu,Tomeco,15.016666666666667,22.002,False,87.91032186459489
