Fecha,From,To,Tiempo (min),Distancia (km),Real Time,Velocidad promedia
Sat Oct 12 21:30:18 2024,Tomeco,Copiulemu,18.0,23.48,True,78.26666666666667
Sat Oct 12 21:30:18 2024,Copiulemu,Tomeco,15.2,22.002,True,86.85000000000001
Sat Oct 12 21:30:18 2024,Tomeco,Copiulemu,19.05,23.48,False,73.95275590551181
Sat Oct 12 21:30:18 2024,Copiulemu,Tomeco,15.166666666666666,22.002,False,87.04087912087913
