Fecha,From,To,Tiempo (min),Distancia (km),Real Time,Velocidad promedia
Sat Jun 29 04:34:21 2024,Tomeco,Copiulemu,18.766666666666666,23.48,True,75.06927175843695
Sat Jun 29 04:34:21 2024,Copiulemu,Tomeco,16.266666666666666,22.002,True,81.1549180327869
Sat Jun 29 04:34:21 2024,Tomeco,Copiulemu,18.75,23.48,False,75.136
Sat Jun 29 04:34:21 2024,Copiulemu,Tomeco,16.25,22.002,False,81.23815384615385
