Fecha,From,To,Tiempo (min),Distancia (km),Real Time,Velocidad promedia
Sat Sep 23 20:28:13 2023,Tomeco,Copiulemu,17.866666666666667,23.39,True,78.54850746268656
Sat Sep 23 20:28:13 2023,Copiulemu,Tomeco,15.333333333333334,22.002,True,86.09478260869564
Sat Sep 23 20:28:13 2023,Tomeco,Copiulemu,17.766666666666666,23.39,False,78.9906191369606
Sat Sep 23 20:28:13 2023,Copiulemu,Tomeco,15.316666666666666,22.002,False,86.18846572361262
