Fecha,From,To,Tiempo (min),Distancia (km),Real Time,Velocidad promedia
Sat Sep 17 06:45:48 2022,Tomeco,Copiulemu,17.266666666666666,23.39,True,81.27799227799228
Sat Sep 17 06:45:48 2022,Copiulemu,Tomeco,15.25,22.002,True,86.56524590163934
Sat Sep 17 06:45:48 2022,Tomeco,Copiulemu,17.266666666666666,23.39,False,81.27799227799228
Sat Sep 17 06:45:48 2022,Copiulemu,Tomeco,15.25,22.002,False,86.56524590163934
