Fecha,From,To,Tiempo (min),Distancia (km),Real Time,Velocidad promedia
Sat Sep 23 17:28:18 2023,Tomeco,Copiulemu,17.866666666666667,23.39,True,78.54850746268656
Sat Sep 23 17:28:18 2023,Copiulemu,Tomeco,15.833333333333334,22.002,True,83.37599999999999
Sat Sep 23 17:28:18 2023,Tomeco,Copiulemu,17.516666666666666,23.39,False,80.11798287345385
Sat Sep 23 17:28:18 2023,Copiulemu,Tomeco,15.766666666666667,22.002,False,83.72854122621564
