Fecha,From,To,Tiempo (min),Distancia (km),Real Time,Velocidad promedia
Sat Feb  3 08:28:12 2024,Tomeco,Copiulemu,18.433333333333334,23.48,True,76.42676311030742
Sat Feb  3 08:28:12 2024,Copiulemu,Tomeco,15.866666666666667,22.002,True,83.20084033613446
Sat Feb  3 08:28:12 2024,Tomeco,Copiulemu,18.433333333333334,23.48,False,76.42676311030742
Sat Feb  3 08:28:12 2024,Copiulemu,Tomeco,15.866666666666667,22.002,False,83.20084033613446
