Fecha,From,To,Tiempo (min),Distancia (km),Real Time,Velocidad promedia
Sat Jan 27 15:28:18 2024,Tomeco,Copiulemu,18.783333333333335,23.48,True,75.00266193433895
Sat Jan 27 15:28:18 2024,Copiulemu,Tomeco,17.25,22.002,True,76.52869565217391
Sat Jan 27 15:28:18 2024,Tomeco,Copiulemu,17.9,23.48,False,78.70391061452516
Sat Jan 27 15:28:18 2024,Copiulemu,Tomeco,17.233333333333334,22.002,False,76.6027079303675
