Fecha,From,To,Tiempo (min),Distancia (km),Real Time,Velocidad promedia
Sat Jul 16 20:33:34 2022,Tomeco,Copiulemu,17.183333333333334,23.39,True,81.6721629485936
Sat Jul 16 20:33:34 2022,Copiulemu,Tomeco,15.966666666666667,22.002,True,82.67974947807932
Sat Jul 16 20:33:34 2022,Tomeco,Copiulemu,17.183333333333334,23.39,False,81.6721629485936
Sat Jul 16 20:33:34 2022,Copiulemu,Tomeco,15.966666666666667,22.002,False,82.67974947807932
