Fecha,From,To,Tiempo (min),Distancia (km),Real Time,Velocidad promedia
Sat Apr 20 14:28:15 2024,Tomeco,Copiulemu,17.8,23.48,True,79.14606741573033
Sat Apr 20 14:28:15 2024,Copiulemu,Tomeco,15.916666666666666,22.002,True,82.93947643979057
Sat Apr 20 14:28:15 2024,Tomeco,Copiulemu,17.8,23.48,False,79.14606741573033
Sat Apr 20 14:28:15 2024,Copiulemu,Tomeco,15.833333333333334,22.002,False,83.37599999999999
