Fecha,From,To,Tiempo (min),Distancia (km),Real Time,Velocidad promedia
Sat Nov 18 13:28:03 2023,Tomeco,Copiulemu,17.333333333333332,23.39,True,80.96538461538462
Sat Nov 18 13:28:03 2023,Copiulemu,Tomeco,16.25,22.002,True,81.23815384615385
Sat Nov 18 13:28:03 2023,Tomeco,Copiulemu,17.35,23.39,False,80.88760806916426
Sat Nov 18 13:28:03 2023,Copiulemu,Tomeco,15.4,22.002,False,85.72207792207791
