Fecha,From,To,Tiempo (min),Distancia (km),Real Time,Velocidad promedia
Sat Nov 23 22:34:50 2024,Tomeco,Copiulemu,17.9,23.45,True,78.60335195530728
Sat Nov 23 22:34:50 2024,Copiulemu,Tomeco,15.483333333333333,21.564,True,83.56340150699678
Sat Nov 23 22:34:50 2024,Tomeco,Copiulemu,17.55,23.45,False,80.17094017094016
Sat Nov 23 22:34:50 2024,Copiulemu,Tomeco,15.416666666666666,21.564,False,83.92475675675676
