Fecha,From,To,Tiempo (min),Distancia (km),Real Time,Velocidad promedia
Sat Apr 27 10:31:39 2024,Tomeco,Copiulemu,18.816666666666666,23.48,True,74.8697962798937
Sat Apr 27 10:31:39 2024,Copiulemu,Tomeco,15.433333333333334,22.002,True,85.53693304535636
Sat Apr 27 10:31:39 2024,Tomeco,Copiulemu,18.833333333333332,23.48,False,74.80353982300885
Sat Apr 27 10:31:39 2024,Copiulemu,Tomeco,15.433333333333334,22.002,False,85.53693304535636
