Fecha,From,To,Tiempo (min),Distancia (km),Real Time,Velocidad promedia
Sat Aug 27 08:41:00 2022,Tomeco,Copiulemu,17.383333333333333,23.39,True,80.73250239693193
Sat Aug 27 08:41:00 2022,Copiulemu,Tomeco,15.533333333333333,22.002,True,84.9862660944206
Sat Aug 27 08:41:00 2022,Tomeco,Copiulemu,17.383333333333333,23.39,False,80.73250239693193
Sat Aug 27 08:41:00 2022,Copiulemu,Tomeco,15.533333333333333,22.002,False,84.9862660944206
