Fecha,From,To,Tiempo (min),Distancia (km),Real Time,Velocidad promedia
Sat Dec 14 02:05:06 2024,Tomeco,Copiulemu,18.766666666666666,23.45,True,74.9733570159858
Sat Dec 14 02:05:06 2024,Copiulemu,Tomeco,16.1,21.968,True,81.86832298136645
Sat Dec 14 02:05:06 2024,Tomeco,Copiulemu,18.383333333333333,23.45,False,76.53671804170445
Sat Dec 14 02:05:06 2024,Copiulemu,Tomeco,16.016666666666666,21.968,False,82.2942767950052
