Fecha,From,To,Tiempo (min),Distancia (km),Real Time,Velocidad promedia
Sat Sep  7 22:34:14 2024,Tomeco,Copiulemu,18.966666666666665,23.48,True,74.27768014059755
Sat Sep  7 22:34:14 2024,Copiulemu,Tomeco,15.316666666666666,22.002,True,86.18846572361262
Sat Sep  7 22:34:14 2024,Tomeco,Copiulemu,18.7,23.48,False,75.33689839572193
Sat Sep  7 22:34:14 2024,Copiulemu,Tomeco,15.316666666666666,22.002,False,86.18846572361262
