Fecha,From,To,Tiempo (min),Distancia (km),Real Time,Velocidad promedia
Sat Feb 17 03:28:07 2024,Tomeco,Copiulemu,18.483333333333334,23.48,True,76.2200180342651
Sat Feb 17 03:28:07 2024,Copiulemu,Tomeco,17.733333333333334,22.002,True,74.44285714285714
Sat Feb 17 03:28:07 2024,Tomeco,Copiulemu,18.466666666666665,23.48,False,76.28880866425993
Sat Feb 17 03:28:07 2024,Copiulemu,Tomeco,16.116666666666667,22.002,False,81.91023784901756
