Fecha,From,To,Tiempo (min),Distancia (km),Real Time,Velocidad promedia
Sat Jul 23 13:41:56 2022,Tomeco,Copiulemu,16.766666666666666,23.39,True,83.70178926441352
Sat Jul 23 13:41:56 2022,Copiulemu,Tomeco,15.85,22.002,True,83.28832807570977
Sat Jul 23 13:41:56 2022,Tomeco,Copiulemu,16.533333333333335,23.39,False,84.88306451612902
Sat Jul 23 13:41:56 2022,Copiulemu,Tomeco,15.183333333333334,22.002,False,86.94533479692646
