Fecha,From,To,Tiempo (min),Distancia (km),Real Time,Velocidad promedia
Sat Oct 19 20:33:23 2024,Tomeco,Copiulemu,17.933333333333334,23.48,True,78.55762081784387
Sat Oct 19 20:33:23 2024,Copiulemu,Tomeco,15.416666666666666,22.002,True,85.62940540540541
Sat Oct 19 20:33:23 2024,Tomeco,Copiulemu,18.35,23.48,False,76.77384196185285
Sat Oct 19 20:33:23 2024,Copiulemu,Tomeco,15.35,22.002,False,86.0013029315961
