Fecha,From,To,Tiempo (min),Distancia (km),Real Time,Velocidad promedia
Sat Apr 16 04:43:34 2022,Tomeco,Copiulemu,18.05,23.39,True,77.75069252077563
Sat Apr 16 04:43:34 2022,Copiulemu,Tomeco,15.1,22.002,True,87.4251655629139
Sat Apr 16 04:43:34 2022,Tomeco,Copiulemu,18.05,23.39,False,77.75069252077563
Sat Apr 16 04:43:34 2022,Copiulemu,Tomeco,15.1,22.002,False,87.4251655629139
