Fecha,From,To,Tiempo (min),Distancia (km),Real Time,Velocidad promedia
Sat Jul 23 23:34:05 2022,Tomeco,Copiulemu,17.666666666666668,23.39,True,79.43773584905661
Sat Jul 23 23:34:05 2022,Copiulemu,Tomeco,15.55,22.002,True,84.8951768488746
Sat Jul 23 23:34:05 2022,Tomeco,Copiulemu,17.366666666666667,23.39,False,80.80998080614204
Sat Jul 23 23:34:05 2022,Copiulemu,Tomeco,15.416666666666666,22.002,False,85.62940540540541
