Fecha,From,To,Tiempo (min),Distancia (km),Real Time,Velocidad promedia
Sat Oct 14 04:29:22 2023,Tomeco,Copiulemu,17.85,23.39,True,78.62184873949579
Sat Oct 14 04:29:22 2023,Copiulemu,Tomeco,15.716666666666667,22.002,True,83.99490986214211
Sat Oct 14 04:29:22 2023,Tomeco,Copiulemu,17.85,23.39,False,78.62184873949579
Sat Oct 14 04:29:22 2023,Copiulemu,Tomeco,15.716666666666667,22.002,False,83.99490986214211
