Fecha,From,To,Tiempo (min),Distancia (km),Real Time,Velocidad promedia
Sat Apr 20 05:28:30 2024,Tomeco,Copiulemu,18.616666666666667,23.48,True,75.67412712623099
Sat Apr 20 05:28:30 2024,Copiulemu,Tomeco,16.2,22.002,True,81.4888888888889
Sat Apr 20 05:28:30 2024,Tomeco,Copiulemu,18.616666666666667,23.48,False,75.67412712623099
Sat Apr 20 05:28:30 2024,Copiulemu,Tomeco,16.1,22.002,False,81.99503105590061
