Fecha,From,To,Tiempo (min),Distancia (km),Real Time,Velocidad promedia
Sat Oct 26 10:38:00 2024,Tomeco,Copiulemu,17.9,23.45,True,78.60335195530728
Sat Oct 26 10:38:00 2024,Copiulemu,Tomeco,15.266666666666667,21.968,True,86.33711790393012
Sat Oct 26 10:38:00 2024,Tomeco,Copiulemu,17.733333333333334,23.45,False,79.34210526315789
Sat Oct 26 10:38:00 2024,Copiulemu,Tomeco,15.283333333333333,21.968,False,86.24296619411123
