Fecha,From,To,Tiempo (min),Distancia (km),Real Time,Velocidad promedia
Sat May  7 23:34:11 2022,Tomeco,Copiulemu,18.2,23.39,True,77.1098901098901
Sat May  7 23:34:11 2022,Copiulemu,Tomeco,15.5,22.002,True,85.1690322580645
Sat May  7 23:34:11 2022,Tomeco,Copiulemu,17.783333333333335,23.39,False,78.91658856607309
Sat May  7 23:34:11 2022,Copiulemu,Tomeco,15.483333333333333,22.002,False,85.26071044133477
