Fecha,From,To,Tiempo (min),Distancia (km),Real Time,Velocidad promedia
Sat Sep 30 14:28:07 2023,Tomeco,Copiulemu,17.483333333333334,23.39,True,80.27073403241181
Sat Sep 30 14:28:07 2023,Copiulemu,Tomeco,15.033333333333333,22.002,True,87.81286031042129
Sat Sep 30 14:28:07 2023,Tomeco,Copiulemu,17.466666666666665,23.39,False,80.34732824427482
Sat Sep 30 14:28:07 2023,Copiulemu,Tomeco,15.666666666666666,22.002,False,84.26297872340425
