Fecha,From,To,Tiempo (min),Distancia (km),Real Time,Velocidad promedia
Sat Oct 26 18:37:34 2024,Tomeco,Copiulemu,17.466666666666665,23.45,True,80.55343511450381
Sat Oct 26 18:37:34 2024,Copiulemu,Tomeco,16.65,21.968,True,79.16396396396398
Sat Oct 26 18:37:34 2024,Tomeco,Copiulemu,17.466666666666665,23.45,False,80.55343511450381
Sat Oct 26 18:37:34 2024,Copiulemu,Tomeco,15.683333333333334,21.968,False,84.0433581296493
