Fecha,From,To,Tiempo (min),Distancia (km),Real Time,Velocidad promedia
Sat Jun 18 16:47:08 2022,Tomeco,Copiulemu,16.883333333333333,23.39,True,83.12339585389932
Sat Jun 18 16:47:08 2022,Copiulemu,Tomeco,15.05,22.002,True,87.71561461794019
Sat Jun 18 16:47:08 2022,Tomeco,Copiulemu,16.883333333333333,23.39,False,83.12339585389932
Sat Jun 18 16:47:08 2022,Copiulemu,Tomeco,16.633333333333333,22.002,False,79.36593186372745
