Fecha,From,To,Tiempo (min),Distancia (km),Real Time,Velocidad promedia
Sat Nov  2 04:37:30 2024,Tomeco,Copiulemu,17.8,23.45,True,79.04494382022472
Sat Nov  2 04:37:30 2024,Copiulemu,Tomeco,15.116666666666667,21.968,True,87.19382579933847
Sat Nov  2 04:37:30 2024,Tomeco,Copiulemu,17.8,23.45,False,79.04494382022472
Sat Nov  2 04:37:30 2024,Copiulemu,Tomeco,15.116666666666667,21.968,False,87.19382579933847
