Fecha,From,To,Tiempo (min),Distancia (km),Real Time,Velocidad promedia
Sat Feb  3 18:28:18 2024,Tomeco,Copiulemu,17.633333333333333,23.48,True,79.89413988657846
Sat Feb  3 18:28:18 2024,Copiulemu,Tomeco,15.133333333333333,22.002,True,87.23259911894272
Sat Feb  3 18:28:18 2024,Tomeco,Copiulemu,17.633333333333333,23.48,False,79.89413988657846
Sat Feb  3 18:28:18 2024,Copiulemu,Tomeco,15.6,22.002,False,84.62307692307692
