Fecha,From,To,Tiempo (min),Distancia (km),Real Time,Velocidad promedia
Sat May 18 02:37:24 2024,Tomeco,Copiulemu,18.833333333333332,23.48,True,74.80353982300885
Sat May 18 02:37:24 2024,Copiulemu,Tomeco,16.133333333333333,22.002,True,81.82561983471074
Sat May 18 02:37:24 2024,Tomeco,Copiulemu,18.833333333333332,23.48,False,74.80353982300885
Sat May 18 02:37:24 2024,Copiulemu,Tomeco,15.883333333333333,22.002,False,83.11353620146905
