Fecha,From,To,Tiempo (min),Distancia (km),Real Time,Velocidad promedia
Sat Jun 29 06:34:10 2024,Tomeco,Copiulemu,18.616666666666667,23.48,True,75.67412712623099
Sat Jun 29 06:34:10 2024,Copiulemu,Tomeco,15.783333333333333,22.002,True,83.64012671594509
Sat Jun 29 06:34:10 2024,Tomeco,Copiulemu,19.183333333333334,23.48,False,73.43874891398784
Sat Jun 29 06:34:10 2024,Copiulemu,Tomeco,15.866666666666667,22.002,False,83.20084033613446
