Fecha,From,To,Tiempo (min),Distancia (km),Real Time,Velocidad promedia
Sat Aug 31 15:32:05 2024,Tomeco,Copiulemu,18.166666666666668,23.48,True,77.548623853211
Sat Aug 31 15:32:05 2024,Copiulemu,Tomeco,15.9,22.002,True,83.02641509433961
Sat Aug 31 15:32:05 2024,Tomeco,Copiulemu,17.55,23.48,False,80.27350427350426
Sat Aug 31 15:32:05 2024,Copiulemu,Tomeco,15.883333333333333,22.002,False,83.11353620146905
