Fecha,From,To,Tiempo (min),Distancia (km),Real Time,Velocidad promedia
Sat May  7 14:31:26 2022,Tomeco,Copiulemu,16.716666666666665,23.39,True,83.95214356929213
Sat May  7 14:31:26 2022,Copiulemu,Tomeco,14.733333333333333,22.002,True,89.60090497737556
Sat May  7 14:31:26 2022,Tomeco,Copiulemu,16.683333333333334,23.39,False,84.11988011988012
Sat May  7 14:31:26 2022,Copiulemu,Tomeco,15.233333333333333,22.002,False,86.65995623632385
