Fecha,From,To,Tiempo (min),Distancia (km),Real Time,Velocidad promedia
Sat Oct  7 11:28:06 2023,Tomeco,Copiulemu,17.45,23.39,True,80.42406876790831
Sat Oct  7 11:28:06 2023,Copiulemu,Tomeco,15.25,22.002,True,86.56524590163934
Sat Oct  7 11:28:06 2023,Tomeco,Copiulemu,17.416666666666668,23.39,False,80.57799043062201
Sat Oct  7 11:28:06 2023,Copiulemu,Tomeco,15.016666666666667,22.002,False,87.91032186459489
