Fecha,From,To,Tiempo (min),Distancia (km),Real Time,Velocidad promedia
Sat Nov 23 03:04:28 2024,Tomeco,Copiulemu,18.783333333333335,23.45,True,74.90683229813664
Sat Nov 23 03:04:28 2024,Copiulemu,Tomeco,16.116666666666667,21.968,True,81.7836608066184
Sat Nov 23 03:04:28 2024,Tomeco,Copiulemu,18.583333333333332,23.45,False,75.71300448430495
Sat Nov 23 03:04:28 2024,Copiulemu,Tomeco,15.7,21.968,False,83.95414012738854
