Fecha,From,To,Tiempo (min),Distancia (km),Real Time,Velocidad promedia
Sat Jun 25 04:47:52 2022,Tomeco,Copiulemu,17.216666666666665,23.39,True,81.51403678606003
Sat Jun 25 04:47:52 2022,Copiulemu,Tomeco,15.4,22.002,True,85.72207792207791
Sat Jun 25 04:47:52 2022,Tomeco,Copiulemu,17.0,23.39,False,82.5529411764706
Sat Jun 25 04:47:52 2022,Copiulemu,Tomeco,15.4,22.002,False,85.72207792207791
