Fecha,From,To,Tiempo (min),Distancia (km),Real Time,Velocidad promedia
Sat Oct 26 07:29:46 2024,Tomeco,Copiulemu,18.116666666666667,23.45,True,77.66329346826126
Sat Oct 26 07:29:46 2024,Copiulemu,Tomeco,16.033333333333335,21.968,True,82.2087318087318
Sat Oct 26 07:29:46 2024,Tomeco,Copiulemu,18.116666666666667,23.45,False,77.66329346826126
Sat Oct 26 07:29:46 2024,Copiulemu,Tomeco,16.033333333333335,21.968,False,82.2087318087318
