Fecha,From,To,Tiempo (min),Distancia (km),Real Time,Velocidad promedia
Sat Aug 20 15:36:53 2022,Tomeco,Copiulemu,17.016666666666666,23.39,True,82.4720861900098
Sat Aug 20 15:36:53 2022,Copiulemu,Tomeco,15.383333333333333,22.002,True,85.81495124593715
Sat Aug 20 15:36:53 2022,Tomeco,Copiulemu,17.016666666666666,23.39,False,82.4720861900098
Sat Aug 20 15:36:53 2022,Copiulemu,Tomeco,15.383333333333333,22.002,False,85.81495124593715
