Fecha,From,To,Tiempo (min),Distancia (km),Real Time,Velocidad promedia
Sat Oct  8 06:50:28 2022,Tomeco,Copiulemu,17.3,23.39,True,81.121387283237
Sat Oct  8 06:50:28 2022,Copiulemu,Tomeco,15.083333333333334,22.002,True,87.5217679558011
Sat Oct  8 06:50:28 2022,Tomeco,Copiulemu,17.3,23.39,False,81.121387283237
Sat Oct  8 06:50:28 2022,Copiulemu,Tomeco,15.083333333333334,22.002,False,87.5217679558011
