Fecha,From,To,Tiempo (min),Distancia (km),Real Time,Velocidad promedia
Sat Nov 16 08:37:04 2024,Tomeco,Copiulemu,19.0,23.45,True,74.05263157894737
Sat Nov 16 08:37:04 2024,Copiulemu,Tomeco,15.683333333333334,21.968,True,84.0433581296493
Sat Nov 16 08:37:04 2024,Tomeco,Copiulemu,18.266666666666666,23.45,False,77.02554744525548
Sat Nov 16 08:37:04 2024,Copiulemu,Tomeco,15.666666666666666,21.968,False,84.13276595744681
