Fecha,From,To,Tiempo (min),Distancia (km),Real Time,Velocidad promedia
Sat May 25 07:28:01 2024,Tomeco,Copiulemu,18.383333333333333,23.48,True,76.63463281958296
Sat May 25 07:28:01 2024,Copiulemu,Tomeco,15.483333333333333,22.002,True,85.26071044133477
Sat May 25 07:28:01 2024,Tomeco,Copiulemu,17.966666666666665,23.48,False,78.41187384044528
Sat May 25 07:28:01 2024,Copiulemu,Tomeco,15.483333333333333,22.002,False,85.26071044133477
