Fecha,From,To,Tiempo (min),Distancia (km),Real Time,Velocidad promedia
Sat Aug  6 02:30:57 2022,Tomeco,Copiulemu,17.583333333333332,23.39,True,79.81421800947868
Sat Aug  6 02:30:57 2022,Copiulemu,Tomeco,15.9,22.002,True,83.02641509433961
Sat Aug  6 02:30:57 2022,Tomeco,Copiulemu,17.15,23.39,False,81.83090379008746
Sat Aug  6 02:30:57 2022,Copiulemu,Tomeco,15.883333333333333,22.002,False,83.11353620146905
