Fecha,From,To,Tiempo (min),Distancia (km),Real Time,Velocidad promedia
Sat Nov 11 21:28:10 2023,Tomeco,Copiulemu,17.5,23.39,True,80.19428571428571
Sat Nov 11 21:28:10 2023,Copiulemu,Tomeco,15.733333333333333,22.002,True,83.90593220338984
Sat Nov 11 21:28:10 2023,Tomeco,Copiulemu,17.5,23.39,False,80.19428571428571
Sat Nov 11 21:28:10 2023,Copiulemu,Tomeco,15.25,22.002,False,86.56524590163934
