Fecha,From,To,Tiempo (min),Distancia (km),Real Time,Velocidad promedia
Sat Jul 23 08:41:08 2022,Tomeco,Copiulemu,17.166666666666668,23.39,True,81.7514563106796
Sat Jul 23 08:41:08 2022,Copiulemu,Tomeco,15.466666666666667,22.002,True,85.35258620689655
Sat Jul 23 08:41:08 2022,Tomeco,Copiulemu,17.166666666666668,23.39,False,81.7514563106796
Sat Jul 23 08:41:08 2022,Copiulemu,Tomeco,15.466666666666667,22.002,False,85.35258620689655
