Fecha,From,To,Tiempo (min),Distancia (km),Real Time,Velocidad promedia
Sat Jun 25 05:30:59 2022,Tomeco,Copiulemu,17.283333333333335,23.39,True,81.19961427193829
Sat Jun 25 05:30:59 2022,Copiulemu,Tomeco,15.566666666666666,22.002,True,84.80428265524625
Sat Jun 25 05:30:59 2022,Tomeco,Copiulemu,17.116666666666667,23.39,False,81.9902629016553
Sat Jun 25 05:30:59 2022,Copiulemu,Tomeco,15.566666666666666,22.002,False,84.80428265524625
