Fecha,From,To,Tiempo (min),Distancia (km),Real Time,Velocidad promedia
Sat Feb 17 08:27:58 2024,Tomeco,Copiulemu,18.966666666666665,23.48,True,74.27768014059755
Sat Feb 17 08:27:58 2024,Copiulemu,Tomeco,15.733333333333333,22.002,True,83.90593220338984
Sat Feb 17 08:27:58 2024,Tomeco,Copiulemu,18.966666666666665,23.48,False,74.27768014059755
Sat Feb 17 08:27:58 2024,Copiulemu,Tomeco,15.616666666666667,22.002,False,84.53276414087513
