Fecha,From,To,Tiempo (min),Distancia (km),Real Time,Velocidad promedia
Sat Aug 24 14:30:32 2024,Tomeco,Copiulemu,17.466666666666665,23.48,True,80.65648854961833
Sat Aug 24 14:30:32 2024,Copiulemu,Tomeco,15.75,22.002,True,83.81714285714285
Sat Aug 24 14:30:32 2024,Tomeco,Copiulemu,17.433333333333334,23.48,False,80.81070745697896
Sat Aug 24 14:30:32 2024,Copiulemu,Tomeco,15.666666666666666,22.002,False,84.26297872340425
