Fecha,From,To,Tiempo (min),Distancia (km),Real Time,Velocidad promedia
Sat Sep 30 18:28:46 2023,Tomeco,Copiulemu,17.65,23.39,True,79.51274787535412
Sat Sep 30 18:28:46 2023,Copiulemu,Tomeco,15.866666666666667,22.002,True,83.20084033613446
Sat Sep 30 18:28:46 2023,Tomeco,Copiulemu,17.6,23.39,False,79.73863636363636
Sat Sep 30 18:28:46 2023,Copiulemu,Tomeco,15.333333333333334,22.002,False,86.09478260869564
