Fecha,From,To,Tiempo (min),Distancia (km),Real Time,Velocidad promedia
Sat Mar 26 20:32:42 2022,Tomeco,Copiulemu,18.866666666666667,23.39,True,74.3851590106007
Sat Mar 26 20:32:42 2022,Copiulemu,Tomeco,15.066666666666666,22.002,True,87.61858407079646
Sat Mar 26 20:32:42 2022,Tomeco,Copiulemu,17.933333333333334,23.39,False,78.25650557620818
Sat Mar 26 20:32:42 2022,Copiulemu,Tomeco,15.133333333333333,22.002,False,87.23259911894272
