Fecha,From,To,Tiempo (min),Distancia (km),Real Time,Velocidad promedia
Sat Sep 21 05:34:11 2024,Tomeco,Copiulemu,18.833333333333332,23.48,True,74.80353982300885
Sat Sep 21 05:34:11 2024,Copiulemu,Tomeco,16.183333333333334,22.002,True,81.5728115345005
Sat Sep 21 05:34:11 2024,Tomeco,Copiulemu,18.516666666666666,23.48,False,76.08280828082809
Sat Sep 21 05:34:11 2024,Copiulemu,Tomeco,15.55,22.002,False,84.8951768488746
