Fecha,From,To,Tiempo (min),Distancia (km),Real Time,Velocidad promedia
Sat Apr 13 09:27:58 2024,Tomeco,Copiulemu,18.866666666666667,23.48,True,74.67137809187278
Sat Apr 13 09:27:58 2024,Copiulemu,Tomeco,15.833333333333334,22.002,True,83.37599999999999
Sat Apr 13 09:27:58 2024,Tomeco,Copiulemu,18.683333333333334,23.48,False,75.40410347903658
Sat Apr 13 09:27:58 2024,Copiulemu,Tomeco,15.833333333333334,22.002,False,83.37599999999999
