Fecha,From,To,Tiempo (min),Distancia (km),Real Time,Velocidad promedia
Sat Mar 30 06:29:04 2024,Tomeco,Copiulemu,18.916666666666668,23.48,True,74.47400881057268
Sat Mar 30 06:29:04 2024,Copiulemu,Tomeco,16.016666666666666,22.002,True,82.4216441207076
Sat Mar 30 06:29:04 2024,Tomeco,Copiulemu,18.916666666666668,23.48,False,74.47400881057268
Sat Mar 30 06:29:04 2024,Copiulemu,Tomeco,16.016666666666666,22.002,False,82.4216441207076
