Fecha,From,To,Tiempo (min),Distancia (km),Real Time,Velocidad promedia
Sat Dec  9 13:28:06 2023,Tomeco,Copiulemu,17.233333333333334,23.39,True,81.43520309477756
Sat Dec  9 13:28:06 2023,Copiulemu,Tomeco,15.7,22.002,True,84.08407643312101
Sat Dec  9 13:28:06 2023,Tomeco,Copiulemu,17.033333333333335,23.39,False,82.39138943248531
Sat Dec  9 13:28:06 2023,Copiulemu,Tomeco,15.533333333333333,22.002,False,84.9862660944206
