Fecha,From,To,Tiempo (min),Distancia (km),Real Time,Velocidad promedia
Sat Jan  6 06:30:45 2024,Tomeco,Copiulemu,19.916666666666668,23.48,True,70.73472803347279
Sat Jan  6 06:30:45 2024,Copiulemu,Tomeco,15.866666666666667,22.002,True,83.20084033613446
Sat Jan  6 06:30:45 2024,Tomeco,Copiulemu,18.55,23.48,False,75.94609164420484
Sat Jan  6 06:30:45 2024,Copiulemu,Tomeco,15.866666666666667,22.002,False,83.20084033613446
