Fecha,From,To,Tiempo (min),Distancia (km),Real Time,Velocidad promedia
Sat Aug 10 22:31:14 2024,Tomeco,Copiulemu,18.833333333333332,23.48,True,74.80353982300885
Sat Aug 10 22:31:14 2024,Copiulemu,Tomeco,15.783333333333333,22.002,True,83.64012671594509
Sat Aug 10 22:31:14 2024,Tomeco,Copiulemu,18.816666666666666,23.48,False,74.8697962798937
Sat Aug 10 22:31:14 2024,Copiulemu,Tomeco,15.716666666666667,22.002,False,83.99490986214211
