Fecha,From,To,Tiempo (min),Distancia (km),Real Time,Velocidad promedia
Sat Sep 24 20:38:56 2022,Tomeco,Copiulemu,18.516666666666666,23.39,True,75.7911791179118
Sat Sep 24 20:38:56 2022,Copiulemu,Tomeco,15.483333333333333,22.002,True,85.26071044133477
Sat Sep 24 20:38:56 2022,Tomeco,Copiulemu,17.016666666666666,23.39,False,82.4720861900098
Sat Sep 24 20:38:56 2022,Copiulemu,Tomeco,14.85,22.002,False,88.89696969696969
