Fecha,From,To,Tiempo (min),Distancia (km),Real Time,Velocidad promedia
Sat May 11 14:28:07 2024,Tomeco,Copiulemu,17.616666666666667,23.48,True,79.96972563859981
Sat May 11 14:28:07 2024,Copiulemu,Tomeco,15.966666666666667,22.002,True,82.67974947807932
Sat May 11 14:28:07 2024,Tomeco,Copiulemu,17.616666666666667,23.48,False,79.96972563859981
Sat May 11 14:28:07 2024,Copiulemu,Tomeco,15.816666666666666,22.002,False,83.46385669125394
