Fecha,From,To,Tiempo (min),Distancia (km),Real Time,Velocidad promedia
Sat Jul 27 09:28:04 2024,Tomeco,Copiulemu,18.616666666666667,23.48,True,75.67412712623099
Sat Jul 27 09:28:04 2024,Copiulemu,Tomeco,15.833333333333334,22.002,True,83.37599999999999
Sat Jul 27 09:28:04 2024,Tomeco,Copiulemu,18.616666666666667,23.48,False,75.67412712623099
Sat Jul 27 09:28:04 2024,Copiulemu,Tomeco,15.833333333333334,22.002,False,83.37599999999999
