Fecha,From,To,Tiempo (min),Distancia (km),Real Time,Velocidad promedia
Sat Apr  9 20:33:45 2022,Tomeco,Copiulemu,18.316666666666666,23.39,True,76.61874431301183
Sat Apr  9 20:33:45 2022,Copiulemu,Tomeco,17.566666666666666,22.002,True,75.14914611005693
Sat Apr  9 20:33:45 2022,Tomeco,Copiulemu,18.316666666666666,23.39,False,76.61874431301183
Sat Apr  9 20:33:45 2022,Copiulemu,Tomeco,16.55,22.002,False,79.76555891238671
