Fecha,From,To,Tiempo (min),Distancia (km),Real Time,Velocidad promedia
Sat Oct 28 01:26:57 2023,Tomeco,Copiulemu,17.766666666666666,23.39,True,78.9906191369606
Sat Oct 28 01:26:57 2023,Copiulemu,Tomeco,16.15,22.002,True,81.74117647058823
Sat Oct 28 01:26:57 2023,Tomeco,Copiulemu,17.766666666666666,23.39,False,78.9906191369606
Sat Oct 28 01:26:57 2023,Copiulemu,Tomeco,15.683333333333334,22.002,False,84.17343251859724
