Fecha,From,To,Tiempo (min),Distancia (km),Real Time,Velocidad promedia
Sat Sep  9 05:28:09 2023,Tomeco,Copiulemu,17.5,23.39,True,80.19428571428571
Sat Sep  9 05:28:09 2023,Copiulemu,Tomeco,15.833333333333334,22.002,True,83.37599999999999
Sat Sep  9 05:28:09 2023,Tomeco,Copiulemu,17.633333333333333,23.39,False,79.58790170132326
Sat Sep  9 05:28:09 2023,Copiulemu,Tomeco,15.833333333333334,22.002,False,83.37599999999999
