Fecha,From,To,Tiempo (min),Distancia (km),Real Time,Velocidad promedia
Sat Aug 13 17:33:37 2022,Tomeco,Copiulemu,17.15,23.39,True,81.83090379008746
Sat Aug 13 17:33:37 2022,Copiulemu,Tomeco,15.716666666666667,22.002,True,83.99490986214211
Sat Aug 13 17:33:37 2022,Tomeco,Copiulemu,17.15,23.39,False,81.83090379008746
Sat Aug 13 17:33:37 2022,Copiulemu,Tomeco,15.583333333333334,22.002,False,84.71358288770053
