Fecha,From,To,Tiempo (min),Distancia (km),Real Time,Velocidad promedia
Sat Jul 30 15:35:58 2022,Tomeco,Copiulemu,16.9,23.39,True,83.04142011834321
Sat Jul 30 15:35:58 2022,Copiulemu,Tomeco,15.816666666666666,22.002,True,83.46385669125394
Sat Jul 30 15:35:58 2022,Tomeco,Copiulemu,16.783333333333335,23.39,False,83.61866931479642
Sat Jul 30 15:35:58 2022,Copiulemu,Tomeco,15.35,22.002,False,86.0013029315961
