Fecha,From,To,Tiempo (min),Distancia (km),Real Time,Velocidad promedia
Sat Jul 13 03:30:12 2024,Tomeco,Copiulemu,18.9,23.48,True,74.53968253968254
Sat Jul 13 03:30:12 2024,Copiulemu,Tomeco,16.066666666666666,22.002,True,82.16514522821576
Sat Jul 13 03:30:12 2024,Tomeco,Copiulemu,18.883333333333333,23.48,False,74.60547219770521
Sat Jul 13 03:30:12 2024,Copiulemu,Tomeco,16.05,22.002,False,82.25046728971962
