Fecha,From,To,Tiempo (min),Distancia (km),Real Time,Velocidad promedia
Sat Nov  4 14:28:02 2023,Tomeco,Copiulemu,17.883333333333333,23.39,True,78.47530288909599
Sat Nov  4 14:28:02 2023,Copiulemu,Tomeco,15.783333333333333,22.002,True,83.64012671594509
Sat Nov  4 14:28:02 2023,Tomeco,Copiulemu,17.4,23.39,False,80.65517241379311
Sat Nov  4 14:28:02 2023,Copiulemu,Tomeco,15.75,22.002,False,83.81714285714285
