Fecha,From,To,Tiempo (min),Distancia (km),Real Time,Velocidad promedia
Sat May 21 07:32:53 2022,Tomeco,Copiulemu,18.033333333333335,23.39,True,77.82255083179297
Sat May 21 07:32:53 2022,Copiulemu,Tomeco,15.783333333333333,22.002,True,83.64012671594509
Sat May 21 07:32:53 2022,Tomeco,Copiulemu,17.333333333333332,23.39,False,80.96538461538462
Sat May 21 07:32:53 2022,Copiulemu,Tomeco,15.783333333333333,22.002,False,83.64012671594509
