Fecha,From,To,Tiempo (min),Distancia (km),Real Time,Velocidad promedia
Sat Oct 19 05:34:02 2024,Tomeco,Copiulemu,18.616666666666667,23.48,True,75.67412712623099
Sat Oct 19 05:34:02 2024,Copiulemu,Tomeco,15.633333333333333,22.002,True,84.44264392324094
Sat Oct 19 05:34:02 2024,Tomeco,Copiulemu,18.95,23.48,False,74.3430079155673
Sat Oct 19 05:34:02 2024,Copiulemu,Tomeco,15.633333333333333,22.002,False,84.44264392324094
