Fecha,From,To,Tiempo (min),Distancia (km),Real Time,Velocidad promedia
Sat Oct 21 08:28:14 2023,Tomeco,Copiulemu,18.25,23.39,True,76.89863013698631
Sat Oct 21 08:28:14 2023,Copiulemu,Tomeco,15.666666666666666,22.002,True,84.26297872340425
Sat Oct 21 08:28:14 2023,Tomeco,Copiulemu,18.25,23.39,False,76.89863013698631
Sat Oct 21 08:28:14 2023,Copiulemu,Tomeco,15.666666666666666,22.002,False,84.26297872340425
