Fecha,From,To,Tiempo (min),Distancia (km),Real Time,Velocidad promedia
Sat Jul  6 17:28:01 2024,Tomeco,Copiulemu,18.133333333333333,23.48,True,77.69117647058823
Sat Jul  6 17:28:01 2024,Copiulemu,Tomeco,15.266666666666667,22.002,True,86.47074235807858
Sat Jul  6 17:28:01 2024,Tomeco,Copiulemu,17.983333333333334,23.48,False,78.33920296570899
Sat Jul  6 17:28:01 2024,Copiulemu,Tomeco,16.15,22.002,False,81.74117647058823
