Fecha,From,To,Tiempo (min),Distancia (km),Real Time,Velocidad promedia
Sat Aug 31 14:30:55 2024,Tomeco,Copiulemu,17.616666666666667,23.48,True,79.96972563859981
Sat Aug 31 14:30:55 2024,Copiulemu,Tomeco,15.783333333333333,22.002,True,83.64012671594509
Sat Aug 31 14:30:55 2024,Tomeco,Copiulemu,17.433333333333334,23.48,False,80.81070745697896
Sat Aug 31 14:30:55 2024,Copiulemu,Tomeco,15.75,22.002,False,83.81714285714285
