Fecha,From,To,Tiempo (min),Distancia (km),Real Time,Velocidad promedia
Sat Mar 19 05:29:11 2022,Tomeco,Copiulemu,18.366666666666667,23.39,True,76.41016333938295
Sat Mar 19 05:29:11 2022,Copiulemu,Tomeco,16.583333333333332,22.002,True,79.60522613065328
Sat Mar 19 05:29:11 2022,Tomeco,Copiulemu,18.366666666666667,23.39,False,76.41016333938295
Sat Mar 19 05:29:11 2022,Copiulemu,Tomeco,16.583333333333332,22.002,False,79.60522613065328
