Fecha,From,To,Tiempo (min),Distancia (km),Real Time,Velocidad promedia
Sat May 11 23:28:12 2024,Tomeco,Copiulemu,19.266666666666666,23.48,True,73.121107266436
Sat May 11 23:28:12 2024,Copiulemu,Tomeco,15.916666666666666,22.002,True,82.93947643979057
Sat May 11 23:28:12 2024,Tomeco,Copiulemu,19.016666666666666,23.48,False,74.08238387379492
Sat May 11 23:28:12 2024,Copiulemu,Tomeco,15.866666666666667,22.002,False,83.20084033613446
