Fecha,From,To,Tiempo (min),Distancia (km),Real Time,Velocidad promedia
Sat Apr 27 19:28:05 2024,Tomeco,Copiulemu,18.116666666666667,23.48,True,77.76264949402024
Sat Apr 27 19:28:05 2024,Copiulemu,Tomeco,17.383333333333333,22.002,True,75.94170661553211
Sat Apr 27 19:28:05 2024,Tomeco,Copiulemu,18.066666666666666,23.48,False,77.97785977859779
Sat Apr 27 19:28:05 2024,Copiulemu,Tomeco,15.983333333333333,22.002,False,82.59353493222106
