Fecha,From,To,Tiempo (min),Distancia (km),Real Time,Velocidad promedia
Sat Sep 23 02:28:10 2023,Tomeco,Copiulemu,18.233333333333334,23.39,True,76.9689213893967
Sat Sep 23 02:28:10 2023,Copiulemu,Tomeco,16.133333333333333,22.002,True,81.82561983471074
Sat Sep 23 02:28:10 2023,Tomeco,Copiulemu,18.383333333333333,23.39,False,76.34088848594742
Sat Sep 23 02:28:10 2023,Copiulemu,Tomeco,16.133333333333333,22.002,False,81.82561983471074
