Fecha,From,To,Tiempo (min),Distancia (km),Real Time,Velocidad promedia
Sat Sep  7 16:36:40 2024,Tomeco,Copiulemu,19.083333333333332,23.48,True,73.82358078602621
Sat Sep  7 16:36:40 2024,Copiulemu,Tomeco,15.116666666666667,22.002,True,87.328776185226
Sat Sep  7 16:36:40 2024,Tomeco,Copiulemu,17.383333333333333,23.48,False,81.0431447746884
Sat Sep  7 16:36:40 2024,Copiulemu,Tomeco,16.466666666666665,22.002,False,80.16923076923077
