Fecha,From,To,Tiempo (min),Distancia (km),Real Time,Velocidad promedia
Sat Jun  1 06:33:18 2024,Tomeco,Copiulemu,18.466666666666665,23.48,True,76.28880866425993
Sat Jun  1 06:33:18 2024,Copiulemu,Tomeco,15.033333333333333,22.002,True,87.81286031042129
Sat Jun  1 06:33:18 2024,Tomeco,Copiulemu,18.466666666666665,23.48,False,76.28880866425993
Sat Jun  1 06:33:18 2024,Copiulemu,Tomeco,15.716666666666667,22.002,False,83.99490986214211
