Fecha,From,To,Tiempo (min),Distancia (km),Real Time,Velocidad promedia
Sat Mar 16 05:28:52 2024,Tomeco,Copiulemu,18.066666666666666,23.48,True,77.97785977859779
Sat Mar 16 05:28:52 2024,Copiulemu,Tomeco,15.983333333333333,22.002,True,82.59353493222106
Sat Mar 16 05:28:52 2024,Tomeco,Copiulemu,18.066666666666666,23.48,False,77.97785977859779
Sat Mar 16 05:28:52 2024,Copiulemu,Tomeco,15.983333333333333,22.002,False,82.59353493222106
