Fecha,From,To,Tiempo (min),Distancia (km),Real Time,Velocidad promedia
Sat Nov 11 13:28:01 2023,Tomeco,Copiulemu,17.483333333333334,23.39,True,80.27073403241181
Sat Nov 11 13:28:01 2023,Copiulemu,Tomeco,15.983333333333333,22.002,True,82.59353493222106
Sat Nov 11 13:28:01 2023,Tomeco,Copiulemu,17.266666666666666,23.39,False,81.27799227799228
Sat Nov 11 13:28:01 2023,Copiulemu,Tomeco,15.216666666666667,22.002,False,86.75487404162102
