Fecha,From,To,Tiempo (min),Distancia (km),Real Time,Velocidad promedia
Sat Nov  2 19:28:25 2024,Tomeco,Copiulemu,17.9,23.45,True,78.60335195530728
Sat Nov  2 19:28:25 2024,Copiulemu,Tomeco,15.816666666666666,21.968,True,83.33487881981033
Sat Nov  2 19:28:25 2024,Tomeco,Copiulemu,17.9,23.45,False,78.60335195530728
Sat Nov  2 19:28:25 2024,Copiulemu,Tomeco,15.833333333333334,21.968,False,83.24715789473684
