Fecha,From,To,Tiempo (min),Distancia (km),Real Time,Velocidad promedia
Sat Nov  9 02:54:04 2024,Tomeco,Copiulemu,18.816666666666666,23.45,True,74.77413640389724
Sat Nov  9 02:54:04 2024,Copiulemu,Tomeco,15.35,21.968,True,85.8684039087948
Sat Nov  9 02:54:04 2024,Tomeco,Copiulemu,18.3,23.45,False,76.88524590163934
Sat Nov  9 02:54:04 2024,Copiulemu,Tomeco,15.333333333333334,21.968,False,85.96173913043476
