Fecha,From,To,Tiempo (min),Distancia (km),Real Time,Velocidad promedia
Sat Mar 30 11:28:20 2024,Tomeco,Copiulemu,18.233333333333334,23.48,True,77.26508226691041
Sat Mar 30 11:28:20 2024,Copiulemu,Tomeco,16.466666666666665,22.002,True,80.16923076923077
Sat Mar 30 11:28:20 2024,Tomeco,Copiulemu,17.8,23.48,False,79.14606741573033
Sat Mar 30 11:28:20 2024,Copiulemu,Tomeco,16.466666666666665,22.002,False,80.16923076923077
