Fecha,From,To,Tiempo (min),Distancia (km),Real Time,Velocidad promedia
Sat Jul  2 10:35:55 2022,Tomeco,Copiulemu,17.616666666666667,23.39,True,79.6631977294229
Sat Jul  2 10:35:55 2022,Copiulemu,Tomeco,15.316666666666666,22.002,True,86.18846572361262
Sat Jul  2 10:35:55 2022,Tomeco,Copiulemu,17.616666666666667,23.39,False,79.6631977294229
Sat Jul  2 10:35:55 2022,Copiulemu,Tomeco,14.8,22.002,False,89.1972972972973
