Fecha,From,To,Tiempo (min),Distancia (km),Real Time,Velocidad promedia
Sat Aug  6 05:31:26 2022,Tomeco,Copiulemu,17.5,23.39,True,80.19428571428571
Sat Aug  6 05:31:26 2022,Copiulemu,Tomeco,15.866666666666667,22.002,True,83.20084033613446
Sat Aug  6 05:31:26 2022,Tomeco,Copiulemu,17.5,23.39,False,80.19428571428571
Sat Aug  6 05:31:26 2022,Copiulemu,Tomeco,15.866666666666667,22.002,False,83.20084033613446
