Fecha,From,To,Tiempo (min),Distancia (km),Real Time,Velocidad promedia
Sat Jun 25 17:32:31 2022,Tomeco,Copiulemu,17.85,23.39,True,78.62184873949579
Sat Jun 25 17:32:31 2022,Copiulemu,Tomeco,14.883333333333333,22.002,True,88.69787234042553
Sat Jun 25 17:32:31 2022,Tomeco,Copiulemu,16.983333333333334,23.39,False,82.63395485770363
Sat Jun 25 17:32:31 2022,Copiulemu,Tomeco,15.65,22.002,False,84.35271565495206
