Fecha,From,To,Tiempo (min),Distancia (km),Real Time,Velocidad promedia
Sat Dec 30 19:28:09 2023,Tomeco,Copiulemu,17.483333333333334,23.39,True,80.27073403241181
Sat Dec 30 19:28:09 2023,Copiulemu,Tomeco,15.866666666666667,22.002,True,83.20084033613446
Sat Dec 30 19:28:09 2023,Tomeco,Copiulemu,17.033333333333335,23.39,False,82.39138943248531
Sat Dec 30 19:28:09 2023,Copiulemu,Tomeco,15.883333333333333,22.002,False,83.11353620146905
