Fecha,From,To,Tiempo (min),Distancia (km),Real Time,Velocidad promedia
Sat Apr 30 02:29:40 2022,Tomeco,Copiulemu,17.15,23.39,True,81.83090379008746
Sat Apr 30 02:29:40 2022,Copiulemu,Tomeco,15.883333333333333,22.002,True,83.11353620146905
Sat Apr 30 02:29:40 2022,Tomeco,Copiulemu,17.133333333333333,23.39,False,81.91050583657588
Sat Apr 30 02:29:40 2022,Copiulemu,Tomeco,15.85,22.002,False,83.28832807570977
