Fecha,From,To,Tiempo (min),Distancia (km),Real Time,Velocidad promedia
Sat Dec 16 22:29:05 2023,Tomeco,Copiulemu,18.65,23.39,True,75.24932975871315
Sat Dec 16 22:29:05 2023,Copiulemu,Tomeco,15.3,21.461,True,84.16078431372549
Sat Dec 16 22:29:05 2023,Tomeco,Copiulemu,17.5,23.39,False,80.19428571428571
Sat Dec 16 22:29:05 2023,Copiulemu,Tomeco,15.216666666666667,21.461,False,84.62168674698795
