Fecha,From,To,Tiempo (min),Distancia (km),Real Time,Velocidad promedia
Sat Nov  9 16:37:28 2024,Tomeco,Copiulemu,18.0,23.45,True,78.16666666666667
Sat Nov  9 16:37:28 2024,Copiulemu,Tomeco,16.516666666666666,21.968,True,79.80302724520686
Sat Nov  9 16:37:28 2024,Tomeco,Copiulemu,18.0,23.45,False,78.16666666666667
Sat Nov  9 16:37:28 2024,Copiulemu,Tomeco,16.05,21.968,False,82.1233644859813
