Fecha,From,To,Tiempo (min),Distancia (km),Real Time,Velocidad promedia
Sat Aug 31 11:28:09 2024,Tomeco,Copiulemu,18.266666666666666,23.48,True,77.1240875912409
Sat Aug 31 11:28:09 2024,Copiulemu,Tomeco,14.866666666666667,22.002,True,88.79730941704035
Sat Aug 31 11:28:09 2024,Tomeco,Copiulemu,18.266666666666666,23.48,False,77.1240875912409
Sat Aug 31 11:28:09 2024,Copiulemu,Tomeco,14.883333333333333,22.002,False,88.69787234042553
