Fecha,From,To,Tiempo (min),Distancia (km),Real Time,Velocidad promedia
Sat Aug 31 07:28:09 2024,Tomeco,Copiulemu,18.35,23.48,True,76.77384196185285
Sat Aug 31 07:28:09 2024,Copiulemu,Tomeco,15.883333333333333,22.002,True,83.11353620146905
Sat Aug 31 07:28:09 2024,Tomeco,Copiulemu,18.35,23.48,False,76.77384196185285
Sat Aug 31 07:28:09 2024,Copiulemu,Tomeco,15.883333333333333,22.002,False,83.11353620146905
