Fecha,From,To,Tiempo (min),Distancia (km),Real Time,Velocidad promedia
Sat May 11 15:28:05 2024,Tomeco,Copiulemu,17.8,23.48,True,79.14606741573033
Sat May 11 15:28:05 2024,Copiulemu,Tomeco,16.1,22.002,True,81.99503105590061
Sat May 11 15:28:05 2024,Tomeco,Copiulemu,17.916666666666668,23.48,False,78.63069767441861
Sat May 11 15:28:05 2024,Copiulemu,Tomeco,16.066666666666666,22.002,False,82.16514522821576
