Fecha,From,To,Tiempo (min),Distancia (km),Real Time,Velocidad promedia
Sat Jul 16 19:28:07 2022,Tomeco,Copiulemu,16.966666666666665,23.39,True,82.71512770137525
Sat Jul 16 19:28:07 2022,Copiulemu,Tomeco,15.366666666666667,22.002,True,85.90802603036876
Sat Jul 16 19:28:07 2022,Tomeco,Copiulemu,16.883333333333333,23.39,False,83.12339585389932
Sat Jul 16 19:28:07 2022,Copiulemu,Tomeco,15.083333333333334,22.002,False,87.5217679558011
