Fecha,From,To,Tiempo (min),Distancia (km),Real Time,Velocidad promedia
Sat Mar  2 05:28:05 2024,Tomeco,Copiulemu,19.216666666666665,23.48,True,73.31136166522117
Sat Mar  2 05:28:05 2024,Copiulemu,Tomeco,15.766666666666667,22.002,True,83.72854122621564
Sat Mar  2 05:28:05 2024,Tomeco,Copiulemu,19.216666666666665,23.48,False,73.31136166522117
Sat Mar  2 05:28:05 2024,Copiulemu,Tomeco,15.766666666666667,22.002,False,83.72854122621564
