Fecha,From,To,Tiempo (min),Distancia (km),Real Time,Velocidad promedia
Sat Oct 19 16:39:05 2024,Tomeco,Copiulemu,17.716666666666665,23.48,True,79.51834430856069
Sat Oct 19 16:39:05 2024,Copiulemu,Tomeco,15.916666666666666,22.002,True,82.93947643979057
Sat Oct 19 16:39:05 2024,Tomeco,Copiulemu,17.716666666666665,23.48,False,79.51834430856069
Sat Oct 19 16:39:05 2024,Copiulemu,Tomeco,15.916666666666666,22.002,False,82.93947643979057
