Fecha,From,To,Tiempo (min),Distancia (km),Real Time,Velocidad promedia
Sat Jun 29 09:28:34 2024,Tomeco,Copiulemu,18.616666666666667,23.48,True,75.67412712623099
Sat Jun 29 09:28:34 2024,Copiulemu,Tomeco,15.816666666666666,22.002,True,83.46385669125394
Sat Jun 29 09:28:34 2024,Tomeco,Copiulemu,18.616666666666667,23.48,False,75.67412712623099
Sat Jun 29 09:28:34 2024,Copiulemu,Tomeco,15.816666666666666,22.002,False,83.46385669125394
