Fecha,From,To,Tiempo (min),Distancia (km),Real Time,Velocidad promedia
Sat Apr  2 10:35:37 2022,Tomeco,Copiulemu,18.416666666666668,23.39,True,76.2027149321267
Sat Apr  2 10:35:37 2022,Copiulemu,Tomeco,15.266666666666667,22.002,True,86.47074235807858
Sat Apr  2 10:35:37 2022,Tomeco,Copiulemu,17.633333333333333,23.39,False,79.58790170132326
Sat Apr  2 10:35:37 2022,Copiulemu,Tomeco,15.2,22.002,False,86.85000000000001
