Fecha,From,To,Tiempo (min),Distancia (km),Real Time,Velocidad promedia
Sat Oct  8 10:43:40 2022,Tomeco,Copiulemu,17.516666666666666,23.39,True,80.11798287345385
Sat Oct  8 10:43:40 2022,Copiulemu,Tomeco,14.85,22.002,True,88.89696969696969
Sat Oct  8 10:43:40 2022,Tomeco,Copiulemu,17.0,23.39,False,82.5529411764706
Sat Oct  8 10:43:40 2022,Copiulemu,Tomeco,14.833333333333334,22.002,False,88.99685393258426
