Fecha,From,To,Tiempo (min),Distancia (km),Real Time,Velocidad promedia
Sat Nov 30 08:37:50 2024,Tomeco,Copiulemu,18.416666666666668,23.45,True,76.39819004524887
Sat Nov 30 08:37:50 2024,Copiulemu,Tomeco,15.45,21.968,True,85.3126213592233
Sat Nov 30 08:37:50 2024,Tomeco,Copiulemu,18.416666666666668,23.45,False,76.39819004524887
Sat Nov 30 08:37:50 2024,Copiulemu,Tomeco,15.433333333333334,21.968,False,85.40475161987041
