Fecha,From,To,Tiempo (min),Distancia (km),Real Time,Velocidad promedia
Sat Mar 19 09:31:29 2022,Tomeco,Copiulemu,18.316666666666666,23.39,True,76.61874431301183
Sat Mar 19 09:31:29 2022,Copiulemu,Tomeco,15.083333333333334,22.002,True,87.5217679558011
Sat Mar 19 09:31:29 2022,Tomeco,Copiulemu,18.316666666666666,23.39,False,76.61874431301183
Sat Mar 19 09:31:29 2022,Copiulemu,Tomeco,15.083333333333334,22.002,False,87.5217679558011
