Fecha,From,To,Tiempo (min),Distancia (km),Real Time,Velocidad promedia
Sat Jan 20 10:31:02 2024,Tomeco,Copiulemu,17.9,23.48,True,78.70391061452516
Sat Jan 20 10:31:02 2024,Copiulemu,Tomeco,17.75,22.002,True,74.37295774647887
Sat Jan 20 10:31:02 2024,Tomeco,Copiulemu,17.833333333333332,23.48,False,78.9981308411215
Sat Jan 20 10:31:02 2024,Copiulemu,Tomeco,15.316666666666666,22.002,False,86.18846572361262
