Fecha,From,To,Tiempo (min),Distancia (km),Real Time,Velocidad promedia
Sun Nov 19 06:30:35 2023,Tomeco,Copiulemu,17.916666666666668,23.39,True,78.3293023255814
Sun Nov 19 06:30:35 2023,Copiulemu,Tomeco,15.55,22.002,True,84.8951768488746
Sun Nov 19 06:30:35 2023,Tomeco,Copiulemu,17.916666666666668,23.39,False,78.3293023255814
Sun Nov 19 06:30:35 2023,Copiulemu,Tomeco,15.55,22.002,False,84.8951768488746
