Fecha,From,To,Tiempo (min),Distancia (km),Real Time,Velocidad promedia
Sun Sep 29 07:28:01 2024,Tomeco,Copiulemu,18.3,23.512,True,77.08852459016394
Sun Sep 29 07:28:01 2024,Copiulemu,Tomeco,15.55,22.002,True,84.8951768488746
Sun Sep 29 07:28:01 2024,Tomeco,Copiulemu,18.3,23.512,False,77.08852459016394
Sun Sep 29 07:28:01 2024,Copiulemu,Tomeco,15.55,22.002,False,84.8951768488746
