Fecha,From,To,Tiempo (min),Distancia (km),Real Time,Velocidad promedia
Sun Nov 24 19:28:01 2024,Tomeco,Copiulemu,24.5,23.45,True,57.42857142857143
Sun Nov 24 19:28:01 2024,Copiulemu,Tomeco,15.666666666666666,21.968,True,84.13276595744681
Sun Nov 24 19:28:01 2024,Tomeco,Copiulemu,17.883333333333333,23.45,False,78.67660764212488
Sun Nov 24 19:28:01 2024,Copiulemu,Tomeco,15.266666666666667,21.968,False,86.33711790393012
