Fecha,From,To,Tiempo (min),Distancia (km),Real Time,Velocidad promedia
Sun Nov 17 15:32:20 2024,Tomeco,Copiulemu,17.566666666666666,23.45,True,80.09487666034155
Sun Nov 17 15:32:20 2024,Copiulemu,Tomeco,15.483333333333333,21.968,True,85.12895586652314
Sun Nov 17 15:32:20 2024,Tomeco,Copiulemu,17.533333333333335,23.45,False,80.24714828897336
Sun Nov 17 15:32:20 2024,Copiulemu,Tomeco,15.3,21.968,False,86.14901960784313
