Fecha,From,To,Tiempo (min),Distancia (km),Real Time,Velocidad promedia
Sun Nov 24 11:28:14 2024,Tomeco,Copiulemu,17.116666666666667,23.45,True,82.20058422590067
Sun Nov 24 11:28:14 2024,Copiulemu,Tomeco,16.05,21.968,True,82.1233644859813
Sun Nov 24 11:28:14 2024,Tomeco,Copiulemu,17.033333333333335,23.45,False,82.6027397260274
Sun Nov 24 11:28:14 2024,Copiulemu,Tomeco,15.483333333333333,21.968,False,85.12895586652314
