Fecha,From,To,Tiempo (min),Distancia (km),Real Time,Velocidad promedia
Sun May  1 09:34:49 2022,Tomeco,Copiulemu,18.366666666666667,23.39,True,76.41016333938295
Sun May  1 09:34:49 2022,Copiulemu,Tomeco,15.45,22.002,True,85.44466019417474
Sun May  1 09:34:49 2022,Tomeco,Copiulemu,18.366666666666667,23.39,False,76.41016333938295
Sun May  1 09:34:49 2022,Copiulemu,Tomeco,15.516666666666667,22.002,False,85.07755102040815
