Fecha,From,To,Tiempo (min),Distancia (km),Real Time,Velocidad promedia
Sun Jul 14 06:39:50 2024,Tomeco,Copiulemu,18.133333333333333,23.48,True,77.69117647058823
Sun Jul 14 06:39:50 2024,Copiulemu,Tomeco,15.85,22.002,True,83.28832807570977
Sun Jul 14 06:39:50 2024,Tomeco,Copiulemu,18.133333333333333,23.48,False,77.69117647058823
Sun Jul 14 06:39:50 2024,Copiulemu,Tomeco,15.833333333333334,22.002,False,83.37599999999999
