Fecha,From,To,Tiempo (min),Distancia (km),Real Time,Velocidad promedia
Sun Feb 11 20:28:03 2024,Tomeco,Copiulemu,18.5,23.48,True,76.15135135135135
Sun Feb 11 20:28:03 2024,Copiulemu,Tomeco,16.3,22.002,True,80.98895705521473
Sun Feb 11 20:28:03 2024,Tomeco,Copiulemu,17.766666666666666,23.48,False,79.29455909943715
Sun Feb 11 20:28:03 2024,Copiulemu,Tomeco,16.283333333333335,22.002,False,81.0718526100307
