Fecha,From,To,Tiempo (min),Distancia (km),Real Time,Velocidad promedia
Sun Aug 11 03:31:21 2024,Tomeco,Copiulemu,18.283333333333335,23.48,True,77.05378304466727
Sun Aug 11 03:31:21 2024,Copiulemu,Tomeco,15.6,22.002,True,84.62307692307692
Sun Aug 11 03:31:21 2024,Tomeco,Copiulemu,18.283333333333335,23.48,False,77.05378304466727
Sun Aug 11 03:31:21 2024,Copiulemu,Tomeco,15.433333333333334,22.002,False,85.53693304535636
