Fecha,From,To,Tiempo (min),Distancia (km),Real Time,Velocidad promedia
Sun Apr 21 09:28:11 2024,Tomeco,Copiulemu,18.683333333333334,23.48,True,75.40410347903658
Sun Apr 21 09:28:11 2024,Copiulemu,Tomeco,15.8,22.002,True,83.5518987341772
Sun Apr 21 09:28:11 2024,Tomeco,Copiulemu,18.683333333333334,23.48,False,75.40410347903658
Sun Apr 21 09:28:11 2024,Copiulemu,Tomeco,15.8,22.002,False,83.5518987341772
