Fecha,From,To,Tiempo (min),Distancia (km),Real Time,Velocidad promedia
Sun Nov 17 04:37:48 2024,Tomeco,Copiulemu,17.516666666666666,23.45,True,80.32350142721218
Sun Nov 17 04:37:48 2024,Copiulemu,Tomeco,15.366666666666667,21.968,True,85.77527114967462
Sun Nov 17 04:37:48 2024,Tomeco,Copiulemu,17.516666666666666,23.45,False,80.32350142721218
Sun Nov 17 04:37:48 2024,Copiulemu,Tomeco,15.366666666666667,21.968,False,85.77527114967462
