Fecha,From,To,Tiempo (min),Distancia (km),Real Time,Velocidad promedia
Sun Dec 31 10:30:10 2023,Tomeco,Copiulemu,16.716666666666665,23.39,True,83.95214356929213
Sun Dec 31 10:30:10 2023,Copiulemu,Tomeco,16.283333333333335,22.002,True,81.0718526100307
Sun Dec 31 10:30:10 2023,Tomeco,Copiulemu,16.716666666666665,23.39,False,83.95214356929213
Sun Dec 31 10:30:10 2023,Copiulemu,Tomeco,15.266666666666667,22.002,False,86.47074235807858
