Fecha,From,To,Tiempo (min),Distancia (km),Real Time,Velocidad promedia
Sun Oct 22 03:28:07 2023,Tomeco,Copiulemu,17.666666666666668,23.39,True,79.43773584905661
Sun Oct 22 03:28:07 2023,Copiulemu,Tomeco,15.783333333333333,22.002,True,83.64012671594509
Sun Oct 22 03:28:07 2023,Tomeco,Copiulemu,17.666666666666668,23.39,False,79.43773584905661
Sun Oct 22 03:28:07 2023,Copiulemu,Tomeco,15.433333333333334,22.002,False,85.53693304535636
