Fecha,From,To,Tiempo (min),Distancia (km),Real Time,Velocidad promedia
Sun Oct 27 05:33:37 2024,Tomeco,Copiulemu,18.566666666666666,23.45,True,75.78096947935367
Sun Oct 27 05:33:37 2024,Copiulemu,Tomeco,15.516666666666667,21.968,True,84.94607948442534
Sun Oct 27 05:33:37 2024,Tomeco,Copiulemu,18.333333333333332,23.45,False,76.74545454545455
Sun Oct 27 05:33:37 2024,Copiulemu,Tomeco,15.516666666666667,21.968,False,84.94607948442534
