Fecha,From,To,Tiempo (min),Distancia (km),Real Time,Velocidad promedia
Sun Jun 23 20:27:59 2024,Tomeco,Copiulemu,21.283333333333335,23.48,True,66.19263899765073
Sun Jun 23 20:27:59 2024,Copiulemu,Tomeco,15.266666666666667,22.002,True,86.47074235807858
Sun Jun 23 20:27:59 2024,Tomeco,Copiulemu,17.733333333333334,23.48,False,79.44360902255639
Sun Jun 23 20:27:59 2024,Copiulemu,Tomeco,15.166666666666666,22.002,False,87.04087912087913
