Fecha,From,To,Tiempo (min),Distancia (km),Real Time,Velocidad promedia
Sun May 26 14:28:16 2024,Tomeco,Copiulemu,17.416666666666668,23.48,True,80.88803827751195
Sun May 26 14:28:16 2024,Copiulemu,Tomeco,15.783333333333333,22.002,True,83.64012671594509
Sun May 26 14:28:16 2024,Tomeco,Copiulemu,17.183333333333334,23.48,False,81.98642095053346
Sun May 26 14:28:16 2024,Copiulemu,Tomeco,15.133333333333333,22.002,False,87.23259911894272
