Fecha,From,To,Tiempo (min),Distancia (km),Real Time,Velocidad promedia
Sun Mar 20 12:49:13 2022,Tomeco,Copiulemu,17.5,23.39,True,80.19428571428571
Sun Mar 20 12:49:13 2022,Copiulemu,Tomeco,15.016666666666667,22.002,True,87.91032186459489
Sun Mar 20 12:49:13 2022,Tomeco,Copiulemu,17.516666666666666,23.39,False,80.11798287345385
Sun Mar 20 12:49:13 2022,Copiulemu,Tomeco,15.8,22.002,False,83.5518987341772
