Fecha,From,To,Tiempo (min),Distancia (km),Real Time,Velocidad promedia
Sun Oct 29 21:28:10 2023,Tomeco,Copiulemu,17.85,23.39,True,78.62184873949579
Sun Oct 29 21:28:10 2023,Copiulemu,Tomeco,15.15,22.002,True,87.13663366336633
Sun Oct 29 21:28:10 2023,Tomeco,Copiulemu,17.65,23.39,False,79.51274787535412
Sun Oct 29 21:28:10 2023,Copiulemu,Tomeco,15.15,22.002,False,87.13663366336633
