Fecha,From,To,Tiempo (min),Distancia (km),Real Time,Velocidad promedia
Sun Jul 17 04:53:04 2022,Tomeco,Copiulemu,18.016666666666666,23.39,True,77.89454209065681
Sun Jul 17 04:53:04 2022,Copiulemu,Tomeco,15.333333333333334,22.002,True,86.09478260869564
Sun Jul 17 04:53:04 2022,Tomeco,Copiulemu,17.2,23.39,False,81.59302325581395
Sun Jul 17 04:53:04 2022,Copiulemu,Tomeco,15.333333333333334,22.002,False,86.09478260869564
