Fecha,From,To,Tiempo (min),Distancia (km),Real Time,Velocidad promedia
Sun Oct  6 11:28:03 2024,Tomeco,Copiulemu,17.616666666666667,23.48,True,79.96972563859981
Sun Oct  6 11:28:03 2024,Copiulemu,Tomeco,15.316666666666666,22.002,True,86.18846572361262
Sun Oct  6 11:28:03 2024,Tomeco,Copiulemu,17.366666666666667,23.48,False,81.12092130518234
Sun Oct  6 11:28:03 2024,Copiulemu,Tomeco,15.316666666666666,22.002,False,86.18846572361262
