Fecha,From,To,Tiempo (min),Distancia (km),Real Time,Velocidad promedia
Sun May  5 11:28:04 2024,Tomeco,Copiulemu,17.616666666666667,23.48,True,79.96972563859981
Sun May  5 11:28:04 2024,Copiulemu,Tomeco,15.233333333333333,22.002,True,86.65995623632385
Sun May  5 11:28:04 2024,Tomeco,Copiulemu,17.566666666666666,23.48,False,80.19734345351044
Sun May  5 11:28:04 2024,Copiulemu,Tomeco,15.233333333333333,22.002,False,86.65995623632385
