Fecha,From,To,Tiempo (min),Distancia (km),Real Time,Velocidad promedia
Sun Oct 15 18:29:13 2023,Tomeco,Copiulemu,17.05,23.39,True,82.3108504398827
Sun Oct 15 18:29:13 2023,Copiulemu,Tomeco,14.783333333333333,22.002,True,89.2978579481398
Sun Oct 15 18:29:13 2023,Tomeco,Copiulemu,16.883333333333333,23.39,False,83.12339585389932
Sun Oct 15 18:29:13 2023,Copiulemu,Tomeco,14.783333333333333,22.002,False,89.2978579481398
