Fecha,From,To,Tiempo (min),Distancia (km),Real Time,Velocidad promedia
Sun Jan 28 16:29:33 2024,Tomeco,Copiulemu,17.8,23.48,True,79.14606741573033
Sun Jan 28 16:29:33 2024,Copiulemu,Tomeco,15.8,22.002,True,83.5518987341772
Sun Jan 28 16:29:33 2024,Tomeco,Copiulemu,17.683333333333334,23.48,False,79.66823751178134
Sun Jan 28 16:29:33 2024,Copiulemu,Tomeco,15.616666666666667,22.002,False,84.53276414087513
