Fecha,From,To,Tiempo (min),Distancia (km),Real Time,Velocidad promedia
Sun Mar 20 06:39:22 2022,Tomeco,Copiulemu,18.466666666666665,23.39,True,75.99638989169675
Sun Mar 20 06:39:22 2022,Copiulemu,Tomeco,16.466666666666665,22.002,True,80.16923076923077
Sun Mar 20 06:39:22 2022,Tomeco,Copiulemu,19.133333333333333,23.39,False,73.34843205574913
Sun Mar 20 06:39:22 2022,Copiulemu,Tomeco,16.466666666666665,22.002,False,80.16923076923077
