Fecha,From,To,Tiempo (min),Distancia (km),Real Time,Velocidad promedia
Sun May 15 15:38:12 2022,Tomeco,Copiulemu,17.833333333333332,23.39,True,78.69532710280374
Sun May 15 15:38:12 2022,Copiulemu,Tomeco,15.366666666666667,22.002,True,85.90802603036876
Sun May 15 15:38:12 2022,Tomeco,Copiulemu,17.283333333333335,23.39,False,81.19961427193829
Sun May 15 15:38:12 2022,Copiulemu,Tomeco,16.216666666666665,22.002,False,81.40513874614595
