Fecha,From,To,Tiempo (min),Distancia (km),Real Time,Velocidad promedia
Sun May 26 11:28:13 2024,Tomeco,Copiulemu,17.55,23.48,True,80.27350427350426
Sun May 26 11:28:13 2024,Copiulemu,Tomeco,14.783333333333333,22.002,True,89.2978579481398
Sun May 26 11:28:13 2024,Tomeco,Copiulemu,17.383333333333333,23.48,False,81.0431447746884
Sun May 26 11:28:13 2024,Copiulemu,Tomeco,15.3,22.002,False,86.28235294117647
