Fecha,From,To,Tiempo (min),Distancia (km),Real Time,Velocidad promedia
Sun Jan 14 21:28:01 2024,Tomeco,Copiulemu,18.15,23.48,True,77.6198347107438
Sun Jan 14 21:28:01 2024,Copiulemu,Tomeco,17.016666666666666,22.002,True,77.57806072477963
Sun Jan 14 21:28:01 2024,Tomeco,Copiulemu,17.666666666666668,23.48,False,79.74339622641509
Sun Jan 14 21:28:01 2024,Copiulemu,Tomeco,15.333333333333334,22.002,False,86.09478260869564
