Fecha,From,To,Tiempo (min),Distancia (km),Real Time,Velocidad promedia
Sun Jul 14 20:28:07 2024,Tomeco,Copiulemu,18.283333333333335,23.48,True,77.05378304466727
Sun Jul 14 20:28:07 2024,Copiulemu,Tomeco,15.116666666666667,22.002,True,87.328776185226
Sun Jul 14 20:28:07 2024,Tomeco,Copiulemu,17.95,23.48,False,78.48467966573817
Sun Jul 14 20:28:07 2024,Copiulemu,Tomeco,15.066666666666666,22.002,False,87.61858407079646
