Fecha,From,To,Tiempo (min),Distancia (km),Real Time,Velocidad promedia
Sun Aug  4 14:32:24 2024,Tomeco,Copiulemu,17.466666666666665,23.48,True,80.65648854961833
Sun Aug  4 14:32:24 2024,Copiulemu,Tomeco,15.666666666666666,22.002,True,84.26297872340425
Sun Aug  4 14:32:24 2024,Tomeco,Copiulemu,17.2,23.48,False,81.90697674418604
Sun Aug  4 14:32:24 2024,Copiulemu,Tomeco,15.666666666666666,22.002,False,84.26297872340425
