Fecha,From,To,Tiempo (min),Distancia (km),Real Time,Velocidad promedia
Sun Feb 11 08:28:04 2024,Tomeco,Copiulemu,19.55,23.48,True,72.06138107416879
Sun Feb 11 08:28:04 2024,Copiulemu,Tomeco,15.933333333333334,22.002,True,82.85271966527196
Sun Feb 11 08:28:04 2024,Tomeco,Copiulemu,18.5,23.48,False,76.15135135135135
Sun Feb 11 08:28:04 2024,Copiulemu,Tomeco,15.933333333333334,22.002,False,82.85271966527196
