Fecha,From,To,Tiempo (min),Distancia (km),Real Time,Velocidad promedia
Sun Oct  8 16:31:23 2023,Tomeco,Copiulemu,16.933333333333334,23.39,True,82.87795275590551
Sun Oct  8 16:31:23 2023,Copiulemu,Tomeco,16.766666666666666,22.002,True,78.73479125248508
Sun Oct  8 16:31:23 2023,Tomeco,Copiulemu,16.933333333333334,23.39,False,82.87795275590551
Sun Oct  8 16:31:23 2023,Copiulemu,Tomeco,15.6,22.002,False,84.62307692307692
