Fecha,From,To,Tiempo (min),Distancia (km),Real Time,Velocidad promedia
Sun Jan 28 15:28:07 2024,Tomeco,Copiulemu,17.983333333333334,23.48,True,78.33920296570899
Sun Jan 28 15:28:07 2024,Copiulemu,Tomeco,16.466666666666665,22.002,True,80.16923076923077
Sun Jan 28 15:28:07 2024,Tomeco,Copiulemu,17.916666666666668,23.48,False,78.63069767441861
Sun Jan 28 15:28:07 2024,Copiulemu,Tomeco,16.466666666666665,22.002,False,80.16923076923077
