Fecha,From,To,Tiempo (min),Distancia (km),Real Time,Velocidad promedia
Sun Jul 28 23:29:08 2024,Tomeco,Copiulemu,20.85,23.48,True,67.568345323741
Sun Jul 28 23:29:08 2024,Copiulemu,Tomeco,15.966666666666667,22.002,True,82.67974947807932
Sun Jul 28 23:29:08 2024,Tomeco,Copiulemu,22.95,23.48,False,61.38562091503268
Sun Jul 28 23:29:08 2024,Copiulemu,Tomeco,15.966666666666667,22.002,False,82.67974947807932
