Fecha,From,To,Tiempo (min),Distancia (km),Real Time,Velocidad promedia
Sun Sep 15 10:34:58 2024,Tomeco,Copiulemu,17.7,23.48,True,79.59322033898306
Sun Sep 15 10:34:58 2024,Copiulemu,Tomeco,16.133333333333333,22.002,True,81.82561983471074
Sun Sep 15 10:34:58 2024,Tomeco,Copiulemu,17.75,23.48,False,79.36901408450704
Sun Sep 15 10:34:58 2024,Copiulemu,Tomeco,15.9,22.002,False,83.02641509433961
