Fecha,From,To,Tiempo (min),Distancia (km),Real Time,Velocidad promedia
Sun Jul 14 03:35:09 2024,Tomeco,Copiulemu,18.2,23.48,True,77.4065934065934
Sun Jul 14 03:35:09 2024,Copiulemu,Tomeco,15.733333333333333,22.002,True,83.90593220338984
Sun Jul 14 03:35:09 2024,Tomeco,Copiulemu,18.2,23.48,False,77.4065934065934
Sun Jul 14 03:35:09 2024,Copiulemu,Tomeco,15.55,22.002,False,84.8951768488746
