Fecha,From,To,Tiempo (min),Distancia (km),Real Time,Velocidad promedia
Sun Jul 17 02:53:59 2022,Tomeco,Copiulemu,17.166666666666668,23.39,True,81.7514563106796
Sun Jul 17 02:53:59 2022,Copiulemu,Tomeco,15.483333333333333,22.002,True,85.26071044133477
Sun Jul 17 02:53:59 2022,Tomeco,Copiulemu,16.95,23.39,False,82.79646017699116
Sun Jul 17 02:53:59 2022,Copiulemu,Tomeco,15.316666666666666,22.002,False,86.18846572361262
