Fecha,From,To,Tiempo (min),Distancia (km),Real Time,Velocidad promedia
Sun May 29 15:38:32 2022,Tomeco,Copiulemu,17.55,23.39,True,79.96581196581195
Sun May 29 15:38:32 2022,Copiulemu,Tomeco,15.866666666666667,22.002,True,83.20084033613446
Sun May 29 15:38:32 2022,Tomeco,Copiulemu,17.55,23.39,False,79.96581196581195
Sun May 29 15:38:32 2022,Copiulemu,Tomeco,15.65,22.002,False,84.35271565495206
