Fecha,From,To,Tiempo (min),Distancia (km),Real Time,Velocidad promedia
Sun Jun 16 23:29:27 2024,Tomeco,Copiulemu,19.383333333333333,23.48,True,72.68099742046432
Sun Jun 16 23:29:27 2024,Copiulemu,Tomeco,16.15,22.002,True,81.74117647058823
Sun Jun 16 23:29:27 2024,Tomeco,Copiulemu,19.516666666666666,23.48,False,72.18445772843724
Sun Jun 16 23:29:27 2024,Copiulemu,Tomeco,15.45,22.002,False,85.44466019417474
