Fecha,From,To,Tiempo (min),Distancia (km),Real Time,Velocidad promedia
Sun Jun  9 14:29:19 2024,Tomeco,Copiulemu,17.116666666666667,23.48,True,82.30574488802337
Sun Jun  9 14:29:19 2024,Copiulemu,Tomeco,14.866666666666667,22.002,True,88.79730941704035
Sun Jun  9 14:29:19 2024,Tomeco,Copiulemu,17.116666666666667,23.48,False,82.30574488802337
Sun Jun  9 14:29:19 2024,Copiulemu,Tomeco,14.866666666666667,22.002,False,88.79730941704035
