Fecha,From,To,Tiempo (min),Distancia (km),Real Time,Velocidad promedia
Sun Dec 24 04:30:44 2023,Tomeco,Copiulemu,18.4,23.39,True,76.2717391304348
Sun Dec 24 04:30:44 2023,Copiulemu,Tomeco,15.416666666666666,22.002,True,85.62940540540541
Sun Dec 24 04:30:44 2023,Tomeco,Copiulemu,18.4,23.39,False,76.2717391304348
Sun Dec 24 04:30:44 2023,Copiulemu,Tomeco,15.483333333333333,22.002,False,85.26071044133477
