Fecha,From,To,Tiempo (min),Distancia (km),Real Time,Velocidad promedia
Sun Aug 25 03:31:36 2024,Tomeco,Copiulemu,18.533333333333335,23.48,True,76.01438848920863
Sun Aug 25 03:31:36 2024,Copiulemu,Tomeco,15.383333333333333,22.002,True,85.81495124593715
Sun Aug 25 03:31:36 2024,Tomeco,Copiulemu,18.133333333333333,23.48,False,77.69117647058823
Sun Aug 25 03:31:36 2024,Copiulemu,Tomeco,15.383333333333333,22.002,False,85.81495124593715
