Fecha,From,To,Tiempo (min),Distancia (km),Real Time,Velocidad promedia
Sun Mar 17 04:30:17 2024,Tomeco,Copiulemu,18.683333333333334,23.48,True,75.40410347903658
Sun Mar 17 04:30:17 2024,Copiulemu,Tomeco,15.6,22.002,True,84.62307692307692
Sun Mar 17 04:30:17 2024,Tomeco,Copiulemu,18.683333333333334,23.48,False,75.40410347903658
Sun Mar 17 04:30:17 2024,Copiulemu,Tomeco,15.45,22.002,False,85.44466019417474
