Fecha,From,To,Tiempo (min),Distancia (km),Real Time,Velocidad promedia
Sun Sep  1 11:28:09 2024,Tomeco,Copiulemu,18.216666666666665,23.48,True,77.33577310155536
Sun Sep  1 11:28:09 2024,Copiulemu,Tomeco,15.6,22.002,True,84.62307692307692
Sun Sep  1 11:28:09 2024,Tomeco,Copiulemu,18.15,23.48,False,77.6198347107438
Sun Sep  1 11:28:09 2024,Copiulemu,Tomeco,16.0,22.002,False,82.5075
