Fecha,From,To,Tiempo (min),Distancia (km),Real Time,Velocidad promedia
Sun Apr 10 05:30:30 2022,Tomeco,Copiulemu,17.916666666666668,23.39,True,78.3293023255814
Sun Apr 10 05:30:30 2022,Copiulemu,Tomeco,15.7,22.002,True,84.08407643312101
Sun Apr 10 05:30:30 2022,Tomeco,Copiulemu,17.916666666666668,23.39,False,78.3293023255814
Sun Apr 10 05:30:30 2022,Copiulemu,Tomeco,15.7,22.002,False,84.08407643312101
