Fecha,From,To,Tiempo (min),Distancia (km),Real Time,Velocidad promedia
Sun Jan 21 04:30:47 2024,Tomeco,Copiulemu,19.033333333333335,23.48,True,74.01751313485114
Sun Jan 21 04:30:47 2024,Copiulemu,Tomeco,15.833333333333334,22.002,True,83.37599999999999
Sun Jan 21 04:30:47 2024,Tomeco,Copiulemu,18.516666666666666,23.48,False,76.08280828082809
Sun Jan 21 04:30:47 2024,Copiulemu,Tomeco,15.833333333333334,22.002,False,83.37599999999999
