Fecha,From,To,Tiempo (min),Distancia (km),Real Time,Velocidad promedia
Sun Mar 31 17:28:11 2024,Tomeco,Copiulemu,17.916666666666668,23.48,True,78.63069767441861
Sun Mar 31 17:28:11 2024,Copiulemu,Tomeco,15.166666666666666,22.002,True,87.04087912087913
Sun Mar 31 17:28:11 2024,Tomeco,Copiulemu,17.8,23.48,False,79.14606741573033
Sun Mar 31 17:28:11 2024,Copiulemu,Tomeco,15.133333333333333,22.002,False,87.23259911894272
