Fecha,From,To,Tiempo (min),Distancia (km),Real Time,Velocidad promedia
Sun Sep 10 11:28:15 2023,Tomeco,Copiulemu,16.75,23.39,True,83.78507462686566
Sun Sep 10 11:28:15 2023,Copiulemu,Tomeco,15.333333333333334,22.002,True,86.09478260869564
Sun Sep 10 11:28:15 2023,Tomeco,Copiulemu,16.75,23.39,False,83.78507462686566
Sun Sep 10 11:28:15 2023,Copiulemu,Tomeco,15.333333333333334,22.002,False,86.09478260869564
