Fecha,From,To,Tiempo (min),Distancia (km),Real Time,Velocidad promedia
Sun Apr  7 20:27:59 2024,Tomeco,Copiulemu,18.433333333333334,23.48,True,76.42676311030742
Sun Apr  7 20:27:59 2024,Copiulemu,Tomeco,15.866666666666667,22.002,True,83.20084033613446
Sun Apr  7 20:27:59 2024,Tomeco,Copiulemu,18.433333333333334,23.48,False,76.42676311030742
Sun Apr  7 20:27:59 2024,Copiulemu,Tomeco,15.366666666666667,22.002,False,85.90802603036876
