Fecha,From,To,Tiempo (min),Distancia (km),Real Time,Velocidad promedia
Sun Apr 21 08:28:32 2024,Tomeco,Copiulemu,18.65,23.48,True,75.53887399463808
Sun Apr 21 08:28:32 2024,Copiulemu,Tomeco,16.2,22.002,True,81.4888888888889
Sun Apr 21 08:28:32 2024,Tomeco,Copiulemu,18.65,23.48,False,75.53887399463808
Sun Apr 21 08:28:32 2024,Copiulemu,Tomeco,16.2,22.002,False,81.4888888888889
