Fecha,From,To,Tiempo (min),Distancia (km),Real Time,Velocidad promedia
Sun May 29 10:38:25 2022,Tomeco,Copiulemu,18.566666666666666,23.39,True,75.58707360861759
Sun May 29 10:38:25 2022,Copiulemu,Tomeco,15.566666666666666,22.002,True,84.80428265524625
Sun May 29 10:38:25 2022,Tomeco,Copiulemu,18.566666666666666,23.39,False,75.58707360861759
Sun May 29 10:38:25 2022,Copiulemu,Tomeco,15.566666666666666,22.002,False,84.80428265524625
