Fecha,From,To,Tiempo (min),Distancia (km),Real Time,Velocidad promedia
Sun Sep 10 06:28:58 2023,Tomeco,Copiulemu,18.216666666666665,23.39,True,77.03934126258005
Sun Sep 10 06:28:58 2023,Copiulemu,Tomeco,15.333333333333334,22.002,True,86.09478260869564
Sun Sep 10 06:28:58 2023,Tomeco,Copiulemu,18.216666666666665,23.39,False,77.03934126258005
Sun Sep 10 06:28:58 2023,Copiulemu,Tomeco,15.333333333333334,22.002,False,86.09478260869564
