Fecha,From,To,Tiempo (min),Distancia (km),Real Time,Velocidad promedia
Sun Dec 10 08:29:57 2023,Tomeco,Copiulemu,19.0,23.39,True,73.86315789473684
Sun Dec 10 08:29:57 2023,Copiulemu,Tomeco,15.383333333333333,22.002,True,85.81495124593715
Sun Dec 10 08:29:57 2023,Tomeco,Copiulemu,18.016666666666666,23.39,False,77.89454209065681
Sun Dec 10 08:29:57 2023,Copiulemu,Tomeco,15.383333333333333,22.002,False,85.81495124593715
