Fecha,From,To,Tiempo (min),Distancia (km),Real Time,Velocidad promedia
Sun Jul 10 14:32:46 2022,Tomeco,Copiulemu,17.033333333333335,23.39,True,82.39138943248531
Sun Jul 10 14:32:46 2022,Copiulemu,Tomeco,14.883333333333333,22.002,True,88.69787234042553
Sun Jul 10 14:32:46 2022,Tomeco,Copiulemu,16.833333333333332,23.39,False,83.37029702970297
Sun Jul 10 14:32:46 2022,Copiulemu,Tomeco,14.816666666666666,22.002,False,89.09696287964005
