Fecha,From,To,Tiempo (min),Distancia (km),Real Time,Velocidad promedia
Sun Nov  5 11:28:07 2023,Tomeco,Copiulemu,16.75,23.39,True,83.78507462686566
Sun Nov  5 11:28:07 2023,Copiulemu,Tomeco,14.766666666666667,22.002,True,89.39864559819412
Sun Nov  5 11:28:07 2023,Tomeco,Copiulemu,16.683333333333334,23.39,False,84.11988011988012
Sun Nov  5 11:28:07 2023,Copiulemu,Tomeco,15.183333333333334,22.002,False,86.94533479692646
