Fecha,From,To,Tiempo (min),Distancia (km),Real Time,Velocidad promedia
Sun Jul  3 04:02:01 2022,Tomeco,Copiulemu,17.666666666666668,23.39,True,79.43773584905661
Sun Jul  3 04:02:01 2022,Copiulemu,Tomeco,15.283333333333333,22.002,True,86.37644492911667
Sun Jul  3 04:02:01 2022,Tomeco,Copiulemu,17.366666666666667,23.39,False,80.80998080614204
Sun Jul  3 04:02:01 2022,Copiulemu,Tomeco,15.283333333333333,22.002,False,86.37644492911667
