Fecha,From,To,Tiempo (min),Distancia (km),Real Time,Velocidad promedia
Sun Sep  3 17:28:30 2023,Tomeco,Copiulemu,16.95,23.39,True,82.79646017699116
Sun Sep  3 17:28:30 2023,Copiulemu,Tomeco,15.15,22.002,True,87.13663366336633
Sun Sep  3 17:28:30 2023,Tomeco,Copiulemu,16.933333333333334,23.39,False,82.87795275590551
Sun Sep  3 17:28:30 2023,Copiulemu,Tomeco,14.966666666666667,22.002,False,88.20400890868596
