Fecha,From,To,Tiempo (min),Distancia (km),Real Time,Velocidad promedia
Sun Mar 17 14:28:01 2024,Tomeco,Copiulemu,19.35,23.48,True,72.8062015503876
Sun Mar 17 14:28:01 2024,Copiulemu,Tomeco,16.733333333333334,22.002,True,78.89163346613545
Sun Mar 17 14:28:01 2024,Tomeco,Copiulemu,19.316666666666666,23.48,False,72.93183779119931
Sun Mar 17 14:28:01 2024,Copiulemu,Tomeco,17.616666666666667,22.002,False,74.93585619678335
