Fecha,From,To,Tiempo (min),Distancia (km),Real Time,Velocidad promedia
Sun Nov 17 19:28:16 2024,Tomeco,Copiulemu,17.866666666666667,23.45,True,78.74999999999999
Sun Nov 17 19:28:16 2024,Copiulemu,Tomeco,15.466666666666667,21.968,True,85.22068965517242
Sun Nov 17 19:28:16 2024,Tomeco,Copiulemu,17.816666666666666,23.45,False,78.97100093545369
Sun Nov 17 19:28:16 2024,Copiulemu,Tomeco,15.266666666666667,21.968,False,86.33711790393012
