Fecha,From,To,Tiempo (min),Distancia (km),Real Time,Velocidad promedia
Sun Mar  3 17:27:58 2024,Tomeco,Copiulemu,18.466666666666665,23.48,True,76.28880866425993
Sun Mar  3 17:27:58 2024,Copiulemu,Tomeco,15.683333333333334,22.002,True,84.17343251859724
Sun Mar  3 17:27:58 2024,Tomeco,Copiulemu,18.2,23.48,False,77.4065934065934
Sun Mar  3 17:27:58 2024,Copiulemu,Tomeco,15.533333333333333,22.002,False,84.9862660944206
