Fecha,From,To,Tiempo (min),Distancia (km),Real Time,Velocidad promedia
Sun Jun 23 08:29:41 2024,Tomeco,Copiulemu,18.333333333333332,23.48,True,76.84363636363638
Sun Jun 23 08:29:41 2024,Copiulemu,Tomeco,15.383333333333333,22.002,True,85.81495124593715
Sun Jun 23 08:29:41 2024,Tomeco,Copiulemu,18.333333333333332,23.48,False,76.84363636363638
Sun Jun 23 08:29:41 2024,Copiulemu,Tomeco,15.383333333333333,22.002,False,85.81495124593715
