Fecha,From,To,Tiempo (min),Distancia (km),Real Time,Velocidad promedia
Sun Feb 25 19:28:00 2024,Tomeco,Copiulemu,18.433333333333334,23.48,True,76.42676311030742
Sun Feb 25 19:28:00 2024,Copiulemu,Tomeco,15.75,22.002,True,83.81714285714285
Sun Feb 25 19:28:00 2024,Tomeco,Copiulemu,17.966666666666665,23.48,False,78.41187384044528
Sun Feb 25 19:28:00 2024,Copiulemu,Tomeco,15.416666666666666,22.002,False,85.62940540540541
