Fecha,From,To,Tiempo (min),Distancia (km),Real Time,Velocidad promedia
Sun Sep 22 04:38:44 2024,Tomeco,Copiulemu,18.85,23.48,True,74.73740053050398
Sun Sep 22 04:38:44 2024,Copiulemu,Tomeco,15.35,22.002,True,86.0013029315961
Sun Sep 22 04:38:44 2024,Tomeco,Copiulemu,18.2,23.48,False,77.4065934065934
Sun Sep 22 04:38:44 2024,Copiulemu,Tomeco,15.35,22.002,False,86.0013029315961
