Fecha,From,To,Tiempo (min),Distancia (km),Real Time,Velocidad promedia
Sun Mar 17 23:28:07 2024,Tomeco,Copiulemu,20.333333333333332,23.48,True,69.28524590163936
Sun Mar 17 23:28:07 2024,Copiulemu,Tomeco,20.283333333333335,22.002,True,65.08397699260475
Sun Mar 17 23:28:07 2024,Tomeco,Copiulemu,22.583333333333332,23.48,False,62.38228782287823
Sun Mar 17 23:28:07 2024,Copiulemu,Tomeco,26.316666666666666,22.002,False,50.16288790373654
