Fecha,From,To,Tiempo (min),Distancia (km),Real Time,Velocidad promedia
Sun Sep 15 08:36:12 2024,Tomeco,Copiulemu,18.283333333333335,23.48,True,77.05378304466727
Sun Sep 15 08:36:12 2024,Copiulemu,Tomeco,15.833333333333334,22.002,True,83.37599999999999
Sun Sep 15 08:36:12 2024,Tomeco,Copiulemu,18.283333333333335,23.48,False,77.05378304466727
Sun Sep 15 08:36:12 2024,Copiulemu,Tomeco,15.833333333333334,22.002,False,83.37599999999999
