Fecha,From,To,Tiempo (min),Distancia (km),Real Time,Velocidad promedia
Sun Nov 10 17:29:57 2024,Tomeco,Copiulemu,17.316666666666666,23.45,True,81.2512030798845
Sun Nov 10 17:29:57 2024,Copiulemu,Tomeco,15.466666666666667,21.968,True,85.22068965517242
Sun Nov 10 17:29:57 2024,Tomeco,Copiulemu,17.25,23.45,False,81.56521739130436
Sun Nov 10 17:29:57 2024,Copiulemu,Tomeco,15.233333333333333,21.968,False,86.52603938730853
