Fecha,From,To,Tiempo (min),Distancia (km),Real Time,Velocidad promedia
Sun Mar 20 15:35:34 2022,Tomeco,Copiulemu,20.516666666666666,23.39,True,68.40292445166531
Sun Mar 20 15:35:34 2022,Copiulemu,Tomeco,15.583333333333334,22.002,True,84.71358288770053
Sun Mar 20 15:35:34 2022,Tomeco,Copiulemu,19.25,23.39,False,72.9038961038961
Sun Mar 20 15:35:34 2022,Copiulemu,Tomeco,15.766666666666667,22.002,False,83.72854122621564
