Fecha,From,To,Tiempo (min),Distancia (km),Real Time,Velocidad promedia
Sun Dec  3 06:30:13 2023,Tomeco,Copiulemu,18.166666666666668,23.39,True,77.25137614678899
Sun Dec  3 06:30:13 2023,Copiulemu,Tomeco,15.016666666666667,22.002,True,87.91032186459489
Sun Dec  3 06:30:13 2023,Tomeco,Copiulemu,17.916666666666668,23.39,False,78.3293023255814
Sun Dec  3 06:30:13 2023,Copiulemu,Tomeco,15.416666666666666,22.002,False,85.62940540540541
