Fecha,From,To,Tiempo (min),Distancia (km),Real Time,Velocidad promedia
Sun May 29 20:36:32 2022,Tomeco,Copiulemu,19.25,23.39,True,72.9038961038961
Sun May 29 20:36:32 2022,Copiulemu,Tomeco,15.133333333333333,22.002,True,87.23259911894272
Sun May 29 20:36:32 2022,Tomeco,Copiulemu,19.233333333333334,23.39,False,72.96707105719237
Sun May 29 20:36:32 2022,Copiulemu,Tomeco,15.033333333333333,22.002,False,87.81286031042129
