Fecha,From,To,Tiempo (min),Distancia (km),Real Time,Velocidad promedia
Sun Mar 31 13:28:09 2024,Tomeco,Copiulemu,18.1,23.48,True,77.8342541436464
Sun Mar 31 13:28:09 2024,Copiulemu,Tomeco,16.683333333333334,22.002,True,79.12807192807192
Sun Mar 31 13:28:09 2024,Tomeco,Copiulemu,17.75,23.48,False,79.36901408450704
Sun Mar 31 13:28:09 2024,Copiulemu,Tomeco,16.433333333333334,22.002,False,80.33184584178498
