Fecha,From,To,Tiempo (min),Distancia (km),Real Time,Velocidad promedia
Sun Jun 26 20:33:39 2022,Tomeco,Copiulemu,18.3,23.39,True,76.68852459016394
Sun Jun 26 20:33:39 2022,Copiulemu,Tomeco,15.133333333333333,22.002,True,87.23259911894272
Sun Jun 26 20:33:39 2022,Tomeco,Copiulemu,17.766666666666666,23.39,False,78.9906191369606
Sun Jun 26 20:33:39 2022,Copiulemu,Tomeco,14.966666666666667,22.002,False,88.20400890868596
