Fecha,From,To,Tiempo (min),Distancia (km),Real Time,Velocidad promedia
Sun Jun 26 16:47:15 2022,Tomeco,Copiulemu,17.283333333333335,23.39,True,81.19961427193829
Sun Jun 26 16:47:15 2022,Copiulemu,Tomeco,15.783333333333333,22.002,True,83.64012671594509
Sun Jun 26 16:47:15 2022,Tomeco,Copiulemu,16.816666666666666,23.39,False,83.45292368681864
Sun Jun 26 16:47:15 2022,Copiulemu,Tomeco,15.7,22.002,False,84.08407643312101
