Fecha,From,To,Tiempo (min),Distancia (km),Real Time,Velocidad promedia
Sun Jul 28 16:35:13 2024,Tomeco,Copiulemu,17.316666666666666,23.48,True,81.35514918190569
Sun Jul 28 16:35:13 2024,Copiulemu,Tomeco,16.416666666666668,22.002,True,80.41340101522842
Sun Jul 28 16:35:13 2024,Tomeco,Copiulemu,17.3,23.48,False,81.4335260115607
Sun Jul 28 16:35:13 2024,Copiulemu,Tomeco,15.566666666666666,22.002,False,84.80428265524625
