Fecha,From,To,Tiempo (min),Distancia (km),Real Time,Velocidad promedia
Sun Feb 11 04:29:01 2024,Tomeco,Copiulemu,19.366666666666667,23.48,True,72.74354561101549
Sun Feb 11 04:29:01 2024,Copiulemu,Tomeco,16.0,22.002,True,82.5075
Sun Feb 11 04:29:01 2024,Tomeco,Copiulemu,19.05,23.48,False,73.95275590551181
Sun Feb 11 04:29:01 2024,Copiulemu,Tomeco,15.8,22.002,False,83.5518987341772
