Fecha,From,To,Tiempo (min),Distancia (km),Real Time,Velocidad promedia
Sun Jan 28 21:28:01 2024,Tomeco,Copiulemu,18.433333333333334,23.48,True,76.42676311030742
Sun Jan 28 21:28:01 2024,Copiulemu,Tomeco,16.616666666666667,22.002,True,79.44553660982949
Sun Jan 28 21:28:01 2024,Tomeco,Copiulemu,17.816666666666666,23.48,False,79.07202993451824
Sun Jan 28 21:28:01 2024,Copiulemu,Tomeco,15.783333333333333,22.002,False,83.64012671594509
