Fecha,From,To,Tiempo (min),Distancia (km),Real Time,Velocidad promedia
Sun Oct 15 03:28:19 2023,Tomeco,Copiulemu,18.233333333333334,23.39,True,76.9689213893967
Sun Oct 15 03:28:19 2023,Copiulemu,Tomeco,15.6,22.002,True,84.62307692307692
Sun Oct 15 03:28:19 2023,Tomeco,Copiulemu,17.766666666666666,23.39,False,78.9906191369606
Sun Oct 15 03:28:19 2023,Copiulemu,Tomeco,15.6,22.002,False,84.62307692307692
