Fecha,From,To,Tiempo (min),Distancia (km),Real Time,Velocidad promedia
Sun Mar 10 15:28:03 2024,Tomeco,Copiulemu,18.85,23.48,True,74.73740053050398
Sun Mar 10 15:28:03 2024,Copiulemu,Tomeco,15.783333333333333,22.002,True,83.64012671594509
Sun Mar 10 15:28:03 2024,Tomeco,Copiulemu,18.85,23.48,False,74.73740053050398
Sun Mar 10 15:28:03 2024,Copiulemu,Tomeco,15.783333333333333,22.002,False,83.64012671594509
