Fecha,From,To,Tiempo (min),Distancia (km),Real Time,Velocidad promedia
Sun May 12 06:31:40 2024,Tomeco,Copiulemu,20.65,23.48,True,68.2227602905569
Sun May 12 06:31:40 2024,Copiulemu,Tomeco,15.866666666666667,22.002,True,83.20084033613446
Sun May 12 06:31:40 2024,Tomeco,Copiulemu,19.483333333333334,23.48,False,72.30795551753636
Sun May 12 06:31:40 2024,Copiulemu,Tomeco,15.866666666666667,22.002,False,83.20084033613446
