Fecha,From,To,Tiempo (min),Distancia (km),Real Time,Velocidad promedia
Sun May 22 02:20:26 2022,Tomeco,Copiulemu,18.05,23.39,True,77.75069252077563
Sun May 22 02:20:26 2022,Copiulemu,Tomeco,15.916666666666666,22.002,True,82.93947643979057
Sun May 22 02:20:26 2022,Tomeco,Copiulemu,17.6,23.39,False,79.73863636363636
Sun May 22 02:20:26 2022,Copiulemu,Tomeco,15.233333333333333,22.002,False,86.65995623632385
