Fecha,From,To,Tiempo (min),Distancia (km),Real Time,Velocidad promedia
Sun Apr 17 12:52:17 2022,Tomeco,Copiulemu,17.733333333333334,23.39,True,79.1390977443609
Sun Apr 17 12:52:17 2022,Copiulemu,Tomeco,14.983333333333333,22.002,True,88.1058954393771
Sun Apr 17 12:52:17 2022,Tomeco,Copiulemu,17.483333333333334,23.39,False,80.27073403241181
Sun Apr 17 12:52:17 2022,Copiulemu,Tomeco,14.716666666666667,22.002,False,89.70237825594563
