Fecha,From,To,Tiempo (min),Distancia (km),Real Time,Velocidad promedia
Sun Sep 17 03:28:15 2023,Tomeco,Copiulemu,17.65,23.39,True,79.51274787535412
Sun Sep 17 03:28:15 2023,Copiulemu,Tomeco,16.1,22.002,True,81.99503105590061
Sun Sep 17 03:28:15 2023,Tomeco,Copiulemu,17.65,23.39,False,79.51274787535412
Sun Sep 17 03:28:15 2023,Copiulemu,Tomeco,15.516666666666667,22.002,False,85.07755102040815
