Fecha,From,To,Tiempo (min),Distancia (km),Real Time,Velocidad promedia
Sun Mar 24 13:28:03 2024,Tomeco,Copiulemu,18.2,23.48,True,77.4065934065934
Sun Mar 24 13:28:03 2024,Copiulemu,Tomeco,16.766666666666666,22.002,True,78.73479125248508
Sun Mar 24 13:28:03 2024,Tomeco,Copiulemu,18.183333333333334,23.48,False,77.47754353803849
Sun Mar 24 13:28:03 2024,Copiulemu,Tomeco,16.75,22.002,False,78.8131343283582
