Fecha,From,To,Tiempo (min),Distancia (km),Real Time,Velocidad promedia
Sun Dec 24 12:42:13 2023,Tomeco,Copiulemu,17.066666666666666,23.39,True,82.23046875
Sun Dec 24 12:42:13 2023,Copiulemu,Tomeco,15.2,22.002,True,86.85000000000001
Sun Dec 24 12:42:13 2023,Tomeco,Copiulemu,17.016666666666666,23.39,False,82.4720861900098
Sun Dec 24 12:42:13 2023,Copiulemu,Tomeco,15.183333333333334,22.002,False,86.94533479692646
