Fecha,From,To,Tiempo (min),Distancia (km),Real Time,Velocidad promedia
Sun Aug 21 02:43:58 2022,Tomeco,Copiulemu,19.133333333333333,23.39,True,73.34843205574913
Sun Aug 21 02:43:58 2022,Copiulemu,Tomeco,15.883333333333333,22.002,True,83.11353620146905
Sun Aug 21 02:43:58 2022,Tomeco,Copiulemu,17.416666666666668,23.39,False,80.57799043062201
Sun Aug 21 02:43:58 2022,Copiulemu,Tomeco,15.616666666666667,22.002,False,84.53276414087513
