Fecha,From,To,Tiempo (min),Distancia (km),Real Time,Velocidad promedia
Sun Oct 22 08:28:10 2023,Tomeco,Copiulemu,17.783333333333335,23.39,True,78.91658856607309
Sun Oct 22 08:28:10 2023,Copiulemu,Tomeco,15.633333333333333,22.002,True,84.44264392324094
Sun Oct 22 08:28:10 2023,Tomeco,Copiulemu,17.783333333333335,23.39,False,78.91658856607309
Sun Oct 22 08:28:10 2023,Copiulemu,Tomeco,15.633333333333333,22.002,False,84.44264392324094
