Fecha,From,To,Tiempo (min),Distancia (km),Real Time,Velocidad promedia
Sun Jul 31 07:31:18 2022,Tomeco,Copiulemu,17.633333333333333,23.39,True,79.58790170132326
Sun Jul 31 07:31:18 2022,Copiulemu,Tomeco,15.483333333333333,22.002,True,85.26071044133477
Sun Jul 31 07:31:18 2022,Tomeco,Copiulemu,17.633333333333333,23.39,False,79.58790170132326
Sun Jul 31 07:31:18 2022,Copiulemu,Tomeco,15.483333333333333,22.002,False,85.26071044133477
