Fecha,From,To,Tiempo (min),Distancia (km),Real Time,Velocidad promedia
Sun Jan 28 12:39:54 2024,Tomeco,Copiulemu,17.6,23.48,True,80.04545454545455
Sun Jan 28 12:39:54 2024,Copiulemu,Tomeco,17.616666666666667,22.002,True,74.93585619678335
Sun Jan 28 12:39:54 2024,Tomeco,Copiulemu,17.366666666666667,23.48,False,81.12092130518234
Sun Jan 28 12:39:54 2024,Copiulemu,Tomeco,15.8,22.002,False,83.5518987341772
