Fecha,From,To,Tiempo (min),Distancia (km),Real Time,Velocidad promedia
Sun Dec 10 07:28:08 2023,Tomeco,Copiulemu,18.083333333333332,23.39,True,77.6073732718894
Sun Dec 10 07:28:08 2023,Copiulemu,Tomeco,15.283333333333333,22.002,True,86.37644492911667
Sun Dec 10 07:28:08 2023,Tomeco,Copiulemu,18.083333333333332,23.39,False,77.6073732718894
Sun Dec 10 07:28:08 2023,Copiulemu,Tomeco,15.283333333333333,22.002,False,86.37644492911667
