Fecha,From,To,Tiempo (min),Distancia (km),Real Time,Velocidad promedia
Sun Sep 29 09:30:45 2024,Tomeco,Copiulemu,18.25,23.512,True,77.29972602739727
Sun Sep 29 09:30:45 2024,Copiulemu,Tomeco,15.2,22.002,True,86.85000000000001
Sun Sep 29 09:30:45 2024,Tomeco,Copiulemu,18.25,23.512,False,77.29972602739727
Sun Sep 29 09:30:45 2024,Copiulemu,Tomeco,15.633333333333333,22.002,False,84.44264392324094
