Fecha,From,To,Tiempo (min),Distancia (km),Real Time,Velocidad promedia
Sun Apr  3 11:29:38 2022,Tomeco,Copiulemu,19.216666666666665,23.39,True,73.03035559410235
Sun Apr  3 11:29:38 2022,Copiulemu,Tomeco,15.583333333333334,22.002,True,84.71358288770053
Sun Apr  3 11:29:38 2022,Tomeco,Copiulemu,19.266666666666666,23.39,False,72.840830449827
Sun Apr  3 11:29:38 2022,Copiulemu,Tomeco,15.583333333333334,22.002,False,84.71358288770053
