Fecha,From,To,Tiempo (min),Distancia (km),Real Time,Velocidad promedia
Sun Jan 28 01:33:13 2024,Tomeco,Copiulemu,19.15,23.48,True,73.56657963446476
Sun Jan 28 01:33:13 2024,Copiulemu,Tomeco,16.333333333333332,22.002,True,80.82367346938776
Sun Jan 28 01:33:13 2024,Tomeco,Copiulemu,18.533333333333335,23.48,False,76.01438848920863
Sun Jan 28 01:33:13 2024,Copiulemu,Tomeco,15.9,22.002,False,83.02641509433961
