Fecha,From,To,Tiempo (min),Distancia (km),Real Time,Velocidad promedia
Sun Oct  8 07:28:09 2023,Tomeco,Copiulemu,18.2,23.39,True,77.1098901098901
Sun Oct  8 07:28:09 2023,Copiulemu,Tomeco,15.616666666666667,22.002,True,84.53276414087513
Sun Oct  8 07:28:09 2023,Tomeco,Copiulemu,18.2,23.39,False,77.1098901098901
Sun Oct  8 07:28:09 2023,Copiulemu,Tomeco,15.616666666666667,22.002,False,84.53276414087513
