Fecha,From,To,Tiempo (min),Distancia (km),Real Time,Velocidad promedia
Sun Jun  9 13:28:55 2024,Tomeco,Copiulemu,17.416666666666668,23.48,True,80.88803827751195
Sun Jun  9 13:28:55 2024,Copiulemu,Tomeco,15.116666666666667,22.002,True,87.328776185226
Sun Jun  9 13:28:55 2024,Tomeco,Copiulemu,17.416666666666668,23.48,False,80.88803827751195
Sun Jun  9 13:28:55 2024,Copiulemu,Tomeco,14.766666666666667,22.002,False,89.39864559819412
