Fecha,From,To,Tiempo (min),Distancia (km),Real Time,Velocidad promedia
Sun Nov 12 01:36:37 2023,Tomeco,Copiulemu,17.866666666666667,23.39,True,78.54850746268656
Sun Nov 12 01:36:37 2023,Copiulemu,Tomeco,15.566666666666666,22.002,True,84.80428265524625
Sun Nov 12 01:36:37 2023,Tomeco,Copiulemu,17.716666666666665,23.39,False,79.21354656632174
Sun Nov 12 01:36:37 2023,Copiulemu,Tomeco,15.55,22.002,False,84.8951768488746
