Fecha,From,To,Tiempo (min),Distancia (km),Real Time,Velocidad promedia
Sun Jul 24 07:32:31 2022,Tomeco,Copiulemu,17.25,23.39,True,81.35652173913044
Sun Jul 24 07:32:31 2022,Copiulemu,Tomeco,15.483333333333333,22.002,True,85.26071044133477
Sun Jul 24 07:32:31 2022,Tomeco,Copiulemu,17.65,23.39,False,79.51274787535412
Sun Jul 24 07:32:31 2022,Copiulemu,Tomeco,15.483333333333333,22.002,False,85.26071044133477
