Fecha,From,To,Tiempo (min),Distancia (km),Real Time,Velocidad promedia
Sun Nov  3 10:37:38 2024,Tomeco,Copiulemu,17.05,23.45,True,82.52199413489735
Sun Nov  3 10:37:38 2024,Copiulemu,Tomeco,15.183333333333334,21.968,True,86.81097694840835
Sun Nov  3 10:37:38 2024,Tomeco,Copiulemu,17.033333333333335,23.45,False,82.6027397260274
Sun Nov  3 10:37:38 2024,Copiulemu,Tomeco,15.166666666666666,21.968,False,86.90637362637364
