Fecha,From,To,Tiempo (min),Distancia (km),Real Time,Velocidad promedia
Sun Aug  4 07:28:00 2024,Tomeco,Copiulemu,18.75,23.48,True,75.136
Sun Aug  4 07:28:00 2024,Copiulemu,Tomeco,15.75,22.002,True,83.81714285714285
Sun Aug  4 07:28:00 2024,Tomeco,Copiulemu,18.633333333333333,23.48,False,75.60644007155636
Sun Aug  4 07:28:00 2024,Copiulemu,Tomeco,15.75,22.002,False,83.81714285714285
