Fecha,From,To,Tiempo (min),Distancia (km),Real Time,Velocidad promedia
Sun Sep 17 01:32:14 2023,Tomeco,Copiulemu,18.133333333333333,23.39,True,77.39338235294117
Sun Sep 17 01:32:14 2023,Copiulemu,Tomeco,15.633333333333333,22.002,True,84.44264392324094
Sun Sep 17 01:32:14 2023,Tomeco,Copiulemu,17.883333333333333,23.39,False,78.47530288909599
Sun Sep 17 01:32:14 2023,Copiulemu,Tomeco,15.283333333333333,22.002,False,86.37644492911667
