Fecha,From,To,Tiempo (min),Distancia (km),Real Time,Velocidad promedia
Sun Oct  8 11:28:01 2023,Tomeco,Copiulemu,16.533333333333335,23.39,True,84.88306451612902
Sun Oct  8 11:28:01 2023,Copiulemu,Tomeco,15.216666666666667,22.002,True,86.75487404162102
Sun Oct  8 11:28:01 2023,Tomeco,Copiulemu,16.533333333333335,23.39,False,84.88306451612902
Sun Oct  8 11:28:01 2023,Copiulemu,Tomeco,15.216666666666667,22.002,False,86.75487404162102
