Fecha,From,To,Tiempo (min),Distancia (km),Real Time,Velocidad promedia
Sun Jun 16 06:34:33 2024,Tomeco,Copiulemu,18.866666666666667,23.48,True,74.67137809187278
Sun Jun 16 06:34:33 2024,Copiulemu,Tomeco,15.6,22.002,True,84.62307692307692
Sun Jun 16 06:34:33 2024,Tomeco,Copiulemu,18.866666666666667,23.48,False,74.67137809187278
Sun Jun 16 06:34:33 2024,Copiulemu,Tomeco,15.6,22.002,False,84.62307692307692
