Fecha,From,To,Tiempo (min),Distancia (km),Real Time,Velocidad promedia
Sun Aug  7 19:28:16 2022,Tomeco,Copiulemu,18.05,23.39,True,77.75069252077563
Sun Aug  7 19:28:16 2022,Copiulemu,Tomeco,14.85,22.002,True,88.89696969696969
Sun Aug  7 19:28:16 2022,Tomeco,Copiulemu,17.983333333333334,23.39,False,78.03892493049119
Sun Aug  7 19:28:16 2022,Copiulemu,Tomeco,14.7,22.002,False,89.80408163265305
