Fecha,From,To,Tiempo (min),Distancia (km),Real Time,Velocidad promedia
Sun Oct 13 03:03:15 2024,Tomeco,Copiulemu,18.383333333333333,23.48,True,76.63463281958296
Sun Oct 13 03:03:15 2024,Copiulemu,Tomeco,15.816666666666666,22.002,True,83.46385669125394
Sun Oct 13 03:03:15 2024,Tomeco,Copiulemu,18.1,23.48,False,77.8342541436464
Sun Oct 13 03:03:15 2024,Copiulemu,Tomeco,15.25,22.002,False,86.56524590163934
