Fecha,From,To,Tiempo (min),Distancia (km),Real Time,Velocidad promedia
Sun Sep  1 03:38:06 2024,Tomeco,Copiulemu,18.516666666666666,23.48,True,76.08280828082809
Sun Sep  1 03:38:06 2024,Copiulemu,Tomeco,15.383333333333333,22.002,True,85.81495124593715
Sun Sep  1 03:38:06 2024,Tomeco,Copiulemu,18.233333333333334,23.48,False,77.26508226691041
Sun Sep  1 03:38:06 2024,Copiulemu,Tomeco,15.383333333333333,22.002,False,85.81495124593715
