Fecha,From,To,Tiempo (min),Distancia (km),Real Time,Velocidad promedia
Sun Aug 21 21:32:12 2022,Tomeco,Copiulemu,17.85,23.39,True,78.62184873949579
Sun Aug 21 21:32:12 2022,Copiulemu,Tomeco,15.166666666666666,22.002,True,87.04087912087913
Sun Aug 21 21:32:12 2022,Tomeco,Copiulemu,17.85,23.39,False,78.62184873949579
Sun Aug 21 21:32:12 2022,Copiulemu,Tomeco,15.016666666666667,22.002,False,87.91032186459489
