Fecha,From,To,Tiempo (min),Distancia (km),Real Time,Velocidad promedia
Sun Sep 22 14:31:23 2024,Tomeco,Copiulemu,17.766666666666666,23.512,True,79.40262664165104
Sun Sep 22 14:31:23 2024,Copiulemu,Tomeco,16.166666666666668,22.002,True,81.65690721649483
Sun Sep 22 14:31:23 2024,Tomeco,Copiulemu,17.15,23.512,False,82.25772594752186
Sun Sep 22 14:31:23 2024,Copiulemu,Tomeco,15.383333333333333,22.002,False,85.81495124593715
