Fecha,From,To,Tiempo (min),Distancia (km),Real Time,Velocidad promedia
Sun Sep 15 20:30:17 2024,Tomeco,Copiulemu,18.666666666666668,23.48,True,75.47142857142858
Sun Sep 15 20:30:17 2024,Copiulemu,Tomeco,16.666666666666668,22.002,True,79.20719999999999
Sun Sep 15 20:30:17 2024,Tomeco,Copiulemu,18.516666666666666,23.48,False,76.08280828082809
Sun Sep 15 20:30:17 2024,Copiulemu,Tomeco,15.633333333333333,22.002,False,84.44264392324094
