Fecha,From,To,Tiempo (min),Distancia (km),Real Time,Velocidad promedia
Sun Sep  4 06:42:09 2022,Tomeco,Copiulemu,17.966666666666665,23.39,True,78.11131725417441
Sun Sep  4 06:42:09 2022,Copiulemu,Tomeco,15.416666666666666,22.002,True,85.62940540540541
Sun Sep  4 06:42:09 2022,Tomeco,Copiulemu,17.966666666666665,23.39,False,78.11131725417441
Sun Sep  4 06:42:09 2022,Copiulemu,Tomeco,15.416666666666666,22.002,False,85.62940540540541
