Fecha,From,To,Tiempo (min),Distancia (km),Real Time,Velocidad promedia
Sun Sep 11 07:35:03 2022,Tomeco,Copiulemu,18.066666666666666,23.39,True,77.6789667896679
Sun Sep 11 07:35:03 2022,Copiulemu,Tomeco,15.133333333333333,22.002,True,87.23259911894272
Sun Sep 11 07:35:03 2022,Tomeco,Copiulemu,18.083333333333332,23.39,False,77.6073732718894
Sun Sep 11 07:35:03 2022,Copiulemu,Tomeco,15.133333333333333,22.002,False,87.23259911894272
