Fecha,From,To,Tiempo (min),Distancia (km),Real Time,Velocidad promedia
Sun Nov 10 08:34:22 2024,Tomeco,Copiulemu,17.75,23.45,True,79.26760563380282
Sun Nov 10 08:34:22 2024,Copiulemu,Tomeco,16.2,21.968,True,81.36296296296297
Sun Nov 10 08:34:22 2024,Tomeco,Copiulemu,17.75,23.45,False,79.26760563380282
Sun Nov 10 08:34:22 2024,Copiulemu,Tomeco,15.516666666666667,21.968,False,84.94607948442534
