Fecha,From,To,Tiempo (min),Distancia (km),Real Time,Velocidad promedia
Sun Jul 21 02:45:32 2024,Tomeco,Copiulemu,18.316666666666666,23.48,True,76.91355777979983
Sun Jul 21 02:45:32 2024,Copiulemu,Tomeco,15.933333333333334,22.002,True,82.85271966527196
Sun Jul 21 02:45:32 2024,Tomeco,Copiulemu,18.3,23.48,False,76.98360655737706
Sun Jul 21 02:45:32 2024,Copiulemu,Tomeco,15.433333333333334,22.002,False,85.53693304535636
