Fecha,From,To,Tiempo (min),Distancia (km),Real Time,Velocidad promedia
Sun Sep 29 03:04:29 2024,Tomeco,Copiulemu,18.65,23.48,True,75.53887399463808
Sun Sep 29 03:04:29 2024,Copiulemu,Tomeco,15.85,22.002,True,83.28832807570977
Sun Sep 29 03:04:29 2024,Tomeco,Copiulemu,18.333333333333332,23.48,False,76.84363636363638
Sun Sep 29 03:04:29 2024,Copiulemu,Tomeco,15.466666666666667,22.002,False,85.35258620689655
