Fecha,From,To,Tiempo (min),Distancia (km),Real Time,Velocidad promedia
Sun Apr 21 20:28:14 2024,Tomeco,Copiulemu,18.583333333333332,23.48,True,75.80986547085203
Sun Apr 21 20:28:14 2024,Copiulemu,Tomeco,15.366666666666667,22.002,True,85.90802603036876
Sun Apr 21 20:28:14 2024,Tomeco,Copiulemu,18.316666666666666,23.48,False,76.91355777979983
Sun Apr 21 20:28:14 2024,Copiulemu,Tomeco,15.2,22.002,False,86.85000000000001
