Fecha,From,To,Tiempo (min),Distancia (km),Real Time,Velocidad promedia
Sun Jun 26 22:33:12 2022,Tomeco,Copiulemu,20.066666666666666,23.39,True,69.93687707641196
Sun Jun 26 22:33:12 2022,Copiulemu,Tomeco,16.016666666666666,22.002,True,82.4216441207076
Sun Jun 26 22:33:12 2022,Tomeco,Copiulemu,25.516666666666666,23.39,False,54.99934683213586
Sun Jun 26 22:33:12 2022,Copiulemu,Tomeco,15.883333333333333,22.002,False,83.11353620146905
