Fecha,From,To,Tiempo (min),Distancia (km),Real Time,Velocidad promedia
Sun Apr  7 09:28:04 2024,Tomeco,Copiulemu,18.616666666666667,23.48,True,75.67412712623099
Sun Apr  7 09:28:04 2024,Copiulemu,Tomeco,16.15,22.002,True,81.74117647058823
Sun Apr  7 09:28:04 2024,Tomeco,Copiulemu,18.616666666666667,23.48,False,75.67412712623099
Sun Apr  7 09:28:04 2024,Copiulemu,Tomeco,16.15,22.002,False,81.74117647058823
