Fecha,From,To,Tiempo (min),Distancia (km),Real Time,Velocidad promedia
Sun Sep 22 03:38:27 2024,Tomeco,Copiulemu,18.3,23.48,True,76.98360655737706
Sun Sep 22 03:38:27 2024,Copiulemu,Tomeco,15.3,22.002,True,86.28235294117647
Sun Sep 22 03:38:27 2024,Tomeco,Copiulemu,18.3,23.48,False,76.98360655737706
Sun Sep 22 03:38:27 2024,Copiulemu,Tomeco,15.3,22.002,False,86.28235294117647
