Fecha,From,To,Tiempo (min),Distancia (km),Real Time,Velocidad promedia
Sun Dec  1 18:40:05 2024,Tomeco,Copiulemu,19.216666666666665,23.45,True,73.21769297484822
Sun Dec  1 18:40:05 2024,Copiulemu,Tomeco,15.583333333333334,21.968,True,84.58267379679144
Sun Dec  1 18:40:05 2024,Tomeco,Copiulemu,17.55,23.45,False,80.17094017094016
Sun Dec  1 18:40:05 2024,Copiulemu,Tomeco,15.516666666666667,21.968,False,84.94607948442534
