Fecha,From,To,Tiempo (min),Distancia (km),Real Time,Velocidad promedia
Sun Apr 17 16:49:13 2022,Tomeco,Copiulemu,21.75,23.39,True,64.52413793103449
Sun Apr 17 16:49:13 2022,Copiulemu,Tomeco,17.1,21.461,True,75.3017543859649
Sun Apr 17 16:49:13 2022,Tomeco,Copiulemu,20.366666666666667,23.39,False,68.90671031096564
Sun Apr 17 16:49:13 2022,Copiulemu,Tomeco,16.616666666666667,21.461,False,77.49207622868606
