Fecha,From,To,Tiempo (min),Distancia (km),Real Time,Velocidad promedia
Sun Feb 11 14:28:21 2024,Tomeco,Copiulemu,18.833333333333332,23.48,True,74.80353982300885
Sun Feb 11 14:28:21 2024,Copiulemu,Tomeco,19.183333333333334,22.002,True,68.8159860990443
Sun Feb 11 14:28:21 2024,Tomeco,Copiulemu,18.466666666666665,23.48,False,76.28880866425993
Sun Feb 11 14:28:21 2024,Copiulemu,Tomeco,16.85,22.002,False,78.3454005934718
