Fecha,From,To,Tiempo (min),Distancia (km),Real Time,Velocidad promedia
Sun Nov 17 08:36:05 2024,Tomeco,Copiulemu,17.766666666666666,23.45,True,79.19324577861163
Sun Nov 17 08:36:05 2024,Copiulemu,Tomeco,15.383333333333333,21.968,True,85.68234019501625
Sun Nov 17 08:36:05 2024,Tomeco,Copiulemu,17.766666666666666,23.45,False,79.19324577861163
Sun Nov 17 08:36:05 2024,Copiulemu,Tomeco,15.383333333333333,21.968,False,85.68234019501625
