Fecha,From,To,Tiempo (min),Distancia (km),Real Time,Velocidad promedia
Sun May 15 07:32:38 2022,Tomeco,Copiulemu,18.366666666666667,23.39,True,76.41016333938295
Sun May 15 07:32:38 2022,Copiulemu,Tomeco,15.683333333333334,22.002,True,84.17343251859724
Sun May 15 07:32:38 2022,Tomeco,Copiulemu,18.366666666666667,23.39,False,76.41016333938295
Sun May 15 07:32:38 2022,Copiulemu,Tomeco,15.683333333333334,22.002,False,84.17343251859724
