Fecha,From,To,Tiempo (min),Distancia (km),Real Time,Velocidad promedia
Sun Oct  6 08:35:46 2024,Tomeco,Copiulemu,18.533333333333335,23.48,True,76.01438848920863
Sun Oct  6 08:35:46 2024,Copiulemu,Tomeco,15.316666666666666,22.002,True,86.18846572361262
Sun Oct  6 08:35:46 2024,Tomeco,Copiulemu,18.283333333333335,23.48,False,77.05378304466727
Sun Oct  6 08:35:46 2024,Copiulemu,Tomeco,15.316666666666666,22.002,False,86.18846572361262
