Fecha,From,To,Tiempo (min),Distancia (km),Real Time,Velocidad promedia
Sun Oct  8 21:28:06 2023,Tomeco,Copiulemu,17.983333333333334,23.39,True,78.03892493049119
Sun Oct  8 21:28:06 2023,Copiulemu,Tomeco,15.5,22.002,True,85.1690322580645
Sun Oct  8 21:28:06 2023,Tomeco,Copiulemu,19.883333333333333,23.39,False,70.58172673931266
Sun Oct  8 21:28:06 2023,Copiulemu,Tomeco,15.466666666666667,22.002,False,85.35258620689655
