Fecha,From,To,Tiempo (min),Distancia (km),Real Time,Velocidad promedia
Sun Sep  4 03:06:17 2022,Tomeco,Copiulemu,17.433333333333334,23.39,True,80.50095602294455
Sun Sep  4 03:06:17 2022,Copiulemu,Tomeco,15.766666666666667,22.002,True,83.72854122621564
Sun Sep  4 03:06:17 2022,Tomeco,Copiulemu,17.283333333333335,23.39,False,81.19961427193829
Sun Sep  4 03:06:17 2022,Copiulemu,Tomeco,15.766666666666667,22.002,False,83.72854122621564
