Fecha,From,To,Tiempo (min),Distancia (km),Real Time,Velocidad promedia
Sun Jul 28 07:28:09 2024,Tomeco,Copiulemu,18.7,23.48,True,75.33689839572193
Sun Jul 28 07:28:09 2024,Copiulemu,Tomeco,15.5,22.002,True,85.1690322580645
Sun Jul 28 07:28:09 2024,Tomeco,Copiulemu,18.7,23.48,False,75.33689839572193
Sun Jul 28 07:28:09 2024,Copiulemu,Tomeco,15.733333333333333,22.002,False,83.90593220338984
