Fecha,From,To,Tiempo (min),Distancia (km),Real Time,Velocidad promedia
Sun May 19 02:39:30 2024,Tomeco,Copiulemu,18.6,23.48,True,75.74193548387098
Sun May 19 02:39:30 2024,Copiulemu,Tomeco,15.833333333333334,22.002,True,83.37599999999999
Sun May 19 02:39:30 2024,Tomeco,Copiulemu,18.15,23.48,False,77.6198347107438
Sun May 19 02:39:30 2024,Copiulemu,Tomeco,15.833333333333334,22.002,False,83.37599999999999
