Fecha,From,To,Tiempo (min),Distancia (km),Real Time,Velocidad promedia
Sun Nov 24 23:31:25 2024,Tomeco,Copiulemu,18.283333333333335,23.45,True,76.9553327256153
Sun Nov 24 23:31:25 2024,Copiulemu,Tomeco,16.183333333333334,21.968,True,81.44675592173017
Sun Nov 24 23:31:25 2024,Tomeco,Copiulemu,18.216666666666665,23.45,False,77.23696248856359
Sun Nov 24 23:31:25 2024,Copiulemu,Tomeco,15.366666666666667,21.968,False,85.77527114967462
