Fecha,From,To,Tiempo (min),Distancia (km),Real Time,Velocidad promedia
Sun Jul  3 08:37:14 2022,Tomeco,Copiulemu,18.15,23.39,True,77.32231404958678
Sun Jul  3 08:37:14 2022,Copiulemu,Tomeco,15.316666666666666,22.002,True,86.18846572361262
Sun Jul  3 08:37:14 2022,Tomeco,Copiulemu,18.15,23.39,False,77.32231404958678
Sun Jul  3 08:37:14 2022,Copiulemu,Tomeco,15.316666666666666,22.002,False,86.18846572361262
