Fecha,From,To,Tiempo (min),Distancia (km),Real Time,Velocidad promedia
Sun Sep 22 21:28:16 2024,Tomeco,Copiulemu,18.533333333333335,23.48,True,76.01438848920863
Sun Sep 22 21:28:16 2024,Copiulemu,Tomeco,15.8,22.002,True,83.5518987341772
Sun Sep 22 21:28:16 2024,Tomeco,Copiulemu,18.616666666666667,23.48,False,75.67412712623099
Sun Sep 22 21:28:16 2024,Copiulemu,Tomeco,15.65,22.002,False,84.35271565495206
