Fecha,From,To,Tiempo (min),Distancia (km),Real Time,Velocidad promedia
Sun Oct 29 12:42:17 2023,Tomeco,Copiulemu,17.116666666666667,23.39,True,81.9902629016553
Sun Oct 29 12:42:17 2023,Copiulemu,Tomeco,15.183333333333334,22.002,True,86.94533479692646
Sun Oct 29 12:42:17 2023,Tomeco,Copiulemu,16.833333333333332,23.39,False,83.37029702970297
Sun Oct 29 12:42:17 2023,Copiulemu,Tomeco,15.116666666666667,22.002,False,87.328776185226
