Fecha,From,To,Tiempo (min),Distancia (km),Real Time,Velocidad promedia
Sun Jun  2 03:30:11 2024,Tomeco,Copiulemu,18.183333333333334,23.48,True,77.47754353803849
Sun Jun  2 03:30:11 2024,Copiulemu,Tomeco,15.95,22.002,True,82.76614420062697
Sun Jun  2 03:30:11 2024,Tomeco,Copiulemu,18.183333333333334,23.48,False,77.47754353803849
Sun Jun  2 03:30:11 2024,Copiulemu,Tomeco,15.95,22.002,False,82.76614420062697
