Fecha,From,To,Tiempo (min),Distancia (km),Real Time,Velocidad promedia
Sun Dec 10 18:29:17 2023,Tomeco,Copiulemu,17.116666666666667,23.39,True,81.9902629016553
Sun Dec 10 18:29:17 2023,Copiulemu,Tomeco,14.666666666666666,22.002,True,90.00818181818181
Sun Dec 10 18:29:17 2023,Tomeco,Copiulemu,17.05,23.39,False,82.3108504398827
Sun Dec 10 18:29:17 2023,Copiulemu,Tomeco,14.65,22.002,False,90.11058020477815
