Fecha,From,To,Tiempo (min),Distancia (km),Real Time,Velocidad promedia
Sun Apr 24 05:31:05 2022,Tomeco,Copiulemu,17.066666666666666,23.39,True,82.23046875
Sun Apr 24 05:31:05 2022,Copiulemu,Tomeco,15.45,22.002,True,85.44466019417474
Sun Apr 24 05:31:05 2022,Tomeco,Copiulemu,17.066666666666666,23.39,False,82.23046875
Sun Apr 24 05:31:05 2022,Copiulemu,Tomeco,15.45,22.002,False,85.44466019417474
