Fecha,From,To,Tiempo (min),Distancia (km),Real Time,Velocidad promedia
Sun Dec  1 05:35:57 2024,Tomeco,Copiulemu,18.183333333333334,23.45,True,77.37855178735104
Sun Dec  1 05:35:57 2024,Copiulemu,Tomeco,15.683333333333334,21.968,True,84.0433581296493
Sun Dec  1 05:35:57 2024,Tomeco,Copiulemu,18.183333333333334,23.45,False,77.37855178735104
Sun Dec  1 05:35:57 2024,Copiulemu,Tomeco,15.666666666666666,21.968,False,84.13276595744681
