Fecha,From,To,Tiempo (min),Distancia (km),Real Time,Velocidad promedia
Sun Sep 29 12:51:20 2024,Tomeco,Copiulemu,17.333333333333332,23.48,True,81.27692307692308
Sun Sep 29 12:51:20 2024,Copiulemu,Tomeco,14.983333333333333,22.002,True,88.1058954393771
Sun Sep 29 12:51:20 2024,Tomeco,Copiulemu,17.333333333333332,23.48,False,81.27692307692308
Sun Sep 29 12:51:20 2024,Copiulemu,Tomeco,14.95,22.002,False,88.30234113712375
