Fecha,From,To,Tiempo (min),Distancia (km),Real Time,Velocidad promedia
Sun Jun 23 22:29:53 2024,Tomeco,Copiulemu,48.46666666666667,23.491,True,29.081017881705638
Sun Jun 23 22:29:53 2024,Copiulemu,Tomeco,15.7,22.002,True,84.08407643312101
Sun Jun 23 22:29:53 2024,Tomeco,Copiulemu,19.55,23.491,False,72.09514066496163
Sun Jun 23 22:29:53 2024,Copiulemu,Tomeco,15.566666666666666,22.002,False,84.80428265524625
