Fecha,From,To,Tiempo (min),Distancia (km),Real Time,Velocidad promedia
Sun May 26 03:29:36 2024,Tomeco,Copiulemu,18.25,23.48,True,77.19452054794522
Sun May 26 03:29:36 2024,Copiulemu,Tomeco,15.983333333333333,22.002,True,82.59353493222106
Sun May 26 03:29:36 2024,Tomeco,Copiulemu,18.233333333333334,23.48,False,77.26508226691041
Sun May 26 03:29:36 2024,Copiulemu,Tomeco,15.983333333333333,22.002,False,82.59353493222106
