Fecha,From,To,Tiempo (min),Distancia (km),Real Time,Velocidad promedia
Sun Oct 27 03:04:33 2024,Tomeco,Copiulemu,18.35,23.45,True,76.67574931880108
Sun Oct 27 03:04:33 2024,Copiulemu,Tomeco,15.4,21.968,True,85.5896103896104
Sun Oct 27 03:04:33 2024,Tomeco,Copiulemu,18.15,23.45,False,77.52066115702479
Sun Oct 27 03:04:33 2024,Copiulemu,Tomeco,15.25,21.968,False,86.43147540983607
