Fecha,From,To,Tiempo (min),Distancia (km),Real Time,Velocidad promedia
Sun Dec 24 13:28:05 2023,Tomeco,Copiulemu,17.1,23.39,True,82.07017543859648
Sun Dec 24 13:28:05 2023,Copiulemu,Tomeco,14.633333333333333,22.002,True,90.2132118451025
Sun Dec 24 13:28:05 2023,Tomeco,Copiulemu,17.1,23.39,False,82.07017543859648
Sun Dec 24 13:28:05 2023,Copiulemu,Tomeco,15.333333333333334,22.002,False,86.09478260869564
