Fecha,From,To,Tiempo (min),Distancia (km),Real Time,Velocidad promedia
Sun Aug 21 20:35:24 2022,Tomeco,Copiulemu,17.866666666666667,23.39,True,78.54850746268656
Sun Aug 21 20:35:24 2022,Copiulemu,Tomeco,15.483333333333333,22.002,True,85.26071044133477
Sun Aug 21 20:35:24 2022,Tomeco,Copiulemu,17.616666666666667,23.39,False,79.6631977294229
Sun Aug 21 20:35:24 2022,Copiulemu,Tomeco,15.1,22.002,False,87.4251655629139
