Fecha,From,To,Tiempo (min),Distancia (km),Real Time,Velocidad promedia
Sun Dec  1 23:30:55 2024,Tomeco,Copiulemu,19.75,23.45,True,71.24050632911393
Sun Dec  1 23:30:55 2024,Copiulemu,Tomeco,15.65,21.968,True,84.22236421725239
Sun Dec  1 23:30:55 2024,Tomeco,Copiulemu,18.05,23.45,False,77.95013850415512
Sun Dec  1 23:30:55 2024,Copiulemu,Tomeco,15.316666666666666,21.968,False,86.05527747551687
