Fecha,From,To,Tiempo (min),Distancia (km),Real Time,Velocidad promedia
Sun Sep 24 20:28:13 2023,Tomeco,Copiulemu,18.516666666666666,23.39,True,75.7911791179118
Sun Sep 24 20:28:13 2023,Copiulemu,Tomeco,14.933333333333334,22.002,True,88.40089285714285
Sun Sep 24 20:28:13 2023,Tomeco,Copiulemu,18.516666666666666,23.39,False,75.7911791179118
Sun Sep 24 20:28:13 2023,Copiulemu,Tomeco,14.933333333333334,22.002,False,88.40089285714285
