Fecha,From,To,Tiempo (min),Distancia (km),Real Time,Velocidad promedia
Sun Jul 28 04:31:05 2024,Tomeco,Copiulemu,18.7,23.48,True,75.33689839572193
Sun Jul 28 04:31:05 2024,Copiulemu,Tomeco,15.566666666666666,22.002,True,84.80428265524625
Sun Jul 28 04:31:05 2024,Tomeco,Copiulemu,18.416666666666668,23.48,False,76.49592760180995
Sun Jul 28 04:31:05 2024,Copiulemu,Tomeco,15.45,22.002,False,85.44466019417474
