Fecha,From,To,Tiempo (min),Distancia (km),Real Time,Velocidad promedia
Sun Apr 28 04:29:07 2024,Tomeco,Copiulemu,18.783333333333335,23.48,True,75.00266193433895
Sun Apr 28 04:29:07 2024,Copiulemu,Tomeco,15.616666666666667,22.002,True,84.53276414087513
Sun Apr 28 04:29:07 2024,Tomeco,Copiulemu,18.783333333333335,23.48,False,75.00266193433895
Sun Apr 28 04:29:07 2024,Copiulemu,Tomeco,15.633333333333333,22.002,False,84.44264392324094
