Fecha,From,To,Tiempo (min),Distancia (km),Real Time,Velocidad promedia
Sun Nov 12 13:28:09 2023,Tomeco,Copiulemu,16.966666666666665,23.39,True,82.71512770137525
Sun Nov 12 13:28:09 2023,Copiulemu,Tomeco,15.216666666666667,22.002,True,86.75487404162102
Sun Nov 12 13:28:09 2023,Tomeco,Copiulemu,16.95,23.39,False,82.79646017699116
Sun Nov 12 13:28:09 2023,Copiulemu,Tomeco,15.133333333333333,22.002,False,87.23259911894272
