Fecha,From,To,Tiempo (min),Distancia (km),Real Time,Velocidad promedia
Sun Jun 16 03:30:49 2024,Tomeco,Copiulemu,18.516666666666666,23.48,True,76.08280828082809
Sun Jun 16 03:30:49 2024,Copiulemu,Tomeco,15.666666666666666,22.002,True,84.26297872340425
Sun Jun 16 03:30:49 2024,Tomeco,Copiulemu,18.466666666666665,23.48,False,76.28880866425993
Sun Jun 16 03:30:49 2024,Copiulemu,Tomeco,15.666666666666666,22.002,False,84.26297872340425
