Fecha,From,To,Tiempo (min),Distancia (km),Real Time,Velocidad promedia
Sun Jul 14 22:31:35 2024,Tomeco,Copiulemu,19.4,23.48,True,72.61855670103094
Sun Jul 14 22:31:35 2024,Copiulemu,Tomeco,16.4,22.002,True,80.49512195121952
Sun Jul 14 22:31:35 2024,Tomeco,Copiulemu,18.95,23.48,False,74.3430079155673
Sun Jul 14 22:31:35 2024,Copiulemu,Tomeco,16.216666666666665,22.002,False,81.40513874614595
