Fecha,From,To,Tiempo (min),Distancia (km),Real Time,Velocidad promedia
Sun Feb 18 13:28:04 2024,Tomeco,Copiulemu,18.45,23.48,True,76.35772357723577
Sun Feb 18 13:28:04 2024,Copiulemu,Tomeco,17.233333333333334,22.002,True,76.6027079303675
Sun Feb 18 13:28:04 2024,Tomeco,Copiulemu,17.733333333333334,23.48,False,79.44360902255639
Sun Feb 18 13:28:04 2024,Copiulemu,Tomeco,16.266666666666666,22.002,False,81.1549180327869
