Fecha,From,To,Tiempo (min),Distancia (km),Real Time,Velocidad promedia
Sun Apr 10 18:39:13 2022,Tomeco,Copiulemu,19.216666666666665,23.39,True,73.03035559410235
Sun Apr 10 18:39:13 2022,Copiulemu,Tomeco,15.8,22.002,True,83.5518987341772
Sun Apr 10 18:39:13 2022,Tomeco,Copiulemu,18.533333333333335,23.39,False,75.72302158273381
Sun Apr 10 18:39:13 2022,Copiulemu,Tomeco,15.316666666666666,22.002,False,86.18846572361262
