Fecha,From,To,Tiempo (min),Distancia (km),Real Time,Velocidad promedia
Sun Dec 10 15:28:04 2023,Tomeco,Copiulemu,17.583333333333332,23.39,True,79.81421800947868
Sun Dec 10 15:28:04 2023,Copiulemu,Tomeco,15.016666666666667,21.461,True,85.74872364039956
Sun Dec 10 15:28:04 2023,Tomeco,Copiulemu,17.233333333333334,23.39,False,81.43520309477756
Sun Dec 10 15:28:04 2023,Copiulemu,Tomeco,15.75,21.461,False,81.75619047619047
