Fecha,From,To,Tiempo (min),Distancia (km),Real Time,Velocidad promedia
Sun Jun  2 02:43:06 2024,Tomeco,Copiulemu,18.55,23.48,True,75.94609164420484
Sun Jun  2 02:43:06 2024,Copiulemu,Tomeco,15.583333333333334,22.002,True,84.71358288770053
Sun Jun  2 02:43:06 2024,Tomeco,Copiulemu,18.35,23.48,False,76.77384196185285
Sun Jun  2 02:43:06 2024,Copiulemu,Tomeco,15.583333333333334,22.002,False,84.71358288770053
