Fecha,From,To,Tiempo (min),Distancia (km),Real Time,Velocidad promedia
Sun Oct  2 13:52:44 2022,Tomeco,Copiulemu,17.0,23.39,True,82.5529411764706
Sun Oct  2 13:52:44 2022,Copiulemu,Tomeco,15.383333333333333,22.002,True,85.81495124593715
Sun Oct  2 13:52:44 2022,Tomeco,Copiulemu,17.0,23.39,False,82.5529411764706
Sun Oct  2 13:52:44 2022,Copiulemu,Tomeco,15.333333333333334,22.002,False,86.09478260869564
