Fecha,From,To,Tiempo (min),Distancia (km),Real Time,Velocidad promedia
Sun Sep  3 11:28:16 2023,Tomeco,Copiulemu,16.65,23.39,True,84.2882882882883
Sun Sep  3 11:28:16 2023,Copiulemu,Tomeco,15.383333333333333,22.002,True,85.81495124593715
Sun Sep  3 11:28:16 2023,Tomeco,Copiulemu,16.65,23.39,False,84.2882882882883
Sun Sep  3 11:28:16 2023,Copiulemu,Tomeco,15.383333333333333,22.002,False,85.81495124593715
