Fecha,From,To,Tiempo (min),Distancia (km),Real Time,Velocidad promedia
Sun Nov  5 22:28:36 2023,Tomeco,Copiulemu,22.45,23.39,True,62.51224944320713
Sun Nov  5 22:28:36 2023,Copiulemu,Tomeco,15.583333333333334,22.002,True,84.71358288770053
Sun Nov  5 22:28:36 2023,Tomeco,Copiulemu,18.466666666666665,23.39,False,75.99638989169675
Sun Nov  5 22:28:36 2023,Copiulemu,Tomeco,15.616666666666667,22.002,False,84.53276414087513
