Fecha,From,To,Tiempo (min),Distancia (km),Real Time,Velocidad promedia
Sun Jul 10 07:33:59 2022,Tomeco,Copiulemu,18.0,23.39,True,77.96666666666667
Sun Jul 10 07:33:59 2022,Copiulemu,Tomeco,15.366666666666667,22.002,True,85.90802603036876
Sun Jul 10 07:33:59 2022,Tomeco,Copiulemu,18.0,23.39,False,77.96666666666667
Sun Jul 10 07:33:59 2022,Copiulemu,Tomeco,15.366666666666667,22.002,False,85.90802603036876
