Fecha,From,To,Tiempo (min),Distancia (km),Real Time,Velocidad promedia
Sun Oct 15 01:34:42 2023,Tomeco,Copiulemu,18.483333333333334,23.39,True,75.92786293958521
Sun Oct 15 01:34:42 2023,Copiulemu,Tomeco,15.883333333333333,22.002,True,83.11353620146905
Sun Oct 15 01:34:42 2023,Tomeco,Copiulemu,17.916666666666668,23.39,False,78.3293023255814
Sun Oct 15 01:34:42 2023,Copiulemu,Tomeco,15.466666666666667,22.002,False,85.35258620689655
