Fecha,From,To,Tiempo (min),Distancia (km),Real Time,Velocidad promedia
Sun Apr 10 03:08:21 2022,Tomeco,Copiulemu,17.95,23.39,True,78.18384401114207
Sun Apr 10 03:08:21 2022,Copiulemu,Tomeco,15.166666666666666,22.002,True,87.04087912087913
Sun Apr 10 03:08:21 2022,Tomeco,Copiulemu,18.483333333333334,23.39,False,75.92786293958521
Sun Apr 10 03:08:21 2022,Copiulemu,Tomeco,15.166666666666666,22.002,False,87.04087912087913
