Fecha,From,To,Tiempo (min),Distancia (km),Real Time,Velocidad promedia
Sun Oct  2 19:33:35 2022,Tomeco,Copiulemu,17.516666666666666,23.39,True,80.11798287345385
Sun Oct  2 19:33:35 2022,Copiulemu,Tomeco,14.9,22.002,True,88.59865771812079
Sun Oct  2 19:33:35 2022,Tomeco,Copiulemu,17.516666666666666,23.39,False,80.11798287345385
Sun Oct  2 19:33:35 2022,Copiulemu,Tomeco,14.75,22.002,False,89.49966101694915
