Fecha,From,To,Tiempo (min),Distancia (km),Real Time,Velocidad promedia
Sun May  5 13:28:13 2024,Tomeco,Copiulemu,17.483333333333334,23.48,True,80.57959961868445
Sun May  5 13:28:13 2024,Copiulemu,Tomeco,15.683333333333334,22.002,True,84.17343251859724
Sun May  5 13:28:13 2024,Tomeco,Copiulemu,17.333333333333332,23.48,False,81.27692307692308
Sun May  5 13:28:13 2024,Copiulemu,Tomeco,15.216666666666667,22.002,False,86.75487404162102
