Fecha,From,To,Tiempo (min),Distancia (km),Real Time,Velocidad promedia
Sun Nov 12 22:28:29 2023,Tomeco,Copiulemu,17.75,23.39,True,79.06478873239436
Sun Nov 12 22:28:29 2023,Copiulemu,Tomeco,15.566666666666666,22.002,True,84.80428265524625
Sun Nov 12 22:28:29 2023,Tomeco,Copiulemu,19.1,23.39,False,73.47643979057591
Sun Nov 12 22:28:29 2023,Copiulemu,Tomeco,15.55,22.002,False,84.8951768488746
