Fecha,From,To,Tiempo (min),Distancia (km),Real Time,Velocidad promedia
Sun Jan 14 12:43:18 2024,Tomeco,Copiulemu,17.183333333333334,23.48,True,81.98642095053346
Sun Jan 14 12:43:18 2024,Copiulemu,Tomeco,15.6,22.002,True,84.62307692307692
Sun Jan 14 12:43:18 2024,Tomeco,Copiulemu,16.966666666666665,23.48,False,83.03339882121809
Sun Jan 14 12:43:18 2024,Copiulemu,Tomeco,15.4,22.002,False,85.72207792207791
