Fecha,From,To,Tiempo (min),Distancia (km),Real Time,Velocidad promedia
Sun Mar 10 12:39:13 2024,Tomeco,Copiulemu,18.066666666666666,23.48,True,77.97785977859779
Sun Mar 10 12:39:13 2024,Copiulemu,Tomeco,16.133333333333333,22.002,True,81.82561983471074
Sun Mar 10 12:39:13 2024,Tomeco,Copiulemu,18.066666666666666,23.48,False,77.97785977859779
Sun Mar 10 12:39:13 2024,Copiulemu,Tomeco,15.833333333333334,22.002,False,83.37599999999999
