Fecha,From,To,Tiempo (min),Distancia (km),Real Time,Velocidad promedia
Sun Feb 18 19:27:58 2024,Tomeco,Copiulemu,18.583333333333332,23.48,True,75.80986547085203
Sun Feb 18 19:27:58 2024,Copiulemu,Tomeco,18.833333333333332,22.002,True,70.09486725663717
Sun Feb 18 19:27:58 2024,Tomeco,Copiulemu,18.116666666666667,23.48,False,77.76264949402024
Sun Feb 18 19:27:58 2024,Copiulemu,Tomeco,15.2,22.002,False,86.85000000000001
