Fecha,From,To,Tiempo (min),Distancia (km),Real Time,Velocidad promedia
Sun Apr  3 13:35:12 2022,Tomeco,Copiulemu,17.316666666666666,23.39,True,81.04331087584217
Sun Apr  3 13:35:12 2022,Copiulemu,Tomeco,15.116666666666667,22.002,True,87.328776185226
Sun Apr  3 13:35:12 2022,Tomeco,Copiulemu,17.283333333333335,23.39,False,81.19961427193829
Sun Apr  3 13:35:12 2022,Copiulemu,Tomeco,15.1,22.002,False,87.4251655629139
