Fecha,From,To,Tiempo (min),Distancia (km),Real Time,Velocidad promedia
Sun Oct  1 13:28:22 2023,Tomeco,Copiulemu,17.15,23.39,True,81.83090379008746
Sun Oct  1 13:28:22 2023,Copiulemu,Tomeco,14.966666666666667,22.002,True,88.20400890868596
Sun Oct  1 13:28:22 2023,Tomeco,Copiulemu,17.15,23.39,False,81.83090379008746
Sun Oct  1 13:28:22 2023,Copiulemu,Tomeco,14.966666666666667,22.002,False,88.20400890868596
