Fecha,From,To,Tiempo (min),Distancia (km),Real Time,Velocidad promedia
Sun Jan 14 10:31:04 2024,Tomeco,Copiulemu,18.233333333333334,23.48,True,77.26508226691041
Sun Jan 14 10:31:04 2024,Copiulemu,Tomeco,15.2,22.002,True,86.85000000000001
Sun Jan 14 10:31:04 2024,Tomeco,Copiulemu,17.266666666666666,23.48,False,81.5907335907336
Sun Jan 14 10:31:04 2024,Copiulemu,Tomeco,15.2,22.002,False,86.85000000000001
