Fecha,From,To,Tiempo (min),Distancia (km),Real Time,Velocidad promedia
Sun Nov  3 07:30:50 2024,Tomeco,Copiulemu,17.716666666666665,23.45,True,79.4167450611477
Sun Nov  3 07:30:50 2024,Copiulemu,Tomeco,15.366666666666667,21.968,True,85.77527114967462
Sun Nov  3 07:30:50 2024,Tomeco,Copiulemu,17.716666666666665,23.45,False,79.4167450611477
Sun Nov  3 07:30:50 2024,Copiulemu,Tomeco,15.366666666666667,21.968,False,85.77527114967462
