Fecha,From,To,Tiempo (min),Distancia (km),Real Time,Velocidad promedia
Sun Dec 31 01:38:32 2023,Tomeco,Copiulemu,18.166666666666668,23.39,True,77.25137614678899
Sun Dec 31 01:38:32 2023,Copiulemu,Tomeco,16.183333333333334,22.002,True,81.5728115345005
Sun Dec 31 01:38:32 2023,Tomeco,Copiulemu,18.1,23.39,False,77.53591160220994
Sun Dec 31 01:38:32 2023,Copiulemu,Tomeco,15.7,22.002,False,84.08407643312101
