Fecha,From,To,Tiempo (min),Distancia (km),Real Time,Velocidad promedia
Sun Dec 10 06:30:24 2023,Tomeco,Copiulemu,17.916666666666668,23.39,True,78.3293023255814
Sun Dec 10 06:30:24 2023,Copiulemu,Tomeco,15.416666666666666,22.002,True,85.62940540540541
Sun Dec 10 06:30:24 2023,Tomeco,Copiulemu,17.916666666666668,23.39,False,78.3293023255814
Sun Dec 10 06:30:24 2023,Copiulemu,Tomeco,15.416666666666666,22.002,False,85.62940540540541
