Fecha,From,To,Tiempo (min),Distancia (km),Real Time,Velocidad promedia
Sun Oct 29 09:28:16 2023,Tomeco,Copiulemu,17.866666666666667,23.39,True,78.54850746268656
Sun Oct 29 09:28:16 2023,Copiulemu,Tomeco,15.566666666666666,22.002,True,84.80428265524625
Sun Oct 29 09:28:16 2023,Tomeco,Copiulemu,17.866666666666667,23.39,False,78.54850746268656
Sun Oct 29 09:28:16 2023,Copiulemu,Tomeco,15.583333333333334,22.002,False,84.71358288770053
