Fecha,From,To,Tiempo (min),Distancia (km),Real Time,Velocidad promedia
Sun Jun 16 17:28:18 2024,Tomeco,Copiulemu,17.233333333333334,23.48,True,81.74854932301741
Sun Jun 16 17:28:18 2024,Copiulemu,Tomeco,15.333333333333334,22.002,True,86.09478260869564
Sun Jun 16 17:28:18 2024,Tomeco,Copiulemu,17.166666666666668,23.48,False,82.06601941747572
Sun Jun 16 17:28:18 2024,Copiulemu,Tomeco,14.733333333333333,22.002,False,89.60090497737556
