Fecha,From,To,Tiempo (min),Distancia (km),Real Time,Velocidad promedia
Sun Oct  6 07:28:11 2024,Tomeco,Copiulemu,18.266666666666666,23.48,True,77.1240875912409
Sun Oct  6 07:28:11 2024,Copiulemu,Tomeco,15.466666666666667,22.002,True,85.35258620689655
Sun Oct  6 07:28:11 2024,Tomeco,Copiulemu,18.266666666666666,23.48,False,77.1240875912409
Sun Oct  6 07:28:11 2024,Copiulemu,Tomeco,15.466666666666667,22.002,False,85.35258620689655
