Fecha,From,To,Tiempo (min),Distancia (km),Real Time,Velocidad promedia
Sun Sep  8 03:33:36 2024,Tomeco,Copiulemu,18.9,23.48,True,74.53968253968254
Sun Sep  8 03:33:36 2024,Copiulemu,Tomeco,16.583333333333332,22.002,True,79.60522613065328
Sun Sep  8 03:33:36 2024,Tomeco,Copiulemu,18.266666666666666,23.48,False,77.1240875912409
Sun Sep  8 03:33:36 2024,Copiulemu,Tomeco,15.533333333333333,22.002,False,84.9862660944206
