Fecha,From,To,Tiempo (min),Distancia (km),Real Time,Velocidad promedia
Sun Mar 20 01:50:27 2022,Tomeco,Copiulemu,17.9,23.39,True,78.40223463687153
Sun Mar 20 01:50:27 2022,Copiulemu,Tomeco,15.383333333333333,22.002,True,85.81495124593715
Sun Mar 20 01:50:27 2022,Tomeco,Copiulemu,17.883333333333333,23.39,False,78.47530288909599
Sun Mar 20 01:50:27 2022,Copiulemu,Tomeco,15.316666666666666,22.002,False,86.18846572361262
