Fecha,From,To,Tiempo (min),Distancia (km),Real Time,Velocidad promedia
Sun Aug 18 15:28:08 2024,Tomeco,Copiulemu,17.266666666666666,23.48,True,81.5907335907336
Sun Aug 18 15:28:08 2024,Copiulemu,Tomeco,16.6,22.002,True,79.52530120481927
Sun Aug 18 15:28:08 2024,Tomeco,Copiulemu,17.266666666666666,23.48,False,81.5907335907336
Sun Aug 18 15:28:08 2024,Copiulemu,Tomeco,15.5,22.002,False,85.1690322580645
