Fecha,From,To,Tiempo (min),Distancia (km),Real Time,Velocidad promedia
Sun Oct 20 03:41:47 2024,Tomeco,Copiulemu,18.083333333333332,23.48,True,77.90599078341015
Sun Oct 20 03:41:47 2024,Copiulemu,Tomeco,15.366666666666667,22.002,True,85.90802603036876
Sun Oct 20 03:41:47 2024,Tomeco,Copiulemu,17.966666666666665,23.48,False,78.41187384044528
Sun Oct 20 03:41:47 2024,Copiulemu,Tomeco,15.216666666666667,22.002,False,86.75487404162102
