Fecha,From,To,Tiempo (min),Distancia (km),Real Time,Velocidad promedia
Sun Sep 25 04:44:27 2022,Tomeco,Copiulemu,16.7,23.39,True,84.03592814371258
Sun Sep 25 04:44:27 2022,Copiulemu,Tomeco,15.45,22.002,True,85.44466019417474
Sun Sep 25 04:44:27 2022,Tomeco,Copiulemu,16.7,23.39,False,84.03592814371258
Sun Sep 25 04:44:27 2022,Copiulemu,Tomeco,15.45,22.002,False,85.44466019417474
