Fecha,From,To,Tiempo (min),Distancia (km),Real Time,Velocidad promedia
Sun Jul 21 03:31:35 2024,Tomeco,Copiulemu,18.233333333333334,23.48,True,77.26508226691041
Sun Jul 21 03:31:35 2024,Copiulemu,Tomeco,15.533333333333333,22.002,True,84.9862660944206
Sun Jul 21 03:31:35 2024,Tomeco,Copiulemu,18.233333333333334,23.48,False,77.26508226691041
Sun Jul 21 03:31:35 2024,Copiulemu,Tomeco,15.333333333333334,22.002,False,86.09478260869564
