Fecha,From,To,Tiempo (min),Distancia (km),Real Time,Velocidad promedia
Sun Jul  7 06:35:04 2024,Tomeco,Copiulemu,18.216666666666665,23.48,True,77.33577310155536
Sun Jul  7 06:35:04 2024,Copiulemu,Tomeco,16.016666666666666,22.002,True,82.4216441207076
Sun Jul  7 06:35:04 2024,Tomeco,Copiulemu,18.216666666666665,23.48,False,77.33577310155536
Sun Jul  7 06:35:04 2024,Copiulemu,Tomeco,15.45,22.002,False,85.44466019417474
