Fecha,From,To,Tiempo (min),Distancia (km),Real Time,Velocidad promedia
Sun Nov 26 21:28:03 2023,Tomeco,Copiulemu,18.5,23.39,True,75.85945945945946
Sun Nov 26 21:28:03 2023,Copiulemu,Tomeco,14.783333333333333,22.002,True,89.2978579481398
Sun Nov 26 21:28:03 2023,Tomeco,Copiulemu,18.5,23.39,False,75.85945945945946
Sun Nov 26 21:28:03 2023,Copiulemu,Tomeco,14.8,22.002,False,89.1972972972973
