Fecha,From,To,Tiempo (min),Distancia (km),Real Time,Velocidad promedia
Sun May 26 16:33:09 2024,Tomeco,Copiulemu,17.383333333333333,23.48,True,81.0431447746884
Sun May 26 16:33:09 2024,Copiulemu,Tomeco,15.55,22.002,True,84.8951768488746
Sun May 26 16:33:09 2024,Tomeco,Copiulemu,17.15,23.48,False,82.14577259475219
Sun May 26 16:33:09 2024,Copiulemu,Tomeco,15.233333333333333,22.002,False,86.65995623632385
