Fecha,From,To,Tiempo (min),Distancia (km),Real Time,Velocidad promedia
Sun Feb 18 10:29:50 2024,Tomeco,Copiulemu,18.2,23.48,True,77.4065934065934
Sun Feb 18 10:29:50 2024,Copiulemu,Tomeco,15.816666666666666,22.002,True,83.46385669125394
Sun Feb 18 10:29:50 2024,Tomeco,Copiulemu,18.2,23.48,False,77.4065934065934
Sun Feb 18 10:29:50 2024,Copiulemu,Tomeco,15.8,22.002,False,83.5518987341772
