Fecha,From,To,Tiempo (min),Distancia (km),Real Time,Velocidad promedia
Sun Oct 20 21:29:01 2024,Tomeco,Copiulemu,18.883333333333333,23.48,True,74.60547219770521
Sun Oct 20 21:29:01 2024,Copiulemu,Tomeco,15.666666666666666,22.002,True,84.26297872340425
Sun Oct 20 21:29:01 2024,Tomeco,Copiulemu,18.5,23.48,False,76.15135135135135
Sun Oct 20 21:29:01 2024,Copiulemu,Tomeco,15.183333333333334,22.002,False,86.94533479692646
