Fecha,From,To,Tiempo (min),Distancia (km),Real Time,Velocidad promedia
Sun Mar 10 01:32:42 2024,Tomeco,Copiulemu,19.766666666666666,23.48,True,71.27150084317033
Sun Mar 10 01:32:42 2024,Copiulemu,Tomeco,16.25,22.002,True,81.23815384615385
Sun Mar 10 01:32:42 2024,Tomeco,Copiulemu,20.9,23.48,False,67.4066985645933
Sun Mar 10 01:32:42 2024,Copiulemu,Tomeco,16.05,22.002,False,82.25046728971962
