Fecha,From,To,Tiempo (min),Distancia (km),Real Time,Velocidad promedia
Sun May 26 04:33:26 2024,Tomeco,Copiulemu,18.4,23.48,True,76.56521739130436
Sun May 26 04:33:26 2024,Copiulemu,Tomeco,15.7,22.002,True,84.08407643312101
Sun May 26 04:33:26 2024,Tomeco,Copiulemu,18.4,23.48,False,76.56521739130436
Sun May 26 04:33:26 2024,Copiulemu,Tomeco,15.683333333333334,22.002,False,84.17343251859724
