Fecha,From,To,Tiempo (min),Distancia (km),Real Time,Velocidad promedia
Sun Oct 22 21:28:07 2023,Tomeco,Copiulemu,18.616666666666667,23.39,True,75.38406445837064
Sun Oct 22 21:28:07 2023,Copiulemu,Tomeco,15.45,22.002,True,85.44466019417474
Sun Oct 22 21:28:07 2023,Tomeco,Copiulemu,18.616666666666667,23.39,False,75.38406445837064
Sun Oct 22 21:28:07 2023,Copiulemu,Tomeco,15.183333333333334,22.002,False,86.94533479692646
