Fecha,From,To,Tiempo (min),Distancia (km),Real Time,Velocidad promedia
Sun Jan 21 02:42:29 2024,Tomeco,Copiulemu,19.733333333333334,23.48,True,71.39189189189189
Sun Jan 21 02:42:29 2024,Copiulemu,Tomeco,16.166666666666668,22.002,True,81.65690721649483
Sun Jan 21 02:42:29 2024,Tomeco,Copiulemu,18.466666666666665,23.48,False,76.28880866425993
Sun Jan 21 02:42:29 2024,Copiulemu,Tomeco,15.616666666666667,22.002,False,84.53276414087513
