Fecha,From,To,Tiempo (min),Distancia (km),Real Time,Velocidad promedia
Sun Jun 16 19:28:14 2024,Tomeco,Copiulemu,17.25,23.48,True,81.66956521739131
Sun Jun 16 19:28:14 2024,Copiulemu,Tomeco,14.933333333333334,22.002,True,88.40089285714285
Sun Jun 16 19:28:14 2024,Tomeco,Copiulemu,17.2,23.48,False,81.90697674418604
Sun Jun 16 19:28:14 2024,Copiulemu,Tomeco,14.85,22.002,False,88.89696969696969
