Fecha,From,To,Tiempo (min),Distancia (km),Real Time,Velocidad promedia
Sun Sep  8 22:32:37 2024,Tomeco,Copiulemu,18.783333333333335,23.48,True,75.00266193433895
Sun Sep  8 22:32:37 2024,Copiulemu,Tomeco,16.083333333333332,22.002,True,82.08
Sun Sep  8 22:32:37 2024,Tomeco,Copiulemu,18.75,23.48,False,75.136
Sun Sep  8 22:32:37 2024,Copiulemu,Tomeco,15.816666666666666,22.002,False,83.46385669125394
