Fecha,From,To,Tiempo (min),Distancia (km),Real Time,Velocidad promedia
Sun Jan 21 12:43:41 2024,Tomeco,Copiulemu,17.266666666666666,23.48,True,81.5907335907336
Sun Jan 21 12:43:41 2024,Copiulemu,Tomeco,16.016666666666666,22.002,True,82.4216441207076
Sun Jan 21 12:43:41 2024,Tomeco,Copiulemu,17.266666666666666,23.48,False,81.5907335907336
Sun Jan 21 12:43:41 2024,Copiulemu,Tomeco,15.583333333333334,22.002,False,84.71358288770053
