Fecha,From,To,Tiempo (min),Distancia (km),Real Time,Velocidad promedia
Sun Jul 21 19:28:16 2024,Tomeco,Copiulemu,17.233333333333334,23.48,True,81.74854932301741
Sun Jul 21 19:28:16 2024,Copiulemu,Tomeco,15.4,22.002,True,85.72207792207791
Sun Jul 21 19:28:16 2024,Tomeco,Copiulemu,16.933333333333334,23.48,False,83.1968503937008
Sun Jul 21 19:28:16 2024,Copiulemu,Tomeco,15.1,22.002,False,87.4251655629139
