Fecha,From,To,Tiempo (min),Distancia (km),Real Time,Velocidad promedia
Sun Nov 19 10:30:38 2023,Tomeco,Copiulemu,16.733333333333334,23.39,True,83.86852589641434
Sun Nov 19 10:30:38 2023,Copiulemu,Tomeco,15.016666666666667,22.002,True,87.91032186459489
Sun Nov 19 10:30:38 2023,Tomeco,Copiulemu,16.733333333333334,23.39,False,83.86852589641434
Sun Nov 19 10:30:38 2023,Copiulemu,Tomeco,15.016666666666667,22.002,False,87.91032186459489
