Fecha,From,To,Tiempo (min),Distancia (km),Real Time,Velocidad promedia
Sun Sep 18 19:30:51 2022,Tomeco,Copiulemu,16.85,23.39,True,83.28783382789317
Sun Sep 18 19:30:51 2022,Copiulemu,Tomeco,15.516666666666667,22.002,True,85.07755102040815
Sun Sep 18 19:30:51 2022,Tomeco,Copiulemu,16.85,23.39,False,83.28783382789317
Sun Sep 18 19:30:51 2022,Copiulemu,Tomeco,15.3,22.002,False,86.28235294117647
