Fecha,From,To,Tiempo (min),Distancia (km),Real Time,Velocidad promedia
Sun Aug 18 10:32:57 2024,Tomeco,Copiulemu,18.433333333333334,23.48,True,76.42676311030742
Sun Aug 18 10:32:57 2024,Copiulemu,Tomeco,16.066666666666666,22.002,True,82.16514522821576
Sun Aug 18 10:32:57 2024,Tomeco,Copiulemu,18.433333333333334,23.48,False,76.42676311030742
Sun Aug 18 10:32:57 2024,Copiulemu,Tomeco,16.066666666666666,22.002,False,82.16514522821576
