Fecha,From,To,Tiempo (min),Distancia (km),Real Time,Velocidad promedia
Sun May  8 10:37:54 2022,Tomeco,Copiulemu,18.566666666666666,23.39,True,75.58707360861759
Sun May  8 10:37:54 2022,Copiulemu,Tomeco,14.85,22.002,True,88.89696969696969
Sun May  8 10:37:54 2022,Tomeco,Copiulemu,18.566666666666666,23.39,False,75.58707360861759
Sun May  8 10:37:54 2022,Copiulemu,Tomeco,15.233333333333333,22.002,False,86.65995623632385
