Fecha,From,To,Tiempo (min),Distancia (km),Real Time,Velocidad promedia
Sun Nov 24 09:31:14 2024,Tomeco,Copiulemu,17.816666666666666,23.45,True,78.97100093545369
Sun Nov 24 09:31:14 2024,Copiulemu,Tomeco,15.233333333333333,21.968,True,86.52603938730853
Sun Nov 24 09:31:14 2024,Tomeco,Copiulemu,17.816666666666666,23.45,False,78.97100093545369
Sun Nov 24 09:31:14 2024,Copiulemu,Tomeco,15.383333333333333,21.968,False,85.68234019501625
