Fecha,From,To,Tiempo (min),Distancia (km),Real Time,Velocidad promedia
Sun Jul 24 16:50:19 2022,Tomeco,Copiulemu,17.033333333333335,23.39,True,82.39138943248531
Sun Jul 24 16:50:19 2022,Copiulemu,Tomeco,14.983333333333333,22.002,True,88.1058954393771
Sun Jul 24 16:50:19 2022,Tomeco,Copiulemu,16.933333333333334,23.39,False,82.87795275590551
Sun Jul 24 16:50:19 2022,Copiulemu,Tomeco,15.416666666666666,22.002,False,85.62940540540541
