Fecha,From,To,Tiempo (min),Distancia (km),Real Time,Velocidad promedia
Sun Mar 24 14:28:02 2024,Tomeco,Copiulemu,19.216666666666665,23.48,True,73.31136166522117
Sun Mar 24 14:28:02 2024,Copiulemu,Tomeco,17.483333333333334,22.002,True,75.50734032411819
Sun Mar 24 14:28:02 2024,Tomeco,Copiulemu,19.116666666666667,23.48,False,73.69485614646905
Sun Mar 24 14:28:02 2024,Copiulemu,Tomeco,17.466666666666665,22.002,False,75.5793893129771
