Fecha,From,To,Tiempo (min),Distancia (km),Real Time,Velocidad promedia
Sun Sep 22 22:33:41 2024,Tomeco,Copiulemu,17.65,23.512,True,79.92747875354108
Sun Sep 22 22:33:41 2024,Copiulemu,Tomeco,15.666666666666666,22.002,True,84.26297872340425
Sun Sep 22 22:33:41 2024,Tomeco,Copiulemu,18.5,23.512,False,76.25513513513513
Sun Sep 22 22:33:41 2024,Copiulemu,Tomeco,15.633333333333333,22.002,False,84.44264392324094
