Fecha,From,To,Tiempo (min),Distancia (km),Real Time,Velocidad promedia
Sun Jul 28 06:36:27 2024,Tomeco,Copiulemu,19.016666666666666,23.48,True,74.08238387379492
Sun Jul 28 06:36:27 2024,Copiulemu,Tomeco,15.816666666666666,22.002,True,83.46385669125394
Sun Jul 28 06:36:27 2024,Tomeco,Copiulemu,19.016666666666666,23.48,False,74.08238387379492
Sun Jul 28 06:36:27 2024,Copiulemu,Tomeco,15.733333333333333,22.002,False,83.90593220338984
