Fecha,From,To,Tiempo (min),Distancia (km),Real Time,Velocidad promedia
Sun Nov  3 12:50:45 2024,Tomeco,Copiulemu,17.4,23.45,True,80.86206896551724
Sun Nov  3 12:50:45 2024,Copiulemu,Tomeco,15.116666666666667,21.968,True,87.19382579933847
Sun Nov  3 12:50:45 2024,Tomeco,Copiulemu,17.033333333333335,23.45,False,82.6027397260274
Sun Nov  3 12:50:45 2024,Copiulemu,Tomeco,14.9,21.968,False,88.46174496644295
