Fecha,From,To,Tiempo (min),Distancia (km),Real Time,Velocidad promedia
Sun Oct  6 04:36:36 2024,Tomeco,Copiulemu,19.616666666666667,23.48,True,71.81648258283772
Sun Oct  6 04:36:36 2024,Copiulemu,Tomeco,15.266666666666667,22.002,True,86.47074235807858
Sun Oct  6 04:36:36 2024,Tomeco,Copiulemu,18.383333333333333,23.48,False,76.63463281958296
Sun Oct  6 04:36:36 2024,Copiulemu,Tomeco,15.233333333333333,22.002,False,86.65995623632385
