Fecha,From,To,Tiempo (min),Distancia (km),Real Time,Velocidad promedia
Sun Oct  6 06:39:41 2024,Tomeco,Copiulemu,18.4,23.48,True,76.56521739130436
Sun Oct  6 06:39:41 2024,Copiulemu,Tomeco,15.516666666666667,22.002,True,85.07755102040815
Sun Oct  6 06:39:41 2024,Tomeco,Copiulemu,18.4,23.48,False,76.56521739130436
Sun Oct  6 06:39:41 2024,Copiulemu,Tomeco,15.516666666666667,22.002,False,85.07755102040815
