Fecha,From,To,Tiempo (min),Distancia (km),Real Time,Velocidad promedia
Sun Dec  8 15:34:26 2024,Tomeco,Copiulemu,18.016666666666666,23.45,True,78.09435707678077
Sun Dec  8 15:34:26 2024,Copiulemu,Tomeco,16.466666666666665,21.968,True,80.04534412955466
Sun Dec  8 15:34:26 2024,Tomeco,Copiulemu,17.233333333333334,23.45,False,81.64410058027079
Sun Dec  8 15:34:26 2024,Copiulemu,Tomeco,16.383333333333333,21.968,False,80.45249237029502
