Fecha,From,To,Tiempo (min),Distancia (km),Real Time,Velocidad promedia
Sun Oct 22 14:28:11 2023,Tomeco,Copiulemu,16.983333333333334,23.39,True,82.63395485770363
Sun Oct 22 14:28:11 2023,Copiulemu,Tomeco,15.616666666666667,22.002,True,84.53276414087513
Sun Oct 22 14:28:11 2023,Tomeco,Copiulemu,16.983333333333334,23.39,False,82.63395485770363
Sun Oct 22 14:28:11 2023,Copiulemu,Tomeco,15.55,22.002,False,84.8951768488746
