Fecha,From,To,Tiempo (min),Distancia (km),Real Time,Velocidad promedia
Sun Mar 31 01:35:42 2024,Tomeco,Copiulemu,19.85,23.48,True,70.97229219143576
Sun Mar 31 01:35:42 2024,Copiulemu,Tomeco,15.916666666666666,22.002,True,82.93947643979057
Sun Mar 31 01:35:42 2024,Tomeco,Copiulemu,19.85,23.48,False,70.97229219143576
Sun Mar 31 01:35:42 2024,Copiulemu,Tomeco,16.033333333333335,22.002,False,82.33596673596672
