Fecha,From,To,Tiempo (min),Distancia (km),Real Time,Velocidad promedia
Sun Apr 28 11:27:59 2024,Tomeco,Copiulemu,17.783333333333335,23.48,True,79.22024367385191
Sun Apr 28 11:27:59 2024,Copiulemu,Tomeco,15.6,22.002,True,84.62307692307692
Sun Apr 28 11:27:59 2024,Tomeco,Copiulemu,17.783333333333335,23.48,False,79.22024367385191
Sun Apr 28 11:27:59 2024,Copiulemu,Tomeco,15.283333333333333,22.002,False,86.37644492911667
