Fecha,From,To,Tiempo (min),Distancia (km),Real Time,Velocidad promedia
Sun Nov 10 16:36:14 2024,Tomeco,Copiulemu,17.216666666666665,23.45,True,81.72313649564377
Sun Nov 10 16:36:14 2024,Copiulemu,Tomeco,15.45,21.968,True,85.3126213592233
Sun Nov 10 16:36:14 2024,Tomeco,Copiulemu,17.15,23.45,False,82.04081632653062
Sun Nov 10 16:36:14 2024,Copiulemu,Tomeco,15.283333333333333,21.968,False,86.24296619411123
