Fecha,From,To,Tiempo (min),Distancia (km),Real Time,Velocidad promedia
Sun Jul 17 05:33:31 2022,Tomeco,Copiulemu,17.4,23.39,True,80.65517241379311
Sun Jul 17 05:33:31 2022,Copiulemu,Tomeco,15.333333333333334,22.002,True,86.09478260869564
Sun Jul 17 05:33:31 2022,Tomeco,Copiulemu,17.4,23.39,False,80.65517241379311
Sun Jul 17 05:33:31 2022,Copiulemu,Tomeco,15.333333333333334,22.002,False,86.09478260869564
