Fecha,From,To,Tiempo (min),Distancia (km),Real Time,Velocidad promedia
Sun Jul 14 04:35:22 2024,Tomeco,Copiulemu,18.583333333333332,23.48,True,75.80986547085203
Sun Jul 14 04:35:22 2024,Copiulemu,Tomeco,15.6,22.002,True,84.62307692307692
Sun Jul 14 04:35:22 2024,Tomeco,Copiulemu,18.35,23.48,False,76.77384196185285
Sun Jul 14 04:35:22 2024,Copiulemu,Tomeco,15.6,22.002,False,84.62307692307692
