Fecha,From,To,Tiempo (min),Distancia (km),Real Time,Velocidad promedia
Sun Jun  9 19:28:17 2024,Tomeco,Copiulemu,17.416666666666668,23.48,True,80.88803827751195
Sun Jun  9 19:28:17 2024,Copiulemu,Tomeco,14.85,22.002,True,88.89696969696969
Sun Jun  9 19:28:17 2024,Tomeco,Copiulemu,17.316666666666666,23.48,False,81.35514918190569
Sun Jun  9 19:28:17 2024,Copiulemu,Tomeco,14.8,22.002,False,89.1972972972973
