Fecha,From,To,Tiempo (min),Distancia (km),Real Time,Velocidad promedia
Sun Jun 19 11:29:43 2022,Tomeco,Copiulemu,17.133333333333333,23.39,True,81.91050583657588
Sun Jun 19 11:29:43 2022,Copiulemu,Tomeco,15.75,22.002,True,83.81714285714285
Sun Jun 19 11:29:43 2022,Tomeco,Copiulemu,17.133333333333333,23.39,False,81.91050583657588
Sun Jun 19 11:29:43 2022,Copiulemu,Tomeco,15.45,22.002,False,85.44466019417474
