Fecha,From,To,Tiempo (min),Distancia (km),Real Time,Velocidad promedia
Sun Sep 29 18:37:33 2024,Tomeco,Copiulemu,17.616666666666667,23.48,True,79.96972563859981
Sun Sep 29 18:37:33 2024,Copiulemu,Tomeco,15.35,22.002,True,86.0013029315961
Sun Sep 29 18:37:33 2024,Tomeco,Copiulemu,17.6,23.48,False,80.04545454545455
Sun Sep 29 18:37:33 2024,Copiulemu,Tomeco,15.1,22.002,False,87.4251655629139
