Fecha,From,To,Tiempo (min),Distancia (km),Real Time,Velocidad promedia
Sun Apr 10 08:37:24 2022,Tomeco,Copiulemu,20.216666666666665,23.39,True,69.41797197032152
Sun Apr 10 08:37:24 2022,Copiulemu,Tomeco,16.166666666666668,22.002,True,81.65690721649483
Sun Apr 10 08:37:24 2022,Tomeco,Copiulemu,20.216666666666665,23.39,False,69.41797197032152
Sun Apr 10 08:37:24 2022,Copiulemu,Tomeco,16.166666666666668,22.002,False,81.65690721649483
