Fecha,From,To,Tiempo (min),Distancia (km),Real Time,Velocidad promedia
Sun Sep 17 13:28:06 2023,Tomeco,Copiulemu,17.216666666666665,23.39,True,81.51403678606003
Sun Sep 17 13:28:06 2023,Copiulemu,Tomeco,15.466666666666667,22.002,True,85.35258620689655
Sun Sep 17 13:28:06 2023,Tomeco,Copiulemu,17.033333333333335,23.39,False,82.39138943248531
Sun Sep 17 13:28:06 2023,Copiulemu,Tomeco,15.066666666666666,22.002,False,87.61858407079646
