Fecha,From,To,Tiempo (min),Distancia (km),Real Time,Velocidad promedia
Sun Apr 17 11:29:34 2022,Tomeco,Copiulemu,17.516666666666666,23.39,True,80.11798287345385
Sun Apr 17 11:29:34 2022,Copiulemu,Tomeco,15.3,22.002,True,86.28235294117647
Sun Apr 17 11:29:34 2022,Tomeco,Copiulemu,17.95,23.39,False,78.18384401114207
Sun Apr 17 11:29:34 2022,Copiulemu,Tomeco,15.3,22.002,False,86.28235294117647
