Fecha,From,To,Tiempo (min),Distancia (km),Real Time,Velocidad promedia
Sun Oct  2 04:52:02 2022,Tomeco,Copiulemu,17.416666666666668,23.39,True,80.57799043062201
Sun Oct  2 04:52:02 2022,Copiulemu,Tomeco,15.25,22.002,True,86.56524590163934
Sun Oct  2 04:52:02 2022,Tomeco,Copiulemu,16.966666666666665,23.39,False,82.71512770137525
Sun Oct  2 04:52:02 2022,Copiulemu,Tomeco,15.25,22.002,False,86.56524590163934
