Fecha,From,To,Tiempo (min),Distancia (km),Real Time,Velocidad promedia
Sun Jul 31 09:33:20 2022,Tomeco,Copiulemu,17.883333333333333,23.39,True,78.47530288909599
Sun Jul 31 09:33:20 2022,Copiulemu,Tomeco,15.233333333333333,22.002,True,86.65995623632385
Sun Jul 31 09:33:20 2022,Tomeco,Copiulemu,17.883333333333333,23.39,False,78.47530288909599
Sun Jul 31 09:33:20 2022,Copiulemu,Tomeco,15.233333333333333,22.002,False,86.65995623632385
