Fecha,From,To,Tiempo (min),Distancia (km),Real Time,Velocidad promedia
Sun Feb 25 18:28:38 2024,Tomeco,Copiulemu,19.0,23.48,True,74.14736842105263
Sun Feb 25 18:28:38 2024,Copiulemu,Tomeco,15.483333333333333,22.002,True,85.26071044133477
Sun Feb 25 18:28:38 2024,Tomeco,Copiulemu,18.083333333333332,23.48,False,77.90599078341015
Sun Feb 25 18:28:38 2024,Copiulemu,Tomeco,15.383333333333333,22.002,False,85.81495124593715
