Fecha,From,To,Tiempo (min),Distancia (km),Real Time,Velocidad promedia
Sun Aug  7 18:39:54 2022,Tomeco,Copiulemu,17.016666666666666,23.39,True,82.4720861900098
Sun Aug  7 18:39:54 2022,Copiulemu,Tomeco,14.85,22.002,True,88.89696969696969
Sun Aug  7 18:39:54 2022,Tomeco,Copiulemu,17.0,23.39,False,82.5529411764706
Sun Aug  7 18:39:54 2022,Copiulemu,Tomeco,14.766666666666667,22.002,False,89.39864559819412
