Fecha,From,To,Tiempo (min),Distancia (km),Real Time,Velocidad promedia
Sun Nov 12 11:28:07 2023,Tomeco,Copiulemu,16.716666666666665,23.39,True,83.95214356929213
Sun Nov 12 11:28:07 2023,Copiulemu,Tomeco,15.25,22.002,True,86.56524590163934
Sun Nov 12 11:28:07 2023,Tomeco,Copiulemu,16.716666666666665,23.39,False,83.95214356929213
Sun Nov 12 11:28:07 2023,Copiulemu,Tomeco,15.233333333333333,22.002,False,86.65995623632385
