Fecha,From,To,Tiempo (min),Distancia (km),Real Time,Velocidad promedia
Sun Sep  4 04:41:21 2022,Tomeco,Copiulemu,16.983333333333334,23.39,True,82.63395485770363
Sun Sep  4 04:41:21 2022,Copiulemu,Tomeco,15.816666666666666,22.002,True,83.46385669125394
Sun Sep  4 04:41:21 2022,Tomeco,Copiulemu,17.35,23.39,False,80.88760806916426
Sun Sep  4 04:41:21 2022,Copiulemu,Tomeco,15.816666666666666,22.002,False,83.46385669125394
