Fecha,From,To,Tiempo (min),Distancia (km),Real Time,Velocidad promedia
Sun Mar 20 17:31:27 2022,Tomeco,Copiulemu,18.566666666666666,23.39,True,75.58707360861759
Sun Mar 20 17:31:27 2022,Copiulemu,Tomeco,15.816666666666666,22.002,True,83.46385669125394
Sun Mar 20 17:31:27 2022,Tomeco,Copiulemu,18.133333333333333,23.39,False,77.39338235294117
Sun Mar 20 17:31:27 2022,Copiulemu,Tomeco,15.766666666666667,22.002,False,83.72854122621564
