Fecha,From,To,Tiempo (min),Distancia (km),Real Time,Velocidad promedia
Sun Oct  6 16:37:44 2024,Tomeco,Copiulemu,17.333333333333332,23.512,True,81.38769230769232
Sun Oct  6 16:37:44 2024,Copiulemu,Tomeco,15.2,22.002,True,86.85000000000001
Sun Oct  6 16:37:44 2024,Tomeco,Copiulemu,17.333333333333332,23.512,False,81.38769230769232
Sun Oct  6 16:37:44 2024,Copiulemu,Tomeco,14.966666666666667,22.002,False,88.20400890868596
