Fecha,From,To,Tiempo (min),Distancia (km),Real Time,Velocidad promedia
Sun Jul 28 05:31:26 2024,Tomeco,Copiulemu,18.616666666666667,23.48,True,75.67412712623099
Sun Jul 28 05:31:26 2024,Copiulemu,Tomeco,15.283333333333333,22.002,True,86.37644492911667
Sun Jul 28 05:31:26 2024,Tomeco,Copiulemu,18.6,23.48,False,75.74193548387098
Sun Jul 28 05:31:26 2024,Copiulemu,Tomeco,15.283333333333333,22.002,False,86.37644492911667
