Fecha,From,To,Tiempo (min),Distancia (km),Real Time,Velocidad promedia
Sun Oct  8 03:28:04 2023,Tomeco,Copiulemu,17.633333333333333,23.39,True,79.58790170132326
Sun Oct  8 03:28:04 2023,Copiulemu,Tomeco,15.516666666666667,22.002,True,85.07755102040815
Sun Oct  8 03:28:04 2023,Tomeco,Copiulemu,17.583333333333332,23.39,False,79.81421800947868
Sun Oct  8 03:28:04 2023,Copiulemu,Tomeco,15.5,22.002,False,85.1690322580645
