Fecha,From,To,Tiempo (min),Distancia (km),Real Time,Velocidad promedia
Sun May 26 07:28:08 2024,Tomeco,Copiulemu,18.516666666666666,23.48,True,76.08280828082809
Sun May 26 07:28:08 2024,Copiulemu,Tomeco,15.133333333333333,22.002,True,87.23259911894272
Sun May 26 07:28:08 2024,Tomeco,Copiulemu,18.516666666666666,23.48,False,76.08280828082809
Sun May 26 07:28:08 2024,Copiulemu,Tomeco,15.733333333333333,22.002,False,83.90593220338984
