Fecha,From,To,Tiempo (min),Distancia (km),Real Time,Velocidad promedia
Sun Jun 30 17:28:31 2024,Tomeco,Copiulemu,17.583333333333332,23.48,True,80.12132701421802
Sun Jun 30 17:28:31 2024,Copiulemu,Tomeco,15.983333333333333,22.002,True,82.59353493222106
Sun Jun 30 17:28:31 2024,Tomeco,Copiulemu,17.266666666666666,23.48,False,81.5907335907336
Sun Jun 30 17:28:31 2024,Copiulemu,Tomeco,14.766666666666667,22.002,False,89.39864559819412
