Fecha,From,To,Tiempo (min),Distancia (km),Real Time,Velocidad promedia
Sun Sep  3 01:31:15 2023,Tomeco,Copiulemu,18.983333333333334,23.39,True,73.928007023705
Sun Sep  3 01:31:15 2023,Copiulemu,Tomeco,15.983333333333333,22.002,True,82.59353493222106
Sun Sep  3 01:31:15 2023,Tomeco,Copiulemu,17.466666666666665,23.39,False,80.34732824427482
Sun Sep  3 01:31:15 2023,Copiulemu,Tomeco,15.683333333333334,22.002,False,84.17343251859724
