Fecha,From,To,Tiempo (min),Distancia (km),Real Time,Velocidad promedia
Sun Sep 24 14:28:04 2023,Tomeco,Copiulemu,17.25,23.39,True,81.35652173913044
Sun Sep 24 14:28:04 2023,Copiulemu,Tomeco,15.516666666666667,22.002,True,85.07755102040815
Sun Sep 24 14:28:04 2023,Tomeco,Copiulemu,17.25,23.39,False,81.35652173913044
Sun Sep 24 14:28:04 2023,Copiulemu,Tomeco,15.483333333333333,22.002,False,85.26071044133477
