Fecha,From,To,Tiempo (min),Distancia (km),Real Time,Velocidad promedia
Sun Jun 16 07:28:03 2024,Tomeco,Copiulemu,19.25,23.48,True,73.18441558441558
Sun Jun 16 07:28:03 2024,Copiulemu,Tomeco,15.383333333333333,22.002,True,85.81495124593715
Sun Jun 16 07:28:03 2024,Tomeco,Copiulemu,18.333333333333332,23.48,False,76.84363636363638
Sun Jun 16 07:28:03 2024,Copiulemu,Tomeco,15.383333333333333,22.002,False,85.81495124593715
