Fecha,From,To,Tiempo (min),Distancia (km),Real Time,Velocidad promedia
Sun Dec  3 19:28:09 2023,Tomeco,Copiulemu,17.7,23.39,True,79.28813559322035
Sun Dec  3 19:28:09 2023,Copiulemu,Tomeco,15.166666666666666,22.002,True,87.04087912087913
Sun Dec  3 19:28:09 2023,Tomeco,Copiulemu,17.7,23.39,False,79.28813559322035
Sun Dec  3 19:28:09 2023,Copiulemu,Tomeco,14.883333333333333,22.002,False,88.69787234042553
