Fecha,From,To,Tiempo (min),Distancia (km),Real Time,Velocidad promedia
Sun Dec 10 13:28:05 2023,Tomeco,Copiulemu,16.866666666666667,23.39,True,83.20553359683794
Sun Dec 10 13:28:05 2023,Copiulemu,Tomeco,16.2,22.002,True,81.4888888888889
Sun Dec 10 13:28:05 2023,Tomeco,Copiulemu,16.783333333333335,23.39,False,83.61866931479642
Sun Dec 10 13:28:05 2023,Copiulemu,Tomeco,15.216666666666667,22.002,False,86.75487404162102
