Fecha,From,To,Tiempo (min),Distancia (km),Real Time,Velocidad promedia
Sun Dec  1 03:54:38 2024,Tomeco,Copiulemu,18.166666666666668,23.45,True,77.44954128440367
Sun Dec  1 03:54:38 2024,Copiulemu,Tomeco,15.483333333333333,21.968,True,85.12895586652314
Sun Dec  1 03:54:38 2024,Tomeco,Copiulemu,18.166666666666668,23.45,False,77.44954128440367
Sun Dec  1 03:54:38 2024,Copiulemu,Tomeco,15.083333333333334,21.968,False,87.38651933701658
