Fecha,From,To,Tiempo (min),Distancia (km),Real Time,Velocidad promedia
Sun May 19 01:40:18 2024,Tomeco,Copiulemu,18.433333333333334,23.48,True,76.42676311030742
Sun May 19 01:40:18 2024,Copiulemu,Tomeco,16.45,22.002,True,80.25045592705166
Sun May 19 01:40:18 2024,Tomeco,Copiulemu,17.95,23.48,False,78.48467966573817
Sun May 19 01:40:18 2024,Copiulemu,Tomeco,15.766666666666667,22.002,False,83.72854122621564
