Fecha,From,To,Tiempo (min),Distancia (km),Real Time,Velocidad promedia
Sun Sep 29 13:31:26 2024,Tomeco,Copiulemu,17.133333333333333,23.512,True,82.33774319066148
Sun Sep 29 13:31:26 2024,Copiulemu,Tomeco,15.166666666666666,22.002,True,87.04087912087913
Sun Sep 29 13:31:26 2024,Tomeco,Copiulemu,17.133333333333333,23.512,False,82.33774319066148
Sun Sep 29 13:31:26 2024,Copiulemu,Tomeco,15.166666666666666,22.002,False,87.04087912087913
