Fecha,From,To,Tiempo (min),Distancia (km),Real Time,Velocidad promedia
Sun Nov 26 20:28:14 2023,Tomeco,Copiulemu,17.816666666666666,23.39,True,78.7689429373246
Sun Nov 26 20:28:14 2023,Copiulemu,Tomeco,15.433333333333334,22.002,True,85.53693304535636
Sun Nov 26 20:28:14 2023,Tomeco,Copiulemu,17.716666666666665,23.39,False,79.21354656632174
Sun Nov 26 20:28:14 2023,Copiulemu,Tomeco,14.816666666666666,22.002,False,89.09696287964005
