Fecha,From,To,Tiempo (min),Distancia (km),Real Time,Velocidad promedia
Sun May 26 13:28:06 2024,Tomeco,Copiulemu,17.6,23.48,True,80.04545454545455
Sun May 26 13:28:06 2024,Copiulemu,Tomeco,15.15,22.002,True,87.13663366336633
Sun May 26 13:28:06 2024,Tomeco,Copiulemu,17.516666666666666,23.48,False,80.42626070409135
Sun May 26 13:28:06 2024,Copiulemu,Tomeco,15.133333333333333,22.002,False,87.23259911894272
