Fecha,From,To,Tiempo (min),Distancia (km),Real Time,Velocidad promedia
Sun Feb 25 05:28:27 2024,Tomeco,Copiulemu,18.516666666666666,23.48,True,76.08280828082809
Sun Feb 25 05:28:27 2024,Copiulemu,Tomeco,16.15,22.002,True,81.74117647058823
Sun Feb 25 05:28:27 2024,Tomeco,Copiulemu,18.516666666666666,23.48,False,76.08280828082809
Sun Feb 25 05:28:27 2024,Copiulemu,Tomeco,16.15,22.002,False,81.74117647058823
