Fecha,From,To,Tiempo (min),Distancia (km),Real Time,Velocidad promedia
Sun Jul 24 05:36:05 2022,Tomeco,Copiulemu,17.35,23.39,True,80.88760806916426
Sun Jul 24 05:36:05 2022,Copiulemu,Tomeco,15.583333333333334,22.002,True,84.71358288770053
Sun Jul 24 05:36:05 2022,Tomeco,Copiulemu,17.366666666666667,23.39,False,80.80998080614204
Sun Jul 24 05:36:05 2022,Copiulemu,Tomeco,15.583333333333334,22.002,False,84.71358288770053
