Fecha,From,To,Tiempo (min),Distancia (km),Real Time,Velocidad promedia
Sun Sep 24 22:28:09 2023,Tomeco,Copiulemu,18.816666666666666,23.39,True,74.58281665190434
Sun Sep 24 22:28:09 2023,Copiulemu,Tomeco,16.033333333333335,22.002,True,82.33596673596672
Sun Sep 24 22:28:09 2023,Tomeco,Copiulemu,22.033333333333335,23.39,False,63.69440242057489
Sun Sep 24 22:28:09 2023,Copiulemu,Tomeco,16.033333333333335,22.002,False,82.33596673596672
