Fecha,From,To,Tiempo (min),Distancia (km),Real Time,Velocidad promedia
Sun Jul 31 08:38:09 2022,Tomeco,Copiulemu,17.883333333333333,23.39,True,78.47530288909599
Sun Jul 31 08:38:09 2022,Copiulemu,Tomeco,15.316666666666666,22.002,True,86.18846572361262
Sun Jul 31 08:38:09 2022,Tomeco,Copiulemu,17.883333333333333,23.39,False,78.47530288909599
Sun Jul 31 08:38:09 2022,Copiulemu,Tomeco,15.4,22.002,False,85.72207792207791
