Fecha,From,To,Tiempo (min),Distancia (km),Real Time,Velocidad promedia
Sun Mar 17 07:28:17 2024,Tomeco,Copiulemu,18.55,23.48,True,75.94609164420484
Sun Mar 17 07:28:17 2024,Copiulemu,Tomeco,16.633333333333333,22.002,True,79.36593186372745
Sun Mar 17 07:28:17 2024,Tomeco,Copiulemu,18.55,23.48,False,75.94609164420484
Sun Mar 17 07:28:17 2024,Copiulemu,Tomeco,16.633333333333333,22.002,False,79.36593186372745
