Fecha,From,To,Tiempo (min),Distancia (km),Real Time,Velocidad promedia
Sun May 19 21:28:15 2024,Tomeco,Copiulemu,20.55,23.48,True,68.55474452554743
Sun May 19 21:28:15 2024,Copiulemu,Tomeco,15.283333333333333,22.002,True,86.37644492911667
Sun May 19 21:28:15 2024,Tomeco,Copiulemu,20.65,23.48,False,68.2227602905569
Sun May 19 21:28:15 2024,Copiulemu,Tomeco,15.133333333333333,22.002,False,87.23259911894272
