Fecha,From,To,Tiempo (min),Distancia (km),Real Time,Velocidad promedia
Sun Nov  5 02:34:36 2023,Tomeco,Copiulemu,19.65,23.39,True,71.41984732824429
Sun Nov  5 02:34:36 2023,Copiulemu,Tomeco,15.033333333333333,22.002,True,87.81286031042129
Sun Nov  5 02:34:36 2023,Tomeco,Copiulemu,17.85,23.39,False,78.62184873949579
Sun Nov  5 02:34:36 2023,Copiulemu,Tomeco,15.633333333333333,22.002,False,84.44264392324094
