Fecha,From,To,Tiempo (min),Distancia (km),Real Time,Velocidad promedia
Sun Dec 31 06:30:11 2023,Tomeco,Copiulemu,17.916666666666668,23.39,True,78.3293023255814
Sun Dec 31 06:30:11 2023,Copiulemu,Tomeco,15.316666666666666,22.002,True,86.18846572361262
Sun Dec 31 06:30:11 2023,Tomeco,Copiulemu,17.916666666666668,23.39,False,78.3293023255814
Sun Dec 31 06:30:11 2023,Copiulemu,Tomeco,15.316666666666666,22.002,False,86.18846572361262
