Fecha,From,To,Tiempo (min),Distancia (km),Real Time,Velocidad promedia
Sun Aug  4 21:28:03 2024,Tomeco,Copiulemu,21.2,23.48,True,66.45283018867924
Sun Aug  4 21:28:03 2024,Copiulemu,Tomeco,15.216666666666667,22.002,True,86.75487404162102
Sun Aug  4 21:28:03 2024,Tomeco,Copiulemu,18.833333333333332,23.48,False,74.80353982300885
Sun Aug  4 21:28:03 2024,Copiulemu,Tomeco,15.2,22.002,False,86.85000000000001
