Fecha,From,To,Tiempo (min),Distancia (km),Real Time,Velocidad promedia
Sun Jul 24 19:29:13 2022,Tomeco,Copiulemu,19.016666666666666,23.39,True,73.79842243645925
Sun Jul 24 19:29:13 2022,Copiulemu,Tomeco,14.783333333333333,22.002,True,89.2978579481398
Sun Jul 24 19:29:13 2022,Tomeco,Copiulemu,17.716666666666665,23.39,False,79.21354656632174
Sun Jul 24 19:29:13 2022,Copiulemu,Tomeco,14.783333333333333,22.002,False,89.2978579481398
