Fecha,From,To,Tiempo (min),Distancia (km),Real Time,Velocidad promedia
Sun Jul 24 09:34:55 2022,Tomeco,Copiulemu,17.666666666666668,23.39,True,79.43773584905661
Sun Jul 24 09:34:55 2022,Copiulemu,Tomeco,15.233333333333333,22.002,True,86.65995623632385
Sun Jul 24 09:34:55 2022,Tomeco,Copiulemu,17.883333333333333,23.39,False,78.47530288909599
Sun Jul 24 09:34:55 2022,Copiulemu,Tomeco,15.233333333333333,22.002,False,86.65995623632385
