Fecha,From,To,Tiempo (min),Distancia (km),Real Time,Velocidad promedia
Sun Nov 10 07:28:44 2024,Tomeco,Copiulemu,18.0,23.45,True,78.16666666666667
Sun Nov 10 07:28:44 2024,Copiulemu,Tomeco,15.8,21.968,True,83.42278481012657
Sun Nov 10 07:28:44 2024,Tomeco,Copiulemu,18.0,23.45,False,78.16666666666667
Sun Nov 10 07:28:44 2024,Copiulemu,Tomeco,15.8,21.968,False,83.42278481012657
