Fecha,From,To,Tiempo (min),Distancia (km),Real Time,Velocidad promedia
Sun Jul 21 17:28:22 2024,Tomeco,Copiulemu,17.133333333333333,23.48,True,82.22568093385215
Sun Jul 21 17:28:22 2024,Copiulemu,Tomeco,15.116666666666667,22.002,True,87.328776185226
Sun Jul 21 17:28:22 2024,Tomeco,Copiulemu,16.95,23.48,False,83.11504424778762
Sun Jul 21 17:28:22 2024,Copiulemu,Tomeco,15.05,22.002,False,87.71561461794019
