Fecha,From,To,Tiempo (min),Distancia (km),Real Time,Velocidad promedia
Sun Nov 17 23:30:51 2024,Tomeco,Copiulemu,21.283333333333335,23.45,True,66.10806577916992
Sun Nov 17 23:30:51 2024,Copiulemu,Tomeco,15.4,21.968,True,85.5896103896104
Sun Nov 17 23:30:51 2024,Tomeco,Copiulemu,18.066666666666666,23.45,False,77.87822878228782
Sun Nov 17 23:30:51 2024,Copiulemu,Tomeco,15.483333333333333,21.968,False,85.12895586652314
