Fecha,From,To,Tiempo (min),Distancia (km),Real Time,Velocidad promedia
Sun Aug 11 17:30:34 2024,Tomeco,Copiulemu,17.116666666666667,23.48,True,82.30574488802337
Sun Aug 11 17:30:34 2024,Copiulemu,Tomeco,15.316666666666666,22.002,True,86.18846572361262
Sun Aug 11 17:30:34 2024,Tomeco,Copiulemu,17.116666666666667,23.48,False,82.30574488802337
Sun Aug 11 17:30:34 2024,Copiulemu,Tomeco,15.316666666666666,22.002,False,86.18846572361262
