Fecha,From,To,Tiempo (min),Distancia (km),Real Time,Velocidad promedia
Sun Apr 21 02:35:23 2024,Tomeco,Copiulemu,18.4,23.48,True,76.56521739130436
Sun Apr 21 02:35:23 2024,Copiulemu,Tomeco,16.483333333333334,22.002,True,80.08816986855408
Sun Apr 21 02:35:23 2024,Tomeco,Copiulemu,18.816666666666666,23.48,False,74.8697962798937
Sun Apr 21 02:35:23 2024,Copiulemu,Tomeco,16.2,22.002,False,81.4888888888889
