Fecha,From,To,Tiempo (min),Distancia (km),Real Time,Velocidad promedia
Sun Oct 20 08:38:35 2024,Tomeco,Copiulemu,18.216666666666665,23.48,True,77.33577310155536
Sun Oct 20 08:38:35 2024,Copiulemu,Tomeco,15.383333333333333,22.002,True,85.81495124593715
Sun Oct 20 08:38:35 2024,Tomeco,Copiulemu,18.216666666666665,23.48,False,77.33577310155536
Sun Oct 20 08:38:35 2024,Copiulemu,Tomeco,15.383333333333333,22.002,False,85.81495124593715
