Fecha,From,To,Tiempo (min),Distancia (km),Real Time,Velocidad promedia
Sun Apr 10 04:42:42 2022,Tomeco,Copiulemu,18.283333333333335,23.39,True,76.7584320875114
Sun Apr 10 04:42:42 2022,Copiulemu,Tomeco,15.333333333333334,22.002,True,86.09478260869564
Sun Apr 10 04:42:42 2022,Tomeco,Copiulemu,18.15,23.39,False,77.32231404958678
Sun Apr 10 04:42:42 2022,Copiulemu,Tomeco,15.316666666666666,22.002,False,86.18846572361262
