Fecha,From,To,Tiempo (min),Distancia (km),Real Time,Velocidad promedia
Sun Jun 30 04:31:18 2024,Tomeco,Copiulemu,18.466666666666665,23.48,True,76.28880866425993
Sun Jun 30 04:31:18 2024,Copiulemu,Tomeco,15.633333333333333,22.002,True,84.44264392324094
Sun Jun 30 04:31:18 2024,Tomeco,Copiulemu,18.4,23.48,False,76.56521739130436
Sun Jun 30 04:31:18 2024,Copiulemu,Tomeco,15.6,22.002,False,84.62307692307692
