Fecha,From,To,Tiempo (min),Distancia (km),Real Time,Velocidad promedia
Sun Nov 12 09:28:14 2023,Tomeco,Copiulemu,17.65,23.39,True,79.51274787535412
Sun Nov 12 09:28:14 2023,Copiulemu,Tomeco,14.95,22.002,True,88.30234113712375
Sun Nov 12 09:28:14 2023,Tomeco,Copiulemu,18.05,23.39,False,77.75069252077563
Sun Nov 12 09:28:14 2023,Copiulemu,Tomeco,15.383333333333333,22.002,False,85.81495124593715
