Fecha,From,To,Tiempo (min),Distancia (km),Real Time,Velocidad promedia
Sun Jan 28 04:28:39 2024,Tomeco,Copiulemu,21.866666666666667,23.48,True,64.42682926829268
Sun Jan 28 04:28:39 2024,Copiulemu,Tomeco,15.766666666666667,22.002,True,83.72854122621564
Sun Jan 28 04:28:39 2024,Tomeco,Copiulemu,18.666666666666668,23.48,False,75.47142857142858
Sun Jan 28 04:28:39 2024,Copiulemu,Tomeco,15.766666666666667,22.002,False,83.72854122621564
