Fecha,From,To,Tiempo (min),Distancia (km),Real Time,Velocidad promedia
Sun Oct  1 04:29:14 2023,Tomeco,Copiulemu,17.366666666666667,23.39,True,80.80998080614204
Sun Oct  1 04:29:14 2023,Copiulemu,Tomeco,15.55,22.002,True,84.8951768488746
Sun Oct  1 04:29:14 2023,Tomeco,Copiulemu,17.366666666666667,23.39,False,80.80998080614204
Sun Oct  1 04:29:14 2023,Copiulemu,Tomeco,15.55,22.002,False,84.8951768488746
