Fecha,From,To,Tiempo (min),Distancia (km),Real Time,Velocidad promedia
Sun Nov 19 23:28:10 2023,Tomeco,Copiulemu,18.35,23.39,True,76.47956403269755
Sun Nov 19 23:28:10 2023,Copiulemu,Tomeco,15.183333333333334,22.002,True,86.94533479692646
Sun Nov 19 23:28:10 2023,Tomeco,Copiulemu,18.35,23.39,False,76.47956403269755
Sun Nov 19 23:28:10 2023,Copiulemu,Tomeco,15.183333333333334,22.002,False,86.94533479692646
