Fecha,From,To,Tiempo (min),Distancia (km),Real Time,Velocidad promedia
Sun Oct 13 03:40:00 2024,Tomeco,Copiulemu,18.116666666666667,23.48,True,77.76264949402024
Sun Oct 13 03:40:00 2024,Copiulemu,Tomeco,15.366666666666667,22.002,True,85.90802603036876
Sun Oct 13 03:40:00 2024,Tomeco,Copiulemu,18.116666666666667,23.48,False,77.76264949402024
Sun Oct 13 03:40:00 2024,Copiulemu,Tomeco,15.333333333333334,22.002,False,86.09478260869564
