Fecha,From,To,Tiempo (min),Distancia (km),Real Time,Velocidad promedia
Sun Dec  8 07:30:52 2024,Tomeco,Copiulemu,18.116666666666667,23.45,True,77.66329346826126
Sun Dec  8 07:30:52 2024,Copiulemu,Tomeco,15.95,21.968,True,82.63824451410659
Sun Dec  8 07:30:52 2024,Tomeco,Copiulemu,18.116666666666667,23.45,False,77.66329346826126
Sun Dec  8 07:30:52 2024,Copiulemu,Tomeco,15.95,21.968,False,82.63824451410659
