Fecha,From,To,Tiempo (min),Distancia (km),Real Time,Velocidad promedia
Sun Jun  9 22:30:58 2024,Tomeco,Copiulemu,18.65,23.48,True,75.53887399463808
Sun Jun  9 22:30:58 2024,Copiulemu,Tomeco,15.533333333333333,22.002,True,84.9862660944206
Sun Jun  9 22:30:58 2024,Tomeco,Copiulemu,20.316666666666666,23.48,False,69.34208367514357
Sun Jun  9 22:30:58 2024,Copiulemu,Tomeco,15.533333333333333,22.002,False,84.9862660944206
