Fecha,From,To,Tiempo (min),Distancia (km),Real Time,Velocidad promedia
Sun Mar 27 22:33:38 2022,Tomeco,Copiulemu,25.266666666666666,23.39,True,55.54353562005277
Sun Mar 27 22:33:38 2022,Copiulemu,Tomeco,16.033333333333335,22.002,True,82.33596673596672
Sun Mar 27 22:33:38 2022,Tomeco,Copiulemu,21.5,23.39,False,65.27441860465116
Sun Mar 27 22:33:38 2022,Copiulemu,Tomeco,18.416666666666668,22.002,False,71.68072398190044
