Fecha,From,To,Tiempo (min),Distancia (km),Real Time,Velocidad promedia
Sun Jul 31 21:31:27 2022,Tomeco,Copiulemu,21.433333333333334,23.39,True,65.47744945567652
Sun Jul 31 21:31:27 2022,Copiulemu,Tomeco,15.2,22.002,True,86.85000000000001
Sun Jul 31 21:31:27 2022,Tomeco,Copiulemu,19.533333333333335,23.39,False,71.84641638225256
Sun Jul 31 21:31:27 2022,Copiulemu,Tomeco,15.2,22.002,False,86.85000000000001
