Fecha,From,To,Tiempo (min),Distancia (km),Real Time,Velocidad promedia
Sun Dec 31 20:28:13 2023,Tomeco,Copiulemu,17.5,23.39,True,80.19428571428571
Sun Dec 31 20:28:13 2023,Copiulemu,Tomeco,16.233333333333334,22.002,True,81.32156057494866
Sun Dec 31 20:28:13 2023,Tomeco,Copiulemu,17.066666666666666,23.39,False,82.23046875
Sun Dec 31 20:28:13 2023,Copiulemu,Tomeco,15.033333333333333,22.002,False,87.81286031042129
