Fecha,From,To,Tiempo (min),Distancia (km),Real Time,Velocidad promedia
Sun Jun 19 21:31:34 2022,Tomeco,Copiulemu,18.183333333333334,23.39,True,77.18056828597616
Sun Jun 19 21:31:34 2022,Copiulemu,Tomeco,15.266666666666667,22.002,True,86.47074235807858
Sun Jun 19 21:31:34 2022,Tomeco,Copiulemu,22.233333333333334,23.39,False,63.121439280359816
Sun Jun 19 21:31:34 2022,Copiulemu,Tomeco,15.216666666666667,22.002,False,86.75487404162102
