Fecha,From,To,Tiempo (min),Distancia (km),Real Time,Velocidad promedia
Sun Sep 15 14:31:29 2024,Tomeco,Copiulemu,17.15,23.512,True,82.25772594752186
Sun Sep 15 14:31:29 2024,Copiulemu,Tomeco,16.283333333333335,22.002,True,81.0718526100307
Sun Sep 15 14:31:29 2024,Tomeco,Copiulemu,17.133333333333333,23.512,False,82.33774319066148
Sun Sep 15 14:31:29 2024,Copiulemu,Tomeco,15.866666666666667,22.002,False,83.20084033613446
