Fecha,From,To,Tiempo (min),Distancia (km),Real Time,Velocidad promedia
Sun Apr  3 07:30:34 2022,Tomeco,Copiulemu,19.166666666666668,23.39,True,73.22086956521738
Sun Apr  3 07:30:34 2022,Copiulemu,Tomeco,16.35,22.002,True,80.74128440366971
Sun Apr  3 07:30:34 2022,Tomeco,Copiulemu,19.166666666666668,23.39,False,73.22086956521738
Sun Apr  3 07:30:34 2022,Copiulemu,Tomeco,16.35,22.002,False,80.74128440366971
