Fecha,From,To,Tiempo (min),Distancia (km),Real Time,Velocidad promedia
Sun Aug 18 03:30:51 2024,Tomeco,Copiulemu,18.216666666666665,23.48,True,77.33577310155536
Sun Aug 18 03:30:51 2024,Copiulemu,Tomeco,15.4,22.002,True,85.72207792207791
Sun Aug 18 03:30:51 2024,Tomeco,Copiulemu,18.183333333333334,23.48,False,77.47754353803849
Sun Aug 18 03:30:51 2024,Copiulemu,Tomeco,15.25,22.002,False,86.56524590163934
