Fecha,From,To,Tiempo (min),Distancia (km),Real Time,Velocidad promedia
Sun Sep 17 02:30:40 2023,Tomeco,Copiulemu,17.533333333333335,23.39,True,80.04182509505702
Sun Sep 17 02:30:40 2023,Copiulemu,Tomeco,15.383333333333333,22.002,True,85.81495124593715
Sun Sep 17 02:30:40 2023,Tomeco,Copiulemu,17.533333333333335,23.39,False,80.04182509505702
Sun Sep 17 02:30:40 2023,Copiulemu,Tomeco,15.15,22.002,False,87.13663366336633
