Fecha,From,To,Tiempo (min),Distancia (km),Real Time,Velocidad promedia
Sun Mar 17 10:28:41 2024,Tomeco,Copiulemu,18.55,23.48,True,75.94609164420484
Sun Mar 17 10:28:41 2024,Copiulemu,Tomeco,15.983333333333333,22.002,True,82.59353493222106
Sun Mar 17 10:28:41 2024,Tomeco,Copiulemu,18.55,23.48,False,75.94609164420484
Sun Mar 17 10:28:41 2024,Copiulemu,Tomeco,15.95,22.002,False,82.76614420062697
