Fecha,From,To,Tiempo (min),Distancia (km),Real Time,Velocidad promedia
Sun Oct 13 04:38:04 2024,Tomeco,Copiulemu,18.133333333333333,23.48,True,77.69117647058823
Sun Oct 13 04:38:04 2024,Copiulemu,Tomeco,15.116666666666667,22.002,True,87.328776185226
Sun Oct 13 04:38:04 2024,Tomeco,Copiulemu,18.116666666666667,23.48,False,77.76264949402024
Sun Oct 13 04:38:04 2024,Copiulemu,Tomeco,15.116666666666667,22.002,False,87.328776185226
