Fecha,From,To,Tiempo (min),Distancia (km),Real Time,Velocidad promedia
Sun Jul  3 04:47:50 2022,Tomeco,Copiulemu,17.283333333333335,23.39,True,81.19961427193829
Sun Jul  3 04:47:50 2022,Copiulemu,Tomeco,15.283333333333333,22.002,True,86.37644492911667
Sun Jul  3 04:47:50 2022,Tomeco,Copiulemu,17.383333333333333,23.39,False,80.73250239693193
Sun Jul  3 04:47:50 2022,Copiulemu,Tomeco,15.25,22.002,False,86.56524590163934
