Fecha,From,To,Tiempo (min),Distancia (km),Real Time,Velocidad promedia
Sun Jun  9 05:30:05 2024,Tomeco,Copiulemu,18.2,23.48,True,77.4065934065934
Sun Jun  9 05:30:05 2024,Copiulemu,Tomeco,15.666666666666666,22.002,True,84.26297872340425
Sun Jun  9 05:30:05 2024,Tomeco,Copiulemu,18.166666666666668,23.48,False,77.548623853211
Sun Jun  9 05:30:05 2024,Copiulemu,Tomeco,15.666666666666666,22.002,False,84.26297872340425
