Fecha,From,To,Tiempo (min),Distancia (km),Real Time,Velocidad promedia
Sun Jul  7 13:28:04 2024,Tomeco,Copiulemu,17.633333333333333,23.48,True,79.89413988657846
Sun Jul  7 13:28:04 2024,Copiulemu,Tomeco,15.483333333333333,22.002,True,85.26071044133477
Sun Jul  7 13:28:04 2024,Tomeco,Copiulemu,17.35,23.48,False,81.19884726224784
Sun Jul  7 13:28:04 2024,Copiulemu,Tomeco,14.9,22.002,False,88.59865771812079
