Fecha,From,To,Tiempo (min),Distancia (km),Real Time,Velocidad promedia
Sun Jun  9 08:30:08 2024,Tomeco,Copiulemu,18.483333333333334,23.48,True,76.2200180342651
Sun Jun  9 08:30:08 2024,Copiulemu,Tomeco,15.45,22.002,True,85.44466019417474
Sun Jun  9 08:30:08 2024,Tomeco,Copiulemu,18.466666666666665,23.48,False,76.28880866425993
Sun Jun  9 08:30:08 2024,Copiulemu,Tomeco,15.45,22.002,False,85.44466019417474
