Fecha,From,To,Tiempo (min),Distancia (km),Real Time,Velocidad promedia
Sun Aug 14 04:48:55 2022,Tomeco,Copiulemu,17.283333333333335,23.39,True,81.19961427193829
Sun Aug 14 04:48:55 2022,Copiulemu,Tomeco,15.466666666666667,22.002,True,85.35258620689655
Sun Aug 14 04:48:55 2022,Tomeco,Copiulemu,17.283333333333335,23.39,False,81.19961427193829
Sun Aug 14 04:48:55 2022,Copiulemu,Tomeco,15.466666666666667,22.002,False,85.35258620689655
