Fecha,From,To,Tiempo (min),Distancia (km),Real Time,Velocidad promedia
Sun Nov 19 09:28:11 2023,Tomeco,Copiulemu,18.05,23.39,True,77.75069252077563
Sun Nov 19 09:28:11 2023,Copiulemu,Tomeco,15.266666666666667,22.002,True,86.47074235807858
Sun Nov 19 09:28:11 2023,Tomeco,Copiulemu,18.05,23.39,False,77.75069252077563
Sun Nov 19 09:28:11 2023,Copiulemu,Tomeco,15.266666666666667,22.002,False,86.47074235807858
