Fecha,From,To,Tiempo (min),Distancia (km),Real Time,Velocidad promedia
Sun May  8 06:42:32 2022,Tomeco,Copiulemu,18.616666666666667,23.39,True,75.38406445837064
Sun May  8 06:42:32 2022,Copiulemu,Tomeco,15.416666666666666,22.002,True,85.62940540540541
Sun May  8 06:42:32 2022,Tomeco,Copiulemu,18.616666666666667,23.39,False,75.38406445837064
Sun May  8 06:42:32 2022,Copiulemu,Tomeco,15.416666666666666,22.002,False,85.62940540540541
