Fecha,From,To,Tiempo (min),Distancia (km),Real Time,Velocidad promedia
Sun Oct 13 17:30:39 2024,Tomeco,Copiulemu,17.55,23.512,True,80.38290598290597
Sun Oct 13 17:30:39 2024,Copiulemu,Tomeco,14.9,22.002,True,88.59865771812079
Sun Oct 13 17:30:39 2024,Tomeco,Copiulemu,17.516666666666666,23.512,False,80.53587059942912
Sun Oct 13 17:30:39 2024,Copiulemu,Tomeco,14.95,22.002,False,88.30234113712375
