Fecha,From,To,Tiempo (min),Distancia (km),Real Time,Velocidad promedia
Sun Oct 13 22:33:26 2024,Tomeco,Copiulemu,20.383333333333333,23.48,True,69.1152902698283
Sun Oct 13 22:33:26 2024,Copiulemu,Tomeco,15.683333333333334,22.002,True,84.17343251859724
Sun Oct 13 22:33:26 2024,Tomeco,Copiulemu,18.65,23.48,False,75.53887399463808
Sun Oct 13 22:33:26 2024,Copiulemu,Tomeco,15.633333333333333,22.002,False,84.44264392324094
