Fecha,From,To,Tiempo (min),Distancia (km),Real Time,Velocidad promedia
Sun Dec 24 06:30:20 2023,Tomeco,Copiulemu,18.266666666666666,23.39,True,76.82846715328468
Sun Dec 24 06:30:20 2023,Copiulemu,Tomeco,15.483333333333333,22.002,True,85.26071044133477
Sun Dec 24 06:30:20 2023,Tomeco,Copiulemu,18.083333333333332,23.39,False,77.6073732718894
Sun Dec 24 06:30:20 2023,Copiulemu,Tomeco,15.466666666666667,22.002,False,85.35258620689655
