Fecha,From,To,Tiempo (min),Distancia (km),Real Time,Velocidad promedia
Sun May 19 10:30:04 2024,Tomeco,Copiulemu,18.5,23.48,True,76.15135135135135
Sun May 19 10:30:04 2024,Copiulemu,Tomeco,15.366666666666667,22.002,True,85.90802603036876
Sun May 19 10:30:04 2024,Tomeco,Copiulemu,18.483333333333334,23.48,False,76.2200180342651
Sun May 19 10:30:04 2024,Copiulemu,Tomeco,15.883333333333333,22.002,False,83.11353620146905
