Fecha,From,To,Tiempo (min),Distancia (km),Real Time,Velocidad promedia
Sun Nov  5 05:28:22 2023,Tomeco,Copiulemu,17.633333333333333,23.39,True,79.58790170132326
Sun Nov  5 05:28:22 2023,Copiulemu,Tomeco,15.466666666666667,22.002,True,85.35258620689655
Sun Nov  5 05:28:22 2023,Tomeco,Copiulemu,17.633333333333333,23.39,False,79.58790170132326
Sun Nov  5 05:28:22 2023,Copiulemu,Tomeco,15.566666666666666,22.002,False,84.80428265524625
