Fecha,From,To,Tiempo (min),Distancia (km),Real Time,Velocidad promedia
Sun Oct 29 04:29:20 2023,Tomeco,Copiulemu,18.1,23.39,True,77.53591160220994
Sun Oct 29 04:29:20 2023,Copiulemu,Tomeco,15.483333333333333,22.002,True,85.26071044133477
Sun Oct 29 04:29:20 2023,Tomeco,Copiulemu,17.983333333333334,23.39,False,78.03892493049119
Sun Oct 29 04:29:20 2023,Copiulemu,Tomeco,15.483333333333333,22.002,False,85.26071044133477
