Fecha,From,To,Tiempo (min),Distancia (km),Real Time,Velocidad promedia
Sun Nov  5 08:28:26 2023,Tomeco,Copiulemu,18.016666666666666,23.39,True,77.89454209065681
Sun Nov  5 08:28:26 2023,Copiulemu,Tomeco,15.483333333333333,22.002,True,85.26071044133477
Sun Nov  5 08:28:26 2023,Tomeco,Copiulemu,18.016666666666666,23.39,False,77.89454209065681
Sun Nov  5 08:28:26 2023,Copiulemu,Tomeco,15.483333333333333,22.002,False,85.26071044133477
