Fecha,From,To,Tiempo (min),Distancia (km),Real Time,Velocidad promedia
Sun Dec  3 17:28:01 2023,Tomeco,Copiulemu,17.083333333333332,23.39,True,82.15024390243903
Sun Dec  3 17:28:01 2023,Copiulemu,Tomeco,15.066666666666666,22.002,True,87.61858407079646
Sun Dec  3 17:28:01 2023,Tomeco,Copiulemu,16.816666666666666,23.39,False,83.45292368681864
Sun Dec  3 17:28:01 2023,Copiulemu,Tomeco,15.066666666666666,22.002,False,87.61858407079646
