Fecha,From,To,Tiempo (min),Distancia (km),Real Time,Velocidad promedia
Sun May 19 18:30:42 2024,Tomeco,Copiulemu,17.433333333333334,23.48,True,80.81070745697896
Sun May 19 18:30:42 2024,Copiulemu,Tomeco,15.6,22.002,True,84.62307692307692
Sun May 19 18:30:42 2024,Tomeco,Copiulemu,17.45,23.48,False,80.73352435530086
Sun May 19 18:30:42 2024,Copiulemu,Tomeco,14.583333333333334,22.002,False,90.52251428571428
