Fecha,From,To,Tiempo (min),Distancia (km),Real Time,Velocidad promedia
Sun Apr  3 18:38:11 2022,Tomeco,Copiulemu,20.133333333333333,23.39,True,69.70529801324504
Sun Apr  3 18:38:11 2022,Copiulemu,Tomeco,15.566666666666666,22.002,True,84.80428265524625
Sun Apr  3 18:38:11 2022,Tomeco,Copiulemu,18.6,23.39,False,75.45161290322581
Sun Apr  3 18:38:11 2022,Copiulemu,Tomeco,15.366666666666667,22.002,False,85.90802603036876
