Fecha,From,To,Tiempo (min),Distancia (km),Real Time,Velocidad promedia
Sun Jul 14 02:51:38 2024,Tomeco,Copiulemu,18.516666666666666,23.48,True,76.08280828082809
Sun Jul 14 02:51:38 2024,Copiulemu,Tomeco,15.45,22.002,True,85.44466019417474
Sun Jul 14 02:51:38 2024,Tomeco,Copiulemu,18.25,23.48,False,77.19452054794522
Sun Jul 14 02:51:38 2024,Copiulemu,Tomeco,15.383333333333333,22.002,False,85.81495124593715
