Fecha,From,To,Tiempo (min),Distancia (km),Real Time,Velocidad promedia
Sun Oct  1 21:28:13 2023,Tomeco,Copiulemu,20.85,23.39,True,67.3093525179856
Sun Oct  1 21:28:13 2023,Copiulemu,Tomeco,15.216666666666667,22.002,True,86.75487404162102
Sun Oct  1 21:28:13 2023,Tomeco,Copiulemu,19.9,23.39,False,70.52261306532664
Sun Oct  1 21:28:13 2023,Copiulemu,Tomeco,15.216666666666667,22.002,False,86.75487404162102
