Fecha,From,To,Tiempo (min),Distancia (km),Real Time,Velocidad promedia
Sun Jan 14 05:29:25 2024,Tomeco,Copiulemu,18.133333333333333,23.48,True,77.69117647058823
Sun Jan 14 05:29:25 2024,Copiulemu,Tomeco,15.666666666666666,22.002,True,84.26297872340425
Sun Jan 14 05:29:25 2024,Tomeco,Copiulemu,18.133333333333333,23.48,False,77.69117647058823
Sun Jan 14 05:29:25 2024,Copiulemu,Tomeco,15.666666666666666,22.002,False,84.26297872340425
