Fecha,From,To,Tiempo (min),Distancia (km),Real Time,Velocidad promedia
Sun May  8 21:32:24 2022,Tomeco,Copiulemu,17.366666666666667,23.39,True,80.80998080614204
Sun May  8 21:32:24 2022,Copiulemu,Tomeco,14.716666666666667,22.002,True,89.70237825594563
Sun May  8 21:32:24 2022,Tomeco,Copiulemu,19.383333333333333,23.39,False,72.402407566638
Sun May  8 21:32:24 2022,Copiulemu,Tomeco,15.816666666666666,22.002,False,83.46385669125394
