Fecha,From,To,Tiempo (min),Distancia (km),Real Time,Velocidad promedia
Sun Apr 28 16:30:39 2024,Tomeco,Copiulemu,17.75,23.48,True,79.36901408450704
Sun Apr 28 16:30:39 2024,Copiulemu,Tomeco,15.583333333333334,22.002,True,84.71358288770053
Sun Apr 28 16:30:39 2024,Tomeco,Copiulemu,17.666666666666668,23.48,False,79.74339622641509
Sun Apr 28 16:30:39 2024,Copiulemu,Tomeco,15.833333333333334,22.002,False,83.37599999999999
