Fecha,From,To,Tiempo (min),Distancia (km),Real Time,Velocidad promedia
Sun Jan  7 08:29:47 2024,Tomeco,Copiulemu,18.183333333333334,23.48,True,77.47754353803849
Sun Jan  7 08:29:47 2024,Copiulemu,Tomeco,15.583333333333334,22.002,True,84.71358288770053
Sun Jan  7 08:29:47 2024,Tomeco,Copiulemu,18.183333333333334,23.48,False,77.47754353803849
Sun Jan  7 08:29:47 2024,Copiulemu,Tomeco,15.583333333333334,22.002,False,84.71358288770053
