Fecha,From,To,Tiempo (min),Distancia (km),Real Time,Velocidad promedia
Sun Aug 28 20:36:09 2022,Tomeco,Copiulemu,17.983333333333334,23.39,True,78.03892493049119
Sun Aug 28 20:36:09 2022,Copiulemu,Tomeco,15.166666666666666,22.002,True,87.04087912087913
Sun Aug 28 20:36:09 2022,Tomeco,Copiulemu,18.016666666666666,23.39,False,77.89454209065681
Sun Aug 28 20:36:09 2022,Copiulemu,Tomeco,15.116666666666667,22.002,False,87.328776185226
