Fecha,From,To,Tiempo (min),Distancia (km),Real Time,Velocidad promedia
Sun Dec 17 12:42:56 2023,Tomeco,Copiulemu,16.983333333333334,23.39,True,82.63395485770363
Sun Dec 17 12:42:56 2023,Copiulemu,Tomeco,15.133333333333333,22.002,True,87.23259911894272
Sun Dec 17 12:42:56 2023,Tomeco,Copiulemu,16.783333333333335,23.39,False,83.61866931479642
Sun Dec 17 12:42:56 2023,Copiulemu,Tomeco,15.1,22.002,False,87.4251655629139
