Fecha,From,To,Tiempo (min),Distancia (km),Real Time,Velocidad promedia
Sun Mar 24 10:29:03 2024,Tomeco,Copiulemu,19.0,23.48,True,74.14736842105263
Sun Mar 24 10:29:03 2024,Copiulemu,Tomeco,15.833333333333334,22.002,True,83.37599999999999
Sun Mar 24 10:29:03 2024,Tomeco,Copiulemu,18.3,23.48,False,76.98360655737706
Sun Mar 24 10:29:03 2024,Copiulemu,Tomeco,15.833333333333334,22.002,False,83.37599999999999
