Fecha,From,To,Tiempo (min),Distancia (km),Real Time,Velocidad promedia
Sun Sep  4 05:47:39 2022,Tomeco,Copiulemu,17.083333333333332,23.39,True,82.15024390243903
Sun Sep  4 05:47:39 2022,Copiulemu,Tomeco,15.883333333333333,22.002,True,83.11353620146905
Sun Sep  4 05:47:39 2022,Tomeco,Copiulemu,17.083333333333332,23.39,False,82.15024390243903
Sun Sep  4 05:47:39 2022,Copiulemu,Tomeco,15.883333333333333,22.002,False,83.11353620146905
