Fecha,From,To,Tiempo (min),Distancia (km),Real Time,Velocidad promedia
Sun Jul  7 23:28:04 2024,Tomeco,Copiulemu,18.85,23.48,True,74.73740053050398
Sun Jul  7 23:28:04 2024,Copiulemu,Tomeco,16.783333333333335,22.002,True,78.65660377358489
Sun Jul  7 23:28:04 2024,Tomeco,Copiulemu,19.133333333333333,23.48,False,73.63066202090593
Sun Jul  7 23:28:04 2024,Copiulemu,Tomeco,15.683333333333334,22.002,False,84.17343251859724
