Fecha,From,To,Tiempo (min),Distancia (km),Real Time,Velocidad promedia
Sun Jul 10 18:39:22 2022,Tomeco,Copiulemu,17.016666666666666,23.39,True,82.4720861900098
Sun Jul 10 18:39:22 2022,Copiulemu,Tomeco,14.933333333333334,22.002,True,88.40089285714285
Sun Jul 10 18:39:22 2022,Tomeco,Copiulemu,16.933333333333334,23.39,False,82.87795275590551
Sun Jul 10 18:39:22 2022,Copiulemu,Tomeco,14.9,22.002,False,88.59865771812079
