Fecha,From,To,Tiempo (min),Distancia (km),Real Time,Velocidad promedia
Sun Jul  3 10:35:55 2022,Tomeco,Copiulemu,17.616666666666667,23.39,True,79.6631977294229
Sun Jul  3 10:35:55 2022,Copiulemu,Tomeco,15.233333333333333,22.002,True,86.65995623632385
Sun Jul  3 10:35:55 2022,Tomeco,Copiulemu,17.616666666666667,23.39,False,79.6631977294229
Sun Jul  3 10:35:55 2022,Copiulemu,Tomeco,15.233333333333333,22.002,False,86.65995623632385
