Fecha,From,To,Tiempo (min),Distancia (km),Real Time,Velocidad promedia
Sun Aug 14 15:37:11 2022,Tomeco,Copiulemu,17.116666666666667,23.39,True,81.9902629016553
Sun Aug 14 15:37:11 2022,Copiulemu,Tomeco,14.766666666666667,22.002,True,89.39864559819412
Sun Aug 14 15:37:11 2022,Tomeco,Copiulemu,16.783333333333335,23.39,False,83.61866931479642
Sun Aug 14 15:37:11 2022,Copiulemu,Tomeco,14.833333333333334,22.002,False,88.99685393258426
