Fecha,From,To,Tiempo (min),Distancia (km),Real Time,Velocidad promedia
Sun Sep 29 03:40:50 2024,Tomeco,Copiulemu,18.416666666666668,23.48,True,76.49592760180995
Sun Sep 29 03:40:50 2024,Copiulemu,Tomeco,15.4,22.002,True,85.72207792207791
Sun Sep 29 03:40:50 2024,Tomeco,Copiulemu,18.416666666666668,23.48,False,76.49592760180995
Sun Sep 29 03:40:50 2024,Copiulemu,Tomeco,15.4,22.002,False,85.72207792207791
