Fecha,From,To,Tiempo (min),Distancia (km),Real Time,Velocidad promedia
Sun Nov  3 23:30:53 2024,Tomeco,Copiulemu,19.083333333333332,23.45,True,73.7292576419214
Sun Nov  3 23:30:53 2024,Copiulemu,Tomeco,16.083333333333332,21.968,True,81.95316062176165
Sun Nov  3 23:30:53 2024,Tomeco,Copiulemu,17.883333333333333,23.45,False,78.67660764212488
Sun Nov  3 23:30:53 2024,Copiulemu,Tomeco,15.4,21.968,False,85.5896103896104
