Fecha,From,To,Tiempo (min),Distancia (km),Real Time,Velocidad promedia
Sun Apr 21 10:28:58 2024,Tomeco,Copiulemu,18.516666666666666,23.48,True,76.08280828082809
Sun Apr 21 10:28:58 2024,Copiulemu,Tomeco,15.616666666666667,22.002,True,84.53276414087513
Sun Apr 21 10:28:58 2024,Tomeco,Copiulemu,18.516666666666666,23.48,False,76.08280828082809
Sun Apr 21 10:28:58 2024,Copiulemu,Tomeco,15.616666666666667,22.002,False,84.53276414087513
