Fecha,From,To,Tiempo (min),Distancia (km),Real Time,Velocidad promedia
Sun Dec  8 21:29:58 2024,Tomeco,Copiulemu,17.866666666666667,23.45,True,78.74999999999999
Sun Dec  8 21:29:58 2024,Copiulemu,Tomeco,15.6,21.968,True,84.49230769230769
Sun Dec  8 21:29:58 2024,Tomeco,Copiulemu,17.666666666666668,23.45,False,79.64150943396226
Sun Dec  8 21:29:58 2024,Copiulemu,Tomeco,15.066666666666666,21.968,False,87.48318584070796
