Fecha,From,To,Tiempo (min),Distancia (km),Real Time,Velocidad promedia
Sun Jun  9 23:28:14 2024,Tomeco,Copiulemu,18.15,23.48,True,77.6198347107438
Sun Jun  9 23:28:14 2024,Copiulemu,Tomeco,16.083333333333332,22.002,True,82.08
Sun Jun  9 23:28:14 2024,Tomeco,Copiulemu,19.766666666666666,23.48,False,71.27150084317033
Sun Jun  9 23:28:14 2024,Copiulemu,Tomeco,16.016666666666666,22.002,False,82.4216441207076
