Fecha,From,To,Tiempo (min),Distancia (km),Real Time,Velocidad promedia
Sun Jun  2 05:29:32 2024,Tomeco,Copiulemu,18.016666666666666,23.48,True,78.19426456984274
Sun Jun  2 05:29:32 2024,Copiulemu,Tomeco,15.666666666666666,22.002,True,84.26297872340425
Sun Jun  2 05:29:32 2024,Tomeco,Copiulemu,18.016666666666666,23.48,False,78.19426456984274
Sun Jun  2 05:29:32 2024,Copiulemu,Tomeco,15.666666666666666,22.002,False,84.26297872340425
