Fecha,From,To,Tiempo (min),Distancia (km),Real Time,Velocidad promedia
Sun May 22 05:33:13 2022,Tomeco,Copiulemu,17.266666666666666,23.39,True,81.27799227799228
Sun May 22 05:33:13 2022,Copiulemu,Tomeco,15.45,22.002,True,85.44466019417474
Sun May 22 05:33:13 2022,Tomeco,Copiulemu,17.266666666666666,23.39,False,81.27799227799228
Sun May 22 05:33:13 2022,Copiulemu,Tomeco,15.45,22.002,False,85.44466019417474
