Fecha,From,To,Tiempo (min),Distancia (km),Real Time,Velocidad promedia
Sun Mar 24 21:28:01 2024,Tomeco,Copiulemu,18.866666666666667,23.48,True,74.67137809187278
Sun Mar 24 21:28:01 2024,Copiulemu,Tomeco,18.433333333333334,22.002,True,71.61591320072333
Sun Mar 24 21:28:01 2024,Tomeco,Copiulemu,18.583333333333332,23.48,False,75.80986547085203
Sun Mar 24 21:28:01 2024,Copiulemu,Tomeco,21.75,22.002,False,60.6951724137931
