Fecha,From,To,Tiempo (min),Distancia (km),Real Time,Velocidad promedia
Sun Dec  1 15:32:06 2024,Tomeco,Copiulemu,17.716666666666665,23.45,True,79.4167450611477
Sun Dec  1 15:32:06 2024,Copiulemu,Tomeco,17.133333333333333,21.968,True,76.93073929961089
Sun Dec  1 15:32:06 2024,Tomeco,Copiulemu,17.366666666666667,23.45,False,81.0172744721689
Sun Dec  1 15:32:06 2024,Copiulemu,Tomeco,15.7,21.968,False,83.95414012738854
