Fecha,From,To,Tiempo (min),Distancia (km),Real Time,Velocidad promedia
Sun Jan 28 18:28:08 2024,Tomeco,Copiulemu,17.733333333333334,23.48,True,79.44360902255639
Sun Jan 28 18:28:08 2024,Copiulemu,Tomeco,15.116666666666667,22.002,True,87.328776185226
Sun Jan 28 18:28:08 2024,Tomeco,Copiulemu,17.816666666666666,23.48,False,79.07202993451824
Sun Jan 28 18:28:08 2024,Copiulemu,Tomeco,15.066666666666666,22.002,False,87.61858407079646
