Fecha,From,To,Tiempo (min),Distancia (km),Real Time,Velocidad promedia
Sun Oct 27 03:41:16 2024,Tomeco,Copiulemu,17.983333333333334,23.45,True,78.23911028730305
Sun Oct 27 03:41:16 2024,Copiulemu,Tomeco,15.2,21.968,True,86.71578947368423
Sun Oct 27 03:41:16 2024,Tomeco,Copiulemu,17.983333333333334,23.45,False,78.23911028730305
Sun Oct 27 03:41:16 2024,Copiulemu,Tomeco,15.2,21.968,False,86.71578947368423
