Fecha,From,To,Tiempo (min),Distancia (km),Real Time,Velocidad promedia
Sun Aug 14 16:47:49 2022,Tomeco,Copiulemu,17.266666666666666,23.39,True,81.27799227799228
Sun Aug 14 16:47:49 2022,Copiulemu,Tomeco,15.266666666666667,22.002,True,86.47074235807858
Sun Aug 14 16:47:49 2022,Tomeco,Copiulemu,17.133333333333333,23.39,False,81.91050583657588
Sun Aug 14 16:47:49 2022,Copiulemu,Tomeco,15.0,22.002,False,88.008
