Fecha,From,To,Tiempo (min),Distancia (km),Real Time,Velocidad promedia
Sun Sep 17 07:28:19 2023,Tomeco,Copiulemu,18.183333333333334,23.39,True,77.18056828597616
Sun Sep 17 07:28:19 2023,Copiulemu,Tomeco,15.583333333333334,22.002,True,84.71358288770053
Sun Sep 17 07:28:19 2023,Tomeco,Copiulemu,18.183333333333334,23.39,False,77.18056828597616
Sun Sep 17 07:28:19 2023,Copiulemu,Tomeco,15.583333333333334,22.002,False,84.71358288770053
