Fecha,From,To,Tiempo (min),Distancia (km),Real Time,Velocidad promedia
Sun Jun  2 20:28:02 2024,Tomeco,Copiulemu,18.083333333333332,23.48,True,77.90599078341015
Sun Jun  2 20:28:02 2024,Copiulemu,Tomeco,15.083333333333334,22.002,True,87.5217679558011
Sun Jun  2 20:28:02 2024,Tomeco,Copiulemu,17.75,23.48,False,79.36901408450704
Sun Jun  2 20:28:02 2024,Copiulemu,Tomeco,15.033333333333333,22.002,False,87.81286031042129
