Fecha,From,To,Tiempo (min),Distancia (km),Real Time,Velocidad promedia
Sun Apr 17 09:33:43 2022,Tomeco,Copiulemu,19.083333333333332,23.39,True,73.5406113537118
Sun Apr 17 09:33:43 2022,Copiulemu,Tomeco,15.866666666666667,22.002,True,83.20084033613446
Sun Apr 17 09:33:43 2022,Tomeco,Copiulemu,19.083333333333332,23.39,False,73.5406113537118
Sun Apr 17 09:33:43 2022,Copiulemu,Tomeco,15.716666666666667,22.002,False,83.99490986214211
