Fecha,From,To,Tiempo (min),Distancia (km),Real Time,Velocidad promedia
Sun Jun 26 04:49:56 2022,Tomeco,Copiulemu,17.5,23.39,True,80.19428571428571
Sun Jun 26 04:49:56 2022,Copiulemu,Tomeco,15.116666666666667,22.002,True,87.328776185226
Sun Jun 26 04:49:56 2022,Tomeco,Copiulemu,17.5,23.39,False,80.19428571428571
Sun Jun 26 04:49:56 2022,Copiulemu,Tomeco,15.116666666666667,22.002,False,87.328776185226
