Fecha,From,To,Tiempo (min),Distancia (km),Real Time,Velocidad promedia
Sun Jun 16 21:28:28 2024,Tomeco,Copiulemu,18.9,23.48,True,74.53968253968254
Sun Jun 16 21:28:28 2024,Copiulemu,Tomeco,15.083333333333334,22.002,True,87.5217679558011
Sun Jun 16 21:28:28 2024,Tomeco,Copiulemu,18.9,23.48,False,74.53968253968254
Sun Jun 16 21:28:28 2024,Copiulemu,Tomeco,15.083333333333334,22.002,False,87.5217679558011
