Fecha,From,To,Tiempo (min),Distancia (km),Real Time,Velocidad promedia
Sun Dec  1 10:38:24 2024,Tomeco,Copiulemu,17.1,23.45,True,82.28070175438596
Sun Dec  1 10:38:24 2024,Copiulemu,Tomeco,15.266666666666667,21.968,True,86.33711790393012
Sun Dec  1 10:38:24 2024,Tomeco,Copiulemu,17.1,23.45,False,82.28070175438596
Sun Dec  1 10:38:24 2024,Copiulemu,Tomeco,15.183333333333334,21.968,False,86.81097694840835
