Fecha,From,To,Tiempo (min),Distancia (km),Real Time,Velocidad promedia
Sun Apr 24 14:31:22 2022,Tomeco,Copiulemu,17.166666666666668,23.39,True,81.7514563106796
Sun Apr 24 14:31:22 2022,Copiulemu,Tomeco,15.9,22.002,True,83.02641509433961
Sun Apr 24 14:31:22 2022,Tomeco,Copiulemu,16.633333333333333,23.39,False,84.37274549098197
Sun Apr 24 14:31:22 2022,Copiulemu,Tomeco,15.2,22.002,False,86.85000000000001
