Fecha,From,To,Tiempo (min),Distancia (km),Real Time,Velocidad promedia
Sun Mar 31 22:29:46 2024,Tomeco,Copiulemu,45.31666666666667,23.48,True,31.087899963221773
Sun Mar 31 22:29:46 2024,Copiulemu,Tomeco,25.183333333333334,22.002,True,52.420383851753805
Sun Mar 31 22:29:46 2024,Tomeco,Copiulemu,19.933333333333334,23.48,False,70.67558528428093
Sun Mar 31 22:29:46 2024,Copiulemu,Tomeco,21.483333333333334,22.002,False,61.448564778898366
