Fecha,From,To,Tiempo (min),Distancia (km),Real Time,Velocidad promedia
Sun Sep 24 09:28:23 2023,Tomeco,Copiulemu,18.166666666666668,23.39,True,77.25137614678899
Sun Sep 24 09:28:23 2023,Copiulemu,Tomeco,16.183333333333334,22.002,True,81.5728115345005
Sun Sep 24 09:28:23 2023,Tomeco,Copiulemu,18.383333333333333,23.39,False,76.34088848594742
Sun Sep 24 09:28:23 2023,Copiulemu,Tomeco,16.116666666666667,22.002,False,81.91023784901756
