Fecha,From,To,Tiempo (min),Distancia (km),Real Time,Velocidad promedia
Sun Dec 17 03:28:06 2023,Tomeco,Copiulemu,17.833333333333332,23.39,True,78.69532710280374
Sun Dec 17 03:28:06 2023,Copiulemu,Tomeco,15.283333333333333,22.002,True,86.37644492911667
Sun Dec 17 03:28:06 2023,Tomeco,Copiulemu,17.616666666666667,23.39,False,79.6631977294229
Sun Dec 17 03:28:06 2023,Copiulemu,Tomeco,15.283333333333333,22.002,False,86.37644492911667
