Fecha,From,To,Tiempo (min),Distancia (km),Real Time,Velocidad promedia
Sun Feb 18 09:28:02 2024,Tomeco,Copiulemu,18.016666666666666,23.48,True,78.19426456984274
Sun Feb 18 09:28:02 2024,Copiulemu,Tomeco,16.1,22.002,True,81.99503105590061
Sun Feb 18 09:28:02 2024,Tomeco,Copiulemu,18.0,23.48,False,78.26666666666667
Sun Feb 18 09:28:02 2024,Copiulemu,Tomeco,15.883333333333333,22.002,False,83.11353620146905
