Fecha,From,To,Tiempo (min),Distancia (km),Real Time,Velocidad promedia
Sun May  1 19:29:03 2022,Tomeco,Copiulemu,17.9,23.39,True,78.40223463687153
Sun May  1 19:29:03 2022,Copiulemu,Tomeco,14.616666666666667,22.002,True,90.31607753705815
Sun May  1 19:29:03 2022,Tomeco,Copiulemu,19.533333333333335,23.39,False,71.84641638225256
Sun May  1 19:29:03 2022,Copiulemu,Tomeco,14.833333333333334,22.002,False,88.99685393258426
