Fecha,From,To,Tiempo (min),Distancia (km),Real Time,Velocidad promedia
Sun Jan 21 10:31:41 2024,Tomeco,Copiulemu,17.616666666666667,23.48,True,79.96972563859981
Sun Jan 21 10:31:41 2024,Copiulemu,Tomeco,15.75,22.002,True,83.81714285714285
Sun Jan 21 10:31:41 2024,Tomeco,Copiulemu,17.616666666666667,23.48,False,79.96972563859981
Sun Jan 21 10:31:41 2024,Copiulemu,Tomeco,15.116666666666667,22.002,False,87.328776185226
