Fecha,From,To,Tiempo (min),Distancia (km),Real Time,Velocidad promedia
Sun Apr 28 23:28:15 2024,Tomeco,Copiulemu,20.816666666666666,23.48,True,67.6765412329864
Sun Apr 28 23:28:15 2024,Copiulemu,Tomeco,17.883333333333333,22.002,True,73.81845293569431
Sun Apr 28 23:28:15 2024,Tomeco,Copiulemu,20.816666666666666,23.48,False,67.6765412329864
Sun Apr 28 23:28:15 2024,Copiulemu,Tomeco,17.85,22.002,False,73.95630252100838
