Fecha,From,To,Tiempo (min),Distancia (km),Real Time,Velocidad promedia
Sun Aug 11 05:30:23 2024,Tomeco,Copiulemu,18.9,23.48,True,74.53968253968254
Sun Aug 11 05:30:23 2024,Copiulemu,Tomeco,15.933333333333334,22.002,True,82.85271966527196
Sun Aug 11 05:30:23 2024,Tomeco,Copiulemu,18.9,23.48,False,74.53968253968254
Sun Aug 11 05:30:23 2024,Copiulemu,Tomeco,15.583333333333334,22.002,False,84.71358288770053
