Fecha,From,To,Tiempo (min),Distancia (km),Real Time,Velocidad promedia
Sun Sep 11 11:33:10 2022,Tomeco,Copiulemu,17.233333333333334,23.39,True,81.43520309477756
Sun Sep 11 11:33:10 2022,Copiulemu,Tomeco,15.2,22.002,True,86.85000000000001
Sun Sep 11 11:33:10 2022,Tomeco,Copiulemu,16.95,23.39,False,82.79646017699116
Sun Sep 11 11:33:10 2022,Copiulemu,Tomeco,15.216666666666667,22.002,False,86.75487404162102
