Fecha,From,To,Tiempo (min),Distancia (km),Real Time,Velocidad promedia
Sun May 19 12:43:49 2024,Tomeco,Copiulemu,17.633333333333333,23.48,True,79.89413988657846
Sun May 19 12:43:49 2024,Copiulemu,Tomeco,15.166666666666666,22.002,True,87.04087912087913
Sun May 19 12:43:49 2024,Tomeco,Copiulemu,17.633333333333333,23.48,False,79.89413988657846
Sun May 19 12:43:49 2024,Copiulemu,Tomeco,15.166666666666666,22.002,False,87.04087912087913
