Fecha,From,To,Tiempo (min),Distancia (km),Real Time,Velocidad promedia
Sun Sep 24 19:28:09 2023,Tomeco,Copiulemu,17.666666666666668,23.39,True,79.43773584905661
Sun Sep 24 19:28:09 2023,Copiulemu,Tomeco,15.15,22.002,True,87.13663366336633
Sun Sep 24 19:28:09 2023,Tomeco,Copiulemu,17.666666666666668,23.39,False,79.43773584905661
Sun Sep 24 19:28:09 2023,Copiulemu,Tomeco,14.966666666666667,22.002,False,88.20400890868596
