Fecha,From,To,Tiempo (min),Distancia (km),Real Time,Velocidad promedia
Sun Jul 28 03:30:51 2024,Tomeco,Copiulemu,18.566666666666666,23.48,True,75.87791741472172
Sun Jul 28 03:30:51 2024,Copiulemu,Tomeco,15.333333333333334,22.002,True,86.09478260869564
Sun Jul 28 03:30:51 2024,Tomeco,Copiulemu,18.1,23.48,False,77.8342541436464
Sun Jul 28 03:30:51 2024,Copiulemu,Tomeco,15.333333333333334,22.002,False,86.09478260869564
