Fecha,From,To,Tiempo (min),Distancia (km),Real Time,Velocidad promedia
Sun Nov 10 13:30:28 2024,Tomeco,Copiulemu,17.116666666666667,23.45,True,82.20058422590067
Sun Nov 10 13:30:28 2024,Copiulemu,Tomeco,15.1,21.968,True,87.29006622516557
Sun Nov 10 13:30:28 2024,Tomeco,Copiulemu,17.116666666666667,23.45,False,82.20058422590067
Sun Nov 10 13:30:28 2024,Copiulemu,Tomeco,15.083333333333334,21.968,False,87.38651933701658
