Fecha,From,To,Tiempo (min),Distancia (km),Real Time,Velocidad promedia
Sun Jul  3 11:29:55 2022,Tomeco,Copiulemu,17.616666666666667,23.39,True,79.6631977294229
Sun Jul  3 11:29:55 2022,Copiulemu,Tomeco,15.283333333333333,22.002,True,86.37644492911667
Sun Jul  3 11:29:55 2022,Tomeco,Copiulemu,17.016666666666666,23.39,False,82.4720861900098
Sun Jul  3 11:29:55 2022,Copiulemu,Tomeco,15.35,22.002,False,86.0013029315961
