Fecha,From,To,Tiempo (min),Distancia (km),Real Time,Velocidad promedia
Sun Apr  3 17:33:10 2022,Tomeco,Copiulemu,22.7,23.39,True,61.823788546255514
Sun Apr  3 17:33:10 2022,Copiulemu,Tomeco,14.966666666666667,22.002,True,88.20400890868596
Sun Apr  3 17:33:10 2022,Tomeco,Copiulemu,18.816666666666666,23.39,False,74.58281665190434
Sun Apr  3 17:33:10 2022,Copiulemu,Tomeco,15.733333333333333,22.002,False,83.90593220338984
