Fecha,From,To,Tiempo (min),Distancia (km),Real Time,Velocidad promedia
Sun Jul 10 20:34:20 2022,Tomeco,Copiulemu,17.85,23.39,True,78.62184873949579
Sun Jul 10 20:34:20 2022,Copiulemu,Tomeco,15.133333333333333,22.002,True,87.23259911894272
Sun Jul 10 20:34:20 2022,Tomeco,Copiulemu,17.833333333333332,23.39,False,78.69532710280374
Sun Jul 10 20:34:20 2022,Copiulemu,Tomeco,15.083333333333334,22.002,False,87.5217679558011
