Fecha,From,To,Tiempo (min),Distancia (km),Real Time,Velocidad promedia
Sun Jul 21 12:46:30 2024,Tomeco,Copiulemu,17.316666666666666,23.48,True,81.35514918190569
Sun Jul 21 12:46:30 2024,Copiulemu,Tomeco,15.5,22.002,True,85.1690322580645
Sun Jul 21 12:46:30 2024,Tomeco,Copiulemu,17.266666666666666,23.48,False,81.5907335907336
Sun Jul 21 12:46:30 2024,Copiulemu,Tomeco,15.383333333333333,22.002,False,85.81495124593715
