Fecha,From,To,Tiempo (min),Distancia (km),Real Time,Velocidad promedia
Sun Mar 27 17:32:14 2022,Tomeco,Copiulemu,20.533333333333335,23.39,True,68.34740259740259
Sun Mar 27 17:32:14 2022,Copiulemu,Tomeco,15.616666666666667,22.002,True,84.53276414087513
Sun Mar 27 17:32:14 2022,Tomeco,Copiulemu,18.033333333333335,23.39,False,77.82255083179297
Sun Mar 27 17:32:14 2022,Copiulemu,Tomeco,15.633333333333333,22.002,False,84.44264392324094
