Fecha,From,To,Tiempo (min),Distancia (km),Real Time,Velocidad promedia
Sun Sep  1 17:29:45 2024,Tomeco,Copiulemu,17.05,23.48,True,82.62756598240469
Sun Sep  1 17:29:45 2024,Copiulemu,Tomeco,15.166666666666666,22.002,True,87.04087912087913
Sun Sep  1 17:29:45 2024,Tomeco,Copiulemu,17.0,23.48,False,82.87058823529412
Sun Sep  1 17:29:45 2024,Copiulemu,Tomeco,15.166666666666666,22.002,False,87.04087912087913
