Fecha,From,To,Tiempo (min),Distancia (km),Real Time,Velocidad promedia
Sun Nov 17 03:09:34 2024,Tomeco,Copiulemu,18.55,23.45,True,75.84905660377358
Sun Nov 17 03:09:34 2024,Copiulemu,Tomeco,15.566666666666666,21.968,True,84.67323340471093
Sun Nov 17 03:09:34 2024,Tomeco,Copiulemu,17.983333333333334,23.45,False,78.23911028730305
Sun Nov 17 03:09:34 2024,Copiulemu,Tomeco,15.416666666666666,21.968,False,85.49708108108109
