Fecha,From,To,Tiempo (min),Distancia (km),Real Time,Velocidad promedia
Sun Oct  6 19:28:09 2024,Tomeco,Copiulemu,18.0,23.512,True,78.37333333333333
Sun Oct  6 19:28:09 2024,Copiulemu,Tomeco,15.733333333333333,22.002,True,83.90593220338984
Sun Oct  6 19:28:09 2024,Tomeco,Copiulemu,17.9,23.512,False,78.81117318435756
Sun Oct  6 19:28:09 2024,Copiulemu,Tomeco,15.05,22.002,False,87.71561461794019
