Fecha,From,To,Tiempo (min),Distancia (km),Real Time,Velocidad promedia
Sun Apr 24 10:36:46 2022,Tomeco,Copiulemu,18.683333333333334,23.39,True,75.11507582515611
Sun Apr 24 10:36:46 2022,Copiulemu,Tomeco,15.816666666666666,22.002,True,83.46385669125394
Sun Apr 24 10:36:46 2022,Tomeco,Copiulemu,18.683333333333334,23.39,False,75.11507582515611
Sun Apr 24 10:36:46 2022,Copiulemu,Tomeco,15.816666666666666,22.002,False,83.46385669125394
