Fecha,From,To,Tiempo (min),Distancia (km),Real Time,Velocidad promedia
Sun Dec  1 16:39:37 2024,Tomeco,Copiulemu,18.95,23.45,True,74.24802110817943
Sun Dec  1 16:39:37 2024,Copiulemu,Tomeco,16.083333333333332,21.968,True,81.95316062176165
Sun Dec  1 16:39:37 2024,Tomeco,Copiulemu,17.066666666666666,23.45,False,82.44140625
Sun Dec  1 16:39:37 2024,Copiulemu,Tomeco,15.183333333333334,21.968,False,86.81097694840835
