Fecha,From,To,Tiempo (min),Distancia (km),Real Time,Velocidad promedia
Sun Jan 28 14:28:08 2024,Tomeco,Copiulemu,18.116666666666667,23.48,True,77.76264949402024
Sun Jan 28 14:28:08 2024,Copiulemu,Tomeco,17.483333333333334,22.002,True,75.50734032411819
Sun Jan 28 14:28:08 2024,Tomeco,Copiulemu,17.9,23.48,False,78.70391061452516
Sun Jan 28 14:28:08 2024,Copiulemu,Tomeco,16.633333333333333,22.002,False,79.36593186372745
