Fecha,From,To,Tiempo (min),Distancia (km),Real Time,Velocidad promedia
Sun Jul 24 18:41:16 2022,Tomeco,Copiulemu,17.25,23.39,True,81.35652173913044
Sun Jul 24 18:41:16 2022,Copiulemu,Tomeco,14.983333333333333,22.002,True,88.1058954393771
Sun Jul 24 18:41:16 2022,Tomeco,Copiulemu,16.733333333333334,23.39,False,83.86852589641434
Sun Jul 24 18:41:16 2022,Copiulemu,Tomeco,14.816666666666666,22.002,False,89.09696287964005
