Fecha,From,To,Tiempo (min),Distancia (km),Real Time,Velocidad promedia
Sun Aug 14 22:34:56 2022,Tomeco,Copiulemu,18.466666666666665,23.39,True,75.99638989169675
Sun Aug 14 22:34:56 2022,Copiulemu,Tomeco,15.183333333333334,22.002,True,86.94533479692646
Sun Aug 14 22:34:56 2022,Tomeco,Copiulemu,18.433333333333334,23.39,False,76.13381555153707
Sun Aug 14 22:34:56 2022,Copiulemu,Tomeco,14.983333333333333,22.002,False,88.1058954393771
