Fecha,From,To,Tiempo (min),Distancia (km),Real Time,Velocidad promedia
Sun Sep 25 18:45:03 2022,Tomeco,Copiulemu,17.35,23.39,True,80.88760806916426
Sun Sep 25 18:45:03 2022,Copiulemu,Tomeco,14.75,22.002,True,89.49966101694915
Sun Sep 25 18:45:03 2022,Tomeco,Copiulemu,17.35,23.39,False,80.88760806916426
Sun Sep 25 18:45:03 2022,Copiulemu,Tomeco,14.733333333333333,22.002,False,89.60090497737556
