Fecha,From,To,Tiempo (min),Distancia (km),Real Time,Velocidad promedia
Sun Dec 17 11:28:15 2023,Tomeco,Copiulemu,16.683333333333334,23.39,True,84.11988011988012
Sun Dec 17 11:28:15 2023,Copiulemu,Tomeco,14.9,22.002,True,88.59865771812079
Sun Dec 17 11:28:15 2023,Tomeco,Copiulemu,16.683333333333334,23.39,False,84.11988011988012
Sun Dec 17 11:28:15 2023,Copiulemu,Tomeco,15.266666666666667,22.002,False,86.47074235807858
