Fecha,From,To,Tiempo (min),Distancia (km),Real Time,Velocidad promedia
Sun Oct 27 09:30:14 2024,Tomeco,Copiulemu,18.033333333333335,23.45,True,78.02218114602587
Sun Oct 27 09:30:14 2024,Copiulemu,Tomeco,15.516666666666667,21.968,True,84.94607948442534
Sun Oct 27 09:30:14 2024,Tomeco,Copiulemu,18.266666666666666,23.45,False,77.02554744525548
Sun Oct 27 09:30:14 2024,Copiulemu,Tomeco,15.516666666666667,21.968,False,84.94607948442534
