Fecha,From,To,Tiempo (min),Distancia (km),Real Time,Velocidad promedia
Sun Mar 17 01:32:40 2024,Tomeco,Copiulemu,19.85,23.48,True,70.97229219143576
Sun Mar 17 01:32:40 2024,Copiulemu,Tomeco,16.183333333333334,22.002,True,81.5728115345005
Sun Mar 17 01:32:40 2024,Tomeco,Copiulemu,20.266666666666666,23.48,False,69.51315789473684
Sun Mar 17 01:32:40 2024,Copiulemu,Tomeco,16.116666666666667,22.002,False,81.91023784901756
