Fecha,From,To,Tiempo (min),Distancia (km),Real Time,Velocidad promedia
Sun May  5 20:28:05 2024,Tomeco,Copiulemu,18.3,23.48,True,76.98360655737706
Sun May  5 20:28:05 2024,Copiulemu,Tomeco,15.55,22.002,True,84.8951768488746
Sun May  5 20:28:05 2024,Tomeco,Copiulemu,18.3,23.48,False,76.98360655737706
Sun May  5 20:28:05 2024,Copiulemu,Tomeco,15.433333333333334,22.002,False,85.53693304535636
