Fecha,From,To,Tiempo (min),Distancia (km),Real Time,Velocidad promedia
Sun Apr  3 02:07:40 2022,Tomeco,Copiulemu,18.683333333333334,23.39,True,75.11507582515611
Sun Apr  3 02:07:40 2022,Copiulemu,Tomeco,15.3,22.002,True,86.28235294117647
Sun Apr  3 02:07:40 2022,Tomeco,Copiulemu,18.6,23.39,False,75.45161290322581
Sun Apr  3 02:07:40 2022,Copiulemu,Tomeco,15.116666666666667,22.002,False,87.328776185226
