Fecha,From,To,Tiempo (min),Distancia (km),Real Time,Velocidad promedia
Sun Oct 27 04:37:41 2024,Tomeco,Copiulemu,18.016666666666666,23.45,True,78.09435707678077
Sun Oct 27 04:37:41 2024,Copiulemu,Tomeco,15.266666666666667,21.968,True,86.33711790393012
Sun Oct 27 04:37:41 2024,Tomeco,Copiulemu,17.966666666666665,23.45,False,78.31168831168831
Sun Oct 27 04:37:41 2024,Copiulemu,Tomeco,15.266666666666667,21.968,False,86.33711790393012
