Fecha,From,To,Tiempo (min),Distancia (km),Real Time,Velocidad promedia
Sun May  1 14:31:51 2022,Tomeco,Copiulemu,17.066666666666666,23.39,True,82.23046875
Sun May  1 14:31:51 2022,Copiulemu,Tomeco,14.9,22.002,True,88.59865771812079
Sun May  1 14:31:51 2022,Tomeco,Copiulemu,16.733333333333334,23.39,False,83.86852589641434
Sun May  1 14:31:51 2022,Copiulemu,Tomeco,14.883333333333333,22.002,False,88.69787234042553
