Fecha,From,To,Tiempo (min),Distancia (km),Real Time,Velocidad promedia
Sun Dec 17 13:28:13 2023,Tomeco,Copiulemu,16.933333333333334,23.39,True,82.87795275590551
Sun Dec 17 13:28:13 2023,Copiulemu,Tomeco,15.933333333333334,22.002,True,82.85271966527196
Sun Dec 17 13:28:13 2023,Tomeco,Copiulemu,16.933333333333334,23.39,False,82.87795275590551
Sun Dec 17 13:28:13 2023,Copiulemu,Tomeco,15.283333333333333,22.002,False,86.37644492911667
