Fecha,From,To,Tiempo (min),Distancia (km),Real Time,Velocidad promedia
Sun Jul  3 12:53:32 2022,Tomeco,Copiulemu,16.633333333333333,23.39,True,84.37274549098197
Sun Jul  3 12:53:32 2022,Copiulemu,Tomeco,14.75,22.002,True,89.49966101694915
Sun Jul  3 12:53:32 2022,Tomeco,Copiulemu,16.633333333333333,23.39,False,84.37274549098197
Sun Jul  3 12:53:32 2022,Copiulemu,Tomeco,14.75,22.002,False,89.49966101694915
