Fecha,From,To,Tiempo (min),Distancia (km),Real Time,Velocidad promedia
Sun Jul 14 13:49:34 2024,Tomeco,Copiulemu,17.866666666666667,23.48,True,78.8507462686567
Sun Jul 14 13:49:34 2024,Copiulemu,Tomeco,15.166666666666666,22.002,True,87.04087912087913
Sun Jul 14 13:49:34 2024,Tomeco,Copiulemu,17.4,23.48,False,80.96551724137932
Sun Jul 14 13:49:34 2024,Copiulemu,Tomeco,15.083333333333334,22.002,False,87.5217679558011
