Fecha,From,To,Tiempo (min),Distancia (km),Real Time,Velocidad promedia
Sun Aug 25 15:29:13 2024,Tomeco,Copiulemu,18.0,23.48,True,78.26666666666667
Sun Aug 25 15:29:13 2024,Copiulemu,Tomeco,15.916666666666666,22.002,True,82.93947643979057
Sun Aug 25 15:29:13 2024,Tomeco,Copiulemu,17.35,23.48,False,81.19884726224784
Sun Aug 25 15:29:13 2024,Copiulemu,Tomeco,15.633333333333333,22.002,False,84.44264392324094
