Fecha,From,To,Tiempo (min),Distancia (km),Real Time,Velocidad promedia
Sun Apr  3 14:30:02 2022,Tomeco,Copiulemu,17.783333333333335,23.39,True,78.91658856607309
Sun Apr  3 14:30:02 2022,Copiulemu,Tomeco,15.833333333333334,22.002,True,83.37599999999999
Sun Apr  3 14:30:02 2022,Tomeco,Copiulemu,17.583333333333332,23.39,False,79.81421800947868
Sun Apr  3 14:30:02 2022,Copiulemu,Tomeco,15.35,22.002,False,86.0013029315961
