Fecha,From,To,Tiempo (min),Distancia (km),Real Time,Velocidad promedia
Sun Mar 10 23:28:01 2024,Tomeco,Copiulemu,19.166666666666668,23.48,True,73.50260869565217
Sun Mar 10 23:28:01 2024,Copiulemu,Tomeco,26.333333333333332,22.002,True,50.13113924050633
Sun Mar 10 23:28:01 2024,Tomeco,Copiulemu,23.65,23.48,False,59.56871035940804
Sun Mar 10 23:28:01 2024,Copiulemu,Tomeco,26.333333333333332,22.002,False,50.13113924050633
