Fecha,From,To,Tiempo (min),Distancia (km),Real Time,Velocidad promedia
Sun Sep 11 08:42:31 2022,Tomeco,Copiulemu,18.283333333333335,23.39,True,76.7584320875114
Sun Sep 11 08:42:31 2022,Copiulemu,Tomeco,15.233333333333333,22.002,True,86.65995623632385
Sun Sep 11 08:42:31 2022,Tomeco,Copiulemu,18.283333333333335,23.39,False,76.7584320875114
Sun Sep 11 08:42:31 2022,Copiulemu,Tomeco,15.233333333333333,22.002,False,86.65995623632385
