Fecha,From,To,Tiempo (min),Distancia (km),Real Time,Velocidad promedia
Sun Dec 31 03:28:05 2023,Tomeco,Copiulemu,18.066666666666666,23.39,True,77.6789667896679
Sun Dec 31 03:28:05 2023,Copiulemu,Tomeco,15.383333333333333,22.002,True,85.81495124593715
Sun Dec 31 03:28:05 2023,Tomeco,Copiulemu,17.833333333333332,23.39,False,78.69532710280374
Sun Dec 31 03:28:05 2023,Copiulemu,Tomeco,15.383333333333333,22.002,False,85.81495124593715
