Fecha,From,To,Tiempo (min),Distancia (km),Real Time,Velocidad promedia
Sun Nov 12 19:27:59 2023,Tomeco,Copiulemu,17.633333333333333,23.39,True,79.58790170132326
Sun Nov 12 19:27:59 2023,Copiulemu,Tomeco,15.05,22.002,True,87.71561461794019
Sun Nov 12 19:27:59 2023,Tomeco,Copiulemu,17.4,23.39,False,80.65517241379311
Sun Nov 12 19:27:59 2023,Copiulemu,Tomeco,14.933333333333334,22.002,False,88.40089285714285
