Fecha,From,To,Tiempo (min),Distancia (km),Real Time,Velocidad promedia
Sun Sep 24 10:28:35 2023,Tomeco,Copiulemu,17.55,23.39,True,79.96581196581195
Sun Sep 24 10:28:35 2023,Copiulemu,Tomeco,15.483333333333333,22.002,True,85.26071044133477
Sun Sep 24 10:28:35 2023,Tomeco,Copiulemu,17.55,23.39,False,79.96581196581195
Sun Sep 24 10:28:35 2023,Copiulemu,Tomeco,15.483333333333333,22.002,False,85.26071044133477
