Fecha,From,To,Tiempo (min),Distancia (km),Real Time,Velocidad promedia
Sun Jun 12 23:32:08 2022,Tomeco,Copiulemu,28.483333333333334,23.39,True,49.270918665886484
Sun Jun 12 23:32:08 2022,Copiulemu,Tomeco,15.383333333333333,22.002,True,85.81495124593715
Sun Jun 12 23:32:08 2022,Tomeco,Copiulemu,26.583333333333332,23.39,False,52.79247648902822
Sun Jun 12 23:32:08 2022,Copiulemu,Tomeco,16.1,22.002,False,81.99503105590061
