Fecha,From,To,Tiempo (min),Distancia (km),Real Time,Velocidad promedia
Sun Mar  3 23:28:12 2024,Tomeco,Copiulemu,20.9,23.48,True,67.4066985645933
Sun Mar  3 23:28:12 2024,Copiulemu,Tomeco,26.8,22.002,True,49.25820895522388
Sun Mar  3 23:28:12 2024,Tomeco,Copiulemu,24.233333333333334,23.48,False,58.13480055020633
Sun Mar  3 23:28:12 2024,Copiulemu,Tomeco,26.433333333333334,22.002,False,49.94148802017654
