Fecha,From,To,Tiempo (min),Distancia (km),Real Time,Velocidad promedia
Sun Jun  5 18:37:57 2022,Tomeco,Copiulemu,16.866666666666667,23.39,True,83.20553359683794
Sun Jun  5 18:37:57 2022,Copiulemu,Tomeco,15.033333333333333,22.002,True,87.81286031042129
Sun Jun  5 18:37:57 2022,Tomeco,Copiulemu,16.85,23.39,False,83.28783382789317
Sun Jun  5 18:37:57 2022,Copiulemu,Tomeco,14.933333333333334,22.002,False,88.40089285714285
