Fecha,From,To,Tiempo (min),Distancia (km),Real Time,Velocidad promedia
Sun Jul 31 11:31:23 2022,Tomeco,Copiulemu,17.316666666666666,23.39,True,81.04331087584217
Sun Jul 31 11:31:23 2022,Copiulemu,Tomeco,16.133333333333333,22.002,True,81.82561983471074
Sun Jul 31 11:31:23 2022,Tomeco,Copiulemu,17.316666666666666,23.39,False,81.04331087584217
Sun Jul 31 11:31:23 2022,Copiulemu,Tomeco,15.516666666666667,22.002,False,85.07755102040815
