Fecha,From,To,Tiempo (min),Distancia (km),Real Time,Velocidad promedia
Sun Sep  1 10:33:42 2024,Tomeco,Copiulemu,18.266666666666666,23.48,True,77.1240875912409
Sun Sep  1 10:33:42 2024,Copiulemu,Tomeco,16.083333333333332,22.002,True,82.08
Sun Sep  1 10:33:42 2024,Tomeco,Copiulemu,18.266666666666666,23.48,False,77.1240875912409
Sun Sep  1 10:33:42 2024,Copiulemu,Tomeco,16.083333333333332,22.002,False,82.08
