Fecha,From,To,Tiempo (min),Distancia (km),Real Time,Velocidad promedia
Sun Sep 25 06:47:56 2022,Tomeco,Copiulemu,17.766666666666666,23.39,True,78.9906191369606
Sun Sep 25 06:47:56 2022,Copiulemu,Tomeco,15.333333333333334,22.002,True,86.09478260869564
Sun Sep 25 06:47:56 2022,Tomeco,Copiulemu,17.766666666666666,23.39,False,78.9906191369606
Sun Sep 25 06:47:56 2022,Copiulemu,Tomeco,15.333333333333334,22.002,False,86.09478260869564
