Fecha,From,To,Tiempo (min),Distancia (km),Real Time,Velocidad promedia
Sun Jun 30 06:34:38 2024,Tomeco,Copiulemu,18.433333333333334,23.48,True,76.42676311030742
Sun Jun 30 06:34:38 2024,Copiulemu,Tomeco,15.783333333333333,22.002,True,83.64012671594509
Sun Jun 30 06:34:38 2024,Tomeco,Copiulemu,18.433333333333334,23.48,False,76.42676311030742
Sun Jun 30 06:34:38 2024,Copiulemu,Tomeco,15.316666666666666,22.002,False,86.18846572361262
