Fecha,From,To,Tiempo (min),Distancia (km),Real Time,Velocidad promedia
Sun Mar 27 05:29:51 2022,Tomeco,Copiulemu,18.016666666666666,23.39,True,77.89454209065681
Sun Mar 27 05:29:51 2022,Copiulemu,Tomeco,15.75,22.002,True,83.81714285714285
Sun Mar 27 05:29:51 2022,Tomeco,Copiulemu,17.783333333333335,23.39,False,78.91658856607309
Sun Mar 27 05:29:51 2022,Copiulemu,Tomeco,15.75,22.002,False,83.81714285714285
