Fecha,From,To,Tiempo (min),Distancia (km),Real Time,Velocidad promedia
Sun Apr 21 14:28:23 2024,Tomeco,Copiulemu,17.616666666666667,23.48,True,79.96972563859981
Sun Apr 21 14:28:23 2024,Copiulemu,Tomeco,15.683333333333334,22.002,True,84.17343251859724
Sun Apr 21 14:28:23 2024,Tomeco,Copiulemu,17.716666666666665,23.48,False,79.51834430856069
Sun Apr 21 14:28:23 2024,Copiulemu,Tomeco,15.683333333333334,22.002,False,84.17343251859724
