Fecha,From,To,Tiempo (min),Distancia (km),Real Time,Velocidad promedia
Sun Mar 10 16:31:08 2024,Tomeco,Copiulemu,18.116666666666667,23.48,True,77.76264949402024
Sun Mar 10 16:31:08 2024,Copiulemu,Tomeco,15.616666666666667,22.002,True,84.53276414087513
Sun Mar 10 16:31:08 2024,Tomeco,Copiulemu,17.9,23.48,False,78.70391061452516
Sun Mar 10 16:31:08 2024,Copiulemu,Tomeco,15.633333333333333,22.002,False,84.44264392324094
