Fecha,From,To,Tiempo (min),Distancia (km),Real Time,Velocidad promedia
Sun Apr 24 12:53:03 2022,Tomeco,Copiulemu,17.0,23.39,True,82.5529411764706
Sun Apr 24 12:53:03 2022,Copiulemu,Tomeco,15.0,22.002,True,88.008
Sun Apr 24 12:53:03 2022,Tomeco,Copiulemu,16.783333333333335,23.39,False,83.61866931479642
Sun Apr 24 12:53:03 2022,Copiulemu,Tomeco,14.8,22.002,False,89.1972972972973
