Fecha,From,To,Tiempo (min),Distancia (km),Real Time,Velocidad promedia
Sun May  5 19:28:18 2024,Tomeco,Copiulemu,18.5,23.48,True,76.15135135135135
Sun May  5 19:28:18 2024,Copiulemu,Tomeco,14.916666666666666,22.002,True,88.49966480446928
Sun May  5 19:28:18 2024,Tomeco,Copiulemu,18.483333333333334,23.48,False,76.2200180342651
Sun May  5 19:28:18 2024,Copiulemu,Tomeco,14.883333333333333,22.002,False,88.69787234042553
