Fecha,From,To,Tiempo (min),Distancia (km),Real Time,Velocidad promedia
Sun Aug 28 09:34:46 2022,Tomeco,Copiulemu,17.85,23.39,True,78.62184873949579
Sun Aug 28 09:34:46 2022,Copiulemu,Tomeco,15.466666666666667,22.002,True,85.35258620689655
Sun Aug 28 09:34:46 2022,Tomeco,Copiulemu,17.85,23.39,False,78.62184873949579
Sun Aug 28 09:34:46 2022,Copiulemu,Tomeco,15.466666666666667,22.002,False,85.35258620689655
