Fecha,From,To,Tiempo (min),Distancia (km),Real Time,Velocidad promedia
Sun Jul 31 12:56:42 2022,Tomeco,Copiulemu,17.05,23.39,True,82.3108504398827
Sun Jul 31 12:56:42 2022,Copiulemu,Tomeco,14.916666666666666,22.002,True,88.49966480446928
Sun Jul 31 12:56:42 2022,Tomeco,Copiulemu,17.0,23.39,False,82.5529411764706
Sun Jul 31 12:56:42 2022,Copiulemu,Tomeco,14.9,22.002,False,88.59865771812079
