Fecha,From,To,Tiempo (min),Distancia (km),Real Time,Velocidad promedia
Sun Mar 31 18:28:08 2024,Tomeco,Copiulemu,21.066666666666666,23.48,True,66.87341772151899
Sun Mar 31 18:28:08 2024,Copiulemu,Tomeco,15.333333333333334,22.002,True,86.09478260869564
Sun Mar 31 18:28:08 2024,Tomeco,Copiulemu,18.433333333333334,23.48,False,76.42676311030742
Sun Mar 31 18:28:08 2024,Copiulemu,Tomeco,15.316666666666666,22.002,False,86.18846572361262
