Fecha,From,To,Tiempo (min),Distancia (km),Real Time,Velocidad promedia
Sun Apr 24 09:34:13 2022,Tomeco,Copiulemu,18.25,23.39,True,76.89863013698631
Sun Apr 24 09:34:13 2022,Copiulemu,Tomeco,16.116666666666667,22.002,True,81.91023784901756
Sun Apr 24 09:34:13 2022,Tomeco,Copiulemu,18.25,23.39,False,76.89863013698631
Sun Apr 24 09:34:13 2022,Copiulemu,Tomeco,16.116666666666667,22.002,False,81.91023784901756
