Fecha,From,To,Tiempo (min),Distancia (km),Real Time,Velocidad promedia
Sun May 26 08:30:12 2024,Tomeco,Copiulemu,18.616666666666667,23.48,True,75.67412712623099
Sun May 26 08:30:12 2024,Copiulemu,Tomeco,15.5,22.002,True,85.1690322580645
Sun May 26 08:30:12 2024,Tomeco,Copiulemu,18.616666666666667,23.48,False,75.67412712623099
Sun May 26 08:30:12 2024,Copiulemu,Tomeco,15.5,22.002,False,85.1690322580645
