Fecha,From,To,Tiempo (min),Distancia (km),Real Time,Velocidad promedia
Sun Sep 18 16:53:16 2022,Tomeco,Copiulemu,17.05,23.39,True,82.3108504398827
Sun Sep 18 16:53:16 2022,Copiulemu,Tomeco,17.8,22.002,True,74.16404494382022
Sun Sep 18 16:53:16 2022,Tomeco,Copiulemu,16.616666666666667,23.39,False,84.45737211634905
Sun Sep 18 16:53:16 2022,Copiulemu,Tomeco,15.083333333333334,22.002,False,87.5217679558011
