Fecha,From,To,Tiempo (min),Distancia (km),Real Time,Velocidad promedia
Sun Sep 18 14:34:56 2022,Tomeco,Copiulemu,17.016666666666666,23.39,True,82.4720861900098
Sun Sep 18 14:34:56 2022,Copiulemu,Tomeco,18.216666666666665,22.002,True,72.46770356816103
Sun Sep 18 14:34:56 2022,Tomeco,Copiulemu,16.716666666666665,23.39,False,83.95214356929213
Sun Sep 18 14:34:56 2022,Copiulemu,Tomeco,15.333333333333334,22.002,False,86.09478260869564
