Fecha,From,To,Tiempo (min),Distancia (km),Real Time,Velocidad promedia
Sun May 19 11:28:04 2024,Tomeco,Copiulemu,17.7,23.48,True,79.59322033898306
Sun May 19 11:28:04 2024,Copiulemu,Tomeco,15.383333333333333,22.002,True,85.81495124593715
Sun May 19 11:28:04 2024,Tomeco,Copiulemu,17.683333333333334,23.48,False,79.66823751178134
Sun May 19 11:28:04 2024,Copiulemu,Tomeco,15.383333333333333,22.002,False,85.81495124593715
