Fecha,From,To,Tiempo (min),Distancia (km),Real Time,Velocidad promedia
Sun May 19 03:30:04 2024,Tomeco,Copiulemu,18.333333333333332,23.48,True,76.84363636363638
Sun May 19 03:30:04 2024,Copiulemu,Tomeco,15.933333333333334,22.002,True,82.85271966527196
Sun May 19 03:30:04 2024,Tomeco,Copiulemu,18.233333333333334,23.48,False,77.26508226691041
Sun May 19 03:30:04 2024,Copiulemu,Tomeco,15.916666666666666,22.002,False,82.93947643979057
