Fecha,From,To,Tiempo (min),Distancia (km),Real Time,Velocidad promedia
Sun Sep  3 12:41:46 2023,Tomeco,Copiulemu,16.733333333333334,23.39,True,83.86852589641434
Sun Sep  3 12:41:46 2023,Copiulemu,Tomeco,15.65,21.461,True,82.27859424920126
Sun Sep  3 12:41:46 2023,Tomeco,Copiulemu,16.65,23.39,False,84.2882882882883
Sun Sep  3 12:41:46 2023,Copiulemu,Tomeco,15.266666666666667,21.461,False,84.34454148471615
