Fecha,From,To,Tiempo (min),Distancia (km),Real Time,Velocidad promedia
Sun Oct  6 02:04:09 2024,Tomeco,Copiulemu,18.25,23.48,True,77.19452054794522
Sun Oct  6 02:04:09 2024,Copiulemu,Tomeco,15.566666666666666,22.002,True,84.80428265524625
Sun Oct  6 02:04:09 2024,Tomeco,Copiulemu,18.116666666666667,23.48,False,77.76264949402024
Sun Oct  6 02:04:09 2024,Copiulemu,Tomeco,15.5,22.002,False,85.1690322580645
