Fecha,From,To,Tiempo (min),Distancia (km),Real Time,Velocidad promedia
Sun May 19 14:29:16 2024,Tomeco,Copiulemu,17.4,23.48,True,80.96551724137932
Sun May 19 14:29:16 2024,Copiulemu,Tomeco,15.133333333333333,22.002,True,87.23259911894272
Sun May 19 14:29:16 2024,Tomeco,Copiulemu,17.35,23.48,False,81.19884726224784
Sun May 19 14:29:16 2024,Copiulemu,Tomeco,15.133333333333333,22.002,False,87.23259911894272
