Fecha,From,To,Tiempo (min),Distancia (km),Real Time,Velocidad promedia
Sun Jan 14 07:28:11 2024,Tomeco,Copiulemu,18.316666666666666,23.48,True,76.91355777979983
Sun Jan 14 07:28:11 2024,Copiulemu,Tomeco,15.6,22.002,True,84.62307692307692
Sun Jan 14 07:28:11 2024,Tomeco,Copiulemu,18.6,23.48,False,75.74193548387098
Sun Jan 14 07:28:11 2024,Copiulemu,Tomeco,15.6,22.002,False,84.62307692307692
