Fecha,From,To,Tiempo (min),Distancia (km),Real Time,Velocidad promedia
Sun Jul 28 08:30:25 2024,Tomeco,Copiulemu,18.783333333333335,23.48,True,75.00266193433895
Sun Jul 28 08:30:25 2024,Copiulemu,Tomeco,15.516666666666667,22.002,True,85.07755102040815
Sun Jul 28 08:30:25 2024,Tomeco,Copiulemu,18.783333333333335,23.48,False,75.00266193433895
Sun Jul 28 08:30:25 2024,Copiulemu,Tomeco,15.516666666666667,22.002,False,85.07755102040815
