Fecha,From,To,Tiempo (min),Distancia (km),Real Time,Velocidad promedia
Sun May 26 22:29:07 2024,Tomeco,Copiulemu,19.2,23.48,True,73.375
Sun May 26 22:29:07 2024,Copiulemu,Tomeco,15.266666666666667,22.002,True,86.47074235807858
Sun May 26 22:29:07 2024,Tomeco,Copiulemu,21.766666666666666,23.48,False,64.7228177641654
Sun May 26 22:29:07 2024,Copiulemu,Tomeco,15.683333333333334,22.002,False,84.17343251859724
