Fecha,From,To,Tiempo (min),Distancia (km),Real Time,Velocidad promedia
Sun Aug 14 08:38:26 2022,Tomeco,Copiulemu,17.783333333333335,23.39,True,78.91658856607309
Sun Aug 14 08:38:26 2022,Copiulemu,Tomeco,15.2,22.002,True,86.85000000000001
Sun Aug 14 08:38:26 2022,Tomeco,Copiulemu,17.783333333333335,23.39,False,78.91658856607309
Sun Aug 14 08:38:26 2022,Copiulemu,Tomeco,15.2,22.002,False,86.85000000000001
