Fecha,From,To,Tiempo (min),Distancia (km),Real Time,Velocidad promedia
Sun Apr 21 11:28:04 2024,Tomeco,Copiulemu,17.9,23.48,True,78.70391061452516
Sun Apr 21 11:28:04 2024,Copiulemu,Tomeco,15.466666666666667,22.002,True,85.35258620689655
Sun Apr 21 11:28:04 2024,Tomeco,Copiulemu,17.9,23.48,False,78.70391061452516
Sun Apr 21 11:28:04 2024,Copiulemu,Tomeco,15.316666666666666,22.002,False,86.18846572361262
