Fecha,From,To,Tiempo (min),Distancia (km),Real Time,Velocidad promedia
Sun Jun 26 19:28:20 2022,Tomeco,Copiulemu,17.566666666666666,23.39,True,79.88994307400381
Sun Jun 26 19:28:20 2022,Copiulemu,Tomeco,15.216666666666667,22.002,True,86.75487404162102
Sun Jun 26 19:28:20 2022,Tomeco,Copiulemu,17.383333333333333,23.39,False,80.73250239693193
Sun Jun 26 19:28:20 2022,Copiulemu,Tomeco,15.133333333333333,22.002,False,87.23259911894272
