Fecha,From,To,Tiempo (min),Distancia (km),Real Time,Velocidad promedia
Sun May 22 15:39:09 2022,Tomeco,Copiulemu,18.483333333333334,23.39,True,75.92786293958521
Sun May 22 15:39:09 2022,Copiulemu,Tomeco,15.983333333333333,22.002,True,82.59353493222106
Sun May 22 15:39:09 2022,Tomeco,Copiulemu,17.5,23.39,False,80.19428571428571
Sun May 22 15:39:09 2022,Copiulemu,Tomeco,16.433333333333334,22.002,False,80.33184584178498
