Fecha,From,To,Tiempo (min),Distancia (km),Real Time,Velocidad promedia
Sun Oct 29 05:28:11 2023,Tomeco,Copiulemu,18.4,23.39,True,76.2717391304348
Sun Oct 29 05:28:11 2023,Copiulemu,Tomeco,15.616666666666667,22.002,True,84.53276414087513
Sun Oct 29 05:28:11 2023,Tomeco,Copiulemu,17.466666666666665,23.39,False,80.34732824427482
Sun Oct 29 05:28:11 2023,Copiulemu,Tomeco,15.616666666666667,22.002,False,84.53276414087513
