Fecha,From,To,Tiempo (min),Distancia (km),Real Time,Velocidad promedia
Sun Sep 29 05:33:10 2024,Tomeco,Copiulemu,18.65,23.48,True,75.53887399463808
Sun Sep 29 05:33:10 2024,Copiulemu,Tomeco,15.75,22.002,True,83.81714285714285
Sun Sep 29 05:33:10 2024,Tomeco,Copiulemu,18.65,23.48,False,75.53887399463808
Sun Sep 29 05:33:10 2024,Copiulemu,Tomeco,15.75,22.002,False,83.81714285714285
