Fecha,From,To,Tiempo (min),Distancia (km),Real Time,Velocidad promedia
Sun Jun 23 17:28:13 2024,Tomeco,Copiulemu,17.366666666666667,23.48,True,81.12092130518234
Sun Jun 23 17:28:13 2024,Copiulemu,Tomeco,15.4,22.002,True,85.72207792207791
Sun Jun 23 17:28:13 2024,Tomeco,Copiulemu,17.3,23.48,False,81.4335260115607
Sun Jun 23 17:28:13 2024,Copiulemu,Tomeco,14.733333333333333,22.002,False,89.60090497737556
