Fecha,From,To,Tiempo (min),Distancia (km),Real Time,Velocidad promedia
Sun Sep 10 10:28:28 2023,Tomeco,Copiulemu,17.216666666666665,23.39,True,81.51403678606003
Sun Sep 10 10:28:28 2023,Copiulemu,Tomeco,15.65,22.002,True,84.35271565495206
Sun Sep 10 10:28:28 2023,Tomeco,Copiulemu,17.216666666666665,23.39,False,81.51403678606003
Sun Sep 10 10:28:28 2023,Copiulemu,Tomeco,15.65,22.002,False,84.35271565495206
