Fecha,From,To,Tiempo (min),Distancia (km),Real Time,Velocidad promedia
Sun Jul  7 04:31:09 2024,Tomeco,Copiulemu,18.616666666666667,23.48,True,75.67412712623099
Sun Jul  7 04:31:09 2024,Copiulemu,Tomeco,16.166666666666668,22.002,True,81.65690721649483
Sun Jul  7 04:31:09 2024,Tomeco,Copiulemu,18.383333333333333,23.48,False,76.63463281958296
Sun Jul  7 04:31:09 2024,Copiulemu,Tomeco,15.533333333333333,22.002,False,84.9862660944206
