Fecha,From,To,Tiempo (min),Distancia (km),Real Time,Velocidad promedia
Sun Mar 10 06:29:08 2024,Tomeco,Copiulemu,18.7,23.48,True,75.33689839572193
Sun Mar 10 06:29:08 2024,Copiulemu,Tomeco,16.25,22.002,True,81.23815384615385
Sun Mar 10 06:29:08 2024,Tomeco,Copiulemu,18.7,23.48,False,75.33689839572193
Sun Mar 10 06:29:08 2024,Copiulemu,Tomeco,16.25,22.002,False,81.23815384615385
