Fecha,From,To,Tiempo (min),Distancia (km),Real Time,Velocidad promedia
Sun Jun 30 01:46:25 2024,Tomeco,Copiulemu,18.416666666666668,23.48,True,76.49592760180995
Sun Jun 30 01:46:25 2024,Copiulemu,Tomeco,15.583333333333334,22.002,True,84.71358288770053
Sun Jun 30 01:46:25 2024,Tomeco,Copiulemu,18.133333333333333,23.48,False,77.69117647058823
Sun Jun 30 01:46:25 2024,Copiulemu,Tomeco,15.566666666666666,22.002,False,84.80428265524625
