Fecha,From,To,Tiempo (min),Distancia (km),Real Time,Velocidad promedia
Sun Aug  4 12:46:11 2024,Tomeco,Copiulemu,17.683333333333334,23.48,True,79.66823751178134
Sun Aug  4 12:46:11 2024,Copiulemu,Tomeco,15.433333333333334,22.002,True,85.53693304535636
Sun Aug  4 12:46:11 2024,Tomeco,Copiulemu,17.683333333333334,23.48,False,79.66823751178134
Sun Aug  4 12:46:11 2024,Copiulemu,Tomeco,15.433333333333334,22.002,False,85.53693304535636
