Fecha,From,To,Tiempo (min),Distancia (km),Real Time,Velocidad promedia
Sun Jul 14 23:28:20 2024,Tomeco,Copiulemu,18.85,23.48,True,74.73740053050398
Sun Jul 14 23:28:20 2024,Copiulemu,Tomeco,16.25,22.002,True,81.23815384615385
Sun Jul 14 23:28:20 2024,Tomeco,Copiulemu,18.133333333333333,23.48,False,77.69117647058823
Sun Jul 14 23:28:20 2024,Copiulemu,Tomeco,15.8,22.002,False,83.5518987341772
