Fecha,From,To,Tiempo (min),Distancia (km),Real Time,Velocidad promedia
Sun Apr 17 18:39:24 2022,Tomeco,Copiulemu,18.716666666666665,23.39,True,74.98130008904721
Sun Apr 17 18:39:24 2022,Copiulemu,Tomeco,15.033333333333333,22.002,True,87.81286031042129
Sun Apr 17 18:39:24 2022,Tomeco,Copiulemu,18.716666666666665,23.39,False,74.98130008904721
Sun Apr 17 18:39:24 2022,Copiulemu,Tomeco,15.033333333333333,22.002,False,87.81286031042129
