Fecha,From,To,Tiempo (min),Distancia (km),Real Time,Velocidad promedia
Sun Jul  3 14:30:36 2022,Tomeco,Copiulemu,16.816666666666666,23.39,True,83.45292368681864
Sun Jul  3 14:30:36 2022,Copiulemu,Tomeco,15.0,22.002,True,88.008
Sun Jul  3 14:30:36 2022,Tomeco,Copiulemu,16.683333333333334,23.39,False,84.11988011988012
Sun Jul  3 14:30:36 2022,Copiulemu,Tomeco,14.716666666666667,22.002,False,89.70237825594563
