Fecha,From,To,Tiempo (min),Distancia (km),Real Time,Velocidad promedia
Sun Jan 21 01:41:49 2024,Tomeco,Copiulemu,19.016666666666666,23.48,True,74.08238387379492
Sun Jan 21 01:41:49 2024,Copiulemu,Tomeco,15.766666666666667,22.002,True,83.72854122621564
Sun Jan 21 01:41:49 2024,Tomeco,Copiulemu,18.483333333333334,23.48,False,76.2200180342651
Sun Jan 21 01:41:49 2024,Copiulemu,Tomeco,15.766666666666667,22.002,False,83.72854122621564
