Fecha,From,To,Tiempo (min),Distancia (km),Real Time,Velocidad promedia
Sun Sep 18 23:39:02 2022,Tomeco,Copiulemu,18.433333333333334,23.39,True,76.13381555153707
Sun Sep 18 23:39:02 2022,Copiulemu,Tomeco,15.35,22.002,True,86.0013029315961
Sun Sep 18 23:39:02 2022,Tomeco,Copiulemu,17.0,23.39,False,82.5529411764706
Sun Sep 18 23:39:02 2022,Copiulemu,Tomeco,15.183333333333334,22.002,False,86.94533479692646
