Fecha,From,To,Tiempo (min),Distancia (km),Real Time,Velocidad promedia
Sun Jun 19 20:34:05 2022,Tomeco,Copiulemu,16.883333333333333,23.39,True,83.12339585389932
Sun Jun 19 20:34:05 2022,Copiulemu,Tomeco,15.166666666666666,22.002,True,87.04087912087913
Sun Jun 19 20:34:05 2022,Tomeco,Copiulemu,17.933333333333334,23.39,False,78.25650557620818
Sun Jun 19 20:34:05 2022,Copiulemu,Tomeco,15.166666666666666,22.002,False,87.04087912087913
