Fecha,From,To,Tiempo (min),Distancia (km),Real Time,Velocidad promedia
Sun Aug  4 06:35:45 2024,Tomeco,Copiulemu,18.966666666666665,23.48,True,74.27768014059755
Sun Aug  4 06:35:45 2024,Copiulemu,Tomeco,15.966666666666667,22.002,True,82.67974947807932
Sun Aug  4 06:35:45 2024,Tomeco,Copiulemu,18.966666666666665,23.48,False,74.27768014059755
Sun Aug  4 06:35:45 2024,Copiulemu,Tomeco,15.966666666666667,22.002,False,82.67974947807932
