Fecha,From,To,Tiempo (min),Distancia (km),Real Time,Velocidad promedia
Sun Jun 26 08:37:20 2022,Tomeco,Copiulemu,18.283333333333335,23.39,True,76.7584320875114
Sun Jun 26 08:37:20 2022,Copiulemu,Tomeco,15.683333333333334,22.002,True,84.17343251859724
Sun Jun 26 08:37:20 2022,Tomeco,Copiulemu,19.133333333333333,23.39,False,73.34843205574913
Sun Jun 26 08:37:20 2022,Copiulemu,Tomeco,15.683333333333334,22.002,False,84.17343251859724
