Fecha,From,To,Tiempo (min),Distancia (km),Real Time,Velocidad promedia
Sun Sep  3 20:28:19 2023,Tomeco,Copiulemu,17.5,23.39,True,80.19428571428571
Sun Sep  3 20:28:19 2023,Copiulemu,Tomeco,15.183333333333334,22.002,True,86.94533479692646
Sun Sep  3 20:28:19 2023,Tomeco,Copiulemu,18.933333333333334,23.39,False,74.12323943661973
Sun Sep  3 20:28:19 2023,Copiulemu,Tomeco,15.15,22.002,False,87.13663366336633
