Fecha,From,To,Tiempo (min),Distancia (km),Real Time,Velocidad promedia
Sun Aug 14 07:31:38 2022,Tomeco,Copiulemu,17.6,23.39,True,79.73863636363636
Sun Aug 14 07:31:38 2022,Copiulemu,Tomeco,15.3,22.002,True,86.28235294117647
Sun Aug 14 07:31:38 2022,Tomeco,Copiulemu,17.6,23.39,False,79.73863636363636
Sun Aug 14 07:31:38 2022,Copiulemu,Tomeco,15.3,22.002,False,86.28235294117647
