Fecha,From,To,Tiempo (min),Distancia (km),Real Time,Velocidad promedia
Sun Jun 12 06:40:08 2022,Tomeco,Copiulemu,18.8,23.39,True,74.64893617021276
Sun Jun 12 06:40:08 2022,Copiulemu,Tomeco,15.35,22.002,True,86.0013029315961
Sun Jun 12 06:40:08 2022,Tomeco,Copiulemu,18.8,23.39,False,74.64893617021276
Sun Jun 12 06:40:08 2022,Copiulemu,Tomeco,15.35,22.002,False,86.0013029315961
