Fecha,From,To,Tiempo (min),Distancia (km),Real Time,Velocidad promedia
Sun Feb 18 02:31:18 2024,Tomeco,Copiulemu,19.05,23.48,True,73.95275590551181
Sun Feb 18 02:31:18 2024,Copiulemu,Tomeco,16.1,22.002,True,81.99503105590061
Sun Feb 18 02:31:18 2024,Tomeco,Copiulemu,19.016666666666666,23.48,False,74.08238387379492
Sun Feb 18 02:31:18 2024,Copiulemu,Tomeco,15.933333333333334,22.002,False,82.85271966527196
