Fecha,From,To,Tiempo (min),Distancia (km),Real Time,Velocidad promedia
Sun Aug 11 23:28:04 2024,Tomeco,Copiulemu,21.616666666666667,23.48,True,65.17193523515806
Sun Aug 11 23:28:04 2024,Copiulemu,Tomeco,15.933333333333334,22.002,True,82.85271966527196
Sun Aug 11 23:28:04 2024,Tomeco,Copiulemu,23.433333333333334,23.48,False,60.119487908961595
Sun Aug 11 23:28:04 2024,Copiulemu,Tomeco,15.933333333333334,22.002,False,82.85271966527196
