Fecha,From,To,Tiempo (min),Distancia (km),Real Time,Velocidad promedia
Sun Apr 17 22:34:10 2022,Tomeco,Copiulemu,42.03333333333333,23.39,True,33.3877874702617
Sun Apr 17 22:34:10 2022,Copiulemu,Tomeco,21.6,22.002,True,61.11666666666665
Sun Apr 17 22:34:10 2022,Tomeco,Copiulemu,22.166666666666668,23.39,False,63.31127819548872
Sun Apr 17 22:34:10 2022,Copiulemu,Tomeco,17.883333333333333,22.002,False,73.81845293569431
