Fecha,From,To,Tiempo (min),Distancia (km),Real Time,Velocidad promedia
Sun Mar 24 01:35:08 2024,Tomeco,Copiulemu,19.05,23.48,True,73.95275590551181
Sun Mar 24 01:35:08 2024,Copiulemu,Tomeco,17.016666666666666,22.002,True,77.57806072477963
Sun Mar 24 01:35:08 2024,Tomeco,Copiulemu,20.1,23.48,False,70.08955223880596
Sun Mar 24 01:35:08 2024,Copiulemu,Tomeco,16.3,22.002,False,80.98895705521473
