Fecha,From,To,Tiempo (min),Distancia (km),Real Time,Velocidad promedia
Sun Sep 15 23:29:17 2024,Tomeco,Copiulemu,18.0,23.512,True,78.37333333333333
Sun Sep 15 23:29:17 2024,Copiulemu,Tomeco,15.666666666666666,22.002,True,84.26297872340425
Sun Sep 15 23:29:17 2024,Tomeco,Copiulemu,17.966666666666665,23.512,False,78.5187384044527
Sun Sep 15 23:29:17 2024,Copiulemu,Tomeco,15.816666666666666,22.002,False,83.46385669125394
