Fecha,From,To,Tiempo (min),Distancia (km),Real Time,Velocidad promedia
Sun Aug  7 21:31:25 2022,Tomeco,Copiulemu,17.833333333333332,23.39,True,78.69532710280374
Sun Aug  7 21:31:25 2022,Copiulemu,Tomeco,15.45,22.002,True,85.44466019417474
Sun Aug  7 21:31:25 2022,Tomeco,Copiulemu,17.833333333333332,23.39,False,78.69532710280374
Sun Aug  7 21:31:25 2022,Copiulemu,Tomeco,15.283333333333333,22.002,False,86.37644492911667
