Fecha,From,To,Tiempo (min),Distancia (km),Real Time,Velocidad promedia
Sun Mar 24 03:28:06 2024,Tomeco,Copiulemu,18.733333333333334,23.48,True,75.20284697508896
Sun Mar 24 03:28:06 2024,Copiulemu,Tomeco,16.266666666666666,22.002,True,81.1549180327869
Sun Mar 24 03:28:06 2024,Tomeco,Copiulemu,18.733333333333334,23.48,False,75.20284697508896
Sun Mar 24 03:28:06 2024,Copiulemu,Tomeco,16.333333333333332,22.002,False,80.82367346938776
