Fecha,From,To,Tiempo (min),Distancia (km),Real Time,Velocidad promedia
Sun Feb 25 06:28:44 2024,Tomeco,Copiulemu,18.7,23.48,True,75.33689839572193
Sun Feb 25 06:28:44 2024,Copiulemu,Tomeco,16.383333333333333,22.002,True,80.57700915564598
Sun Feb 25 06:28:44 2024,Tomeco,Copiulemu,18.683333333333334,23.48,False,75.40410347903658
Sun Feb 25 06:28:44 2024,Copiulemu,Tomeco,16.383333333333333,22.002,False,80.57700915564598
