Fecha,From,To,Tiempo (min),Distancia (km),Real Time,Velocidad promedia
Sun Feb  4 18:30:20 2024,Tomeco,Copiulemu,17.75,23.48,True,79.36901408450704
Sun Feb  4 18:30:20 2024,Copiulemu,Tomeco,17.0,22.002,True,77.65411764705883
Sun Feb  4 18:30:20 2024,Tomeco,Copiulemu,17.75,23.48,False,79.36901408450704
Sun Feb  4 18:30:20 2024,Copiulemu,Tomeco,15.183333333333334,22.002,False,86.94533479692646
