Fecha,From,To,Tiempo (min),Distancia (km),Real Time,Velocidad promedia
Sun May  5 02:37:12 2024,Tomeco,Copiulemu,18.516666666666666,23.48,True,76.08280828082809
Sun May  5 02:37:12 2024,Copiulemu,Tomeco,16.55,22.002,True,79.76555891238671
Sun May  5 02:37:12 2024,Tomeco,Copiulemu,18.516666666666666,23.48,False,76.08280828082809
Sun May  5 02:37:12 2024,Copiulemu,Tomeco,16.083333333333332,22.002,False,82.08
