Fecha,From,To,Tiempo (min),Distancia (km),Real Time,Velocidad promedia
Sun Oct  1 10:29:19 2023,Tomeco,Copiulemu,17.516666666666666,23.39,True,80.11798287345385
Sun Oct  1 10:29:19 2023,Copiulemu,Tomeco,14.833333333333334,22.002,True,88.99685393258426
Sun Oct  1 10:29:19 2023,Tomeco,Copiulemu,17.516666666666666,23.39,False,80.11798287345385
Sun Oct  1 10:29:19 2023,Copiulemu,Tomeco,15.433333333333334,22.002,False,85.53693304535636
