Fecha,From,To,Tiempo (min),Distancia (km),Real Time,Velocidad promedia
Sun May 12 11:28:15 2024,Tomeco,Copiulemu,18.35,23.48,True,76.77384196185285
Sun May 12 11:28:15 2024,Copiulemu,Tomeco,15.466666666666667,22.002,True,85.35258620689655
Sun May 12 11:28:15 2024,Tomeco,Copiulemu,17.666666666666668,23.48,False,79.74339622641509
Sun May 12 11:28:15 2024,Copiulemu,Tomeco,15.333333333333334,22.002,False,86.09478260869564
