Fecha,From,To,Tiempo (min),Distancia (km),Real Time,Velocidad promedia
Sun Dec 17 09:28:02 2023,Tomeco,Copiulemu,17.616666666666667,23.39,True,79.6631977294229
Sun Dec 17 09:28:02 2023,Copiulemu,Tomeco,14.95,22.002,True,88.30234113712375
Sun Dec 17 09:28:02 2023,Tomeco,Copiulemu,17.616666666666667,23.39,False,79.6631977294229
Sun Dec 17 09:28:02 2023,Copiulemu,Tomeco,14.95,22.002,False,88.30234113712375
