Fecha,From,To,Tiempo (min),Distancia (km),Real Time,Velocidad promedia
Sun Nov 17 21:29:49 2024,Tomeco,Copiulemu,17.9,23.45,True,78.60335195530728
Sun Nov 17 21:29:49 2024,Copiulemu,Tomeco,15.3,21.968,True,86.14901960784313
Sun Nov 17 21:29:49 2024,Tomeco,Copiulemu,17.9,23.45,False,78.60335195530728
Sun Nov 17 21:29:49 2024,Copiulemu,Tomeco,15.15,21.968,False,87.00198019801981
