Fecha,From,To,Tiempo (min),Distancia (km),Real Time,Velocidad promedia
Sun Jul 21 13:28:11 2024,Tomeco,Copiulemu,17.5,23.48,True,80.50285714285714
Sun Jul 21 13:28:11 2024,Copiulemu,Tomeco,15.683333333333334,22.002,True,84.17343251859724
Sun Jul 21 13:28:11 2024,Tomeco,Copiulemu,17.45,23.48,False,80.73352435530086
Sun Jul 21 13:28:11 2024,Copiulemu,Tomeco,15.05,22.002,False,87.71561461794019
