Fecha,From,To,Tiempo (min),Distancia (km),Real Time,Velocidad promedia
Sun Mar 10 13:28:14 2024,Tomeco,Copiulemu,18.0,23.48,True,78.26666666666667
Sun Mar 10 13:28:14 2024,Copiulemu,Tomeco,16.333333333333332,22.002,True,80.82367346938776
Sun Mar 10 13:28:14 2024,Tomeco,Copiulemu,18.016666666666666,23.48,False,78.19426456984274
Sun Mar 10 13:28:14 2024,Copiulemu,Tomeco,16.333333333333332,22.002,False,80.82367346938776
