Fecha,From,To,Tiempo (min),Distancia (km),Real Time,Velocidad promedia
Sun Jan 21 08:30:05 2024,Tomeco,Copiulemu,18.233333333333334,23.48,True,77.26508226691041
Sun Jan 21 08:30:05 2024,Copiulemu,Tomeco,15.733333333333333,22.002,True,83.90593220338984
Sun Jan 21 08:30:05 2024,Tomeco,Copiulemu,18.233333333333334,23.48,False,77.26508226691041
Sun Jan 21 08:30:05 2024,Copiulemu,Tomeco,15.733333333333333,22.002,False,83.90593220338984
