Fecha,From,To,Tiempo (min),Distancia (km),Real Time,Velocidad promedia
Sun Feb 11 06:30:07 2024,Tomeco,Copiulemu,19.25,23.48,True,73.18441558441558
Sun Feb 11 06:30:07 2024,Copiulemu,Tomeco,15.883333333333333,22.002,True,83.11353620146905
Sun Feb 11 06:30:07 2024,Tomeco,Copiulemu,18.45,23.48,False,76.35772357723577
Sun Feb 11 06:30:07 2024,Copiulemu,Tomeco,15.883333333333333,22.002,False,83.11353620146905
