Fecha,From,To,Tiempo (min),Distancia (km),Real Time,Velocidad promedia
Sun Sep 15 02:00:47 2024,Tomeco,Copiulemu,18.716666666666665,23.48,True,75.26981300089048
Sun Sep 15 02:00:47 2024,Copiulemu,Tomeco,15.466666666666667,22.002,True,85.35258620689655
Sun Sep 15 02:00:47 2024,Tomeco,Copiulemu,18.1,23.48,False,77.8342541436464
Sun Sep 15 02:00:47 2024,Copiulemu,Tomeco,15.4,22.002,False,85.72207792207791
