Fecha,From,To,Tiempo (min),Distancia (km),Real Time,Velocidad promedia
Sun Feb 18 16:31:42 2024,Tomeco,Copiulemu,18.366666666666667,23.48,True,76.70417422867514
Sun Feb 18 16:31:42 2024,Copiulemu,Tomeco,16.566666666666666,22.002,True,79.68531187122737
Sun Feb 18 16:31:42 2024,Tomeco,Copiulemu,17.733333333333334,23.48,False,79.44360902255639
Sun Feb 18 16:31:42 2024,Copiulemu,Tomeco,15.383333333333333,22.002,False,85.81495124593715
