Fecha,From,To,Tiempo (min),Distancia (km),Real Time,Velocidad promedia
Sun Dec 31 21:28:14 2023,Tomeco,Copiulemu,17.616666666666667,23.39,True,79.6631977294229
Sun Dec 31 21:28:14 2023,Copiulemu,Tomeco,15.233333333333333,21.461,True,84.52910284463894
Sun Dec 31 21:28:14 2023,Tomeco,Copiulemu,17.616666666666667,23.39,False,79.6631977294229
Sun Dec 31 21:28:14 2023,Copiulemu,Tomeco,15.15,21.461,False,84.99405940594059
