Fecha,From,To,Tiempo (min),Distancia (km),Real Time,Velocidad promedia
Sun Sep 25 19:31:11 2022,Tomeco,Copiulemu,17.633333333333333,23.39,True,79.58790170132326
Sun Sep 25 19:31:11 2022,Copiulemu,Tomeco,14.866666666666667,22.002,True,88.79730941704035
Sun Sep 25 19:31:11 2022,Tomeco,Copiulemu,17.483333333333334,23.39,False,80.27073403241181
Sun Sep 25 19:31:11 2022,Copiulemu,Tomeco,14.783333333333333,22.002,False,89.2978579481398
