Fecha,From,To,Tiempo (min),Distancia (km),Real Time,Velocidad promedia
Sun Jul 10 16:47:50 2022,Tomeco,Copiulemu,16.95,23.39,True,82.79646017699116
Sun Jul 10 16:47:50 2022,Copiulemu,Tomeco,15.416666666666666,21.461,True,83.52389189189189
Sun Jul 10 16:47:50 2022,Tomeco,Copiulemu,16.933333333333334,23.39,False,82.87795275590551
Sun Jul 10 16:47:50 2022,Copiulemu,Tomeco,15.45,21.461,False,83.34368932038834
