Fecha,From,To,Tiempo (min),Distancia (km),Real Time,Velocidad promedia
Sun Sep  1 08:33:24 2024,Tomeco,Copiulemu,18.3,23.48,True,76.98360655737706
Sun Sep  1 08:33:24 2024,Copiulemu,Tomeco,15.216666666666667,22.002,True,86.75487404162102
Sun Sep  1 08:33:24 2024,Tomeco,Copiulemu,18.283333333333335,23.48,False,77.05378304466727
Sun Sep  1 08:33:24 2024,Copiulemu,Tomeco,15.616666666666667,22.002,False,84.53276414087513
