Fecha,From,To,Tiempo (min),Distancia (km),Real Time,Velocidad promedia
Sun Sep 25 08:44:41 2022,Tomeco,Copiulemu,18.016666666666666,23.39,True,77.89454209065681
Sun Sep 25 08:44:41 2022,Copiulemu,Tomeco,15.316666666666666,22.002,True,86.18846572361262
Sun Sep 25 08:44:41 2022,Tomeco,Copiulemu,17.966666666666665,23.39,False,78.11131725417441
Sun Sep 25 08:44:41 2022,Copiulemu,Tomeco,15.316666666666666,22.002,False,86.18846572361262
