Fecha,From,To,Tiempo (min),Distancia (km),Real Time,Velocidad promedia
Sun Feb  4 19:28:07 2024,Tomeco,Copiulemu,17.666666666666668,23.48,True,79.74339622641509
Sun Feb  4 19:28:07 2024,Copiulemu,Tomeco,15.3,22.002,True,86.28235294117647
Sun Feb  4 19:28:07 2024,Tomeco,Copiulemu,17.666666666666668,23.48,False,79.74339622641509
Sun Feb  4 19:28:07 2024,Copiulemu,Tomeco,15.25,22.002,False,86.56524590163934
