Fecha,From,To,Tiempo (min),Distancia (km),Real Time,Velocidad promedia
Sun May 22 10:38:26 2022,Tomeco,Copiulemu,17.583333333333332,23.39,True,79.81421800947868
Sun May 22 10:38:26 2022,Copiulemu,Tomeco,15.483333333333333,22.002,True,85.26071044133477
Sun May 22 10:38:26 2022,Tomeco,Copiulemu,18.883333333333333,23.39,False,74.31950573698147
Sun May 22 10:38:26 2022,Copiulemu,Tomeco,15.483333333333333,22.002,False,85.26071044133477
