Fecha,From,To,Tiempo (min),Distancia (km),Real Time,Velocidad promedia
Sun Sep  1 12:50:38 2024,Tomeco,Copiulemu,17.566666666666666,23.512,True,80.30664136622391
Sun Sep  1 12:50:38 2024,Copiulemu,Tomeco,15.433333333333334,22.002,True,85.53693304535636
Sun Sep  1 12:50:38 2024,Tomeco,Copiulemu,17.566666666666666,23.512,False,80.30664136622391
Sun Sep  1 12:50:38 2024,Copiulemu,Tomeco,15.333333333333334,22.002,False,86.09478260869564
