Fecha,From,To,Tiempo (min),Distancia (km),Real Time,Velocidad promedia
Sun Jan 28 22:28:00 2024,Tomeco,Copiulemu,18.466666666666665,23.48,True,76.28880866425993
Sun Jan 28 22:28:00 2024,Copiulemu,Tomeco,17.433333333333334,21.581,True,74.27495219885277
Sun Jan 28 22:28:00 2024,Tomeco,Copiulemu,18.116666666666667,23.48,False,77.76264949402024
Sun Jan 28 22:28:00 2024,Copiulemu,Tomeco,16.433333333333334,21.581,False,78.7947261663286
