Fecha,From,To,Tiempo (min),Distancia (km),Real Time,Velocidad promedia
Sun Sep 17 14:28:12 2023,Tomeco,Copiulemu,17.066666666666666,23.39,True,82.23046875
Sun Sep 17 14:28:12 2023,Copiulemu,Tomeco,15.25,22.002,True,86.56524590163934
Sun Sep 17 14:28:12 2023,Tomeco,Copiulemu,17.033333333333335,23.39,False,82.39138943248531
Sun Sep 17 14:28:12 2023,Copiulemu,Tomeco,15.25,22.002,False,86.56524590163934
