Fecha,From,To,Tiempo (min),Distancia (km),Real Time,Velocidad promedia
Sun Jun 26 12:54:07 2022,Tomeco,Copiulemu,16.633333333333333,23.39,True,84.37274549098197
Sun Jun 26 12:54:07 2022,Copiulemu,Tomeco,15.0,22.002,True,88.008
Sun Jun 26 12:54:07 2022,Tomeco,Copiulemu,16.633333333333333,23.39,False,84.37274549098197
Sun Jun 26 12:54:07 2022,Copiulemu,Tomeco,15.016666666666667,22.002,False,87.91032186459489
