Fecha,From,To,Tiempo (min),Distancia (km),Real Time,Velocidad promedia
Sun Sep 25 07:36:35 2022,Tomeco,Copiulemu,17.733333333333334,23.39,True,79.1390977443609
Sun Sep 25 07:36:35 2022,Copiulemu,Tomeco,15.233333333333333,22.002,True,86.65995623632385
Sun Sep 25 07:36:35 2022,Tomeco,Copiulemu,17.733333333333334,23.39,False,79.1390977443609
Sun Sep 25 07:36:35 2022,Copiulemu,Tomeco,15.233333333333333,22.002,False,86.65995623632385
