Fecha,From,To,Tiempo (min),Distancia (km),Real Time,Velocidad promedia
Sun Dec  8 03:14:54 2024,Tomeco,Copiulemu,18.45,23.45,True,76.26016260162602
Sun Dec  8 03:14:54 2024,Copiulemu,Tomeco,15.65,21.968,True,84.22236421725239
Sun Dec  8 03:14:54 2024,Tomeco,Copiulemu,18.216666666666665,23.45,False,77.23696248856359
Sun Dec  8 03:14:54 2024,Copiulemu,Tomeco,15.633333333333333,21.968,False,84.31215351812367
