Fecha,From,To,Tiempo (min),Distancia (km),Real Time,Velocidad promedia
Sun Apr 10 20:33:14 2022,Tomeco,Copiulemu,18.266666666666666,23.39,True,76.82846715328468
Sun Apr 10 20:33:14 2022,Copiulemu,Tomeco,15.333333333333334,22.002,True,86.09478260869564
Sun Apr 10 20:33:14 2022,Tomeco,Copiulemu,21.183333333333334,23.39,False,66.25019669551534
Sun Apr 10 20:33:14 2022,Copiulemu,Tomeco,16.583333333333332,22.002,False,79.60522613065328
