Fecha,From,To,Tiempo (min),Distancia (km),Real Time,Velocidad promedia
Sun Nov 26 03:28:07 2023,Tomeco,Copiulemu,18.266666666666666,23.39,True,76.82846715328468
Sun Nov 26 03:28:07 2023,Copiulemu,Tomeco,15.466666666666667,22.002,True,85.35258620689655
Sun Nov 26 03:28:07 2023,Tomeco,Copiulemu,17.566666666666666,23.39,False,79.88994307400381
Sun Nov 26 03:28:07 2023,Copiulemu,Tomeco,15.266666666666667,22.002,False,86.47074235807858
