Fecha,From,To,Tiempo (min),Distancia (km),Real Time,Velocidad promedia
Sun Feb 25 22:28:38 2024,Tomeco,Copiulemu,19.45,23.48,True,72.4318766066838
Sun Feb 25 22:28:38 2024,Copiulemu,Tomeco,22.6,22.002,True,58.41238938053097
Sun Feb 25 22:28:38 2024,Tomeco,Copiulemu,19.416666666666668,23.48,False,72.55622317596567
Sun Feb 25 22:28:38 2024,Copiulemu,Tomeco,18.983333333333334,22.002,False,69.54100087796313
