Fecha,From,To,Tiempo (min),Distancia (km),Real Time,Velocidad promedia
Sun Sep 25 17:40:59 2022,Tomeco,Copiulemu,18.066666666666666,23.39,True,77.6789667896679
Sun Sep 25 17:40:59 2022,Copiulemu,Tomeco,15.533333333333333,22.002,True,84.9862660944206
Sun Sep 25 17:40:59 2022,Tomeco,Copiulemu,17.216666666666665,23.39,False,81.51403678606003
Sun Sep 25 17:40:59 2022,Copiulemu,Tomeco,15.25,22.002,False,86.56524590163934
