Fecha,From,To,Tiempo (min),Distancia (km),Real Time,Velocidad promedia
Sun Dec 31 15:28:05 2023,Tomeco,Copiulemu,17.666666666666668,23.39,True,79.43773584905661
Sun Dec 31 15:28:05 2023,Copiulemu,Tomeco,16.116666666666667,22.002,True,81.91023784901756
Sun Dec 31 15:28:05 2023,Tomeco,Copiulemu,17.483333333333334,23.39,False,80.27073403241181
Sun Dec 31 15:28:05 2023,Copiulemu,Tomeco,16.033333333333335,22.002,False,82.33596673596672
