Fecha,From,To,Tiempo (min),Distancia (km),Real Time,Velocidad promedia
Sun Jun  9 04:31:34 2024,Tomeco,Copiulemu,18.333333333333332,23.48,True,76.84363636363638
Sun Jun  9 04:31:34 2024,Copiulemu,Tomeco,16.066666666666666,22.002,True,82.16514522821576
Sun Jun  9 04:31:34 2024,Tomeco,Copiulemu,18.25,23.48,False,77.19452054794522
Sun Jun  9 04:31:34 2024,Copiulemu,Tomeco,15.6,22.002,False,84.62307692307692
