Fecha,From,To,Tiempo (min),Distancia (km),Real Time,Velocidad promedia
Sun Nov 17 03:44:20 2024,Tomeco,Copiulemu,18.583333333333332,23.45,True,75.71300448430495
Sun Nov 17 03:44:20 2024,Copiulemu,Tomeco,15.266666666666667,21.968,True,86.33711790393012
Sun Nov 17 03:44:20 2024,Tomeco,Copiulemu,18.183333333333334,23.45,False,77.37855178735104
Sun Nov 17 03:44:20 2024,Copiulemu,Tomeco,15.266666666666667,21.968,False,86.33711790393012
