Fecha,From,To,Tiempo (min),Distancia (km),Real Time,Velocidad promedia
Sun May 12 18:31:47 2024,Tomeco,Copiulemu,17.633333333333333,23.48,True,79.89413988657846
Sun May 12 18:31:47 2024,Copiulemu,Tomeco,14.666666666666666,22.002,True,90.00818181818181
Sun May 12 18:31:47 2024,Tomeco,Copiulemu,17.633333333333333,23.48,False,79.89413988657846
Sun May 12 18:31:47 2024,Copiulemu,Tomeco,14.666666666666666,22.002,False,90.00818181818181
