Fecha,From,To,Tiempo (min),Distancia (km),Real Time,Velocidad promedia
Sun Nov  3 08:34:09 2024,Tomeco,Copiulemu,18.05,23.45,True,77.95013850415512
Sun Nov  3 08:34:09 2024,Copiulemu,Tomeco,15.283333333333333,21.968,True,86.24296619411123
Sun Nov  3 08:34:09 2024,Tomeco,Copiulemu,18.05,23.45,False,77.95013850415512
Sun Nov  3 08:34:09 2024,Copiulemu,Tomeco,15.283333333333333,21.968,False,86.24296619411123
