Fecha,From,To,Tiempo (min),Distancia (km),Real Time,Velocidad promedia
Sun Aug  4 18:33:29 2024,Tomeco,Copiulemu,17.016666666666666,23.48,True,82.78942213516162
Sun Aug  4 18:33:29 2024,Copiulemu,Tomeco,15.516666666666667,22.002,True,85.07755102040815
Sun Aug  4 18:33:29 2024,Tomeco,Copiulemu,17.0,23.48,False,82.87058823529412
Sun Aug  4 18:33:29 2024,Copiulemu,Tomeco,15.333333333333334,22.002,False,86.09478260869564
