Fecha,From,To,Tiempo (min),Distancia (km),Real Time,Velocidad promedia
Sun May  5 17:27:58 2024,Tomeco,Copiulemu,17.5,23.48,True,80.50285714285714
Sun May  5 17:27:58 2024,Copiulemu,Tomeco,14.983333333333333,22.002,True,88.1058954393771
Sun May  5 17:27:58 2024,Tomeco,Copiulemu,17.5,23.48,False,80.50285714285714
Sun May  5 17:27:58 2024,Copiulemu,Tomeco,14.966666666666667,22.002,False,88.20400890868596
