Fecha,From,To,Tiempo (min),Distancia (km),Real Time,Velocidad promedia
Sun Oct 29 07:28:06 2023,Tomeco,Copiulemu,18.033333333333335,23.39,True,77.82255083179297
Sun Oct 29 07:28:06 2023,Copiulemu,Tomeco,15.416666666666666,22.002,True,85.62940540540541
Sun Oct 29 07:28:06 2023,Tomeco,Copiulemu,18.033333333333335,23.39,False,77.82255083179297
Sun Oct 29 07:28:06 2023,Copiulemu,Tomeco,15.416666666666666,22.002,False,85.62940540540541
