Fecha,From,To,Tiempo (min),Distancia (km),Real Time,Velocidad promedia
Sun Apr 21 15:28:01 2024,Tomeco,Copiulemu,18.533333333333335,23.48,True,76.01438848920863
Sun Apr 21 15:28:01 2024,Copiulemu,Tomeco,16.283333333333335,22.002,True,81.0718526100307
Sun Apr 21 15:28:01 2024,Tomeco,Copiulemu,18.35,23.48,False,76.77384196185285
Sun Apr 21 15:28:01 2024,Copiulemu,Tomeco,16.266666666666666,22.002,False,81.1549180327869
