Fecha,From,To,Tiempo (min),Distancia (km),Real Time,Velocidad promedia
Sun Apr 21 19:28:04 2024,Tomeco,Copiulemu,18.416666666666668,23.48,True,76.49592760180995
Sun Apr 21 19:28:04 2024,Copiulemu,Tomeco,15.25,22.002,True,86.56524590163934
Sun Apr 21 19:28:04 2024,Tomeco,Copiulemu,19.0,23.48,False,74.14736842105263
Sun Apr 21 19:28:04 2024,Copiulemu,Tomeco,15.083333333333334,22.002,False,87.5217679558011
