Fecha,From,To,Tiempo (min),Distancia (km),Real Time,Velocidad promedia
Sun May 26 10:33:56 2024,Tomeco,Copiulemu,18.15,23.48,True,77.6198347107438
Sun May 26 10:33:56 2024,Copiulemu,Tomeco,15.95,22.002,True,82.76614420062697
Sun May 26 10:33:56 2024,Tomeco,Copiulemu,18.15,23.48,False,77.6198347107438
Sun May 26 10:33:56 2024,Copiulemu,Tomeco,15.95,22.002,False,82.76614420062697
