Fecha,From,To,Tiempo (min),Distancia (km),Real Time,Velocidad promedia
Sun Sep 17 15:28:19 2023,Tomeco,Copiulemu,17.1,23.39,True,82.07017543859648
Sun Sep 17 15:28:19 2023,Copiulemu,Tomeco,16.633333333333333,22.002,True,79.36593186372745
Sun Sep 17 15:28:19 2023,Tomeco,Copiulemu,17.1,23.39,False,82.07017543859648
Sun Sep 17 15:28:19 2023,Copiulemu,Tomeco,15.4,22.002,False,85.72207792207791
