Fecha,From,To,Tiempo (min),Distancia (km),Real Time,Velocidad promedia
Sun Oct  1 07:28:05 2023,Tomeco,Copiulemu,18.15,23.39,True,77.32231404958678
Sun Oct  1 07:28:05 2023,Copiulemu,Tomeco,15.516666666666667,22.002,True,85.07755102040815
Sun Oct  1 07:28:05 2023,Tomeco,Copiulemu,18.15,23.39,False,77.32231404958678
Sun Oct  1 07:28:05 2023,Copiulemu,Tomeco,15.516666666666667,22.002,False,85.07755102040815
