Fecha,From,To,Tiempo (min),Distancia (km),Real Time,Velocidad promedia
Sun Aug 25 14:29:39 2024,Tomeco,Copiulemu,17.216666666666665,23.48,True,81.82768635043564
Sun Aug 25 14:29:39 2024,Copiulemu,Tomeco,15.583333333333334,22.002,True,84.71358288770053
Sun Aug 25 14:29:39 2024,Tomeco,Copiulemu,17.116666666666667,23.48,False,82.30574488802337
Sun Aug 25 14:29:39 2024,Copiulemu,Tomeco,15.583333333333334,22.002,False,84.71358288770053
