Fecha,From,To,Tiempo (min),Distancia (km),Real Time,Velocidad promedia
Sun Dec  8 23:31:27 2024,Tomeco,Copiulemu,21.733333333333334,23.45,True,64.73926380368098
Sun Dec  8 23:31:27 2024,Copiulemu,Tomeco,15.666666666666666,21.968,True,84.13276595744681
Sun Dec  8 23:31:27 2024,Tomeco,Copiulemu,17.933333333333334,23.45,False,78.45724907063197
Sun Dec  8 23:31:27 2024,Copiulemu,Tomeco,15.633333333333333,21.968,False,84.31215351812367
