Fecha,From,To,Tiempo (min),Distancia (km),Real Time,Velocidad promedia
Sun Mar 10 07:28:09 2024,Tomeco,Copiulemu,18.583333333333332,23.48,True,75.80986547085203
Sun Mar 10 07:28:09 2024,Copiulemu,Tomeco,16.533333333333335,22.002,True,79.84596774193547
Sun Mar 10 07:28:09 2024,Tomeco,Copiulemu,18.583333333333332,23.48,False,75.80986547085203
Sun Mar 10 07:28:09 2024,Copiulemu,Tomeco,16.533333333333335,22.002,False,79.84596774193547
