Fecha,From,To,Tiempo (min),Distancia (km),Real Time,Velocidad promedia
Sun Dec 24 21:28:10 2023,Tomeco,Copiulemu,18.016666666666666,23.39,True,77.89454209065681
Sun Dec 24 21:28:10 2023,Copiulemu,Tomeco,15.466666666666667,22.002,True,85.35258620689655
Sun Dec 24 21:28:10 2023,Tomeco,Copiulemu,17.9,23.39,False,78.40223463687153
Sun Dec 24 21:28:10 2023,Copiulemu,Tomeco,15.033333333333333,22.002,False,87.81286031042129
