Fecha,From,To,Tiempo (min),Distancia (km),Real Time,Velocidad promedia
Sun Nov  3 02:06:33 2024,Tomeco,Copiulemu,18.75,23.45,True,75.03999999999999
Sun Nov  3 02:06:33 2024,Copiulemu,Tomeco,16.316666666666666,21.968,True,80.7812053115424
Sun Nov  3 02:06:33 2024,Tomeco,Copiulemu,18.133333333333333,23.45,False,77.59191176470588
Sun Nov  3 02:06:33 2024,Copiulemu,Tomeco,15.783333333333333,21.968,False,83.51087645195354
