Fecha,From,To,Tiempo (min),Distancia (km),Real Time,Velocidad promedia
Sun Aug 25 06:36:11 2024,Tomeco,Copiulemu,17.9,23.48,True,78.70391061452516
Sun Aug 25 06:36:11 2024,Copiulemu,Tomeco,15.966666666666667,22.002,True,82.67974947807932
Sun Aug 25 06:36:11 2024,Tomeco,Copiulemu,17.9,23.48,False,78.70391061452516
Sun Aug 25 06:36:11 2024,Copiulemu,Tomeco,15.966666666666667,22.002,False,82.67974947807932
