Fecha,From,To,Tiempo (min),Distancia (km),Real Time,Velocidad promedia
Sun Sep 10 23:28:17 2023,Tomeco,Copiulemu,17.983333333333334,23.39,True,78.03892493049119
Sun Sep 10 23:28:17 2023,Copiulemu,Tomeco,15.833333333333334,22.002,True,83.37599999999999
Sun Sep 10 23:28:17 2023,Tomeco,Copiulemu,17.833333333333332,23.39,False,78.69532710280374
Sun Sep 10 23:28:17 2023,Copiulemu,Tomeco,15.816666666666666,22.002,False,83.46385669125394
