Fecha,From,To,Tiempo (min),Distancia (km),Real Time,Velocidad promedia
Sun Jun 26 14:30:14 2022,Tomeco,Copiulemu,17.183333333333334,23.39,True,81.6721629485936
Sun Jun 26 14:30:14 2022,Copiulemu,Tomeco,15.116666666666667,22.002,True,87.328776185226
Sun Jun 26 14:30:14 2022,Tomeco,Copiulemu,16.883333333333333,23.39,False,83.12339585389932
Sun Jun 26 14:30:14 2022,Copiulemu,Tomeco,14.95,22.002,False,88.30234113712375
