Fecha,From,To,Tiempo (min),Distancia (km),Real Time,Velocidad promedia
Sun Dec 17 21:28:07 2023,Tomeco,Copiulemu,17.683333333333334,23.39,True,79.36286522148916
Sun Dec 17 21:28:07 2023,Copiulemu,Tomeco,15.266666666666667,22.002,True,86.47074235807858
Sun Dec 17 21:28:07 2023,Tomeco,Copiulemu,17.683333333333334,23.39,False,79.36286522148916
Sun Dec 17 21:28:07 2023,Copiulemu,Tomeco,14.866666666666667,22.002,False,88.79730941704035
