Fecha,From,To,Tiempo (min),Distancia (km),Real Time,Velocidad promedia
Sun Jul 24 17:36:38 2022,Tomeco,Copiulemu,17.05,23.39,True,82.3108504398827
Sun Jul 24 17:36:38 2022,Copiulemu,Tomeco,15.216666666666667,22.002,True,86.75487404162102
Sun Jul 24 17:36:38 2022,Tomeco,Copiulemu,16.766666666666666,23.39,False,83.70178926441352
Sun Jul 24 17:36:38 2022,Copiulemu,Tomeco,14.85,22.002,False,88.89696969696969
