Fecha,From,To,Tiempo (min),Distancia (km),Real Time,Velocidad promedia
Sun Apr 17 03:08:35 2022,Tomeco,Copiulemu,18.366666666666667,23.39,True,76.41016333938295
Sun Apr 17 03:08:35 2022,Copiulemu,Tomeco,15.666666666666666,22.002,True,84.26297872340425
Sun Apr 17 03:08:35 2022,Tomeco,Copiulemu,18.366666666666667,23.39,False,76.41016333938295
Sun Apr 17 03:08:35 2022,Copiulemu,Tomeco,15.016666666666667,22.002,False,87.91032186459489
