Fecha,From,To,Tiempo (min),Distancia (km),Real Time,Velocidad promedia
Sun Jul  7 21:28:02 2024,Tomeco,Copiulemu,18.35,23.48,True,76.77384196185285
Sun Jul  7 21:28:02 2024,Copiulemu,Tomeco,15.783333333333333,22.002,True,83.64012671594509
Sun Jul  7 21:28:02 2024,Tomeco,Copiulemu,18.2,23.48,False,77.4065934065934
Sun Jul  7 21:28:02 2024,Copiulemu,Tomeco,15.2,22.002,False,86.85000000000001
