Fecha,From,To,Tiempo (min),Distancia (km),Real Time,Velocidad promedia
Sun Jul 28 18:34:33 2024,Tomeco,Copiulemu,17.2,23.48,True,81.90697674418604
Sun Jul 28 18:34:33 2024,Copiulemu,Tomeco,15.45,22.002,True,85.44466019417474
Sun Jul 28 18:34:33 2024,Tomeco,Copiulemu,16.933333333333334,23.48,False,83.1968503937008
Sun Jul 28 18:34:33 2024,Copiulemu,Tomeco,15.383333333333333,22.002,False,85.81495124593715
