Fecha,From,To,Tiempo (min),Distancia (km),Real Time,Velocidad promedia
Sun Sep 22 10:34:49 2024,Tomeco,Copiulemu,17.533333333333335,23.512,True,80.4593155893536
Sun Sep 22 10:34:49 2024,Copiulemu,Tomeco,16.133333333333333,22.002,True,81.82561983471074
Sun Sep 22 10:34:49 2024,Tomeco,Copiulemu,17.533333333333335,23.512,False,80.4593155893536
Sun Sep 22 10:34:49 2024,Copiulemu,Tomeco,15.616666666666667,22.002,False,84.53276414087513
