Fecha,From,To,Tiempo (min),Distancia (km),Real Time,Velocidad promedia
Thu Nov 30 18:31:28 2023,Tomeco,Copiulemu,17.266666666666666,23.39,True,81.27799227799228
Thu Nov 30 18:31:28 2023,Copiulemu,Tomeco,15.033333333333333,22.002,True,87.81286031042129
Thu Nov 30 18:31:28 2023,Tomeco,Copiulemu,17.116666666666667,23.39,False,81.9902629016553
Thu Nov 30 18:31:28 2023,Copiulemu,Tomeco,14.916666666666666,22.002,False,88.49966480446928
