Fecha,From,To,Tiempo (min),Distancia (km),Real Time,Velocidad promedia
Thu Aug 15 13:29:53 2024,Tomeco,Copiulemu,17.633333333333333,23.48,True,79.89413988657846
Thu Aug 15 13:29:53 2024,Copiulemu,Tomeco,15.983333333333333,22.002,True,82.59353493222106
Thu Aug 15 13:29:53 2024,Tomeco,Copiulemu,17.616666666666667,23.48,False,79.96972563859981
Thu Aug 15 13:29:53 2024,Copiulemu,Tomeco,15.366666666666667,22.002,False,85.90802603036876
