Fecha,From,To,Tiempo (min),Distancia (km),Real Time,Velocidad promedia
Thu Dec  5 03:12:39 2024,Tomeco,Copiulemu,18.366666666666667,23.45,True,76.60617059891106
Thu Dec  5 03:12:39 2024,Copiulemu,Tomeco,15.85,21.968,True,83.1596214511041
Thu Dec  5 03:12:39 2024,Tomeco,Copiulemu,18.283333333333335,23.45,False,76.9553327256153
Thu Dec  5 03:12:39 2024,Copiulemu,Tomeco,15.85,21.968,False,83.1596214511041
