Fecha,From,To,Tiempo (min),Distancia (km),Real Time,Velocidad promedia
Thu Mar 17 19:28:07 2022,Tomeco,Copiulemu,18.533333333333335,23.39,True,75.72302158273381
Thu Mar 17 19:28:07 2022,Copiulemu,Tomeco,15.316666666666666,22.002,True,86.18846572361262
Thu Mar 17 19:28:07 2022,Tomeco,Copiulemu,18.9,23.39,False,74.25396825396825
Thu Mar 17 19:28:07 2022,Copiulemu,Tomeco,16.833333333333332,22.002,False,78.42297029702969
