Fecha,From,To,Tiempo (min),Distancia (km),Real Time,Velocidad promedia
Thu May 26 04:02:10 2022,Tomeco,Copiulemu,17.216666666666665,23.39,True,81.51403678606003
Thu May 26 04:02:10 2022,Copiulemu,Tomeco,16.183333333333334,22.002,True,81.5728115345005
Thu May 26 04:02:10 2022,Tomeco,Copiulemu,17.216666666666665,23.39,False,81.51403678606003
Thu May 26 04:02:10 2022,Copiulemu,Tomeco,15.533333333333333,22.002,False,84.9862660944206
