Fecha,From,To,Tiempo (min),Distancia (km),Real Time,Velocidad promedia
Thu Oct  6 21:39:48 2022,Tomeco,Copiulemu,16.616666666666667,23.39,True,84.45737211634905
Thu Oct  6 21:39:48 2022,Copiulemu,Tomeco,15.716666666666667,22.002,True,83.99490986214211
Thu Oct  6 21:39:48 2022,Tomeco,Copiulemu,17.333333333333332,23.39,False,80.96538461538462
Thu Oct  6 21:39:48 2022,Copiulemu,Tomeco,15.233333333333333,22.002,False,86.65995623632385
