Fecha,From,To,Tiempo (min),Distancia (km),Real Time,Velocidad promedia
Thu Aug 18 17:49:32 2022,Tomeco,Copiulemu,16.983333333333334,23.39,True,82.63395485770363
Thu Aug 18 17:49:32 2022,Copiulemu,Tomeco,15.0,22.002,True,88.008
Thu Aug 18 17:49:32 2022,Tomeco,Copiulemu,16.983333333333334,23.39,False,82.63395485770363
Thu Aug 18 17:49:32 2022,Copiulemu,Tomeco,15.0,22.002,False,88.008
