Fecha,From,To,Tiempo (min),Distancia (km),Real Time,Velocidad promedia
Thu Aug 25 20:36:52 2022,Tomeco,Copiulemu,17.0,23.39,True,82.5529411764706
Thu Aug 25 20:36:52 2022,Copiulemu,Tomeco,15.033333333333333,21.461,True,85.65365853658537
Thu Aug 25 20:36:52 2022,Tomeco,Copiulemu,17.016666666666666,23.39,False,82.4720861900098
Thu Aug 25 20:36:52 2022,Copiulemu,Tomeco,15.033333333333333,21.461,False,85.65365853658537
