Fecha,From,To,Tiempo (min),Distancia (km),Real Time,Velocidad promedia
Thu Jul 18 21:28:03 2024,Tomeco,Copiulemu,18.45,23.48,True,76.35772357723577
Thu Jul 18 21:28:03 2024,Copiulemu,Tomeco,15.666666666666666,22.002,True,84.26297872340425
Thu Jul 18 21:28:03 2024,Tomeco,Copiulemu,18.433333333333334,23.48,False,76.42676311030742
Thu Jul 18 21:28:03 2024,Copiulemu,Tomeco,15.466666666666667,22.002,False,85.35258620689655
