Fecha,From,To,Tiempo (min),Distancia (km),Real Time,Velocidad promedia
Thu Sep 26 04:38:21 2024,Tomeco,Copiulemu,18.35,23.48,True,76.77384196185285
Thu Sep 26 04:38:21 2024,Copiulemu,Tomeco,15.883333333333333,22.002,True,83.11353620146905
Thu Sep 26 04:38:21 2024,Tomeco,Copiulemu,18.35,23.48,False,76.77384196185285
Thu Sep 26 04:38:21 2024,Copiulemu,Tomeco,15.9,22.002,False,83.02641509433961
