Fecha,From,To,Tiempo (min),Distancia (km),Real Time,Velocidad promedia
Thu Mar 28 19:28:22 2024,Tomeco,Copiulemu,17.8,23.48,True,79.14606741573033
Thu Mar 28 19:28:22 2024,Copiulemu,Tomeco,15.466666666666667,22.002,True,85.35258620689655
Thu Mar 28 19:28:22 2024,Tomeco,Copiulemu,17.8,23.48,False,79.14606741573033
Thu Mar 28 19:28:22 2024,Copiulemu,Tomeco,15.316666666666666,22.002,False,86.18846572361262
