Fecha,From,To,Tiempo (min),Distancia (km),Real Time,Velocidad promedia
Thu Oct 26 03:28:04 2023,Tomeco,Copiulemu,19.95,23.649,True,71.1248120300752
Thu Oct 26 03:28:04 2023,Copiulemu,Tomeco,15.033333333333333,22.002,True,87.81286031042129
Thu Oct 26 03:28:04 2023,Tomeco,Copiulemu,18.283333333333335,23.649,False,77.60838650865999
Thu Oct 26 03:28:04 2023,Copiulemu,Tomeco,15.033333333333333,22.002,False,87.81286031042129
