Fecha,From,To,Tiempo (min),Distancia (km),Real Time,Velocidad promedia
Thu May 26 05:38:12 2022,Tomeco,Copiulemu,17.316666666666666,23.39,True,81.04331087584217
Thu May 26 05:38:12 2022,Copiulemu,Tomeco,15.433333333333334,22.002,True,85.53693304535636
Thu May 26 05:38:12 2022,Tomeco,Copiulemu,17.316666666666666,23.39,False,81.04331087584217
Thu May 26 05:38:12 2022,Copiulemu,Tomeco,15.433333333333334,22.002,False,85.53693304535636
