Fecha,From,To,Tiempo (min),Distancia (km),Real Time,Velocidad promedia
Thu Apr 18 19:28:17 2024,Tomeco,Copiulemu,17.983333333333334,23.48,True,78.33920296570899
Thu Apr 18 19:28:17 2024,Copiulemu,Tomeco,15.45,22.002,True,85.44466019417474
Thu Apr 18 19:28:17 2024,Tomeco,Copiulemu,17.816666666666666,23.48,False,79.07202993451824
Thu Apr 18 19:28:17 2024,Copiulemu,Tomeco,15.283333333333333,22.002,False,86.37644492911667
