Fecha,From,To,Tiempo (min),Distancia (km),Real Time,Velocidad promedia
Thu Jan  4 19:28:16 2024,Tomeco,Copiulemu,20.333333333333332,23.48,True,69.28524590163936
Thu Jan  4 19:28:16 2024,Copiulemu,Tomeco,15.483333333333333,22.002,True,85.26071044133477
Thu Jan  4 19:28:16 2024,Tomeco,Copiulemu,17.933333333333334,23.48,False,78.55762081784387
Thu Jan  4 19:28:16 2024,Copiulemu,Tomeco,14.883333333333333,22.002,False,88.69787234042553
