Fecha,From,To,Tiempo (min),Distancia (km),Real Time,Velocidad promedia
Thu May  9 15:29:00 2024,Tomeco,Copiulemu,18.016666666666666,23.48,True,78.19426456984274
Thu May  9 15:29:00 2024,Copiulemu,Tomeco,15.416666666666666,22.002,True,85.62940540540541
Thu May  9 15:29:00 2024,Tomeco,Copiulemu,17.916666666666668,23.48,False,78.63069767441861
Thu May  9 15:29:00 2024,Copiulemu,Tomeco,15.416666666666666,22.002,False,85.62940540540541
