Fecha,From,To,Tiempo (min),Distancia (km),Real Time,Velocidad promedia
Thu Sep 12 21:28:54 2024,Tomeco,Copiulemu,18.383333333333333,23.712,True,77.39184043517679
Thu Sep 12 21:28:54 2024,Copiulemu,Tomeco,15.783333333333333,22.002,True,83.64012671594509
Thu Sep 12 21:28:54 2024,Tomeco,Copiulemu,18.383333333333333,23.712,False,77.39184043517679
Thu Sep 12 21:28:54 2024,Copiulemu,Tomeco,15.783333333333333,22.002,False,83.64012671594509
