Fecha,From,To,Tiempo (min),Distancia (km),Real Time,Velocidad promedia
Thu Nov 16 13:33:19 2023,Tomeco,Copiulemu,17.633333333333333,23.39,True,79.58790170132326
Thu Nov 16 13:33:19 2023,Copiulemu,Tomeco,15.2,22.002,True,86.85000000000001
Thu Nov 16 13:33:19 2023,Tomeco,Copiulemu,16.95,23.39,False,82.79646017699116
Thu Nov 16 13:33:19 2023,Copiulemu,Tomeco,15.166666666666666,22.002,False,87.04087912087913
