Fecha,From,To,Tiempo (min),Distancia (km),Real Time,Velocidad promedia
Thu Oct 12 20:28:10 2023,Tomeco,Copiulemu,17.7,23.39,True,79.28813559322035
Thu Oct 12 20:28:10 2023,Copiulemu,Tomeco,14.966666666666667,22.002,True,88.20400890868596
Thu Oct 12 20:28:10 2023,Tomeco,Copiulemu,17.7,23.39,False,79.28813559322035
Thu Oct 12 20:28:10 2023,Copiulemu,Tomeco,15.45,22.002,False,85.44466019417474
