Fecha,From,To,Tiempo (min),Distancia (km),Real Time,Velocidad promedia
Thu Oct 12 13:32:41 2023,Tomeco,Copiulemu,17.766666666666666,23.39,True,78.9906191369606
Thu Oct 12 13:32:41 2023,Copiulemu,Tomeco,15.8,22.002,True,83.5518987341772
Thu Oct 12 13:32:41 2023,Tomeco,Copiulemu,17.55,23.39,False,79.96581196581195
Thu Oct 12 13:32:41 2023,Copiulemu,Tomeco,15.316666666666666,22.002,False,86.18846572361262
