Fecha,From,To,Tiempo (min),Distancia (km),Real Time,Velocidad promedia
Thu Sep  7 09:28:09 2023,Tomeco,Copiulemu,17.45,23.39,True,80.42406876790831
Thu Sep  7 09:28:09 2023,Copiulemu,Tomeco,15.8,22.002,True,83.5518987341772
Thu Sep  7 09:28:09 2023,Tomeco,Copiulemu,17.433333333333334,23.39,False,80.50095602294455
Thu Sep  7 09:28:09 2023,Copiulemu,Tomeco,15.433333333333334,22.002,False,85.53693304535636
