Fecha,From,To,Tiempo (min),Distancia (km),Real Time,Velocidad promedia
Thu Apr 18 21:28:14 2024,Tomeco,Copiulemu,18.383333333333333,23.48,True,76.63463281958296
Thu Apr 18 21:28:14 2024,Copiulemu,Tomeco,15.483333333333333,22.002,True,85.26071044133477
Thu Apr 18 21:28:14 2024,Tomeco,Copiulemu,18.266666666666666,23.48,False,77.1240875912409
Thu Apr 18 21:28:14 2024,Copiulemu,Tomeco,15.366666666666667,22.002,False,85.90802603036876
