Fecha,From,To,Tiempo (min),Distancia (km),Real Time,Velocidad promedia
Thu May  2 22:30:24 2024,Tomeco,Copiulemu,18.133333333333333,23.48,True,77.69117647058823
Thu May  2 22:30:24 2024,Copiulemu,Tomeco,15.45,22.002,True,85.44466019417474
Thu May  2 22:30:24 2024,Tomeco,Copiulemu,18.066666666666666,23.48,False,77.97785977859779
Thu May  2 22:30:24 2024,Copiulemu,Tomeco,15.45,22.002,False,85.44466019417474
