Fecha,From,To,Tiempo (min),Distancia (km),Real Time,Velocidad promedia
Thu Sep  1 03:03:03 2022,Tomeco,Copiulemu,17.9,23.39,True,78.40223463687153
Thu Sep  1 03:03:03 2022,Copiulemu,Tomeco,15.9,22.002,True,83.02641509433961
Thu Sep  1 03:03:03 2022,Tomeco,Copiulemu,17.566666666666666,23.39,False,79.88994307400381
Thu Sep  1 03:03:03 2022,Copiulemu,Tomeco,15.533333333333333,22.002,False,84.9862660944206
