Fecha,From,To,Tiempo (min),Distancia (km),Real Time,Velocidad promedia
Thu Feb 15 02:31:22 2024,Tomeco,Copiulemu,18.366666666666667,23.48,True,76.70417422867514
Thu Feb 15 02:31:22 2024,Copiulemu,Tomeco,16.066666666666666,22.002,True,82.16514522821576
Thu Feb 15 02:31:22 2024,Tomeco,Copiulemu,18.366666666666667,23.48,False,76.70417422867514
Thu Feb 15 02:31:22 2024,Copiulemu,Tomeco,16.083333333333332,22.002,False,82.08
