Fecha,From,To,Tiempo (min),Distancia (km),Real Time,Velocidad promedia
Thu Aug 25 15:39:01 2022,Tomeco,Copiulemu,16.966666666666665,23.39,True,82.71512770137525
Thu Aug 25 15:39:01 2022,Copiulemu,Tomeco,15.0,21.461,True,85.844
Thu Aug 25 15:39:01 2022,Tomeco,Copiulemu,16.833333333333332,23.39,False,83.37029702970297
Thu Aug 25 15:39:01 2022,Copiulemu,Tomeco,14.95,21.461,False,86.13110367892976
