Fecha,From,To,Tiempo (min),Distancia (km),Real Time,Velocidad promedia
Thu Apr 28 03:16:09 2022,Tomeco,Copiulemu,17.366666666666667,23.39,True,80.80998080614204
Thu Apr 28 03:16:09 2022,Copiulemu,Tomeco,15.283333333333333,22.002,True,86.37644492911667
Thu Apr 28 03:16:09 2022,Tomeco,Copiulemu,17.366666666666667,23.39,False,80.80998080614204
Thu Apr 28 03:16:09 2022,Copiulemu,Tomeco,15.266666666666667,22.002,False,86.47074235807858
