Fecha,From,To,Tiempo (min),Distancia (km),Real Time,Velocidad promedia
Thu May 30 20:28:27 2024,Tomeco,Copiulemu,18.5,23.48,True,76.15135135135135
Thu May 30 20:28:27 2024,Copiulemu,Tomeco,15.25,22.002,True,86.56524590163934
Thu May 30 20:28:27 2024,Tomeco,Copiulemu,18.433333333333334,23.48,False,76.42676311030742
Thu May 30 20:28:27 2024,Copiulemu,Tomeco,15.233333333333333,22.002,False,86.65995623632385
