Fecha,From,To,Tiempo (min),Distancia (km),Real Time,Velocidad promedia
Thu Apr 25 17:29:59 2024,Tomeco,Copiulemu,18.733333333333334,23.48,True,75.20284697508896
Thu Apr 25 17:29:59 2024,Copiulemu,Tomeco,15.366666666666667,22.002,True,85.90802603036876
Thu Apr 25 17:29:59 2024,Tomeco,Copiulemu,18.233333333333334,23.48,False,77.26508226691041
Thu Apr 25 17:29:59 2024,Copiulemu,Tomeco,15.366666666666667,22.002,False,85.90802603036876
