Fecha,From,To,Tiempo (min),Distancia (km),Real Time,Velocidad promedia
Thu May 16 22:30:59 2024,Tomeco,Copiulemu,18.133333333333333,23.48,True,77.69117647058823
Thu May 16 22:30:59 2024,Copiulemu,Tomeco,15.7,22.002,True,84.08407643312101
Thu May 16 22:30:59 2024,Tomeco,Copiulemu,18.1,23.48,False,77.8342541436464
Thu May 16 22:30:59 2024,Copiulemu,Tomeco,15.633333333333333,22.002,False,84.44264392324094
