Fecha,From,To,Tiempo (min),Distancia (km),Real Time,Velocidad promedia
Thu Feb  8 04:29:50 2024,Tomeco,Copiulemu,19.116666666666667,23.48,True,73.69485614646905
Thu Feb  8 04:29:50 2024,Copiulemu,Tomeco,15.883333333333333,22.002,True,83.11353620146905
Thu Feb  8 04:29:50 2024,Tomeco,Copiulemu,19.116666666666667,23.48,False,73.69485614646905
Thu Feb  8 04:29:50 2024,Copiulemu,Tomeco,15.883333333333333,22.002,False,83.11353620146905
