Fecha,From,To,Tiempo (min),Distancia (km),Real Time,Velocidad promedia
Thu Apr 18 15:28:08 2024,Tomeco,Copiulemu,18.183333333333334,23.48,True,77.47754353803849
Thu Apr 18 15:28:08 2024,Copiulemu,Tomeco,15.5,22.002,True,85.1690322580645
Thu Apr 18 15:28:08 2024,Tomeco,Copiulemu,17.8,23.48,False,79.14606741573033
Thu Apr 18 15:28:08 2024,Copiulemu,Tomeco,15.383333333333333,22.002,False,85.81495124593715
