Fecha,From,To,Tiempo (min),Distancia (km),Real Time,Velocidad promedia
Thu Jul 14 06:43:57 2022,Tomeco,Copiulemu,18.216666666666665,23.39,True,77.03934126258005
Thu Jul 14 06:43:57 2022,Copiulemu,Tomeco,15.85,22.002,True,83.28832807570977
Thu Jul 14 06:43:57 2022,Tomeco,Copiulemu,17.333333333333332,23.39,False,80.96538461538462
Thu Jul 14 06:43:57 2022,Copiulemu,Tomeco,15.85,22.002,False,83.28832807570977
