Fecha,From,To,Tiempo (min),Distancia (km),Real Time,Velocidad promedia
Thu Jul 25 17:30:57 2024,Tomeco,Copiulemu,18.816666666666666,23.48,True,74.8697962798937
Thu Jul 25 17:30:57 2024,Copiulemu,Tomeco,15.316666666666666,22.002,True,86.18846572361262
Thu Jul 25 17:30:57 2024,Tomeco,Copiulemu,18.283333333333335,23.48,False,77.05378304466727
Thu Jul 25 17:30:57 2024,Copiulemu,Tomeco,15.166666666666666,22.002,False,87.04087912087913
