Fecha,From,To,Tiempo (min),Distancia (km),Real Time,Velocidad promedia
Thu Oct 12 18:31:42 2023,Tomeco,Copiulemu,17.566666666666666,23.39,True,79.88994307400381
Thu Oct 12 18:31:42 2023,Copiulemu,Tomeco,15.3,22.002,True,86.28235294117647
Thu Oct 12 18:31:42 2023,Tomeco,Copiulemu,17.55,23.39,False,79.96581196581195
Thu Oct 12 18:31:42 2023,Copiulemu,Tomeco,15.2,22.002,False,86.85000000000001
