Fecha,From,To,Tiempo (min),Distancia (km),Real Time,Velocidad promedia
Thu Mar  7 09:28:03 2024,Tomeco,Copiulemu,18.85,23.48,True,74.73740053050398
Thu Mar  7 09:28:03 2024,Copiulemu,Tomeco,15.366666666666667,22.002,True,85.90802603036876
Thu Mar  7 09:28:03 2024,Tomeco,Copiulemu,17.116666666666667,23.48,False,82.30574488802337
Thu Mar  7 09:28:03 2024,Copiulemu,Tomeco,14.916666666666666,22.002,False,88.49966480446928
