Fecha,From,To,Tiempo (min),Distancia (km),Real Time,Velocidad promedia
Thu Apr 21 13:41:52 2022,Tomeco,Copiulemu,17.45,23.39,True,80.42406876790831
Thu Apr 21 13:41:52 2022,Copiulemu,Tomeco,15.166666666666666,21.461,True,84.90065934065933
Thu Apr 21 13:41:52 2022,Tomeco,Copiulemu,16.833333333333332,23.39,False,83.37029702970297
Thu Apr 21 13:41:52 2022,Copiulemu,Tomeco,14.866666666666667,21.461,False,86.61390134529147
