Fecha,From,To,Tiempo (min),Distancia (km),Real Time,Velocidad promedia
Thu Oct 17 03:38:46 2024,Tomeco,Copiulemu,18.6,23.48,True,75.74193548387098
Thu Oct 17 03:38:46 2024,Copiulemu,Tomeco,16.083333333333332,22.002,True,82.08
Thu Oct 17 03:38:46 2024,Tomeco,Copiulemu,18.6,23.48,False,75.74193548387098
Thu Oct 17 03:38:46 2024,Copiulemu,Tomeco,16.083333333333332,22.002,False,82.08
