Fecha,From,To,Tiempo (min),Distancia (km),Real Time,Velocidad promedia
Thu Mar 31 02:02:23 2022,Tomeco,Copiulemu,18.416666666666668,23.39,True,76.2027149321267
Thu Mar 31 02:02:23 2022,Copiulemu,Tomeco,16.633333333333333,22.002,True,79.36593186372745
Thu Mar 31 02:02:23 2022,Tomeco,Copiulemu,18.183333333333334,23.39,False,77.18056828597616
Thu Mar 31 02:02:23 2022,Copiulemu,Tomeco,15.7,22.002,False,84.08407643312101
