Fecha,From,To,Tiempo (min),Distancia (km),Real Time,Velocidad promedia
Thu Feb  8 14:28:13 2024,Tomeco,Copiulemu,18.383333333333333,23.48,True,76.63463281958296
Thu Feb  8 14:28:13 2024,Copiulemu,Tomeco,17.833333333333332,22.002,True,74.02542056074766
Thu Feb  8 14:28:13 2024,Tomeco,Copiulemu,18.416666666666668,23.48,False,76.49592760180995
Thu Feb  8 14:28:13 2024,Copiulemu,Tomeco,17.483333333333334,22.002,False,75.50734032411819
