Fecha,From,To,Tiempo (min),Distancia (km),Real Time,Velocidad promedia
Thu Oct 17 14:35:07 2024,Tomeco,Copiulemu,18.066666666666666,23.712,True,78.74833948339483
Thu Oct 17 14:35:07 2024,Copiulemu,Tomeco,16.083333333333332,22.002,True,82.08
Thu Oct 17 14:35:07 2024,Tomeco,Copiulemu,18.066666666666666,23.712,False,78.74833948339483
Thu Oct 17 14:35:07 2024,Copiulemu,Tomeco,15.266666666666667,22.002,False,86.47074235807858
