Fecha,From,To,Tiempo (min),Distancia (km),Real Time,Velocidad promedia
Thu Dec  5 13:40:51 2024,Tomeco,Copiulemu,17.533333333333335,23.45,True,80.24714828897336
Thu Dec  5 13:40:51 2024,Copiulemu,Tomeco,15.733333333333333,21.968,True,83.7762711864407
Thu Dec  5 13:40:51 2024,Tomeco,Copiulemu,17.25,23.45,False,81.56521739130436
Thu Dec  5 13:40:51 2024,Copiulemu,Tomeco,15.666666666666666,21.968,False,84.13276595744681
