Fecha,From,To,Tiempo (min),Distancia (km),Real Time,Velocidad promedia
Thu Nov 16 11:28:02 2023,Tomeco,Copiulemu,17.283333333333335,23.39,True,81.19961427193829
Thu Nov 16 11:28:02 2023,Copiulemu,Tomeco,14.833333333333334,22.002,True,88.99685393258426
Thu Nov 16 11:28:02 2023,Tomeco,Copiulemu,17.25,23.39,False,81.35652173913044
Thu Nov 16 11:28:02 2023,Copiulemu,Tomeco,14.683333333333334,22.002,False,89.90601589103291
