Fecha,From,To,Tiempo (min),Distancia (km),Real Time,Velocidad promedia
Thu Jan 11 06:32:51 2024,Tomeco,Copiulemu,19.55,23.48,True,72.06138107416879
Thu Jan 11 06:32:51 2024,Copiulemu,Tomeco,15.716666666666667,22.002,True,83.99490986214211
Thu Jan 11 06:32:51 2024,Tomeco,Copiulemu,18.533333333333335,23.48,False,76.01438848920863
Thu Jan 11 06:32:51 2024,Copiulemu,Tomeco,15.716666666666667,22.002,False,83.99490986214211
