Fecha,From,To,Tiempo (min),Distancia (km),Real Time,Velocidad promedia
Thu Sep  7 05:28:04 2023,Tomeco,Copiulemu,18.216666666666665,23.39,True,77.03934126258005
Thu Sep  7 05:28:04 2023,Copiulemu,Tomeco,16.0,22.002,True,82.5075
Thu Sep  7 05:28:04 2023,Tomeco,Copiulemu,18.083333333333332,23.39,False,77.6073732718894
Thu Sep  7 05:28:04 2023,Copiulemu,Tomeco,15.983333333333333,22.002,False,82.59353493222106
