Fecha,From,To,Tiempo (min),Distancia (km),Real Time,Velocidad promedia
Thu Jun 27 13:29:14 2024,Tomeco,Copiulemu,18.55,23.48,True,75.94609164420484
Thu Jun 27 13:29:14 2024,Copiulemu,Tomeco,14.85,22.002,True,88.89696969696969
Thu Jun 27 13:29:14 2024,Tomeco,Copiulemu,18.683333333333334,23.48,False,75.40410347903658
Thu Jun 27 13:29:14 2024,Copiulemu,Tomeco,14.816666666666666,22.002,False,89.09696287964005
