Fecha,From,To,Tiempo (min),Distancia (km),Real Time,Velocidad promedia
Thu Jul 11 23:29:19 2024,Tomeco,Copiulemu,18.4,23.48,True,76.56521739130436
Thu Jul 11 23:29:19 2024,Copiulemu,Tomeco,15.933333333333334,22.002,True,82.85271966527196
Thu Jul 11 23:29:19 2024,Tomeco,Copiulemu,18.383333333333333,23.48,False,76.63463281958296
Thu Jul 11 23:29:19 2024,Copiulemu,Tomeco,15.933333333333334,22.002,False,82.85271966527196
