Fecha,From,To,Tiempo (min),Distancia (km),Real Time,Velocidad promedia
Thu Oct 10 13:37:17 2024,Tomeco,Copiulemu,18.316666666666666,23.712,True,77.67352138307552
Thu Oct 10 13:37:17 2024,Copiulemu,Tomeco,15.416666666666666,22.002,True,85.62940540540541
Thu Oct 10 13:37:17 2024,Tomeco,Copiulemu,18.233333333333334,23.712,False,78.02851919561242
Thu Oct 10 13:37:17 2024,Copiulemu,Tomeco,15.4,22.002,False,85.72207792207791
