Fecha,From,To,Tiempo (min),Distancia (km),Real Time,Velocidad promedia
Thu Jul 25 19:28:04 2024,Tomeco,Copiulemu,18.233333333333334,23.739,True,78.11736745886654
Thu Jul 25 19:28:04 2024,Copiulemu,Tomeco,15.616666666666667,22.002,True,84.53276414087513
Thu Jul 25 19:28:04 2024,Tomeco,Copiulemu,18.466666666666665,23.739,False,77.1303249097473
Thu Jul 25 19:28:04 2024,Copiulemu,Tomeco,14.983333333333333,22.002,False,88.1058954393771
