Fecha,From,To,Tiempo (min),Distancia (km),Real Time,Velocidad promedia
Thu Nov 30 03:28:04 2023,Tomeco,Copiulemu,18.233333333333334,23.649,True,77.82120658135283
Thu Nov 30 03:28:04 2023,Copiulemu,Tomeco,15.35,22.002,True,86.0013029315961
Thu Nov 30 03:28:04 2023,Tomeco,Copiulemu,17.966666666666665,23.649,False,78.97625231910948
Thu Nov 30 03:28:04 2023,Copiulemu,Tomeco,15.35,22.002,False,86.0013029315961
