Fecha,From,To,Tiempo (min),Distancia (km),Real Time,Velocidad promedia
Thu May 30 07:28:03 2024,Tomeco,Copiulemu,19.1,23.48,True,73.75916230366492
Thu May 30 07:28:03 2024,Copiulemu,Tomeco,15.5,22.002,True,85.1690322580645
Thu May 30 07:28:03 2024,Tomeco,Copiulemu,19.083333333333332,23.48,False,73.82358078602621
Thu May 30 07:28:03 2024,Copiulemu,Tomeco,15.5,22.002,False,85.1690322580645
