Fecha,From,To,Tiempo (min),Distancia (km),Real Time,Velocidad promedia
Thu Dec 28 09:28:04 2023,Tomeco,Copiulemu,17.233333333333334,23.39,True,81.43520309477756
Thu Dec 28 09:28:04 2023,Copiulemu,Tomeco,15.65,21.461,True,82.27859424920126
Thu Dec 28 09:28:04 2023,Tomeco,Copiulemu,17.233333333333334,23.39,False,81.43520309477756
Thu Dec 28 09:28:04 2023,Copiulemu,Tomeco,15.7,21.461,False,82.01656050955414
