Fecha,From,To,Tiempo (min),Distancia (km),Real Time,Velocidad promedia
Thu May  9 16:37:03 2024,Tomeco,Copiulemu,18.4,23.48,True,76.56521739130436
Thu May  9 16:37:03 2024,Copiulemu,Tomeco,15.566666666666666,22.002,True,84.80428265524625
Thu May  9 16:37:03 2024,Tomeco,Copiulemu,18.316666666666666,23.48,False,76.91355777979983
Thu May  9 16:37:03 2024,Copiulemu,Tomeco,15.566666666666666,22.002,False,84.80428265524625
