Fecha,From,To,Tiempo (min),Distancia (km),Real Time,Velocidad promedia
Thu May 26 07:34:17 2022,Tomeco,Copiulemu,17.116666666666667,23.39,True,81.9902629016553
Thu May 26 07:34:17 2022,Copiulemu,Tomeco,15.666666666666666,21.461,True,82.19106382978723
Thu May 26 07:34:17 2022,Tomeco,Copiulemu,17.116666666666667,23.39,False,81.9902629016553
Thu May 26 07:34:17 2022,Copiulemu,Tomeco,15.666666666666666,21.461,False,82.19106382978723
