Fecha,From,To,Tiempo (min),Distancia (km),Real Time,Velocidad promedia
Thu Aug 18 15:53:41 2022,Tomeco,Copiulemu,16.766666666666666,23.39,True,83.70178926441352
Thu Aug 18 15:53:41 2022,Copiulemu,Tomeco,15.05,22.002,True,87.71561461794019
Thu Aug 18 15:53:41 2022,Tomeco,Copiulemu,16.766666666666666,23.39,False,83.70178926441352
Thu Aug 18 15:53:41 2022,Copiulemu,Tomeco,15.0,22.002,False,88.008
