Fecha,From,To,Tiempo (min),Distancia (km),Real Time,Velocidad promedia
Thu Dec 14 12:46:20 2023,Tomeco,Copiulemu,17.016666666666666,23.39,True,82.4720861900098
Thu Dec 14 12:46:20 2023,Copiulemu,Tomeco,14.95,22.002,True,88.30234113712375
Thu Dec 14 12:46:20 2023,Tomeco,Copiulemu,16.833333333333332,23.39,False,83.37029702970297
Thu Dec 14 12:46:20 2023,Copiulemu,Tomeco,15.15,22.002,False,87.13663366336633
