Fecha,From,To,Tiempo (min),Distancia (km),Real Time,Velocidad promedia
Thu Nov 21 03:05:45 2024,Tomeco,Copiulemu,18.566666666666666,23.45,True,75.78096947935367
Thu Nov 21 03:05:45 2024,Copiulemu,Tomeco,15.816666666666666,21.968,True,83.33487881981033
Thu Nov 21 03:05:45 2024,Tomeco,Copiulemu,18.433333333333334,23.45,False,76.32911392405063
Thu Nov 21 03:05:45 2024,Copiulemu,Tomeco,15.683333333333334,21.968,False,84.0433581296493
