Fecha,From,To,Tiempo (min),Distancia (km),Real Time,Velocidad promedia
Thu May  5 18:41:48 2022,Tomeco,Copiulemu,17.45,23.39,True,80.42406876790831
Thu May  5 18:41:48 2022,Copiulemu,Tomeco,15.216666666666667,22.002,True,86.75487404162102
Thu May  5 18:41:48 2022,Tomeco,Copiulemu,17.433333333333334,23.39,False,80.50095602294455
Thu May  5 18:41:48 2022,Copiulemu,Tomeco,15.133333333333333,22.002,False,87.23259911894272
