Fecha,From,To,Tiempo (min),Distancia (km),Real Time,Velocidad promedia
Thu Mar 24 11:29:27 2022,Tomeco,Copiulemu,16.666666666666668,23.39,True,84.204
Thu Mar 24 11:29:27 2022,Copiulemu,Tomeco,14.933333333333334,22.002,True,88.40089285714285
Thu Mar 24 11:29:27 2022,Tomeco,Copiulemu,17.183333333333334,23.39,False,81.6721629485936
Thu Mar 24 11:29:27 2022,Copiulemu,Tomeco,14.866666666666667,22.002,False,88.79730941704035
