Fecha,From,To,Tiempo (min),Distancia (km),Real Time,Velocidad promedia
Thu Sep 12 07:28:15 2024,Tomeco,Copiulemu,18.716666666666665,23.712,True,76.01353517364204
Thu Sep 12 07:28:15 2024,Copiulemu,Tomeco,16.033333333333335,22.002,True,82.33596673596672
Thu Sep 12 07:28:15 2024,Tomeco,Copiulemu,18.716666666666665,23.712,False,76.01353517364204
Thu Sep 12 07:28:15 2024,Copiulemu,Tomeco,16.033333333333335,22.002,False,82.33596673596672
