Fecha,From,To,Tiempo (min),Distancia (km),Real Time,Velocidad promedia
Thu Aug 15 09:29:30 2024,Tomeco,Copiulemu,18.55,23.48,True,75.94609164420484
Thu Aug 15 09:29:30 2024,Copiulemu,Tomeco,15.5,22.002,True,85.1690322580645
Thu Aug 15 09:29:30 2024,Tomeco,Copiulemu,18.55,23.48,False,75.94609164420484
Thu Aug 15 09:29:30 2024,Copiulemu,Tomeco,15.5,22.002,False,85.1690322580645
