Fecha,From,To,Tiempo (min),Distancia (km),Real Time,Velocidad promedia
Thu Jun 27 19:28:00 2024,Tomeco,Copiulemu,18.433333333333334,23.739,True,77.26980108499096
Thu Jun 27 19:28:00 2024,Copiulemu,Tomeco,15.083333333333334,22.002,True,87.5217679558011
Thu Jun 27 19:28:00 2024,Tomeco,Copiulemu,18.433333333333334,23.739,False,77.26980108499096
Thu Jun 27 19:28:00 2024,Copiulemu,Tomeco,15.083333333333334,22.002,False,87.5217679558011
