Fecha,From,To,Tiempo (min),Distancia (km),Real Time,Velocidad promedia
Thu Nov  9 13:31:18 2023,Tomeco,Copiulemu,16.95,23.39,True,82.79646017699116
Thu Nov  9 13:31:18 2023,Copiulemu,Tomeco,15.65,22.002,True,84.35271565495206
Thu Nov  9 13:31:18 2023,Tomeco,Copiulemu,16.933333333333334,23.39,False,82.87795275590551
Thu Nov  9 13:31:18 2023,Copiulemu,Tomeco,15.066666666666666,22.002,False,87.61858407079646
