Fecha,From,To,Tiempo (min),Distancia (km),Real Time,Velocidad promedia
Thu May  2 10:31:24 2024,Tomeco,Copiulemu,18.0,23.48,True,78.26666666666667
Thu May  2 10:31:24 2024,Copiulemu,Tomeco,15.466666666666667,22.002,True,85.35258620689655
Thu May  2 10:31:24 2024,Tomeco,Copiulemu,17.966666666666665,23.48,False,78.41187384044528
Thu May  2 10:31:24 2024,Copiulemu,Tomeco,15.466666666666667,22.002,False,85.35258620689655
