Fecha,From,To,Tiempo (min),Distancia (km),Real Time,Velocidad promedia
Thu Sep 29 22:42:27 2022,Tomeco,Copiulemu,17.183333333333334,23.39,True,81.6721629485936
Thu Sep 29 22:42:27 2022,Copiulemu,Tomeco,15.3,22.002,True,86.28235294117647
Thu Sep 29 22:42:27 2022,Tomeco,Copiulemu,17.183333333333334,23.39,False,81.6721629485936
Thu Sep 29 22:42:27 2022,Copiulemu,Tomeco,15.316666666666666,22.002,False,86.18846572361262
