Fecha,From,To,Tiempo (min),Distancia (km),Real Time,Velocidad promedia
Thu Nov 30 08:31:08 2023,Tomeco,Copiulemu,18.2,23.39,True,77.1098901098901
Thu Nov 30 08:31:08 2023,Copiulemu,Tomeco,14.733333333333333,22.002,True,89.60090497737556
Thu Nov 30 08:31:08 2023,Tomeco,Copiulemu,18.2,23.39,False,77.1098901098901
Thu Nov 30 08:31:08 2023,Copiulemu,Tomeco,14.866666666666667,22.002,False,88.79730941704035
