Fecha,From,To,Tiempo (min),Distancia (km),Real Time,Velocidad promedia
Thu Mar 17 09:32:41 2022,Tomeco,Copiulemu,17.4,23.39,True,80.65517241379311
Thu Mar 17 09:32:41 2022,Copiulemu,Tomeco,14.833333333333334,22.002,True,88.99685393258426
Thu Mar 17 09:32:41 2022,Tomeco,Copiulemu,17.716666666666665,23.39,False,79.21354656632174
Thu Mar 17 09:32:41 2022,Copiulemu,Tomeco,14.833333333333334,22.002,False,88.99685393258426
