Fecha,From,To,Tiempo (min),Distancia (km),Real Time,Velocidad promedia
Thu Sep  5 05:33:28 2024,Tomeco,Copiulemu,18.366666666666667,23.48,True,76.70417422867514
Thu Sep  5 05:33:28 2024,Copiulemu,Tomeco,15.65,22.002,True,84.35271565495206
Thu Sep  5 05:33:28 2024,Tomeco,Copiulemu,18.366666666666667,23.48,False,76.70417422867514
Thu Sep  5 05:33:28 2024,Copiulemu,Tomeco,15.65,22.002,False,84.35271565495206
