Fecha,From,To,Tiempo (min),Distancia (km),Real Time,Velocidad promedia
Thu Jan 25 16:38:12 2024,Tomeco,Copiulemu,18.45,23.48,True,76.35772357723577
Thu Jan 25 16:38:12 2024,Copiulemu,Tomeco,16.45,22.002,True,80.25045592705166
Thu Jan 25 16:38:12 2024,Tomeco,Copiulemu,18.45,23.48,False,76.35772357723577
Thu Jan 25 16:38:12 2024,Copiulemu,Tomeco,16.333333333333332,22.002,False,80.82367346938776
