Fecha,From,To,Tiempo (min),Distancia (km),Real Time,Velocidad promedia
Thu Sep 29 23:49:20 2022,Tomeco,Copiulemu,17.016666666666666,23.39,True,82.4720861900098
Thu Sep 29 23:49:20 2022,Copiulemu,Tomeco,15.166666666666666,22.002,True,87.04087912087913
Thu Sep 29 23:49:20 2022,Tomeco,Copiulemu,16.933333333333334,23.39,False,82.87795275590551
Thu Sep 29 23:49:20 2022,Copiulemu,Tomeco,15.066666666666666,22.002,False,87.61858407079646
