Fecha,From,To,Tiempo (min),Distancia (km),Real Time,Velocidad promedia
Thu Nov 28 05:37:59 2024,Tomeco,Copiulemu,17.783333333333335,23.45,True,79.1190253045923
Thu Nov 28 05:37:59 2024,Copiulemu,Tomeco,16.033333333333335,21.968,True,82.2087318087318
Thu Nov 28 05:37:59 2024,Tomeco,Copiulemu,17.783333333333335,23.45,False,79.1190253045923
Thu Nov 28 05:37:59 2024,Copiulemu,Tomeco,16.033333333333335,21.968,False,82.2087318087318
