Fecha,From,To,Tiempo (min),Distancia (km),Real Time,Velocidad promedia
Thu Jul  4 03:33:01 2024,Tomeco,Copiulemu,18.566666666666666,23.48,True,75.87791741472172
Thu Jul  4 03:33:01 2024,Copiulemu,Tomeco,16.416666666666668,22.002,True,80.41340101522842
Thu Jul  4 03:33:01 2024,Tomeco,Copiulemu,18.15,23.48,False,77.6198347107438
Thu Jul  4 03:33:01 2024,Copiulemu,Tomeco,16.416666666666668,22.002,False,80.41340101522842
