Fecha,From,To,Tiempo (min),Distancia (km),Real Time,Velocidad promedia
Thu Mar 14 08:29:09 2024,Tomeco,Copiulemu,18.65,23.48,True,75.53887399463808
Thu Mar 14 08:29:09 2024,Copiulemu,Tomeco,14.966666666666667,22.002,True,88.20400890868596
Thu Mar 14 08:29:09 2024,Tomeco,Copiulemu,18.65,23.48,False,75.53887399463808
Thu Mar 14 08:29:09 2024,Copiulemu,Tomeco,14.966666666666667,22.002,False,88.20400890868596
