Fecha,From,To,Tiempo (min),Distancia (km),Real Time,Velocidad promedia
Thu Feb 29 05:29:20 2024,Tomeco,Copiulemu,19.283333333333335,23.48,True,73.05790838375108
Thu Feb 29 05:29:20 2024,Copiulemu,Tomeco,16.083333333333332,22.002,True,82.08
Thu Feb 29 05:29:20 2024,Tomeco,Copiulemu,18.3,23.48,False,76.98360655737706
Thu Feb 29 05:29:20 2024,Copiulemu,Tomeco,15.966666666666667,22.002,False,82.67974947807932
