Fecha,From,To,Tiempo (min),Distancia (km),Real Time,Velocidad promedia
Thu Apr 28 17:37:33 2022,Tomeco,Copiulemu,17.233333333333334,23.39,True,81.43520309477756
Thu Apr 28 17:37:33 2022,Copiulemu,Tomeco,15.0,21.461,True,85.844
Thu Apr 28 17:37:33 2022,Tomeco,Copiulemu,17.0,23.39,False,82.5529411764706
Thu Apr 28 17:37:33 2022,Copiulemu,Tomeco,14.95,21.461,False,86.13110367892976
