Fecha,From,To,Tiempo (min),Distancia (km),Real Time,Velocidad promedia
Thu Jun  6 09:29:21 2024,Tomeco,Copiulemu,19.566666666666666,23.48,True,72.0
Thu Jun  6 09:29:21 2024,Copiulemu,Tomeco,15.366666666666667,22.002,True,85.90802603036876
Thu Jun  6 09:29:21 2024,Tomeco,Copiulemu,19.55,23.48,False,72.06138107416879
Thu Jun  6 09:29:21 2024,Copiulemu,Tomeco,15.366666666666667,22.002,False,85.90802603036876
