Fecha,From,To,Tiempo (min),Distancia (km),Real Time,Velocidad promedia
Thu Aug  4 11:31:07 2022,Tomeco,Copiulemu,16.733333333333334,23.39,True,83.86852589641434
Thu Aug  4 11:31:07 2022,Copiulemu,Tomeco,14.95,21.461,True,86.13110367892976
Thu Aug  4 11:31:07 2022,Tomeco,Copiulemu,16.733333333333334,23.39,False,83.86852589641434
Thu Aug  4 11:31:07 2022,Copiulemu,Tomeco,15.05,21.461,False,85.55880398671096
