Fecha,From,To,Tiempo (min),Distancia (km),Real Time,Velocidad promedia
Thu Aug 31 18:30:04 2023,Tomeco,Copiulemu,17.55,23.39,True,79.96581196581195
Thu Aug 31 18:30:04 2023,Copiulemu,Tomeco,15.7,22.002,True,84.08407643312101
Thu Aug 31 18:30:04 2023,Tomeco,Copiulemu,17.3,23.39,False,81.121387283237
Thu Aug 31 18:30:04 2023,Copiulemu,Tomeco,15.666666666666666,22.002,False,84.26297872340425
