Fecha,From,To,Tiempo (min),Distancia (km),Real Time,Velocidad promedia
Thu Jun 13 06:35:15 2024,Tomeco,Copiulemu,19.0,23.48,True,74.14736842105263
Thu Jun 13 06:35:15 2024,Copiulemu,Tomeco,15.7,22.002,True,84.08407643312101
Thu Jun 13 06:35:15 2024,Tomeco,Copiulemu,18.983333333333334,23.48,False,74.2124670763828
Thu Jun 13 06:35:15 2024,Copiulemu,Tomeco,15.7,22.002,False,84.08407643312101
