Fecha,From,To,Tiempo (min),Distancia (km),Real Time,Velocidad promedia
Thu Oct 10 04:37:44 2024,Tomeco,Copiulemu,18.733333333333334,23.48,True,75.20284697508896
Thu Oct 10 04:37:44 2024,Copiulemu,Tomeco,15.683333333333334,22.002,True,84.17343251859724
Thu Oct 10 04:37:44 2024,Tomeco,Copiulemu,18.716666666666665,23.48,False,75.26981300089048
Thu Oct 10 04:37:44 2024,Copiulemu,Tomeco,15.683333333333334,22.002,False,84.17343251859724
