Fecha,From,To,Tiempo (min),Distancia (km),Real Time,Velocidad promedia
Thu Jun  6 04:31:47 2024,Tomeco,Copiulemu,20.166666666666668,23.48,True,69.85785123966942
Thu Jun  6 04:31:47 2024,Copiulemu,Tomeco,15.433333333333334,22.002,True,85.53693304535636
Thu Jun  6 04:31:47 2024,Tomeco,Copiulemu,19.016666666666666,23.48,False,74.08238387379492
Thu Jun  6 04:31:47 2024,Copiulemu,Tomeco,15.433333333333334,22.002,False,85.53693304535636
