Fecha,From,To,Tiempo (min),Distancia (km),Real Time,Velocidad promedia
Thu Nov  9 19:28:10 2023,Tomeco,Copiulemu,17.25,23.649,True,82.25739130434783
Thu Nov  9 19:28:10 2023,Copiulemu,Tomeco,15.033333333333333,22.002,True,87.81286031042129
Thu Nov  9 19:28:10 2023,Tomeco,Copiulemu,17.433333333333334,23.649,False,81.3923518164436
Thu Nov  9 19:28:10 2023,Copiulemu,Tomeco,15.033333333333333,22.002,False,87.81286031042129
