Fecha,From,To,Tiempo (min),Distancia (km),Real Time,Velocidad promedia
Thu Apr 14 13:42:47 2022,Tomeco,Copiulemu,17.366666666666667,23.39,True,80.80998080614204
Thu Apr 14 13:42:47 2022,Copiulemu,Tomeco,15.066666666666666,21.461,True,85.46415929203539
Thu Apr 14 13:42:47 2022,Tomeco,Copiulemu,17.083333333333332,23.39,False,82.15024390243903
Thu Apr 14 13:42:47 2022,Copiulemu,Tomeco,15.066666666666666,21.461,False,85.46415929203539
