Fecha,From,To,Tiempo (min),Distancia (km),Real Time,Velocidad promedia
Thu Nov 30 23:28:03 2023,Tomeco,Copiulemu,17.433333333333334,23.39,True,80.50095602294455
Thu Nov 30 23:28:03 2023,Copiulemu,Tomeco,15.25,22.002,True,86.56524590163934
Thu Nov 30 23:28:03 2023,Tomeco,Copiulemu,17.366666666666667,23.39,False,80.80998080614204
Thu Nov 30 23:28:03 2023,Copiulemu,Tomeco,15.25,22.002,False,86.56524590163934
