Fecha,From,To,Tiempo (min),Distancia (km),Real Time,Velocidad promedia
Thu Apr 25 23:28:00 2024,Tomeco,Copiulemu,18.733333333333334,23.48,True,75.20284697508896
Thu Apr 25 23:28:00 2024,Copiulemu,Tomeco,15.6,22.002,True,84.62307692307692
Thu Apr 25 23:28:00 2024,Tomeco,Copiulemu,18.033333333333335,23.48,False,78.12199630314232
Thu Apr 25 23:28:00 2024,Copiulemu,Tomeco,15.383333333333333,22.002,False,85.81495124593715
