Fecha,From,To,Tiempo (min),Distancia (km),Real Time,Velocidad promedia
Thu Sep 14 09:28:16 2023,Tomeco,Copiulemu,17.333333333333332,23.649,True,81.86192307692309
Thu Sep 14 09:28:16 2023,Copiulemu,Tomeco,15.5,22.002,True,85.1690322580645
Thu Sep 14 09:28:16 2023,Tomeco,Copiulemu,17.333333333333332,23.649,False,81.86192307692309
Thu Sep 14 09:28:16 2023,Copiulemu,Tomeco,15.483333333333333,22.002,False,85.26071044133477
