Fecha,From,To,Tiempo (min),Distancia (km),Real Time,Velocidad promedia
Thu Nov  9 15:28:08 2023,Tomeco,Copiulemu,17.25,23.39,True,81.35652173913044
Thu Nov  9 15:28:08 2023,Copiulemu,Tomeco,15.2,21.461,True,84.71447368421053
Thu Nov  9 15:28:08 2023,Tomeco,Copiulemu,17.233333333333334,23.39,False,81.43520309477756
Thu Nov  9 15:28:08 2023,Copiulemu,Tomeco,15.35,21.461,False,83.88664495114007
