Fecha,From,To,Tiempo (min),Distancia (km),Real Time,Velocidad promedia
Thu Sep  5 17:31:00 2024,Tomeco,Copiulemu,18.383333333333333,23.712,True,77.39184043517679
Thu Sep  5 17:31:00 2024,Copiulemu,Tomeco,15.416666666666666,22.002,True,85.62940540540541
Thu Sep  5 17:31:00 2024,Tomeco,Copiulemu,18.383333333333333,23.712,False,77.39184043517679
Thu Sep  5 17:31:00 2024,Copiulemu,Tomeco,15.433333333333334,22.002,False,85.53693304535636
