Fecha,From,To,Tiempo (min),Distancia (km),Real Time,Velocidad promedia
Thu Nov 23 12:46:34 2023,Tomeco,Copiulemu,17.083333333333332,23.39,True,82.15024390243903
Thu Nov 23 12:46:34 2023,Copiulemu,Tomeco,15.35,22.002,True,86.0013029315961
Thu Nov 23 12:46:34 2023,Tomeco,Copiulemu,17.15,23.39,False,81.83090379008746
Thu Nov 23 12:46:34 2023,Copiulemu,Tomeco,15.133333333333333,22.002,False,87.23259911894272
