Fecha,From,To,Tiempo (min),Distancia (km),Real Time,Velocidad promedia
Thu Oct  3 19:28:20 2024,Tomeco,Copiulemu,18.4,23.712,True,77.32173913043479
Thu Oct  3 19:28:20 2024,Copiulemu,Tomeco,15.216666666666667,22.002,True,86.75487404162102
Thu Oct  3 19:28:20 2024,Tomeco,Copiulemu,18.333333333333332,23.712,False,77.6029090909091
Thu Oct  3 19:28:20 2024,Copiulemu,Tomeco,15.233333333333333,22.002,False,86.65995623632385
