Fecha,From,To,Tiempo (min),Distancia (km),Real Time,Velocidad promedia
Thu Oct 26 17:28:10 2023,Tomeco,Copiulemu,17.066666666666666,23.649,True,83.14101562500001
Thu Oct 26 17:28:10 2023,Copiulemu,Tomeco,15.266666666666667,22.002,True,86.47074235807858
Thu Oct 26 17:28:10 2023,Tomeco,Copiulemu,17.05,23.649,False,83.22228739002932
Thu Oct 26 17:28:10 2023,Copiulemu,Tomeco,14.983333333333333,22.002,False,88.1058954393771
