Fecha,From,To,Tiempo (min),Distancia (km),Real Time,Velocidad promedia
Thu Apr 14 14:31:35 2022,Tomeco,Copiulemu,18.016666666666666,23.39,True,77.89454209065681
Thu Apr 14 14:31:35 2022,Copiulemu,Tomeco,15.033333333333333,21.461,True,85.65365853658537
Thu Apr 14 14:31:35 2022,Tomeco,Copiulemu,17.5,23.39,False,80.19428571428571
Thu Apr 14 14:31:35 2022,Copiulemu,Tomeco,15.0,21.461,False,85.844
