Fecha,From,To,Tiempo (min),Distancia (km),Real Time,Velocidad promedia
Thu Jul  7 18:43:31 2022,Tomeco,Copiulemu,18.75,23.39,True,74.848
Thu Jul  7 18:43:31 2022,Copiulemu,Tomeco,15.25,22.002,True,86.56524590163934
Thu Jul  7 18:43:31 2022,Tomeco,Copiulemu,18.433333333333334,23.39,False,76.13381555153707
Thu Jul  7 18:43:31 2022,Copiulemu,Tomeco,15.2,22.002,False,86.85000000000001
