Fecha,From,To,Tiempo (min),Distancia (km),Real Time,Velocidad promedia
Thu Nov  9 08:30:03 2023,Tomeco,Copiulemu,18.233333333333334,23.39,True,76.9689213893967
Thu Nov  9 08:30:03 2023,Copiulemu,Tomeco,14.816666666666666,22.002,True,89.09696287964005
Thu Nov  9 08:30:03 2023,Tomeco,Copiulemu,18.066666666666666,23.39,False,77.6789667896679
Thu Nov  9 08:30:03 2023,Copiulemu,Tomeco,14.816666666666666,22.002,False,89.09696287964005
