Fecha,From,To,Tiempo (min),Distancia (km),Real Time,Velocidad promedia
Thu Oct 17 10:38:06 2024,Tomeco,Copiulemu,17.766666666666666,23.712,True,80.0780487804878
Thu Oct 17 10:38:06 2024,Copiulemu,Tomeco,14.466666666666667,22.002,True,91.25253456221198
Thu Oct 17 10:38:06 2024,Tomeco,Copiulemu,17.666666666666668,23.712,False,80.53132075471697
Thu Oct 17 10:38:06 2024,Copiulemu,Tomeco,14.466666666666667,22.002,False,91.25253456221198
