Fecha,From,To,Tiempo (min),Distancia (km),Real Time,Velocidad promedia
Thu Sep 21 15:28:20 2023,Tomeco,Copiulemu,17.3,23.649,True,82.01965317919075
Thu Sep 21 15:28:20 2023,Copiulemu,Tomeco,15.5,22.002,True,85.1690322580645
Thu Sep 21 15:28:20 2023,Tomeco,Copiulemu,17.3,23.649,False,82.01965317919075
Thu Sep 21 15:28:20 2023,Copiulemu,Tomeco,15.466666666666667,22.002,False,85.35258620689655
