Fecha,From,To,Tiempo (min),Distancia (km),Real Time,Velocidad promedia
Thu Jul 25 08:34:28 2024,Tomeco,Copiulemu,18.833333333333332,23.48,True,74.80353982300885
Thu Jul 25 08:34:28 2024,Copiulemu,Tomeco,15.533333333333333,22.002,True,84.9862660944206
Thu Jul 25 08:34:28 2024,Tomeco,Copiulemu,18.883333333333333,23.48,False,74.60547219770521
Thu Jul 25 08:34:28 2024,Copiulemu,Tomeco,15.533333333333333,22.002,False,84.9862660944206
