Fecha,From,To,Tiempo (min),Distancia (km),Real Time,Velocidad promedia
Thu Jun 27 08:33:48 2024,Tomeco,Copiulemu,19.116666666666667,23.48,True,73.69485614646905
Thu Jun 27 08:33:48 2024,Copiulemu,Tomeco,15.2,22.002,True,86.85000000000001
Thu Jun 27 08:33:48 2024,Tomeco,Copiulemu,19.1,23.48,False,73.75916230366492
Thu Jun 27 08:33:48 2024,Copiulemu,Tomeco,15.5,22.002,False,85.1690322580645
