Fecha,From,To,Tiempo (min),Distancia (km),Real Time,Velocidad promedia
Thu Jan 18 11:28:20 2024,Tomeco,Copiulemu,17.783333333333335,23.48,True,79.22024367385191
Thu Jan 18 11:28:20 2024,Copiulemu,Tomeco,15.0,22.002,True,88.008
Thu Jan 18 11:28:20 2024,Tomeco,Copiulemu,17.733333333333334,23.48,False,79.44360902255639
Thu Jan 18 11:28:20 2024,Copiulemu,Tomeco,14.883333333333333,22.002,False,88.69787234042553
