Fecha,From,To,Tiempo (min),Distancia (km),Real Time,Velocidad promedia
Thu Apr  4 14:30:00 2024,Tomeco,Copiulemu,18.3,23.48,True,76.98360655737706
Thu Apr  4 14:30:00 2024,Copiulemu,Tomeco,16.283333333333335,22.002,True,81.0718526100307
Thu Apr  4 14:30:00 2024,Tomeco,Copiulemu,17.633333333333333,23.48,False,79.89413988657846
Thu Apr  4 14:30:00 2024,Copiulemu,Tomeco,15.35,22.002,False,86.0013029315961
