Fecha,From,To,Tiempo (min),Distancia (km),Real Time,Velocidad promedia
Thu Sep 12 18:39:26 2024,Tomeco,Copiulemu,18.033333333333335,23.712,True,78.89390018484288
Thu Sep 12 18:39:26 2024,Copiulemu,Tomeco,15.266666666666667,22.002,True,86.47074235807858
Thu Sep 12 18:39:26 2024,Tomeco,Copiulemu,17.85,23.712,False,79.70420168067226
Thu Sep 12 18:39:26 2024,Copiulemu,Tomeco,15.233333333333333,22.002,False,86.65995623632385
