Fecha,From,To,Tiempo (min),Distancia (km),Real Time,Velocidad promedia
Thu Apr 14 09:34:42 2022,Tomeco,Copiulemu,18.333333333333332,23.39,True,76.54909090909092
Thu Apr 14 09:34:42 2022,Copiulemu,Tomeco,15.2,21.461,True,84.71447368421053
Thu Apr 14 09:34:42 2022,Tomeco,Copiulemu,18.333333333333332,23.39,False,76.54909090909092
Thu Apr 14 09:34:42 2022,Copiulemu,Tomeco,15.2,21.461,False,84.71447368421053
