Fecha,From,To,Tiempo (min),Distancia (km),Real Time,Velocidad promedia
Thu Dec 14 05:29:36 2023,Tomeco,Copiulemu,18.6,23.649,True,76.28709677419356
Thu Dec 14 05:29:36 2023,Copiulemu,Tomeco,15.45,21.461,True,83.34368932038834
Thu Dec 14 05:29:36 2023,Tomeco,Copiulemu,18.6,23.649,False,76.28709677419356
Thu Dec 14 05:29:36 2023,Copiulemu,Tomeco,15.45,21.461,False,83.34368932038834
