Fecha,From,To,Tiempo (min),Distancia (km),Real Time,Velocidad promedia
Thu Dec 21 20:28:03 2023,Tomeco,Copiulemu,17.316666666666666,23.39,True,81.04331087584217
Thu Dec 21 20:28:03 2023,Copiulemu,Tomeco,16.2,22.002,True,81.4888888888889
Thu Dec 21 20:28:03 2023,Tomeco,Copiulemu,18.25,23.39,False,76.89863013698631
Thu Dec 21 20:28:03 2023,Copiulemu,Tomeco,16.533333333333335,22.002,False,79.84596774193547
