Fecha,From,To,Tiempo (min),Distancia (km),Real Time,Velocidad promedia
Thu Jun 23 04:04:55 2022,Tomeco,Copiulemu,18.1,23.39,True,77.53591160220994
Thu Jun 23 04:04:55 2022,Copiulemu,Tomeco,16.133333333333333,22.002,True,81.82561983471074
Thu Jun 23 04:04:55 2022,Tomeco,Copiulemu,17.8,23.39,False,78.84269662921348
Thu Jun 23 04:04:55 2022,Copiulemu,Tomeco,16.133333333333333,22.002,False,81.82561983471074
