Fecha,From,To,Tiempo (min),Distancia (km),Real Time,Velocidad promedia
Thu Jul 14 20:36:30 2022,Tomeco,Copiulemu,17.416666666666668,23.39,True,80.57799043062201
Thu Jul 14 20:36:30 2022,Copiulemu,Tomeco,15.366666666666667,22.002,True,85.90802603036876
Thu Jul 14 20:36:30 2022,Tomeco,Copiulemu,17.433333333333334,23.39,False,80.50095602294455
Thu Jul 14 20:36:30 2022,Copiulemu,Tomeco,15.266666666666667,22.002,False,86.47074235807858
