Fecha,From,To,Tiempo (min),Distancia (km),Real Time,Velocidad promedia
Thu Dec  7 14:30:45 2023,Tomeco,Copiulemu,17.033333333333335,23.39,True,82.39138943248531
Thu Dec  7 14:30:45 2023,Copiulemu,Tomeco,15.033333333333333,21.461,True,85.65365853658537
Thu Dec  7 14:30:45 2023,Tomeco,Copiulemu,16.966666666666665,23.39,False,82.71512770137525
Thu Dec  7 14:30:45 2023,Copiulemu,Tomeco,15.083333333333334,21.461,False,85.36972375690607
