Fecha,From,To,Tiempo (min),Distancia (km),Real Time,Velocidad promedia
Thu Oct 31 23:31:52 2024,Tomeco,Copiulemu,18.066666666666666,23.45,True,77.87822878228782
Thu Oct 31 23:31:52 2024,Copiulemu,Tomeco,15.566666666666666,21.968,True,84.67323340471093
Thu Oct 31 23:31:52 2024,Tomeco,Copiulemu,18.066666666666666,23.45,False,77.87822878228782
Thu Oct 31 23:31:52 2024,Copiulemu,Tomeco,15.566666666666666,21.968,False,84.67323340471093
