Fecha,From,To,Tiempo (min),Distancia (km),Real Time,Velocidad promedia
Thu Oct  6 04:11:19 2022,Tomeco,Copiulemu,18.4,23.39,True,76.2717391304348
Thu Oct  6 04:11:19 2022,Copiulemu,Tomeco,15.133333333333333,22.002,True,87.23259911894272
Thu Oct  6 04:11:19 2022,Tomeco,Copiulemu,17.15,23.39,False,81.83090379008746
Thu Oct  6 04:11:19 2022,Copiulemu,Tomeco,15.133333333333333,22.002,False,87.23259911894272
