Fecha,From,To,Tiempo (min),Distancia (km),Real Time,Velocidad promedia
Thu Aug  4 15:40:53 2022,Tomeco,Copiulemu,16.466666666666665,23.39,True,85.22672064777329
Thu Aug  4 15:40:53 2022,Copiulemu,Tomeco,15.233333333333333,22.002,True,86.65995623632385
Thu Aug  4 15:40:53 2022,Tomeco,Copiulemu,16.4,23.39,False,85.57317073170732
Thu Aug  4 15:40:53 2022,Copiulemu,Tomeco,15.066666666666666,22.002,False,87.61858407079646
