Fecha,From,To,Tiempo (min),Distancia (km),Real Time,Velocidad promedia
Thu May 16 07:28:06 2024,Tomeco,Copiulemu,18.85,23.48,True,74.73740053050398
Thu May 16 07:28:06 2024,Copiulemu,Tomeco,15.583333333333334,22.002,True,84.71358288770053
Thu May 16 07:28:06 2024,Tomeco,Copiulemu,18.85,23.48,False,74.73740053050398
Thu May 16 07:28:06 2024,Copiulemu,Tomeco,15.583333333333334,22.002,False,84.71358288770053
