Fecha,From,To,Tiempo (min),Distancia (km),Real Time,Velocidad promedia
Thu Dec 14 01:33:52 2023,Tomeco,Copiulemu,17.516666666666666,23.649,True,81.00513796384396
Thu Dec 14 01:33:52 2023,Copiulemu,Tomeco,15.233333333333333,21.461,True,84.52910284463894
Thu Dec 14 01:33:52 2023,Tomeco,Copiulemu,17.483333333333334,23.649,False,81.15958055290753
Thu Dec 14 01:33:52 2023,Copiulemu,Tomeco,15.233333333333333,21.461,False,84.52910284463894
