Fecha,From,To,Tiempo (min),Distancia (km),Real Time,Velocidad promedia
Thu Jun 23 22:34:09 2022,Tomeco,Copiulemu,18.2,23.39,True,77.1098901098901
Thu Jun 23 22:34:09 2022,Copiulemu,Tomeco,15.866666666666667,22.002,True,83.20084033613446
Thu Jun 23 22:34:09 2022,Tomeco,Copiulemu,17.7,23.39,False,79.28813559322035
Thu Jun 23 22:34:09 2022,Copiulemu,Tomeco,15.516666666666667,22.002,False,85.07755102040815
