Fecha,From,To,Tiempo (min),Distancia (km),Real Time,Velocidad promedia
Thu Mar 21 18:29:45 2024,Tomeco,Copiulemu,17.716666666666665,23.48,True,79.51834430856069
Thu Mar 21 18:29:45 2024,Copiulemu,Tomeco,15.066666666666666,22.002,True,87.61858407079646
Thu Mar 21 18:29:45 2024,Tomeco,Copiulemu,17.716666666666665,23.48,False,79.51834430856069
Thu Mar 21 18:29:45 2024,Copiulemu,Tomeco,14.883333333333333,22.002,False,88.69787234042553
