Fecha,From,To,Tiempo (min),Distancia (km),Real Time,Velocidad promedia
Thu Mar 21 22:29:07 2024,Tomeco,Copiulemu,17.933333333333334,23.48,True,78.55762081784387
Thu Mar 21 22:29:07 2024,Copiulemu,Tomeco,14.933333333333334,22.002,True,88.40089285714285
Thu Mar 21 22:29:07 2024,Tomeco,Copiulemu,17.65,23.48,False,79.8186968838527
Thu Mar 21 22:29:07 2024,Copiulemu,Tomeco,14.933333333333334,22.002,False,88.40089285714285
