Fecha,From,To,Tiempo (min),Distancia (km),Real Time,Velocidad promedia
Thu May 30 19:28:14 2024,Tomeco,Copiulemu,19.3,23.48,True,72.99481865284974
Thu May 30 19:28:14 2024,Copiulemu,Tomeco,15.216666666666667,22.002,True,86.75487404162102
Thu May 30 19:28:14 2024,Tomeco,Copiulemu,18.75,23.48,False,75.136
Thu May 30 19:28:14 2024,Copiulemu,Tomeco,15.15,22.002,False,87.13663366336633
