Fecha,From,To,Tiempo (min),Distancia (km),Real Time,Velocidad promedia
Thu May  2 12:45:26 2024,Tomeco,Copiulemu,17.983333333333334,23.48,True,78.33920296570899
Thu May  2 12:45:26 2024,Copiulemu,Tomeco,15.666666666666666,22.002,True,84.26297872340425
Thu May  2 12:45:26 2024,Tomeco,Copiulemu,17.966666666666665,23.48,False,78.41187384044528
Thu May  2 12:45:26 2024,Copiulemu,Tomeco,14.733333333333333,22.002,False,89.60090497737556
