Fecha,From,To,Tiempo (min),Distancia (km),Real Time,Velocidad promedia
Thu May  5 08:42:14 2022,Tomeco,Copiulemu,17.4,23.39,True,80.65517241379311
Thu May  5 08:42:14 2022,Copiulemu,Tomeco,15.316666666666666,22.002,True,86.18846572361262
Thu May  5 08:42:14 2022,Tomeco,Copiulemu,17.4,23.39,False,80.65517241379311
Thu May  5 08:42:14 2022,Copiulemu,Tomeco,15.316666666666666,22.002,False,86.18846572361262
