Fecha,From,To,Tiempo (min),Distancia (km),Real Time,Velocidad promedia
Thu Oct 10 01:56:00 2024,Tomeco,Copiulemu,18.616666666666667,23.48,True,75.67412712623099
Thu Oct 10 01:56:00 2024,Copiulemu,Tomeco,15.716666666666667,22.002,True,83.99490986214211
Thu Oct 10 01:56:00 2024,Tomeco,Copiulemu,18.6,23.48,False,75.74193548387098
Thu Oct 10 01:56:00 2024,Copiulemu,Tomeco,15.8,22.002,False,83.5518987341772
