Fecha,From,To,Tiempo (min),Distancia (km),Real Time,Velocidad promedia
Thu Oct 26 02:29:52 2023,Tomeco,Copiulemu,18.25,23.649,True,77.75013698630138
Thu Oct 26 02:29:52 2023,Copiulemu,Tomeco,15.316666666666666,22.002,True,86.18846572361262
Thu Oct 26 02:29:52 2023,Tomeco,Copiulemu,18.25,23.649,False,77.75013698630138
Thu Oct 26 02:29:52 2023,Copiulemu,Tomeco,15.316666666666666,22.002,False,86.18846572361262
