Fecha,From,To,Tiempo (min),Distancia (km),Real Time,Velocidad promedia
Thu Sep 26 23:31:26 2024,Tomeco,Copiulemu,18.516666666666666,23.744,True,76.93825382538253
Thu Sep 26 23:31:26 2024,Copiulemu,Tomeco,16.05,22.002,True,82.25046728971962
Thu Sep 26 23:31:26 2024,Tomeco,Copiulemu,18.516666666666666,23.744,False,76.93825382538253
Thu Sep 26 23:31:26 2024,Copiulemu,Tomeco,15.583333333333334,22.002,False,84.71358288770053
