Fecha,From,To,Tiempo (min),Distancia (km),Real Time,Velocidad promedia
Thu Dec 12 16:43:49 2024,Tomeco,Copiulemu,17.533333333333335,23.45,True,80.24714828897336
Thu Dec 12 16:43:49 2024,Copiulemu,Tomeco,15.916666666666666,21.968,True,82.81130890052356
Thu Dec 12 16:43:49 2024,Tomeco,Copiulemu,17.233333333333334,23.45,False,81.64410058027079
Thu Dec 12 16:43:49 2024,Copiulemu,Tomeco,15.483333333333333,21.968,False,85.12895586652314
