Fecha,From,To,Tiempo (min),Distancia (km),Real Time,Velocidad promedia
Thu Apr 28 22:35:58 2022,Tomeco,Copiulemu,17.316666666666666,23.39,True,81.04331087584217
Thu Apr 28 22:35:58 2022,Copiulemu,Tomeco,15.283333333333333,21.461,True,84.25256270447109
Thu Apr 28 22:35:58 2022,Tomeco,Copiulemu,17.283333333333335,23.39,False,81.19961427193829
Thu Apr 28 22:35:58 2022,Copiulemu,Tomeco,15.283333333333333,21.461,False,84.25256270447109
