Fecha,From,To,Tiempo (min),Distancia (km),Real Time,Velocidad promedia
Thu Feb 15 16:31:50 2024,Tomeco,Copiulemu,18.666666666666668,23.48,True,75.47142857142858
Thu Feb 15 16:31:50 2024,Copiulemu,Tomeco,16.45,22.002,True,80.25045592705166
Thu Feb 15 16:31:50 2024,Tomeco,Copiulemu,18.6,23.48,False,75.74193548387098
Thu Feb 15 16:31:50 2024,Copiulemu,Tomeco,16.133333333333333,22.002,False,81.82561983471074
