Fecha,From,To,Tiempo (min),Distancia (km),Real Time,Velocidad promedia
Thu Aug 29 18:37:59 2024,Tomeco,Copiulemu,18.05,23.712,True,78.82105263157895
Thu Aug 29 18:37:59 2024,Copiulemu,Tomeco,15.5,22.002,True,85.1690322580645
Thu Aug 29 18:37:59 2024,Tomeco,Copiulemu,18.05,23.712,False,78.82105263157895
Thu Aug 29 18:37:59 2024,Copiulemu,Tomeco,15.266666666666667,22.002,False,86.47074235807858
