Fecha,From,To,Tiempo (min),Distancia (km),Real Time,Velocidad promedia
Thu Mar 17 02:52:46 2022,Tomeco,Copiulemu,18.533333333333335,23.39,True,75.72302158273381
Thu Mar 17 02:52:46 2022,Copiulemu,Tomeco,15.6,22.002,True,84.62307692307692
Thu Mar 17 02:52:46 2022,Tomeco,Copiulemu,18.5,23.39,False,75.85945945945946
Thu Mar 17 02:52:46 2022,Copiulemu,Tomeco,15.55,22.002,False,84.8951768488746
