Fecha,From,To,Tiempo (min),Distancia (km),Real Time,Velocidad promedia
Thu Jun 13 21:28:03 2024,Tomeco,Copiulemu,18.666666666666668,23.48,True,75.47142857142858
Thu Jun 13 21:28:03 2024,Copiulemu,Tomeco,15.483333333333333,22.002,True,85.26071044133477
Thu Jun 13 21:28:03 2024,Tomeco,Copiulemu,18.516666666666666,23.48,False,76.08280828082809
Thu Jun 13 21:28:03 2024,Copiulemu,Tomeco,15.466666666666667,22.002,False,85.35258620689655
