Fecha,From,To,Tiempo (min),Distancia (km),Real Time,Velocidad promedia
Thu Sep  7 15:28:08 2023,Tomeco,Copiulemu,18.4,23.39,True,76.2717391304348
Thu Sep  7 15:28:08 2023,Copiulemu,Tomeco,15.583333333333334,22.002,True,84.71358288770053
Thu Sep  7 15:28:08 2023,Tomeco,Copiulemu,17.533333333333335,23.39,False,80.04182509505702
Thu Sep  7 15:28:08 2023,Copiulemu,Tomeco,15.383333333333333,22.002,False,85.81495124593715
