Fecha,From,To,Tiempo (min),Distancia (km),Real Time,Velocidad promedia
Thu Mar 17 13:36:26 2022,Tomeco,Copiulemu,18.233333333333334,23.39,True,76.9689213893967
Thu Mar 17 13:36:26 2022,Copiulemu,Tomeco,15.183333333333334,21.461,True,84.80746432491767
Thu Mar 17 13:36:26 2022,Tomeco,Copiulemu,18.2,23.39,False,77.1098901098901
Thu Mar 17 13:36:26 2022,Copiulemu,Tomeco,16.1,21.461,False,79.97888198757762
