Fecha,From,To,Tiempo (min),Distancia (km),Real Time,Velocidad promedia
Thu May  2 04:31:16 2024,Tomeco,Copiulemu,18.783333333333335,23.48,True,75.00266193433895
Thu May  2 04:31:16 2024,Copiulemu,Tomeco,15.75,22.002,True,83.81714285714285
Thu May  2 04:31:16 2024,Tomeco,Copiulemu,18.783333333333335,23.48,False,75.00266193433895
Thu May  2 04:31:16 2024,Copiulemu,Tomeco,15.75,22.002,False,83.81714285714285
