Fecha,From,To,Tiempo (min),Distancia (km),Real Time,Velocidad promedia
Thu Jul  7 10:39:09 2022,Tomeco,Copiulemu,16.95,23.39,True,82.79646017699116
Thu Jul  7 10:39:09 2022,Copiulemu,Tomeco,15.316666666666666,22.002,True,86.18846572361262
Thu Jul  7 10:39:09 2022,Tomeco,Copiulemu,17.0,23.39,False,82.5529411764706
Thu Jul  7 10:39:09 2022,Copiulemu,Tomeco,15.266666666666667,22.002,False,86.47074235807858
