Fecha,From,To,Tiempo (min),Distancia (km),Real Time,Velocidad promedia
Thu Jun  2 07:38:19 2022,Tomeco,Copiulemu,17.4,23.39,True,80.65517241379311
Thu Jun  2 07:38:19 2022,Copiulemu,Tomeco,15.583333333333334,22.002,True,84.71358288770053
Thu Jun  2 07:38:19 2022,Tomeco,Copiulemu,17.1,23.39,False,82.07017543859648
Thu Jun  2 07:38:19 2022,Copiulemu,Tomeco,15.583333333333334,22.002,False,84.71358288770053
