Fecha,From,To,Tiempo (min),Distancia (km),Real Time,Velocidad promedia
Thu Aug  4 23:34:14 2022,Tomeco,Copiulemu,17.466666666666665,23.39,True,80.34732824427482
Thu Aug  4 23:34:14 2022,Copiulemu,Tomeco,15.2,22.002,True,86.85000000000001
Thu Aug  4 23:34:14 2022,Tomeco,Copiulemu,17.283333333333335,23.39,False,81.19961427193829
Thu Aug  4 23:34:14 2022,Copiulemu,Tomeco,15.133333333333333,22.002,False,87.23259911894272
