Fecha,From,To,Tiempo (min),Distancia (km),Real Time,Velocidad promedia
Thu Apr 14 11:30:32 2022,Tomeco,Copiulemu,18.283333333333335,23.39,True,76.7584320875114
Thu Apr 14 11:30:32 2022,Copiulemu,Tomeco,14.933333333333334,21.461,True,86.22723214285713
Thu Apr 14 11:30:32 2022,Tomeco,Copiulemu,17.266666666666666,23.39,False,81.27799227799228
Thu Apr 14 11:30:32 2022,Copiulemu,Tomeco,14.066666666666666,21.461,False,91.53981042654028
