Fecha,From,To,Tiempo (min),Distancia (km),Real Time,Velocidad promedia
Thu Oct 31 04:38:43 2024,Tomeco,Copiulemu,19.35,23.45,True,72.71317829457364
Thu Oct 31 04:38:43 2024,Copiulemu,Tomeco,16.133333333333333,21.968,True,81.699173553719
Thu Oct 31 04:38:43 2024,Tomeco,Copiulemu,19.3,23.45,False,72.90155440414507
Thu Oct 31 04:38:43 2024,Copiulemu,Tomeco,15.716666666666667,21.968,False,83.86511134676564
