Fecha,From,To,Tiempo (min),Distancia (km),Real Time,Velocidad promedia
Thu Jul 18 14:31:31 2024,Tomeco,Copiulemu,18.9,23.48,True,74.53968253968254
Thu Jul 18 14:31:31 2024,Copiulemu,Tomeco,15.55,22.002,True,84.8951768488746
Thu Jul 18 14:31:31 2024,Tomeco,Copiulemu,18.216666666666665,23.48,False,77.33577310155536
Thu Jul 18 14:31:31 2024,Copiulemu,Tomeco,15.216666666666667,22.002,False,86.75487404162102
