Fecha,From,To,Tiempo (min),Distancia (km),Real Time,Velocidad promedia
Thu Jun  9 21:30:36 2022,Tomeco,Copiulemu,17.1,23.39,True,82.07017543859648
Thu Jun  9 21:30:36 2022,Copiulemu,Tomeco,15.283333333333333,22.002,True,86.37644492911667
Thu Jun  9 21:30:36 2022,Tomeco,Copiulemu,17.066666666666666,23.39,False,82.23046875
Thu Jun  9 21:30:36 2022,Copiulemu,Tomeco,15.25,22.002,False,86.56524590163934
