Fecha,From,To,Tiempo (min),Distancia (km),Real Time,Velocidad promedia
Thu Mar 17 18:38:57 2022,Tomeco,Copiulemu,17.983333333333334,23.39,True,78.03892493049119
Thu Mar 17 18:38:57 2022,Copiulemu,Tomeco,15.983333333333333,22.002,True,82.59353493222106
Thu Mar 17 18:38:57 2022,Tomeco,Copiulemu,19.933333333333334,23.39,False,70.40468227424749
Thu Mar 17 18:38:57 2022,Copiulemu,Tomeco,15.816666666666666,22.002,False,83.46385669125394
