Fecha,From,To,Tiempo (min),Distancia (km),Real Time,Velocidad promedia
Thu Dec 28 10:31:28 2023,Tomeco,Copiulemu,17.116666666666667,23.39,True,81.9902629016553
Thu Dec 28 10:31:28 2023,Copiulemu,Tomeco,15.4,21.461,True,83.61428571428571
Thu Dec 28 10:31:28 2023,Tomeco,Copiulemu,17.083333333333332,23.39,False,82.15024390243903
Thu Dec 28 10:31:28 2023,Copiulemu,Tomeco,15.366666666666667,21.461,False,83.79566160520606
