Fecha,From,To,Tiempo (min),Distancia (km),Real Time,Velocidad promedia
Thu May 30 18:35:31 2024,Tomeco,Copiulemu,18.483333333333334,23.48,True,76.2200180342651
Thu May 30 18:35:31 2024,Copiulemu,Tomeco,15.233333333333333,22.002,True,86.65995623632385
Thu May 30 18:35:31 2024,Tomeco,Copiulemu,18.433333333333334,23.48,False,76.42676311030742
Thu May 30 18:35:31 2024,Copiulemu,Tomeco,15.183333333333334,22.002,False,86.94533479692646
