Fecha,From,To,Tiempo (min),Distancia (km),Real Time,Velocidad promedia
Thu Jun 16 06:41:05 2022,Tomeco,Copiulemu,17.266666666666666,23.39,True,81.27799227799228
Thu Jun 16 06:41:05 2022,Copiulemu,Tomeco,15.616666666666667,22.002,True,84.53276414087513
Thu Jun 16 06:41:05 2022,Tomeco,Copiulemu,17.266666666666666,23.39,False,81.27799227799228
Thu Jun 16 06:41:05 2022,Copiulemu,Tomeco,15.616666666666667,22.002,False,84.53276414087513
