Fecha,From,To,Tiempo (min),Distancia (km),Real Time,Velocidad promedia
Thu Oct 10 11:28:26 2024,Tomeco,Copiulemu,17.833333333333332,23.712,True,79.77869158878505
Thu Oct 10 11:28:26 2024,Copiulemu,Tomeco,14.616666666666667,22.002,True,90.31607753705815
Thu Oct 10 11:28:26 2024,Tomeco,Copiulemu,17.833333333333332,23.712,False,79.77869158878505
Thu Oct 10 11:28:26 2024,Copiulemu,Tomeco,14.616666666666667,22.002,False,90.31607753705815
