Fecha,From,To,Tiempo (min),Distancia (km),Real Time,Velocidad promedia
Thu Jun  9 15:36:09 2022,Tomeco,Copiulemu,16.716666666666665,23.39,True,83.95214356929213
Thu Jun  9 15:36:09 2022,Copiulemu,Tomeco,15.566666666666666,22.002,True,84.80428265524625
Thu Jun  9 15:36:09 2022,Tomeco,Copiulemu,16.583333333333332,23.39,False,84.62713567839198
Thu Jun  9 15:36:09 2022,Copiulemu,Tomeco,15.35,22.002,False,86.0013029315961
