Fecha,From,To,Tiempo (min),Distancia (km),Real Time,Velocidad promedia
Thu Jul 21 16:51:00 2022,Tomeco,Copiulemu,17.5,23.39,True,80.19428571428571
Thu Jul 21 16:51:00 2022,Copiulemu,Tomeco,15.6,22.002,True,84.62307692307692
Thu Jul 21 16:51:00 2022,Tomeco,Copiulemu,17.216666666666665,23.39,False,81.51403678606003
Thu Jul 21 16:51:00 2022,Copiulemu,Tomeco,15.233333333333333,22.002,False,86.65995623632385
