Fecha,From,To,Tiempo (min),Distancia (km),Real Time,Velocidad promedia
Thu Feb 22 20:28:01 2024,Tomeco,Copiulemu,18.866666666666667,23.48,True,74.67137809187278
Thu Feb 22 20:28:01 2024,Copiulemu,Tomeco,16.266666666666666,22.002,True,81.1549180327869
Thu Feb 22 20:28:01 2024,Tomeco,Copiulemu,18.866666666666667,23.48,False,74.67137809187278
Thu Feb 22 20:28:01 2024,Copiulemu,Tomeco,16.233333333333334,22.002,False,81.32156057494866
