Fecha,From,To,Tiempo (min),Distancia (km),Real Time,Velocidad promedia
Thu Oct 24 03:38:31 2024,Tomeco,Copiulemu,18.816666666666666,23.48,True,74.8697962798937
Thu Oct 24 03:38:31 2024,Copiulemu,Tomeco,16.016666666666666,22.002,True,82.4216441207076
Thu Oct 24 03:38:31 2024,Tomeco,Copiulemu,18.8,23.48,False,74.93617021276596
Thu Oct 24 03:38:31 2024,Copiulemu,Tomeco,16.016666666666666,22.002,False,82.4216441207076
