Fecha,From,To,Tiempo (min),Distancia (km),Real Time,Velocidad promedia
Thu Jan 18 09:28:08 2024,Tomeco,Copiulemu,17.7,23.48,True,79.59322033898306
Thu Jan 18 09:28:08 2024,Copiulemu,Tomeco,14.866666666666667,22.002,True,88.79730941704035
Thu Jan 18 09:28:08 2024,Tomeco,Copiulemu,17.7,23.48,False,79.59322033898306
Thu Jan 18 09:28:08 2024,Copiulemu,Tomeco,14.866666666666667,22.002,False,88.79730941704035
