Fecha,From,To,Tiempo (min),Distancia (km),Real Time,Velocidad promedia
Thu Dec 21 06:31:49 2023,Tomeco,Copiulemu,18.033333333333335,23.39,True,77.82255083179297
Thu Dec 21 06:31:49 2023,Copiulemu,Tomeco,16.833333333333332,22.002,True,78.42297029702969
Thu Dec 21 06:31:49 2023,Tomeco,Copiulemu,18.033333333333335,23.39,False,77.82255083179297
Thu Dec 21 06:31:49 2023,Copiulemu,Tomeco,16.833333333333332,22.002,False,78.42297029702969
