Fecha,From,To,Tiempo (min),Distancia (km),Real Time,Velocidad promedia
Thu Jun 16 21:31:31 2022,Tomeco,Copiulemu,18.716666666666665,23.39,True,74.98130008904721
Thu Jun 16 21:31:31 2022,Copiulemu,Tomeco,15.583333333333334,22.002,True,84.71358288770053
Thu Jun 16 21:31:31 2022,Tomeco,Copiulemu,16.866666666666667,23.39,False,83.20553359683794
Thu Jun 16 21:31:31 2022,Copiulemu,Tomeco,15.25,22.002,False,86.56524590163934
