Fecha,From,To,Tiempo (min),Distancia (km),Real Time,Velocidad promedia
Thu Aug 11 13:51:51 2022,Tomeco,Copiulemu,16.933333333333334,23.39,True,82.87795275590551
Thu Aug 11 13:51:51 2022,Copiulemu,Tomeco,15.483333333333333,22.002,True,85.26071044133477
Thu Aug 11 13:51:51 2022,Tomeco,Copiulemu,16.6,23.39,False,84.5421686746988
Thu Aug 11 13:51:51 2022,Copiulemu,Tomeco,15.083333333333334,22.002,False,87.5217679558011
