Fecha,From,To,Tiempo (min),Distancia (km),Real Time,Velocidad promedia
Thu Sep  7 13:31:25 2023,Tomeco,Copiulemu,17.633333333333333,23.39,True,79.58790170132326
Thu Sep  7 13:31:25 2023,Copiulemu,Tomeco,15.6,22.002,True,84.62307692307692
Thu Sep  7 13:31:25 2023,Tomeco,Copiulemu,17.5,23.39,False,80.19428571428571
Thu Sep  7 13:31:25 2023,Copiulemu,Tomeco,15.316666666666666,22.002,False,86.18846572361262
