Fecha,From,To,Tiempo (min),Distancia (km),Real Time,Velocidad promedia
Thu Nov  9 05:28:44 2023,Tomeco,Copiulemu,18.116666666666667,23.39,True,77.46458141674333
Thu Nov  9 05:28:44 2023,Copiulemu,Tomeco,15.466666666666667,22.002,True,85.35258620689655
Thu Nov  9 05:28:44 2023,Tomeco,Copiulemu,18.116666666666667,23.39,False,77.46458141674333
Thu Nov  9 05:28:44 2023,Copiulemu,Tomeco,15.466666666666667,22.002,False,85.35258620689655
