Fecha,From,To,Tiempo (min),Distancia (km),Real Time,Velocidad promedia
Thu Sep 28 06:31:22 2023,Tomeco,Copiulemu,17.733333333333334,23.649,True,80.01541353383459
Thu Sep 28 06:31:22 2023,Copiulemu,Tomeco,16.05,22.002,True,82.25046728971962
Thu Sep 28 06:31:22 2023,Tomeco,Copiulemu,17.733333333333334,23.649,False,80.01541353383459
Thu Sep 28 06:31:22 2023,Copiulemu,Tomeco,16.033333333333335,22.002,False,82.33596673596672
