Fecha,From,To,Tiempo (min),Distancia (km),Real Time,Velocidad promedia
Thu Mar 14 21:28:06 2024,Tomeco,Copiulemu,17.966666666666665,23.48,True,78.41187384044528
Thu Mar 14 21:28:06 2024,Copiulemu,Tomeco,15.566666666666666,22.002,True,84.80428265524625
Thu Mar 14 21:28:06 2024,Tomeco,Copiulemu,17.45,23.48,False,80.73352435530086
Thu Mar 14 21:28:06 2024,Copiulemu,Tomeco,15.466666666666667,22.002,False,85.35258620689655
