Fecha,From,To,Tiempo (min),Distancia (km),Real Time,Velocidad promedia
Thu Nov 28 10:41:11 2024,Tomeco,Copiulemu,17.266666666666666,23.45,True,81.4864864864865
Thu Nov 28 10:41:11 2024,Copiulemu,Tomeco,15.166666666666666,21.968,True,86.90637362637364
Thu Nov 28 10:41:11 2024,Tomeco,Copiulemu,17.216666666666665,23.45,False,81.72313649564377
Thu Nov 28 10:41:11 2024,Copiulemu,Tomeco,15.166666666666666,21.968,False,86.90637362637364
