Fecha,From,To,Tiempo (min),Distancia (km),Real Time,Velocidad promedia
Thu Jun 23 02:35:29 2022,Tomeco,Copiulemu,17.866666666666667,23.39,True,78.54850746268656
Thu Jun 23 02:35:29 2022,Copiulemu,Tomeco,15.433333333333334,22.002,True,85.53693304535636
Thu Jun 23 02:35:29 2022,Tomeco,Copiulemu,17.283333333333335,23.39,False,81.19961427193829
Thu Jun 23 02:35:29 2022,Copiulemu,Tomeco,15.433333333333334,22.002,False,85.53693304535636
