Fecha,From,To,Tiempo (min),Distancia (km),Real Time,Velocidad promedia
Thu Aug 11 20:35:02 2022,Tomeco,Copiulemu,17.216666666666665,23.39,True,81.51403678606003
Thu Aug 11 20:35:02 2022,Copiulemu,Tomeco,14.983333333333333,21.461,True,85.93948832035595
Thu Aug 11 20:35:02 2022,Tomeco,Copiulemu,16.933333333333334,23.39,False,82.87795275590551
Thu Aug 11 20:35:02 2022,Copiulemu,Tomeco,15.083333333333334,22.002,False,87.5217679558011
