Fecha,From,To,Tiempo (min),Distancia (km),Real Time,Velocidad promedia
Thu Sep  1 15:40:47 2022,Tomeco,Copiulemu,16.9,23.39,True,83.04142011834321
Thu Sep  1 15:40:47 2022,Copiulemu,Tomeco,15.85,22.002,True,83.28832807570977
Thu Sep  1 15:40:47 2022,Tomeco,Copiulemu,16.883333333333333,23.39,False,83.12339585389932
Thu Sep  1 15:40:47 2022,Copiulemu,Tomeco,15.116666666666667,22.002,False,87.328776185226
