Fecha,From,To,Tiempo (min),Distancia (km),Real Time,Velocidad promedia
Thu Sep 19 21:29:16 2024,Tomeco,Copiulemu,18.883333333333333,23.48,True,74.60547219770521
Thu Sep 19 21:29:16 2024,Copiulemu,Tomeco,15.316666666666666,22.002,True,86.18846572361262
Thu Sep 19 21:29:16 2024,Tomeco,Copiulemu,18.733333333333334,23.48,False,75.20284697508896
Thu Sep 19 21:29:16 2024,Copiulemu,Tomeco,15.266666666666667,22.002,False,86.47074235807858
