Fecha,From,To,Tiempo (min),Distancia (km),Real Time,Velocidad promedia
Thu Oct  5 17:28:48 2023,Tomeco,Copiulemu,17.1,23.649,True,82.97894736842105
Thu Oct  5 17:28:48 2023,Copiulemu,Tomeco,14.833333333333334,22.002,True,88.99685393258426
Thu Oct  5 17:28:48 2023,Tomeco,Copiulemu,16.95,23.649,False,83.71327433628319
Thu Oct  5 17:28:48 2023,Copiulemu,Tomeco,14.783333333333333,22.002,False,89.2978579481398
