Fecha,From,To,Tiempo (min),Distancia (km),Real Time,Velocidad promedia
Thu Oct 24 08:38:59 2024,Tomeco,Copiulemu,18.283333333333335,23.48,True,77.05378304466727
Thu Oct 24 08:38:59 2024,Copiulemu,Tomeco,15.433333333333334,22.002,True,85.53693304535636
Thu Oct 24 08:38:59 2024,Tomeco,Copiulemu,18.283333333333335,23.48,False,77.05378304466727
Thu Oct 24 08:38:59 2024,Copiulemu,Tomeco,15.433333333333334,22.002,False,85.53693304535636
