Fecha,From,To,Tiempo (min),Distancia (km),Real Time,Velocidad promedia
Thu Oct 19 12:46:55 2023,Tomeco,Copiulemu,17.616666666666667,23.39,True,79.6631977294229
Thu Oct 19 12:46:55 2023,Copiulemu,Tomeco,14.866666666666667,22.002,True,88.79730941704035
Thu Oct 19 12:46:55 2023,Tomeco,Copiulemu,17.133333333333333,23.39,False,81.91050583657588
Thu Oct 19 12:46:55 2023,Copiulemu,Tomeco,14.866666666666667,22.002,False,88.79730941704035
