Fecha,From,To,Tiempo (min),Distancia (km),Real Time,Velocidad promedia
Thu Sep 21 18:30:59 2023,Tomeco,Copiulemu,17.233333333333334,23.649,True,82.33694390715668
Thu Sep 21 18:30:59 2023,Copiulemu,Tomeco,15.983333333333333,22.002,True,82.59353493222106
Thu Sep 21 18:30:59 2023,Tomeco,Copiulemu,17.066666666666666,23.649,False,83.14101562500001
Thu Sep 21 18:30:59 2023,Copiulemu,Tomeco,15.55,22.002,False,84.8951768488746
