Fecha,From,To,Tiempo (min),Distancia (km),Real Time,Velocidad promedia
Thu Sep 28 12:46:08 2023,Tomeco,Copiulemu,17.316666666666666,23.649,True,81.94071222329164
Thu Sep 28 12:46:08 2023,Copiulemu,Tomeco,15.383333333333333,22.002,True,85.81495124593715
Thu Sep 28 12:46:08 2023,Tomeco,Copiulemu,17.316666666666666,23.649,False,81.94071222329164
Thu Sep 28 12:46:08 2023,Copiulemu,Tomeco,15.366666666666667,22.002,False,85.90802603036876
