Fecha,From,To,Tiempo (min),Distancia (km),Real Time,Velocidad promedia
Thu Oct 26 15:28:04 2023,Tomeco,Copiulemu,17.183333333333334,23.649,True,82.57652764306498
Thu Oct 26 15:28:04 2023,Copiulemu,Tomeco,15.616666666666667,22.002,True,84.53276414087513
Thu Oct 26 15:28:04 2023,Tomeco,Copiulemu,17.183333333333334,23.649,False,82.57652764306498
Thu Oct 26 15:28:04 2023,Copiulemu,Tomeco,15.083333333333334,22.002,False,87.5217679558011
