Fecha,From,To,Tiempo (min),Distancia (km),Real Time,Velocidad promedia
Thu Oct  5 13:33:03 2023,Tomeco,Copiulemu,17.216666666666665,23.649,True,82.41665053242984
Thu Oct  5 13:33:03 2023,Copiulemu,Tomeco,14.933333333333334,22.002,True,88.40089285714285
Thu Oct  5 13:33:03 2023,Tomeco,Copiulemu,17.216666666666665,23.649,False,82.41665053242984
Thu Oct  5 13:33:03 2023,Copiulemu,Tomeco,14.75,22.002,False,89.49966101694915
