Fecha,From,To,Tiempo (min),Distancia (km),Real Time,Velocidad promedia
Thu May  2 16:33:32 2024,Tomeco,Copiulemu,18.616666666666667,23.48,True,75.67412712623099
Thu May  2 16:33:32 2024,Copiulemu,Tomeco,15.5,22.002,True,85.1690322580645
Thu May  2 16:33:32 2024,Tomeco,Copiulemu,18.133333333333333,23.48,False,77.69117647058823
Thu May  2 16:33:32 2024,Copiulemu,Tomeco,15.433333333333334,22.002,False,85.53693304535636
