Fecha,From,To,Tiempo (min),Distancia (km),Real Time,Velocidad promedia
Thu Jun 20 16:37:29 2024,Tomeco,Copiulemu,18.483333333333334,23.48,True,76.2200180342651
Thu Jun 20 16:37:29 2024,Copiulemu,Tomeco,15.316666666666666,22.002,True,86.18846572361262
Thu Jun 20 16:37:29 2024,Tomeco,Copiulemu,18.466666666666665,23.48,False,76.28880866425993
Thu Jun 20 16:37:29 2024,Copiulemu,Tomeco,15.3,22.002,False,86.28235294117647
