Fecha,From,To,Tiempo (min),Distancia (km),Real Time,Velocidad promedia
Thu Apr 28 07:32:20 2022,Tomeco,Copiulemu,17.066666666666666,23.39,True,82.23046875
Thu Apr 28 07:32:20 2022,Copiulemu,Tomeco,15.15,21.461,True,84.99405940594059
Thu Apr 28 07:32:20 2022,Tomeco,Copiulemu,17.066666666666666,23.39,False,82.23046875
Thu Apr 28 07:32:20 2022,Copiulemu,Tomeco,15.15,21.461,False,84.99405940594059
