Fecha,From,To,Tiempo (min),Distancia (km),Real Time,Velocidad promedia
Thu Mar 21 04:30:58 2024,Tomeco,Copiulemu,18.383333333333333,23.739,True,77.47996373526746
Thu Mar 21 04:30:58 2024,Copiulemu,Tomeco,15.55,22.002,True,84.8951768488746
Thu Mar 21 04:30:58 2024,Tomeco,Copiulemu,18.383333333333333,23.739,False,77.47996373526746
Thu Mar 21 04:30:58 2024,Copiulemu,Tomeco,15.566666666666666,22.002,False,84.80428265524625
