Fecha,From,To,Tiempo (min),Distancia (km),Real Time,Velocidad promedia
Thu Mar 14 20:28:14 2024,Tomeco,Copiulemu,18.316666666666666,23.48,True,76.91355777979983
Thu Mar 14 20:28:14 2024,Copiulemu,Tomeco,15.116666666666667,22.002,True,87.328776185226
Thu Mar 14 20:28:14 2024,Tomeco,Copiulemu,17.35,23.48,False,81.19884726224784
Thu Mar 14 20:28:14 2024,Copiulemu,Tomeco,15.033333333333333,22.002,False,87.81286031042129
