Fecha,From,To,Tiempo (min),Distancia (km),Real Time,Velocidad promedia
Thu Dec 12 14:38:50 2024,Tomeco,Copiulemu,17.733333333333334,23.45,True,79.34210526315789
Thu Dec 12 14:38:50 2024,Copiulemu,Tomeco,15.983333333333333,21.968,True,82.46590198123045
Thu Dec 12 14:38:50 2024,Tomeco,Copiulemu,17.333333333333332,23.45,False,81.17307692307693
Thu Dec 12 14:38:50 2024,Copiulemu,Tomeco,15.25,21.968,False,86.43147540983607
