Fecha,From,To,Tiempo (min),Distancia (km),Real Time,Velocidad promedia
Thu Oct  5 15:28:25 2023,Tomeco,Copiulemu,17.166666666666668,23.649,True,82.6566990291262
Thu Oct  5 15:28:25 2023,Copiulemu,Tomeco,14.866666666666667,22.002,True,88.79730941704035
Thu Oct  5 15:28:25 2023,Tomeco,Copiulemu,17.1,23.649,False,82.97894736842105
Thu Oct  5 15:28:25 2023,Copiulemu,Tomeco,14.85,22.002,False,88.89696969696969
