Fecha,From,To,Tiempo (min),Distancia (km),Real Time,Velocidad promedia
Thu Jul  7 15:45:32 2022,Tomeco,Copiulemu,18.266666666666666,23.39,True,76.82846715328468
Thu Jul  7 15:45:32 2022,Copiulemu,Tomeco,15.9,22.002,True,83.02641509433961
Thu Jul  7 15:45:32 2022,Tomeco,Copiulemu,18.216666666666665,23.39,False,77.03934126258005
Thu Jul  7 15:45:32 2022,Copiulemu,Tomeco,15.533333333333333,22.002,False,84.9862660944206
