Fecha,From,To,Tiempo (min),Distancia (km),Real Time,Velocidad promedia
Thu Jun 20 03:31:05 2024,Tomeco,Copiulemu,19.083333333333332,23.48,True,73.82358078602621
Thu Jun 20 03:31:05 2024,Copiulemu,Tomeco,18.0,22.002,True,73.34
Thu Jun 20 03:31:05 2024,Tomeco,Copiulemu,19.066666666666666,23.48,False,73.8881118881119
Thu Jun 20 03:31:05 2024,Copiulemu,Tomeco,16.266666666666666,22.002,False,81.1549180327869
