Fecha,From,To,Tiempo (min),Distancia (km),Real Time,Velocidad promedia
Thu Aug  1 14:31:34 2024,Tomeco,Copiulemu,19.366666666666667,23.48,True,72.74354561101549
Thu Aug  1 14:31:34 2024,Copiulemu,Tomeco,16.2,22.002,True,81.4888888888889
Thu Aug  1 14:31:34 2024,Tomeco,Copiulemu,18.283333333333335,23.48,False,77.05378304466727
Thu Aug  1 14:31:34 2024,Copiulemu,Tomeco,15.55,22.002,False,84.8951768488746
