Fecha,From,To,Tiempo (min),Distancia (km),Real Time,Velocidad promedia
Thu Jun 20 19:28:12 2024,Tomeco,Copiulemu,18.433333333333334,23.739,True,77.26980108499096
Thu Jun 20 19:28:12 2024,Copiulemu,Tomeco,15.1,22.002,True,87.4251655629139
Thu Jun 20 19:28:12 2024,Tomeco,Copiulemu,18.433333333333334,23.739,False,77.26980108499096
Thu Jun 20 19:28:12 2024,Copiulemu,Tomeco,15.083333333333334,22.002,False,87.5217679558011
