Fecha,From,To,Tiempo (min),Distancia (km),Real Time,Velocidad promedia
Thu Dec 21 23:28:00 2023,Tomeco,Copiulemu,18.016666666666666,23.39,True,77.89454209065681
Thu Dec 21 23:28:00 2023,Copiulemu,Tomeco,16.616666666666667,22.002,True,79.44553660982949
Thu Dec 21 23:28:00 2023,Tomeco,Copiulemu,17.916666666666668,23.39,False,78.3293023255814
Thu Dec 21 23:28:00 2023,Copiulemu,Tomeco,16.616666666666667,22.002,False,79.44553660982949
