Fecha,From,To,Tiempo (min),Distancia (km),Real Time,Velocidad promedia
Thu Mar  7 11:28:13 2024,Tomeco,Copiulemu,17.933333333333334,23.48,True,78.55762081784387
Thu Mar  7 11:28:13 2024,Copiulemu,Tomeco,15.066666666666666,22.002,True,87.61858407079646
Thu Mar  7 11:28:13 2024,Tomeco,Copiulemu,17.45,23.48,False,80.73352435530086
Thu Mar  7 11:28:13 2024,Copiulemu,Tomeco,14.866666666666667,22.002,False,88.79730941704035
