Fecha,From,To,Tiempo (min),Distancia (km),Real Time,Velocidad promedia
Thu Jun 13 09:29:11 2024,Tomeco,Copiulemu,19.45,23.48,True,72.4318766066838
Thu Jun 13 09:29:11 2024,Copiulemu,Tomeco,15.616666666666667,22.002,True,84.53276414087513
Thu Jun 13 09:29:11 2024,Tomeco,Copiulemu,19.433333333333334,23.48,False,72.49399656946827
Thu Jun 13 09:29:11 2024,Copiulemu,Tomeco,15.616666666666667,22.002,False,84.53276414087513
