Fecha,From,To,Tiempo (min),Distancia (km),Real Time,Velocidad promedia
Thu Sep 21 10:31:53 2023,Tomeco,Copiulemu,17.3,23.649,True,82.01965317919075
Thu Sep 21 10:31:53 2023,Copiulemu,Tomeco,16.2,22.002,True,81.4888888888889
Thu Sep 21 10:31:53 2023,Tomeco,Copiulemu,17.3,23.649,False,82.01965317919075
Thu Sep 21 10:31:53 2023,Copiulemu,Tomeco,15.766666666666667,22.002,False,83.72854122621564
