Fecha,From,To,Tiempo (min),Distancia (km),Real Time,Velocidad promedia
Thu Sep  7 22:28:43 2023,Tomeco,Copiulemu,17.633333333333333,23.39,True,79.58790170132326
Thu Sep  7 22:28:43 2023,Copiulemu,Tomeco,15.8,22.002,True,83.5518987341772
Thu Sep  7 22:28:43 2023,Tomeco,Copiulemu,17.616666666666667,23.39,False,79.6631977294229
Thu Sep  7 22:28:43 2023,Copiulemu,Tomeco,15.783333333333333,22.002,False,83.64012671594509
