Fecha,From,To,Tiempo (min),Distancia (km),Real Time,Velocidad promedia
Thu Jun 20 11:28:13 2024,Tomeco,Copiulemu,18.466666666666665,23.48,True,76.28880866425993
Thu Jun 20 11:28:13 2024,Copiulemu,Tomeco,16.5,22.002,True,80.00727272727272
Thu Jun 20 11:28:13 2024,Tomeco,Copiulemu,18.45,23.48,False,76.35772357723577
Thu Jun 20 11:28:13 2024,Copiulemu,Tomeco,15.2,22.002,False,86.85000000000001
