Fecha,From,To,Tiempo (min),Distancia (km),Real Time,Velocidad promedia
Thu Aug 18 19:29:47 2022,Tomeco,Copiulemu,18.3,23.39,True,76.68852459016394
Thu Aug 18 19:29:47 2022,Copiulemu,Tomeco,15.016666666666667,22.002,True,87.91032186459489
Thu Aug 18 19:29:47 2022,Tomeco,Copiulemu,17.183333333333334,23.39,False,81.6721629485936
Thu Aug 18 19:29:47 2022,Copiulemu,Tomeco,14.966666666666667,22.002,False,88.20400890868596
