Fecha,From,To,Tiempo (min),Distancia (km),Real Time,Velocidad promedia
Thu Jul 18 10:34:12 2024,Tomeco,Copiulemu,20.866666666666667,23.48,True,67.51437699680511
Thu Jul 18 10:34:12 2024,Copiulemu,Tomeco,15.683333333333334,22.002,True,84.17343251859724
Thu Jul 18 10:34:12 2024,Tomeco,Copiulemu,18.833333333333332,23.48,False,74.80353982300885
Thu Jul 18 10:34:12 2024,Copiulemu,Tomeco,15.683333333333334,22.002,False,84.17343251859724
