Fecha,From,To,Tiempo (min),Distancia (km),Real Time,Velocidad promedia
Thu Sep 21 08:30:55 2023,Tomeco,Copiulemu,18.083333333333332,23.649,True,78.46672811059909
Thu Sep 21 08:30:55 2023,Copiulemu,Tomeco,15.716666666666667,22.002,True,83.99490986214211
Thu Sep 21 08:30:55 2023,Tomeco,Copiulemu,18.083333333333332,23.649,False,78.46672811059909
Thu Sep 21 08:30:55 2023,Copiulemu,Tomeco,15.7,22.002,False,84.08407643312101
