Fecha,From,To,Tiempo (min),Distancia (km),Real Time,Velocidad promedia
Thu Jul 25 14:30:56 2024,Tomeco,Copiulemu,18.333333333333332,23.48,True,76.84363636363638
Thu Jul 25 14:30:56 2024,Copiulemu,Tomeco,15.5,22.002,True,85.1690322580645
Thu Jul 25 14:30:56 2024,Tomeco,Copiulemu,18.316666666666666,23.48,False,76.91355777979983
Thu Jul 25 14:30:56 2024,Copiulemu,Tomeco,15.5,22.002,False,85.1690322580645
