Fecha,From,To,Tiempo (min),Distancia (km),Real Time,Velocidad promedia
Thu Mar 14 03:27:59 2024,Tomeco,Copiulemu,20.083333333333332,23.739,True,70.92149377593361
Thu Mar 14 03:27:59 2024,Copiulemu,Tomeco,15.566666666666666,22.002,True,84.80428265524625
Thu Mar 14 03:27:59 2024,Tomeco,Copiulemu,18.166666666666668,23.739,False,78.4040366972477
Thu Mar 14 03:27:59 2024,Copiulemu,Tomeco,15.55,22.002,False,84.8951768488746
