Fecha,From,To,Tiempo (min),Distancia (km),Real Time,Velocidad promedia
Thu Jun 27 21:28:01 2024,Tomeco,Copiulemu,19.066666666666666,23.48,True,73.8881118881119
Thu Jun 27 21:28:01 2024,Copiulemu,Tomeco,16.9,22.002,True,78.11360946745563
Thu Jun 27 21:28:01 2024,Tomeco,Copiulemu,18.45,23.48,False,76.35772357723577
Thu Jun 27 21:28:01 2024,Copiulemu,Tomeco,15.466666666666667,22.002,False,85.35258620689655
