Fecha,From,To,Tiempo (min),Distancia (km),Real Time,Velocidad promedia
Thu Apr 11 22:30:54 2024,Tomeco,Copiulemu,17.5,23.48,True,80.50285714285714
Thu Apr 11 22:30:54 2024,Copiulemu,Tomeco,15.233333333333333,22.002,True,86.65995623632385
Thu Apr 11 22:30:54 2024,Tomeco,Copiulemu,18.116666666666667,23.48,False,77.76264949402024
Thu Apr 11 22:30:54 2024,Copiulemu,Tomeco,15.183333333333334,22.002,False,86.94533479692646
