Fecha,From,To,Tiempo (min),Distancia (km),Real Time,Velocidad promedia
Thu Feb 15 23:28:01 2024,Tomeco,Copiulemu,24.083333333333332,23.48,True,58.49688581314879
Thu Feb 15 23:28:01 2024,Copiulemu,Tomeco,16.85,22.002,True,78.3454005934718
Thu Feb 15 23:28:01 2024,Tomeco,Copiulemu,19.383333333333333,23.48,False,72.68099742046432
Thu Feb 15 23:28:01 2024,Copiulemu,Tomeco,16.283333333333335,22.002,False,81.0718526100307
