Fecha,From,To,Tiempo (min),Distancia (km),Real Time,Velocidad promedia
Thu Mar 21 09:28:06 2024,Tomeco,Copiulemu,17.2,23.48,True,81.90697674418604
Thu Mar 21 09:28:06 2024,Copiulemu,Tomeco,15.25,22.002,True,86.56524590163934
Thu Mar 21 09:28:06 2024,Tomeco,Copiulemu,17.083333333333332,23.48,False,82.46634146341464
Thu Mar 21 09:28:06 2024,Copiulemu,Tomeco,14.95,22.002,False,88.30234113712375
