Fecha,From,To,Tiempo (min),Distancia (km),Real Time,Velocidad promedia
Thu Jul 14 18:41:21 2022,Tomeco,Copiulemu,17.783333333333335,23.39,True,78.91658856607309
Thu Jul 14 18:41:21 2022,Copiulemu,Tomeco,15.7,22.002,True,84.08407643312101
Thu Jul 14 18:41:21 2022,Tomeco,Copiulemu,17.333333333333332,23.39,False,80.96538461538462
Thu Jul 14 18:41:21 2022,Copiulemu,Tomeco,15.483333333333333,22.002,False,85.26071044133477
