Fecha,From,To,Tiempo (min),Distancia (km),Real Time,Velocidad promedia
Thu Mar  7 08:28:03 2024,Tomeco,Copiulemu,18.65,23.48,True,75.53887399463808
Thu Mar  7 08:28:03 2024,Copiulemu,Tomeco,15.133333333333333,22.002,True,87.23259911894272
Thu Mar  7 08:28:03 2024,Tomeco,Copiulemu,18.65,23.48,False,75.53887399463808
Thu Mar  7 08:28:03 2024,Copiulemu,Tomeco,14.983333333333333,22.002,False,88.1058954393771
