Fecha,From,To,Tiempo (min),Distancia (km),Real Time,Velocidad promedia
Thu Jun  2 08:43:27 2022,Tomeco,Copiulemu,16.95,23.39,True,82.79646017699116
Thu Jun  2 08:43:27 2022,Copiulemu,Tomeco,15.783333333333333,22.002,True,83.64012671594509
Thu Jun  2 08:43:27 2022,Tomeco,Copiulemu,17.35,23.39,False,80.88760806916426
Thu Jun  2 08:43:27 2022,Copiulemu,Tomeco,15.766666666666667,22.002,False,83.72854122621564
