Fecha,From,To,Tiempo (min),Distancia (km),Real Time,Velocidad promedia
Thu Sep 26 20:32:12 2024,Tomeco,Copiulemu,17.85,23.712,True,79.70420168067226
Thu Sep 26 20:32:12 2024,Copiulemu,Tomeco,15.45,22.002,True,85.44466019417474
Thu Sep 26 20:32:12 2024,Tomeco,Copiulemu,17.883333333333333,23.712,False,79.5556383970177
Thu Sep 26 20:32:12 2024,Copiulemu,Tomeco,15.333333333333334,22.002,False,86.09478260869564
