Fecha,From,To,Tiempo (min),Distancia (km),Real Time,Velocidad promedia
Thu Mar 24 17:44:11 2022,Tomeco,Copiulemu,17.9,23.39,True,78.40223463687153
Thu Mar 24 17:44:11 2022,Copiulemu,Tomeco,15.616666666666667,21.461,True,82.45421558164354
Thu Mar 24 17:44:11 2022,Tomeco,Copiulemu,17.85,23.39,False,78.62184873949579
Thu Mar 24 17:44:11 2022,Copiulemu,Tomeco,15.45,21.461,False,83.34368932038834
