Fecha,From,To,Tiempo (min),Distancia (km),Real Time,Velocidad promedia
Thu Apr 11 23:28:00 2024,Tomeco,Copiulemu,18.283333333333335,23.48,True,77.05378304466727
Thu Apr 11 23:28:00 2024,Copiulemu,Tomeco,15.466666666666667,22.002,True,85.35258620689655
Thu Apr 11 23:28:00 2024,Tomeco,Copiulemu,17.716666666666665,23.48,False,79.51834430856069
Thu Apr 11 23:28:00 2024,Copiulemu,Tomeco,15.083333333333334,22.002,False,87.5217679558011
