Fecha,From,To,Tiempo (min),Distancia (km),Real Time,Velocidad promedia
Thu Mar 24 07:30:54 2022,Tomeco,Copiulemu,18.683333333333334,23.39,True,75.11507582515611
Thu Mar 24 07:30:54 2022,Copiulemu,Tomeco,15.566666666666666,22.002,True,84.80428265524625
Thu Mar 24 07:30:54 2022,Tomeco,Copiulemu,18.683333333333334,23.39,False,75.11507582515611
Thu Mar 24 07:30:54 2022,Copiulemu,Tomeco,15.566666666666666,22.002,False,84.80428265524625
