Fecha,From,To,Tiempo (min),Distancia (km),Real Time,Velocidad promedia
Thu Apr 14 06:42:50 2022,Tomeco,Copiulemu,18.183333333333334,23.39,True,77.18056828597616
Thu Apr 14 06:42:50 2022,Copiulemu,Tomeco,14.933333333333334,21.461,True,86.22723214285713
Thu Apr 14 06:42:50 2022,Tomeco,Copiulemu,18.2,23.39,False,77.1098901098901
Thu Apr 14 06:42:50 2022,Copiulemu,Tomeco,14.933333333333334,21.461,False,86.22723214285713
