Fecha,From,To,Tiempo (min),Distancia (km),Real Time,Velocidad promedia
Thu Nov 16 15:28:09 2023,Tomeco,Copiulemu,17.35,23.39,True,80.88760806916426
Thu Nov 16 15:28:09 2023,Copiulemu,Tomeco,15.416666666666666,22.002,True,85.62940540540541
Thu Nov 16 15:28:09 2023,Tomeco,Copiulemu,17.316666666666666,23.39,False,81.04331087584217
Thu Nov 16 15:28:09 2023,Copiulemu,Tomeco,15.333333333333334,22.002,False,86.09478260869564
