Fecha,From,To,Tiempo (min),Distancia (km),Real Time,Velocidad promedia
Thu Aug 15 07:28:07 2024,Tomeco,Copiulemu,18.416666666666668,23.48,True,76.49592760180995
Thu Aug 15 07:28:07 2024,Copiulemu,Tomeco,16.683333333333334,22.002,True,79.12807192807192
Thu Aug 15 07:28:07 2024,Tomeco,Copiulemu,18.416666666666668,23.48,False,76.49592760180995
Thu Aug 15 07:28:07 2024,Copiulemu,Tomeco,15.833333333333334,22.002,False,83.37599999999999
