Fecha,From,To,Tiempo (min),Distancia (km),Real Time,Velocidad promedia
Thu Oct 10 17:34:03 2024,Tomeco,Copiulemu,17.916666666666668,23.712,True,79.40762790697674
Thu Oct 10 17:34:03 2024,Copiulemu,Tomeco,16.066666666666666,22.002,True,82.16514522821576
Thu Oct 10 17:34:03 2024,Tomeco,Copiulemu,17.716666666666665,23.712,False,80.30404515522108
Thu Oct 10 17:34:03 2024,Copiulemu,Tomeco,15.25,22.002,False,86.56524590163934
