Fecha,From,To,Tiempo (min),Distancia (km),Real Time,Velocidad promedia
Thu Jun  9 04:02:27 2022,Tomeco,Copiulemu,17.35,23.39,True,80.88760806916426
Thu Jun  9 04:02:27 2022,Copiulemu,Tomeco,15.633333333333333,22.002,True,84.44264392324094
Thu Jun  9 04:02:27 2022,Tomeco,Copiulemu,17.35,23.39,False,80.88760806916426
Thu Jun  9 04:02:27 2022,Copiulemu,Tomeco,15.633333333333333,22.002,False,84.44264392324094
