Fecha,From,To,Tiempo (min),Distancia (km),Real Time,Velocidad promedia
Thu May 23 22:30:13 2024,Tomeco,Copiulemu,19.533333333333335,23.48,True,72.12286689419794
Thu May 23 22:30:13 2024,Copiulemu,Tomeco,15.533333333333333,22.002,True,84.9862660944206
Thu May 23 22:30:13 2024,Tomeco,Copiulemu,18.066666666666666,23.48,False,77.97785977859779
Thu May 23 22:30:13 2024,Copiulemu,Tomeco,15.583333333333334,22.002,False,84.71358288770053
