Fecha,From,To,Tiempo (min),Distancia (km),Real Time,Velocidad promedia
Thu Jun 30 16:57:52 2022,Tomeco,Copiulemu,17.133333333333333,23.39,True,81.91050583657588
Thu Jun 30 16:57:52 2022,Copiulemu,Tomeco,15.366666666666667,22.002,True,85.90802603036876
Thu Jun 30 16:57:52 2022,Tomeco,Copiulemu,16.866666666666667,23.39,False,83.20553359683794
Thu Jun 30 16:57:52 2022,Copiulemu,Tomeco,15.283333333333333,22.002,False,86.37644492911667
