Fecha,From,To,Tiempo (min),Distancia (km),Real Time,Velocidad promedia
Thu Aug 22 18:36:42 2024,Tomeco,Copiulemu,22.85,23.712,True,62.26345733041575
Thu Aug 22 18:36:42 2024,Copiulemu,Tomeco,15.4,22.002,True,85.72207792207791
Thu Aug 22 18:36:42 2024,Tomeco,Copiulemu,18.083333333333332,23.712,False,78.6757603686636
Thu Aug 22 18:36:42 2024,Copiulemu,Tomeco,15.283333333333333,22.002,False,86.37644492911667
