Fecha,From,To,Tiempo (min),Distancia (km),Real Time,Velocidad promedia
Thu Oct  6 22:43:18 2022,Tomeco,Copiulemu,17.466666666666665,23.39,True,80.34732824427482
Thu Oct  6 22:43:18 2022,Copiulemu,Tomeco,15.3,22.002,True,86.28235294117647
Thu Oct  6 22:43:18 2022,Tomeco,Copiulemu,17.116666666666667,23.39,False,81.9902629016553
Thu Oct  6 22:43:18 2022,Copiulemu,Tomeco,15.3,22.002,False,86.28235294117647
