Fecha,From,To,Tiempo (min),Distancia (km),Real Time,Velocidad promedia
Thu Apr 28 04:46:39 2022,Tomeco,Copiulemu,18.416666666666668,23.39,True,76.2027149321267
Thu Apr 28 04:46:39 2022,Copiulemu,Tomeco,15.233333333333333,22.002,True,86.65995623632385
Thu Apr 28 04:46:39 2022,Tomeco,Copiulemu,17.233333333333334,23.39,False,81.43520309477756
Thu Apr 28 04:46:39 2022,Copiulemu,Tomeco,15.233333333333333,22.002,False,86.65995623632385
