Fecha,From,To,Tiempo (min),Distancia (km),Real Time,Velocidad promedia
Thu Jun 30 15:40:47 2022,Tomeco,Copiulemu,16.4,23.39,True,85.57317073170732
Thu Jun 30 15:40:47 2022,Copiulemu,Tomeco,15.466666666666667,22.002,True,85.35258620689655
Thu Jun 30 15:40:47 2022,Tomeco,Copiulemu,16.383333333333333,23.39,False,85.66022380467956
Thu Jun 30 15:40:47 2022,Copiulemu,Tomeco,15.316666666666666,22.002,False,86.18846572361262
