Fecha,From,To,Tiempo (min),Distancia (km),Real Time,Velocidad promedia
Thu Sep 15 17:44:05 2022,Tomeco,Copiulemu,16.966666666666665,23.39,True,82.71512770137525
Thu Sep 15 17:44:05 2022,Copiulemu,Tomeco,15.133333333333333,22.002,True,87.23259911894272
Thu Sep 15 17:44:05 2022,Tomeco,Copiulemu,16.816666666666666,23.39,False,83.45292368681864
Thu Sep 15 17:44:05 2022,Copiulemu,Tomeco,14.683333333333334,22.002,False,89.90601589103291
