Fecha,From,To,Tiempo (min),Distancia (km),Real Time,Velocidad promedia
Thu Jul 11 16:35:23 2024,Tomeco,Copiulemu,18.666666666666668,23.48,True,75.47142857142858
Thu Jul 11 16:35:23 2024,Copiulemu,Tomeco,15.283333333333333,22.002,True,86.37644492911667
Thu Jul 11 16:35:23 2024,Tomeco,Copiulemu,18.45,23.48,False,76.35772357723577
Thu Jul 11 16:35:23 2024,Copiulemu,Tomeco,15.3,22.002,False,86.28235294117647
