Fecha,From,To,Tiempo (min),Distancia (km),Real Time,Velocidad promedia
Thu Dec  7 16:37:21 2023,Tomeco,Copiulemu,17.133333333333333,23.39,True,81.91050583657588
Thu Dec  7 16:37:21 2023,Copiulemu,Tomeco,15.05,22.002,True,87.71561461794019
Thu Dec  7 16:37:21 2023,Tomeco,Copiulemu,17.133333333333333,23.39,False,81.91050583657588
Thu Dec  7 16:37:21 2023,Copiulemu,Tomeco,15.05,22.002,False,87.71561461794019
