Fecha,From,To,Tiempo (min),Distancia (km),Real Time,Velocidad promedia
Thu Dec  5 21:31:47 2024,Tomeco,Copiulemu,19.533333333333335,23.45,True,72.03071672354947
Thu Dec  5 21:31:47 2024,Copiulemu,Tomeco,15.433333333333334,21.968,True,85.40475161987041
Thu Dec  5 21:31:47 2024,Tomeco,Copiulemu,17.183333333333334,23.45,False,81.88166828322016
Thu Dec  5 21:31:47 2024,Copiulemu,Tomeco,15.416666666666666,21.968,False,85.49708108108109
