Fecha,From,To,Tiempo (min),Distancia (km),Real Time,Velocidad promedia
Thu Aug  1 07:27:58 2024,Tomeco,Copiulemu,19.166666666666668,23.48,True,73.50260869565217
Thu Aug  1 07:27:58 2024,Copiulemu,Tomeco,15.616666666666667,22.002,True,84.53276414087513
Thu Aug  1 07:27:58 2024,Tomeco,Copiulemu,19.15,23.48,False,73.56657963446476
Thu Aug  1 07:27:58 2024,Copiulemu,Tomeco,15.616666666666667,22.002,False,84.53276414087513
