Fecha,From,To,Tiempo (min),Distancia (km),Real Time,Velocidad promedia
Thu Apr 11 18:29:41 2024,Tomeco,Copiulemu,17.983333333333334,23.48,True,78.33920296570899
Thu Apr 11 18:29:41 2024,Copiulemu,Tomeco,15.616666666666667,22.002,True,84.53276414087513
Thu Apr 11 18:29:41 2024,Tomeco,Copiulemu,17.583333333333332,23.48,False,80.12132701421802
Thu Apr 11 18:29:41 2024,Copiulemu,Tomeco,15.316666666666666,22.002,False,86.18846572361262
