Fecha,From,To,Tiempo (min),Distancia (km),Real Time,Velocidad promedia
Thu Apr 28 14:31:12 2022,Tomeco,Copiulemu,16.866666666666667,23.39,True,83.20553359683794
Thu Apr 28 14:31:12 2022,Copiulemu,Tomeco,15.25,21.461,True,84.43672131147541
Thu Apr 28 14:31:12 2022,Tomeco,Copiulemu,16.533333333333335,23.39,False,84.88306451612902
Thu Apr 28 14:31:12 2022,Copiulemu,Tomeco,14.816666666666666,21.461,False,86.90618672665916
