Fecha,From,To,Tiempo (min),Distancia (km),Real Time,Velocidad promedia
Thu Nov 28 19:28:02 2024,Tomeco,Copiulemu,17.966666666666665,23.45,True,78.31168831168831
Thu Nov 28 19:28:02 2024,Copiulemu,Tomeco,16.05,21.968,True,82.1233644859813
Thu Nov 28 19:28:02 2024,Tomeco,Copiulemu,18.016666666666666,23.45,False,78.09435707678077
Thu Nov 28 19:28:02 2024,Copiulemu,Tomeco,15.533333333333333,21.968,False,84.8549356223176
