Fecha,From,To,Tiempo (min),Distancia (km),Real Time,Velocidad promedia
Thu Jul 25 03:31:14 2024,Tomeco,Copiulemu,18.9,23.48,True,74.53968253968254
Thu Jul 25 03:31:14 2024,Copiulemu,Tomeco,16.283333333333335,22.002,True,81.0718526100307
Thu Jul 25 03:31:14 2024,Tomeco,Copiulemu,18.9,23.48,False,74.53968253968254
Thu Jul 25 03:31:14 2024,Copiulemu,Tomeco,16.283333333333335,22.002,False,81.0718526100307
