Fecha,From,To,Tiempo (min),Distancia (km),Real Time,Velocidad promedia
Thu Apr 25 07:28:14 2024,Tomeco,Copiulemu,18.8,23.48,True,74.93617021276596
Thu Apr 25 07:28:14 2024,Copiulemu,Tomeco,15.6,22.002,True,84.62307692307692
Thu Apr 25 07:28:14 2024,Tomeco,Copiulemu,18.8,23.48,False,74.93617021276596
Thu Apr 25 07:28:14 2024,Copiulemu,Tomeco,15.6,22.002,False,84.62307692307692
