Fecha,From,To,Tiempo (min),Distancia (km),Real Time,Velocidad promedia
Thu Apr 14 05:31:29 2022,Tomeco,Copiulemu,18.35,23.39,True,76.47956403269755
Thu Apr 14 05:31:29 2022,Copiulemu,Tomeco,15.166666666666666,22.002,True,87.04087912087913
Thu Apr 14 05:31:29 2022,Tomeco,Copiulemu,18.083333333333332,23.39,False,77.6073732718894
Thu Apr 14 05:31:29 2022,Copiulemu,Tomeco,15.166666666666666,22.002,False,87.04087912087913
