Fecha,From,To,Tiempo (min),Distancia (km),Real Time,Velocidad promedia
Thu Jul 21 20:37:31 2022,Tomeco,Copiulemu,17.533333333333335,23.39,True,80.04182509505702
Thu Jul 21 20:37:31 2022,Copiulemu,Tomeco,15.716666666666667,22.002,True,83.99490986214211
Thu Jul 21 20:37:31 2022,Tomeco,Copiulemu,17.466666666666665,23.39,False,80.34732824427482
Thu Jul 21 20:37:31 2022,Copiulemu,Tomeco,15.133333333333333,22.002,False,87.23259911894272
