Fecha,From,To,Tiempo (min),Distancia (km),Real Time,Velocidad promedia
Thu Oct 24 19:28:17 2024,Tomeco,Copiulemu,18.616666666666667,23.48,True,75.67412712623099
Thu Oct 24 19:28:17 2024,Copiulemu,Tomeco,16.166666666666668,22.002,True,81.65690721649483
Thu Oct 24 19:28:17 2024,Tomeco,Copiulemu,17.966666666666665,23.48,False,78.41187384044528
Thu Oct 24 19:28:17 2024,Copiulemu,Tomeco,15.566666666666666,22.002,False,84.80428265524625
