Fecha,From,To,Tiempo (min),Distancia (km),Real Time,Velocidad promedia
Thu Jan 11 08:31:50 2024,Tomeco,Copiulemu,18.9,23.48,True,74.53968253968254
Thu Jan 11 08:31:50 2024,Copiulemu,Tomeco,15.266666666666667,22.002,True,86.47074235807858
Thu Jan 11 08:31:50 2024,Tomeco,Copiulemu,18.9,23.48,False,74.53968253968254
Thu Jan 11 08:31:50 2024,Copiulemu,Tomeco,15.183333333333334,22.002,False,86.94533479692646
