Fecha,From,To,Tiempo (min),Distancia (km),Real Time,Velocidad promedia
Thu Jun 16 05:34:32 2022,Tomeco,Copiulemu,17.016666666666666,23.39,True,82.4720861900098
Thu Jun 16 05:34:32 2022,Copiulemu,Tomeco,15.583333333333334,22.002,True,84.71358288770053
Thu Jun 16 05:34:32 2022,Tomeco,Copiulemu,17.016666666666666,23.39,False,82.4720861900098
Thu Jun 16 05:34:32 2022,Copiulemu,Tomeco,15.583333333333334,22.002,False,84.71358288770053
