Fecha,From,To,Tiempo (min),Distancia (km),Real Time,Velocidad promedia
Thu Jun 20 12:47:07 2024,Tomeco,Copiulemu,18.716666666666665,23.48,True,75.26981300089048
Thu Jun 20 12:47:07 2024,Copiulemu,Tomeco,15.366666666666667,22.002,True,85.90802603036876
Thu Jun 20 12:47:07 2024,Tomeco,Copiulemu,18.45,23.48,False,76.35772357723577
Thu Jun 20 12:47:07 2024,Copiulemu,Tomeco,15.1,22.002,False,87.4251655629139
