Fecha,From,To,Tiempo (min),Distancia (km),Real Time,Velocidad promedia
Thu Aug 15 21:28:27 2024,Tomeco,Copiulemu,18.45,23.48,True,76.35772357723577
Thu Aug 15 21:28:27 2024,Copiulemu,Tomeco,15.3,22.002,True,86.28235294117647
Thu Aug 15 21:28:27 2024,Tomeco,Copiulemu,18.433333333333334,23.48,False,76.42676311030742
Thu Aug 15 21:28:27 2024,Copiulemu,Tomeco,15.316666666666666,22.002,False,86.18846572361262
