Fecha,From,To,Tiempo (min),Distancia (km),Real Time,Velocidad promedia
Thu Jun 27 14:30:54 2024,Tomeco,Copiulemu,18.466666666666665,23.739,True,77.1303249097473
Thu Jun 27 14:30:54 2024,Copiulemu,Tomeco,16.8,22.002,True,78.57857142857142
Thu Jun 27 14:30:54 2024,Tomeco,Copiulemu,18.316666666666666,23.739,False,77.76196542311193
Thu Jun 27 14:30:54 2024,Copiulemu,Tomeco,15.216666666666667,22.002,False,86.75487404162102
