Fecha,From,To,Tiempo (min),Distancia (km),Real Time,Velocidad promedia
Thu Aug 29 08:36:07 2024,Tomeco,Copiulemu,19.016666666666666,23.712,True,74.81437335670465
Thu Aug 29 08:36:07 2024,Copiulemu,Tomeco,15.9,22.002,True,83.02641509433961
Thu Aug 29 08:36:07 2024,Tomeco,Copiulemu,19.016666666666666,23.712,False,74.81437335670465
Thu Aug 29 08:36:07 2024,Copiulemu,Tomeco,15.9,22.002,False,83.02641509433961
