Fecha,From,To,Tiempo (min),Distancia (km),Real Time,Velocidad promedia
Thu Jun 20 06:35:46 2024,Tomeco,Copiulemu,18.966666666666665,23.48,True,74.27768014059755
Thu Jun 20 06:35:46 2024,Copiulemu,Tomeco,16.066666666666666,22.002,True,82.16514522821576
Thu Jun 20 06:35:46 2024,Tomeco,Copiulemu,18.7,23.48,False,75.33689839572193
Thu Jun 20 06:35:46 2024,Copiulemu,Tomeco,15.833333333333334,22.002,False,83.37599999999999
