Fecha,From,To,Tiempo (min),Distancia (km),Real Time,Velocidad promedia
Thu Jun 20 22:30:47 2024,Tomeco,Copiulemu,19.316666666666666,23.48,True,72.93183779119931
Thu Jun 20 22:30:47 2024,Copiulemu,Tomeco,16.183333333333334,22.002,True,81.5728115345005
Thu Jun 20 22:30:47 2024,Tomeco,Copiulemu,18.666666666666668,23.48,False,75.47142857142858
Thu Jun 20 22:30:47 2024,Copiulemu,Tomeco,15.716666666666667,22.002,False,83.99490986214211
