Fecha,From,To,Tiempo (min),Distancia (km),Real Time,Velocidad promedia
Thu Aug 25 03:03:33 2022,Tomeco,Copiulemu,17.25,23.39,True,81.35652173913044
Thu Aug 25 03:03:33 2022,Copiulemu,Tomeco,14.966666666666667,22.002,True,88.20400890868596
Thu Aug 25 03:03:33 2022,Tomeco,Copiulemu,17.25,23.39,False,81.35652173913044
Thu Aug 25 03:03:33 2022,Copiulemu,Tomeco,14.966666666666667,22.002,False,88.20400890868596
