Fecha,From,To,Tiempo (min),Distancia (km),Real Time,Velocidad promedia
Thu Aug  4 19:30:27 2022,Tomeco,Copiulemu,16.616666666666667,23.39,True,84.45737211634905
Thu Aug  4 19:30:27 2022,Copiulemu,Tomeco,15.483333333333333,22.002,True,85.26071044133477
Thu Aug  4 19:30:27 2022,Tomeco,Copiulemu,16.566666666666666,23.39,False,84.71227364185111
Thu Aug  4 19:30:27 2022,Copiulemu,Tomeco,14.933333333333334,22.002,False,88.40089285714285
