Fecha,From,To,Tiempo (min),Distancia (km),Real Time,Velocidad promedia
Thu May 26 19:30:07 2022,Tomeco,Copiulemu,17.1,23.39,True,82.07017543859648
Thu May 26 19:30:07 2022,Copiulemu,Tomeco,15.8,21.461,True,81.49746835443037
Thu May 26 19:30:07 2022,Tomeco,Copiulemu,17.066666666666666,23.39,False,82.23046875
Thu May 26 19:30:07 2022,Copiulemu,Tomeco,15.15,21.461,False,84.99405940594059
