Fecha,From,To,Tiempo (min),Distancia (km),Real Time,Velocidad promedia
Thu Sep 15 07:00:39 2022,Tomeco,Copiulemu,17.583333333333332,23.39,True,79.81421800947868
Thu Sep 15 07:00:39 2022,Copiulemu,Tomeco,15.366666666666667,22.002,True,85.90802603036876
Thu Sep 15 07:00:39 2022,Tomeco,Copiulemu,17.266666666666666,23.39,False,81.27799227799228
Thu Sep 15 07:00:39 2022,Copiulemu,Tomeco,15.366666666666667,22.002,False,85.90802603036876
