Fecha,From,To,Tiempo (min),Distancia (km),Real Time,Velocidad promedia
Thu Jun 16 15:39:03 2022,Tomeco,Copiulemu,16.7,23.39,True,84.03592814371258
Thu Jun 16 15:39:03 2022,Copiulemu,Tomeco,15.333333333333334,22.002,True,86.09478260869564
Thu Jun 16 15:39:03 2022,Tomeco,Copiulemu,16.566666666666666,23.39,False,84.71227364185111
Thu Jun 16 15:39:03 2022,Copiulemu,Tomeco,15.333333333333334,22.002,False,86.09478260869564
