Fecha,From,To,Tiempo (min),Distancia (km),Real Time,Velocidad promedia
Thu Aug 29 11:28:07 2024,Tomeco,Copiulemu,18.383333333333333,23.712,True,77.39184043517679
Thu Aug 29 11:28:07 2024,Copiulemu,Tomeco,15.616666666666667,22.002,True,84.53276414087513
Thu Aug 29 11:28:07 2024,Tomeco,Copiulemu,18.383333333333333,23.712,False,77.39184043517679
Thu Aug 29 11:28:07 2024,Copiulemu,Tomeco,15.333333333333334,22.002,False,86.09478260869564
