Fecha,From,To,Tiempo (min),Distancia (km),Real Time,Velocidad promedia
Thu Oct 12 06:31:54 2023,Tomeco,Copiulemu,18.283333333333335,23.39,True,76.7584320875114
Thu Oct 12 06:31:54 2023,Copiulemu,Tomeco,15.583333333333334,22.002,True,84.71358288770053
Thu Oct 12 06:31:54 2023,Tomeco,Copiulemu,18.283333333333335,23.39,False,76.7584320875114
Thu Oct 12 06:31:54 2023,Copiulemu,Tomeco,15.583333333333334,22.002,False,84.71358288770053
