Fecha,From,To,Tiempo (min),Distancia (km),Real Time,Velocidad promedia
Thu May 30 09:28:37 2024,Tomeco,Copiulemu,19.55,23.48,True,72.06138107416879
Thu May 30 09:28:37 2024,Copiulemu,Tomeco,14.983333333333333,22.002,True,88.1058954393771
Thu May 30 09:28:37 2024,Tomeco,Copiulemu,19.533333333333335,23.48,False,72.12286689419794
Thu May 30 09:28:37 2024,Copiulemu,Tomeco,14.983333333333333,22.002,False,88.1058954393771
