Fecha,From,To,Tiempo (min),Distancia (km),Real Time,Velocidad promedia
Thu Sep  1 11:32:48 2022,Tomeco,Copiulemu,16.933333333333334,23.39,True,82.87795275590551
Thu Sep  1 11:32:48 2022,Copiulemu,Tomeco,14.8,21.461,True,87.00405405405405
Thu Sep  1 11:32:48 2022,Tomeco,Copiulemu,16.933333333333334,23.39,False,82.87795275590551
Thu Sep  1 11:32:48 2022,Copiulemu,Tomeco,14.766666666666667,21.461,False,87.20045146726862
