Fecha,From,To,Tiempo (min),Distancia (km),Real Time,Velocidad promedia
Thu Sep 29 07:51:37 2022,Tomeco,Copiulemu,17.316666666666666,23.39,True,81.04331087584217
Thu Sep 29 07:51:37 2022,Copiulemu,Tomeco,15.283333333333333,22.002,True,86.37644492911667
Thu Sep 29 07:51:37 2022,Tomeco,Copiulemu,17.316666666666666,23.39,False,81.04331087584217
Thu Sep 29 07:51:37 2022,Copiulemu,Tomeco,15.283333333333333,22.002,False,86.37644492911667
