Fecha,From,To,Tiempo (min),Distancia (km),Real Time,Velocidad promedia
Thu Feb 15 04:29:51 2024,Tomeco,Copiulemu,17.933333333333334,23.48,True,78.55762081784387
Thu Feb 15 04:29:51 2024,Copiulemu,Tomeco,16.166666666666668,22.002,True,81.65690721649483
Thu Feb 15 04:29:51 2024,Tomeco,Copiulemu,17.933333333333334,23.48,False,78.55762081784387
Thu Feb 15 04:29:51 2024,Copiulemu,Tomeco,16.183333333333334,22.002,False,81.5728115345005
