Fecha,From,To,Tiempo (min),Distancia (km),Real Time,Velocidad promedia
Thu Apr 11 08:33:46 2024,Tomeco,Copiulemu,18.883333333333333,23.48,True,74.60547219770521
Thu Apr 11 08:33:46 2024,Copiulemu,Tomeco,15.583333333333334,22.002,True,84.71358288770053
Thu Apr 11 08:33:46 2024,Tomeco,Copiulemu,18.883333333333333,23.48,False,74.60547219770521
Thu Apr 11 08:33:46 2024,Copiulemu,Tomeco,15.566666666666666,22.002,False,84.80428265524625
