Fecha,From,To,Tiempo (min),Distancia (km),Real Time,Velocidad promedia
Thu Sep 12 02:53:15 2024,Tomeco,Copiulemu,18.45,23.48,True,76.35772357723577
Thu Sep 12 02:53:15 2024,Copiulemu,Tomeco,16.066666666666666,22.002,True,82.16514522821576
Thu Sep 12 02:53:15 2024,Tomeco,Copiulemu,18.45,23.48,False,76.35772357723577
Thu Sep 12 02:53:15 2024,Copiulemu,Tomeco,16.066666666666666,22.002,False,82.16514522821576
