Fecha,From,To,Tiempo (min),Distancia (km),Real Time,Velocidad promedia
Thu May 16 12:46:47 2024,Tomeco,Copiulemu,19.533333333333335,23.48,True,72.12286689419794
Thu May 16 12:46:47 2024,Copiulemu,Tomeco,14.866666666666667,22.002,True,88.79730941704035
Thu May 16 12:46:47 2024,Tomeco,Copiulemu,18.033333333333335,23.48,False,78.12199630314232
Thu May 16 12:46:47 2024,Copiulemu,Tomeco,14.866666666666667,22.002,False,88.79730941704035
