Fecha,From,To,Tiempo (min),Distancia (km),Real Time,Velocidad promedia
Thu Aug  8 22:32:10 2024,Tomeco,Copiulemu,18.733333333333334,23.48,True,75.20284697508896
Thu Aug  8 22:32:10 2024,Copiulemu,Tomeco,15.966666666666667,22.002,True,82.67974947807932
Thu Aug  8 22:32:10 2024,Tomeco,Copiulemu,18.7,23.48,False,75.33689839572193
Thu Aug  8 22:32:10 2024,Copiulemu,Tomeco,15.883333333333333,22.002,False,83.11353620146905
