Fecha,From,To,Tiempo (min),Distancia (km),Real Time,Velocidad promedia
Thu Jul 25 18:33:40 2024,Tomeco,Copiulemu,18.45,23.48,True,76.35772357723577
Thu Jul 25 18:33:40 2024,Copiulemu,Tomeco,15.25,22.002,True,86.56524590163934
Thu Jul 25 18:33:40 2024,Tomeco,Copiulemu,18.166666666666668,23.48,False,77.548623853211
Thu Jul 25 18:33:40 2024,Copiulemu,Tomeco,15.116666666666667,22.002,False,87.328776185226
