Fecha,From,To,Tiempo (min),Distancia (km),Real Time,Velocidad promedia
Thu Aug  1 06:37:48 2024,Tomeco,Copiulemu,18.633333333333333,23.48,True,75.60644007155636
Thu Aug  1 06:37:48 2024,Copiulemu,Tomeco,15.933333333333334,22.002,True,82.85271966527196
Thu Aug  1 06:37:48 2024,Tomeco,Copiulemu,18.616666666666667,23.48,False,75.67412712623099
Thu Aug  1 06:37:48 2024,Copiulemu,Tomeco,15.933333333333334,22.002,False,82.85271966527196
