Fecha,From,To,Tiempo (min),Distancia (km),Real Time,Velocidad promedia
Thu Oct 31 17:35:35 2024,Tomeco,Copiulemu,18.65,23.45,True,75.44235924932977
Thu Oct 31 17:35:35 2024,Copiulemu,Tomeco,15.866666666666667,21.968,True,83.07226890756303
Thu Oct 31 17:35:35 2024,Tomeco,Copiulemu,17.866666666666667,23.45,False,78.74999999999999
Thu Oct 31 17:35:35 2024,Copiulemu,Tomeco,15.8,21.968,False,83.42278481012657
