Fecha,From,To,Tiempo (min),Distancia (km),Real Time,Velocidad promedia
Thu Sep 21 14:30:35 2023,Tomeco,Copiulemu,17.683333333333334,23.649,True,80.2416588124411
Thu Sep 21 14:30:35 2023,Copiulemu,Tomeco,15.916666666666666,22.002,True,82.93947643979057
Thu Sep 21 14:30:35 2023,Tomeco,Copiulemu,17.366666666666667,23.649,False,81.70479846449136
Thu Sep 21 14:30:35 2023,Copiulemu,Tomeco,15.383333333333333,22.002,False,85.81495124593715
