Fecha,From,To,Tiempo (min),Distancia (km),Real Time,Velocidad promedia
Thu Jul 25 15:29:39 2024,Tomeco,Copiulemu,18.083333333333332,23.48,True,77.90599078341015
Thu Jul 25 15:29:39 2024,Copiulemu,Tomeco,15.75,22.002,True,83.81714285714285
Thu Jul 25 15:29:39 2024,Tomeco,Copiulemu,18.066666666666666,23.48,False,77.97785977859779
Thu Jul 25 15:29:39 2024,Copiulemu,Tomeco,15.35,22.002,False,86.0013029315961
