Fecha,From,To,Tiempo (min),Distancia (km),Real Time,Velocidad promedia
Thu Sep 15 16:55:59 2022,Tomeco,Copiulemu,16.883333333333333,23.39,True,83.12339585389932
Thu Sep 15 16:55:59 2022,Copiulemu,Tomeco,15.5,22.002,True,85.1690322580645
Thu Sep 15 16:55:59 2022,Tomeco,Copiulemu,16.883333333333333,23.39,False,83.12339585389932
Thu Sep 15 16:55:59 2022,Copiulemu,Tomeco,14.816666666666666,22.002,False,89.09696287964005
