Fecha,From,To,Tiempo (min),Distancia (km),Real Time,Velocidad promedia
Thu Jun 16 11:29:59 2022,Tomeco,Copiulemu,17.366666666666667,23.39,True,80.80998080614204
Thu Jun 16 11:29:59 2022,Copiulemu,Tomeco,15.583333333333334,22.002,True,84.71358288770053
Thu Jun 16 11:29:59 2022,Tomeco,Copiulemu,16.533333333333335,23.39,False,84.88306451612902
Thu Jun 16 11:29:59 2022,Copiulemu,Tomeco,15.166666666666666,22.002,False,87.04087912087913
