Fecha,From,To,Tiempo (min),Distancia (km),Real Time,Velocidad promedia
Thu Apr  4 02:34:08 2024,Tomeco,Copiulemu,19.116666666666667,23.739,True,74.5077593722755
Thu Apr  4 02:34:08 2024,Copiulemu,Tomeco,15.716666666666667,22.002,True,83.99490986214211
Thu Apr  4 02:34:08 2024,Tomeco,Copiulemu,18.483333333333334,23.739,False,77.06077547339946
Thu Apr  4 02:34:08 2024,Copiulemu,Tomeco,15.716666666666667,22.002,False,83.99490986214211
