Fecha,From,To,Tiempo (min),Distancia (km),Real Time,Velocidad promedia
Thu May 16 09:28:13 2024,Tomeco,Copiulemu,19.566666666666666,23.48,True,72.0
Thu May 16 09:28:13 2024,Copiulemu,Tomeco,15.15,22.002,True,87.13663366336633
Thu May 16 09:28:13 2024,Tomeco,Copiulemu,19.566666666666666,23.48,False,72.0
Thu May 16 09:28:13 2024,Copiulemu,Tomeco,15.15,22.002,False,87.13663366336633
