Fecha,From,To,Tiempo (min),Distancia (km),Real Time,Velocidad promedia
Thu Jul 25 23:29:11 2024,Tomeco,Copiulemu,18.466666666666665,23.48,True,76.28880866425993
Thu Jul 25 23:29:11 2024,Copiulemu,Tomeco,16.1,22.002,True,81.99503105590061
Thu Jul 25 23:29:11 2024,Tomeco,Copiulemu,18.45,23.48,False,76.35772357723577
Thu Jul 25 23:29:11 2024,Copiulemu,Tomeco,15.833333333333334,22.002,False,83.37599999999999
