Fecha,From,To,Tiempo (min),Distancia (km),Real Time,Velocidad promedia
Thu Aug  4 17:41:32 2022,Tomeco,Copiulemu,16.933333333333334,23.39,True,82.87795275590551
Thu Aug  4 17:41:32 2022,Copiulemu,Tomeco,14.85,22.002,True,88.89696969696969
Thu Aug  4 17:41:32 2022,Tomeco,Copiulemu,16.7,23.39,False,84.03592814371258
Thu Aug  4 17:41:32 2022,Copiulemu,Tomeco,14.85,22.002,False,88.89696969696969
