Fecha,From,To,Tiempo (min),Distancia (km),Real Time,Velocidad promedia
Thu Sep  7 21:28:13 2023,Tomeco,Copiulemu,17.916666666666668,23.39,True,78.3293023255814
Thu Sep  7 21:28:13 2023,Copiulemu,Tomeco,15.966666666666667,22.002,True,82.67974947807932
Thu Sep  7 21:28:13 2023,Tomeco,Copiulemu,17.883333333333333,23.39,False,78.47530288909599
Thu Sep  7 21:28:13 2023,Copiulemu,Tomeco,15.95,22.002,False,82.76614420062697
