Fecha,From,To,Tiempo (min),Distancia (km),Real Time,Velocidad promedia
Thu Apr 28 13:49:02 2022,Tomeco,Copiulemu,16.85,23.39,True,83.28783382789317
Thu Apr 28 13:49:02 2022,Copiulemu,Tomeco,14.983333333333333,21.461,True,85.93948832035595
Thu Apr 28 13:49:02 2022,Tomeco,Copiulemu,16.183333333333334,23.39,False,86.7188465499485
Thu Apr 28 13:49:02 2022,Copiulemu,Tomeco,14.916666666666666,21.461,False,86.32357541899441
