Fecha,From,To,Tiempo (min),Distancia (km),Real Time,Velocidad promedia
Thu Aug 25 06:55:26 2022,Tomeco,Copiulemu,17.55,23.39,True,79.96581196581195
Thu Aug 25 06:55:26 2022,Copiulemu,Tomeco,15.266666666666667,21.461,True,84.34454148471615
Thu Aug 25 06:55:26 2022,Tomeco,Copiulemu,17.483333333333334,23.39,False,80.27073403241181
Thu Aug 25 06:55:26 2022,Copiulemu,Tomeco,15.266666666666667,21.461,False,84.34454148471615
