Fecha,From,To,Tiempo (min),Distancia (km),Real Time,Velocidad promedia
Thu Aug  1 23:28:53 2024,Tomeco,Copiulemu,18.966666666666665,23.48,True,74.27768014059755
Thu Aug  1 23:28:53 2024,Copiulemu,Tomeco,16.033333333333335,22.002,True,82.33596673596672
Thu Aug  1 23:28:53 2024,Tomeco,Copiulemu,18.266666666666666,23.48,False,77.1240875912409
Thu Aug  1 23:28:53 2024,Copiulemu,Tomeco,15.983333333333333,22.002,False,82.59353493222106
