Fecha,From,To,Tiempo (min),Distancia (km),Real Time,Velocidad promedia
Thu Oct 19 08:31:05 2023,Tomeco,Copiulemu,17.866666666666667,23.649,True,79.41828358208954
Thu Oct 19 08:31:05 2023,Copiulemu,Tomeco,15.183333333333334,22.002,True,86.94533479692646
Thu Oct 19 08:31:05 2023,Tomeco,Copiulemu,17.866666666666667,23.649,False,79.41828358208954
Thu Oct 19 08:31:05 2023,Copiulemu,Tomeco,15.183333333333334,22.002,False,86.94533479692646
