Fecha,From,To,Tiempo (min),Distancia (km),Real Time,Velocidad promedia
Thu Sep 22 22:40:41 2022,Tomeco,Copiulemu,17.366666666666667,23.39,True,80.80998080614204
Thu Sep 22 22:40:41 2022,Copiulemu,Tomeco,15.266666666666667,22.002,True,86.47074235807858
Thu Sep 22 22:40:41 2022,Tomeco,Copiulemu,17.366666666666667,23.39,False,80.80998080614204
Thu Sep 22 22:40:41 2022,Copiulemu,Tomeco,15.266666666666667,22.002,False,86.47074235807858
