Fecha,From,To,Tiempo (min),Distancia (km),Real Time,Velocidad promedia
Thu Mar 14 12:43:07 2024,Tomeco,Copiulemu,18.05,23.48,True,78.04986149584488
Thu Mar 14 12:43:07 2024,Copiulemu,Tomeco,17.183333333333334,22.002,True,76.82560620756546
Thu Mar 14 12:43:07 2024,Tomeco,Copiulemu,17.65,23.48,False,79.8186968838527
Thu Mar 14 12:43:07 2024,Copiulemu,Tomeco,15.266666666666667,22.002,False,86.47074235807858
