Fecha,From,To,Tiempo (min),Distancia (km),Real Time,Velocidad promedia
Thu Aug  8 16:37:06 2024,Tomeco,Copiulemu,18.85,23.48,True,74.73740053050398
Thu Aug  8 16:37:06 2024,Copiulemu,Tomeco,15.6,22.002,True,84.62307692307692
Thu Aug  8 16:37:06 2024,Tomeco,Copiulemu,18.833333333333332,23.48,False,74.80353982300885
Thu Aug  8 16:37:06 2024,Copiulemu,Tomeco,15.583333333333334,22.002,False,84.71358288770053
