Fecha,From,To,Tiempo (min),Distancia (km),Real Time,Velocidad promedia
Thu Jun 20 15:30:42 2024,Tomeco,Copiulemu,18.383333333333333,23.48,True,76.63463281958296
Thu Jun 20 15:30:42 2024,Copiulemu,Tomeco,17.166666666666668,22.002,True,76.90019417475727
Thu Jun 20 15:30:42 2024,Tomeco,Copiulemu,18.133333333333333,23.48,False,77.69117647058823
Thu Jun 20 15:30:42 2024,Copiulemu,Tomeco,15.333333333333334,22.002,False,86.09478260869564
