Fecha,From,To,Tiempo (min),Distancia (km),Real Time,Velocidad promedia
Thu Jun 30 14:32:18 2022,Tomeco,Copiulemu,16.933333333333334,23.39,True,82.87795275590551
Thu Jun 30 14:32:18 2022,Copiulemu,Tomeco,15.133333333333333,22.002,True,87.23259911894272
Thu Jun 30 14:32:18 2022,Tomeco,Copiulemu,16.666666666666668,23.39,False,84.204
Thu Jun 30 14:32:18 2022,Copiulemu,Tomeco,15.2,22.002,False,86.85000000000001
