Fecha,From,To,Tiempo (min),Distancia (km),Real Time,Velocidad promedia
Thu Mar 31 03:44:35 2022,Tomeco,Copiulemu,17.883333333333333,23.39,True,78.47530288909599
Thu Mar 31 03:44:35 2022,Copiulemu,Tomeco,15.566666666666666,22.002,True,84.80428265524625
Thu Mar 31 03:44:35 2022,Tomeco,Copiulemu,17.883333333333333,23.39,False,78.47530288909599
Thu Mar 31 03:44:35 2022,Copiulemu,Tomeco,15.566666666666666,22.002,False,84.80428265524625
