Fecha,From,To,Tiempo (min),Distancia (km),Real Time,Velocidad promedia
Thu Aug 18 23:34:18 2022,Tomeco,Copiulemu,17.666666666666668,23.39,True,79.43773584905661
Thu Aug 18 23:34:18 2022,Copiulemu,Tomeco,15.35,22.002,True,86.0013029315961
Thu Aug 18 23:34:18 2022,Tomeco,Copiulemu,17.6,23.39,False,79.73863636363636
Thu Aug 18 23:34:18 2022,Copiulemu,Tomeco,15.3,22.002,False,86.28235294117647
