Fecha,From,To,Tiempo (min),Distancia (km),Real Time,Velocidad promedia
Thu Mar  7 22:28:52 2024,Tomeco,Copiulemu,19.266666666666666,23.48,True,73.121107266436
Thu Mar  7 22:28:52 2024,Copiulemu,Tomeco,14.95,22.002,True,88.30234113712375
Thu Mar  7 22:28:52 2024,Tomeco,Copiulemu,17.6,23.48,False,80.04545454545455
Thu Mar  7 22:28:52 2024,Copiulemu,Tomeco,14.883333333333333,22.002,False,88.69787234042553
