Fecha,From,To,Tiempo (min),Distancia (km),Real Time,Velocidad promedia
Thu Sep 19 03:35:34 2024,Tomeco,Copiulemu,18.7,23.48,True,75.33689839572193
Thu Sep 19 03:35:34 2024,Copiulemu,Tomeco,15.3,22.002,True,86.28235294117647
Thu Sep 19 03:35:34 2024,Tomeco,Copiulemu,18.3,23.48,False,76.98360655737706
Thu Sep 19 03:35:34 2024,Copiulemu,Tomeco,15.3,22.002,False,86.28235294117647
