Fecha,From,To,Tiempo (min),Distancia (km),Real Time,Velocidad promedia
Thu May 19 20:35:20 2022,Tomeco,Copiulemu,16.866666666666667,23.39,True,83.20553359683794
Thu May 19 20:35:20 2022,Copiulemu,Tomeco,15.416666666666666,21.461,True,83.52389189189189
Thu May 19 20:35:20 2022,Tomeco,Copiulemu,16.866666666666667,23.39,False,83.20553359683794
Thu May 19 20:35:20 2022,Copiulemu,Tomeco,15.283333333333333,21.461,False,84.25256270447109
