Fecha,From,To,Tiempo (min),Distancia (km),Real Time,Velocidad promedia
Thu Jul  7 06:43:31 2022,Tomeco,Copiulemu,17.783333333333335,23.39,True,78.91658856607309
Thu Jul  7 06:43:31 2022,Copiulemu,Tomeco,15.966666666666667,22.002,True,82.67974947807932
Thu Jul  7 06:43:31 2022,Tomeco,Copiulemu,17.783333333333335,23.39,False,78.91658856607309
Thu Jul  7 06:43:31 2022,Copiulemu,Tomeco,15.983333333333333,22.002,False,82.59353493222106
