Fecha,From,To,Tiempo (min),Distancia (km),Real Time,Velocidad promedia
Thu May 26 14:34:00 2022,Tomeco,Copiulemu,16.7,23.39,True,84.03592814371258
Thu May 26 14:34:00 2022,Copiulemu,Tomeco,15.583333333333334,22.002,True,84.71358288770053
Thu May 26 14:34:00 2022,Tomeco,Copiulemu,16.5,23.39,False,85.05454545454545
Thu May 26 14:34:00 2022,Copiulemu,Tomeco,15.816666666666666,22.002,False,83.46385669125394
