Fecha,From,To,Tiempo (min),Distancia (km),Real Time,Velocidad promedia
Thu Mar 17 23:32:11 2022,Tomeco,Copiulemu,18.733333333333334,23.39,True,74.91459074733096
Thu Mar 17 23:32:11 2022,Copiulemu,Tomeco,14.95,22.002,True,88.30234113712375
Thu Mar 17 23:32:11 2022,Tomeco,Copiulemu,22.683333333333334,23.39,False,61.869213813372525
Thu Mar 17 23:32:11 2022,Copiulemu,Tomeco,15.666666666666666,22.002,False,84.26297872340425
