Fecha,From,To,Tiempo (min),Distancia (km),Real Time,Velocidad promedia
Thu Oct  3 07:30:01 2024,Tomeco,Copiulemu,18.933333333333334,23.712,True,75.143661971831
Thu Oct  3 07:30:01 2024,Copiulemu,Tomeco,15.816666666666666,22.002,True,83.46385669125394
Thu Oct  3 07:30:01 2024,Tomeco,Copiulemu,18.933333333333334,23.712,False,75.143661971831
Thu Oct  3 07:30:01 2024,Copiulemu,Tomeco,15.816666666666666,22.002,False,83.46385669125394
