Fecha,From,To,Tiempo (min),Distancia (km),Real Time,Velocidad promedia
Thu Dec  5 12:58:45 2024,Tomeco,Copiulemu,17.55,23.45,True,80.17094017094016
Thu Dec  5 12:58:45 2024,Copiulemu,Tomeco,16.416666666666668,21.562,True,78.80527918781725
Thu Dec  5 12:58:45 2024,Tomeco,Copiulemu,17.4,23.45,False,80.86206896551724
Thu Dec  5 12:58:45 2024,Copiulemu,Tomeco,16.016666666666666,21.562,False,80.77336108220605
