Fecha,From,To,Tiempo (min),Distancia (km),Real Time,Velocidad promedia
Thu May  5 13:48:40 2022,Tomeco,Copiulemu,16.333333333333332,23.39,True,85.92244897959185
Thu May  5 13:48:40 2022,Copiulemu,Tomeco,15.033333333333333,22.002,True,87.81286031042129
Thu May  5 13:48:40 2022,Tomeco,Copiulemu,16.1,23.39,False,87.16770186335403
Thu May  5 13:48:40 2022,Copiulemu,Tomeco,14.983333333333333,22.002,False,88.1058954393771
