Fecha,From,To,Tiempo (min),Distancia (km),Real Time,Velocidad promedia
Thu Mar 28 23:28:14 2024,Tomeco,Copiulemu,18.316666666666666,23.48,True,76.91355777979983
Thu Mar 28 23:28:14 2024,Copiulemu,Tomeco,16.65,22.002,True,79.2864864864865
Thu Mar 28 23:28:14 2024,Tomeco,Copiulemu,17.866666666666667,23.48,False,78.8507462686567
Thu Mar 28 23:28:14 2024,Copiulemu,Tomeco,15.183333333333334,22.002,False,86.94533479692646
