Fecha,From,To,Tiempo (min),Distancia (km),Real Time,Velocidad promedia
Thu Apr 21 05:50:42 2022,Tomeco,Copiulemu,17.983333333333334,23.39,True,78.03892493049119
Thu Apr 21 05:50:42 2022,Copiulemu,Tomeco,15.2,22.002,True,86.85000000000001
Thu Apr 21 05:50:42 2022,Tomeco,Copiulemu,17.983333333333334,23.39,False,78.03892493049119
Thu Apr 21 05:50:42 2022,Copiulemu,Tomeco,15.2,22.002,False,86.85000000000001
