Fecha,From,To,Tiempo (min),Distancia (km),Real Time,Velocidad promedia
Thu Sep 22 14:43:26 2022,Tomeco,Copiulemu,17.15,23.39,True,81.83090379008746
Thu Sep 22 14:43:26 2022,Copiulemu,Tomeco,15.833333333333334,22.002,True,83.37599999999999
Thu Sep 22 14:43:26 2022,Tomeco,Copiulemu,17.016666666666666,23.39,False,82.4720861900098
Thu Sep 22 14:43:26 2022,Copiulemu,Tomeco,15.883333333333333,22.002,False,83.11353620146905
