Fecha,From,To,Tiempo (min),Distancia (km),Real Time,Velocidad promedia
Thu Apr  4 19:28:23 2024,Tomeco,Copiulemu,17.866666666666667,23.48,True,78.8507462686567
Thu Apr  4 19:28:23 2024,Copiulemu,Tomeco,15.9,22.002,True,83.02641509433961
Thu Apr  4 19:28:23 2024,Tomeco,Copiulemu,17.866666666666667,23.48,False,78.8507462686567
Thu Apr  4 19:28:23 2024,Copiulemu,Tomeco,15.433333333333334,22.002,False,85.53693304535636
