Fecha,From,To,Tiempo (min),Distancia (km),Real Time,Velocidad promedia
Thu Sep 21 07:28:13 2023,Tomeco,Copiulemu,17.916666666666668,23.649,True,79.1966511627907
Thu Sep 21 07:28:13 2023,Copiulemu,Tomeco,15.983333333333333,22.002,True,82.59353493222106
Thu Sep 21 07:28:13 2023,Tomeco,Copiulemu,17.916666666666668,23.649,False,79.1966511627907
Thu Sep 21 07:28:13 2023,Copiulemu,Tomeco,15.966666666666667,22.002,False,82.67974947807932
