Fecha,From,To,Tiempo (min),Distancia (km),Real Time,Velocidad promedia
Thu Nov 16 02:38:22 2023,Tomeco,Copiulemu,18.15,23.649,True,78.17851239669422
Thu Nov 16 02:38:22 2023,Copiulemu,Tomeco,16.566666666666666,22.002,True,79.68531187122737
Thu Nov 16 02:38:22 2023,Tomeco,Copiulemu,18.0,23.649,False,78.83000000000001
Thu Nov 16 02:38:22 2023,Copiulemu,Tomeco,15.616666666666667,22.002,False,84.53276414087513
