Fecha,From,To,Tiempo (min),Distancia (km),Real Time,Velocidad promedia
Thu Jun 20 14:30:15 2024,Tomeco,Copiulemu,18.516666666666666,23.48,True,76.08280828082809
Thu Jun 20 14:30:15 2024,Copiulemu,Tomeco,15.333333333333334,22.002,True,86.09478260869564
Thu Jun 20 14:30:15 2024,Tomeco,Copiulemu,18.216666666666665,23.48,False,77.33577310155536
Thu Jun 20 14:30:15 2024,Copiulemu,Tomeco,15.216666666666667,22.002,False,86.75487404162102
