Fecha,From,To,Tiempo (min),Distancia (km),Real Time,Velocidad promedia
Thu Sep 28 14:30:21 2023,Tomeco,Copiulemu,17.433333333333334,23.649,True,81.3923518164436
Thu Sep 28 14:30:21 2023,Copiulemu,Tomeco,15.533333333333333,22.002,True,84.9862660944206
Thu Sep 28 14:30:21 2023,Tomeco,Copiulemu,17.366666666666667,23.649,False,81.70479846449136
Thu Sep 28 14:30:21 2023,Copiulemu,Tomeco,15.383333333333333,22.002,False,85.81495124593715
