Fecha,From,To,Tiempo (min),Distancia (km),Real Time,Velocidad promedia
Thu Oct 31 18:40:35 2024,Tomeco,Copiulemu,17.866666666666667,23.45,True,78.74999999999999
Thu Oct 31 18:40:35 2024,Copiulemu,Tomeco,15.066666666666666,21.968,True,87.48318584070796
Thu Oct 31 18:40:35 2024,Tomeco,Copiulemu,17.55,23.45,False,80.17094017094016
Thu Oct 31 18:40:35 2024,Copiulemu,Tomeco,15.9,21.968,False,82.89811320754717
