Fecha,From,To,Tiempo (min),Distancia (km),Real Time,Velocidad promedia
Thu Nov 14 07:31:04 2024,Tomeco,Copiulemu,17.35,23.45,True,81.0951008645533
Thu Nov 14 07:31:04 2024,Copiulemu,Tomeco,15.633333333333333,21.968,True,84.31215351812367
Thu Nov 14 07:31:04 2024,Tomeco,Copiulemu,17.833333333333332,23.45,False,78.89719626168224
Thu Nov 14 07:31:04 2024,Copiulemu,Tomeco,15.633333333333333,21.968,False,84.31215351812367
