Fecha,From,To,Tiempo (min),Distancia (km),Real Time,Velocidad promedia
Thu Feb  1 08:30:16 2024,Tomeco,Copiulemu,19.966666666666665,23.48,True,70.55759599332221
Thu Feb  1 08:30:16 2024,Copiulemu,Tomeco,15.5,22.002,True,85.1690322580645
Thu Feb  1 08:30:16 2024,Tomeco,Copiulemu,18.816666666666666,23.48,False,74.8697962798937
Thu Feb  1 08:30:16 2024,Copiulemu,Tomeco,15.5,22.002,False,85.1690322580645
