Fecha,From,To,Tiempo (min),Distancia (km),Real Time,Velocidad promedia
Thu May  5 22:37:00 2022,Tomeco,Copiulemu,17.7,23.39,True,79.28813559322035
Thu May  5 22:37:00 2022,Copiulemu,Tomeco,15.316666666666666,22.002,True,86.18846572361262
Thu May  5 22:37:00 2022,Tomeco,Copiulemu,17.333333333333332,23.39,False,80.96538461538462
Thu May  5 22:37:00 2022,Copiulemu,Tomeco,15.266666666666667,22.002,False,86.47074235807858
