Fecha,From,To,Tiempo (min),Distancia (km),Real Time,Velocidad promedia
Thu Dec  7 23:28:02 2023,Tomeco,Copiulemu,17.7,23.39,True,79.28813559322035
Thu Dec  7 23:28:02 2023,Copiulemu,Tomeco,15.716666666666667,22.002,True,83.99490986214211
Thu Dec  7 23:28:02 2023,Tomeco,Copiulemu,17.166666666666668,23.39,False,81.7514563106796
Thu Dec  7 23:28:02 2023,Copiulemu,Tomeco,15.216666666666667,22.002,False,86.75487404162102
