Fecha,From,To,Tiempo (min),Distancia (km),Real Time,Velocidad promedia
Thu Mar 28 08:29:39 2024,Tomeco,Copiulemu,18.683333333333334,23.48,True,75.40410347903658
Thu Mar 28 08:29:39 2024,Copiulemu,Tomeco,15.95,22.002,True,82.76614420062697
Thu Mar 28 08:29:39 2024,Tomeco,Copiulemu,18.683333333333334,23.48,False,75.40410347903658
Thu Mar 28 08:29:39 2024,Copiulemu,Tomeco,15.25,22.002,False,86.56524590163934
