Fecha,From,To,Tiempo (min),Distancia (km),Real Time,Velocidad promedia
Thu Jun 30 19:29:02 2022,Tomeco,Copiulemu,16.566666666666666,23.39,True,84.71227364185111
Thu Jun 30 19:29:02 2022,Copiulemu,Tomeco,15.5,22.002,True,85.1690322580645
Thu Jun 30 19:29:02 2022,Tomeco,Copiulemu,16.566666666666666,23.39,False,84.71227364185111
Thu Jun 30 19:29:02 2022,Copiulemu,Tomeco,15.183333333333334,22.002,False,86.94533479692646
