Fecha,From,To,Tiempo (min),Distancia (km),Real Time,Velocidad promedia
Thu Nov  2 15:28:19 2023,Tomeco,Copiulemu,17.283333333333335,23.39,True,81.19961427193829
Thu Nov  2 15:28:19 2023,Copiulemu,Tomeco,15.316666666666666,22.002,True,86.18846572361262
Thu Nov  2 15:28:19 2023,Tomeco,Copiulemu,17.216666666666665,23.39,False,81.51403678606003
Thu Nov  2 15:28:19 2023,Copiulemu,Tomeco,15.2,22.002,False,86.85000000000001
