Fecha,From,To,Tiempo (min),Distancia (km),Real Time,Velocidad promedia
Thu Mar 21 12:42:30 2024,Tomeco,Copiulemu,17.683333333333334,23.48,True,79.66823751178134
Thu Mar 21 12:42:30 2024,Copiulemu,Tomeco,15.683333333333334,22.002,True,84.17343251859724
Thu Mar 21 12:42:30 2024,Tomeco,Copiulemu,17.7,23.48,False,79.59322033898306
Thu Mar 21 12:42:30 2024,Copiulemu,Tomeco,15.433333333333334,22.002,False,85.53693304535636
