Fecha,From,To,Tiempo (min),Distancia (km),Real Time,Velocidad promedia
Thu Feb 22 04:28:46 2024,Tomeco,Copiulemu,20.933333333333334,23.48,True,67.29936305732484
Thu Feb 22 04:28:46 2024,Copiulemu,Tomeco,16.216666666666665,22.002,True,81.40513874614595
Thu Feb 22 04:28:46 2024,Tomeco,Copiulemu,18.433333333333334,23.48,False,76.42676311030742
Thu Feb 22 04:28:46 2024,Copiulemu,Tomeco,16.216666666666665,22.002,False,81.40513874614595
