Fecha,From,To,Tiempo (min),Distancia (km),Real Time,Velocidad promedia
Thu Mar 31 16:51:37 2022,Tomeco,Copiulemu,18.05,23.39,True,77.75069252077563
Thu Mar 31 16:51:37 2022,Copiulemu,Tomeco,16.083333333333332,22.002,True,82.08
Thu Mar 31 16:51:37 2022,Tomeco,Copiulemu,17.9,23.39,False,78.40223463687153
Thu Mar 31 16:51:37 2022,Copiulemu,Tomeco,15.9,22.002,False,83.02641509433961
