Fecha,From,To,Tiempo (min),Distancia (km),Real Time,Velocidad promedia
Thu Sep 29 21:40:48 2022,Tomeco,Copiulemu,16.85,23.39,True,83.28783382789317
Thu Sep 29 21:40:48 2022,Copiulemu,Tomeco,15.3,22.002,True,86.28235294117647
Thu Sep 29 21:40:48 2022,Tomeco,Copiulemu,17.333333333333332,23.39,False,80.96538461538462
Thu Sep 29 21:40:48 2022,Copiulemu,Tomeco,15.233333333333333,22.002,False,86.65995623632385
