Fecha,From,To,Tiempo (min),Distancia (km),Real Time,Velocidad promedia
Thu Oct 24 09:33:07 2024,Tomeco,Copiulemu,17.383333333333333,23.48,True,81.0431447746884
Thu Oct 24 09:33:07 2024,Copiulemu,Tomeco,15.3,22.002,True,86.28235294117647
Thu Oct 24 09:33:07 2024,Tomeco,Copiulemu,17.383333333333333,23.48,False,81.0431447746884
Thu Oct 24 09:33:07 2024,Copiulemu,Tomeco,15.266666666666667,22.002,False,86.47074235807858
