Fecha,From,To,Tiempo (min),Distancia (km),Real Time,Velocidad promedia
Thu Dec  5 19:28:04 2024,Tomeco,Copiulemu,17.766666666666666,23.45,True,79.19324577861163
Thu Dec  5 19:28:04 2024,Copiulemu,Tomeco,15.45,21.968,True,85.3126213592233
Thu Dec  5 19:28:04 2024,Tomeco,Copiulemu,17.766666666666666,23.45,False,79.19324577861163
Thu Dec  5 19:28:04 2024,Copiulemu,Tomeco,15.566666666666666,21.968,False,84.67323340471093
