Fecha,From,To,Tiempo (min),Distancia (km),Real Time,Velocidad promedia
Thu Sep  8 22:39:18 2022,Tomeco,Copiulemu,17.433333333333334,23.39,True,80.50095602294455
Thu Sep  8 22:39:18 2022,Copiulemu,Tomeco,15.45,22.002,True,85.44466019417474
Thu Sep  8 22:39:18 2022,Tomeco,Copiulemu,17.483333333333334,23.39,False,80.27073403241181
Thu Sep  8 22:39:18 2022,Copiulemu,Tomeco,15.45,22.002,False,85.44466019417474
