Fecha,From,To,Tiempo (min),Distancia (km),Real Time,Velocidad promedia
Thu Apr 11 20:28:11 2024,Tomeco,Copiulemu,17.983333333333334,23.48,True,78.33920296570899
Thu Apr 11 20:28:11 2024,Copiulemu,Tomeco,15.5,22.002,True,85.1690322580645
Thu Apr 11 20:28:11 2024,Tomeco,Copiulemu,17.8,23.48,False,79.14606741573033
Thu Apr 11 20:28:11 2024,Copiulemu,Tomeco,15.45,22.002,False,85.44466019417474
