Fecha,From,To,Tiempo (min),Distancia (km),Real Time,Velocidad promedia
Thu Oct 31 06:41:18 2024,Tomeco,Copiulemu,18.083333333333332,23.45,True,77.80645161290323
Thu Oct 31 06:41:18 2024,Copiulemu,Tomeco,16.033333333333335,21.968,True,82.2087318087318
Thu Oct 31 06:41:18 2024,Tomeco,Copiulemu,18.083333333333332,23.45,False,77.80645161290323
Thu Oct 31 06:41:18 2024,Copiulemu,Tomeco,16.033333333333335,21.968,False,82.2087318087318
