Fecha,From,To,Tiempo (min),Distancia (km),Real Time,Velocidad promedia
Thu Apr  4 03:28:17 2024,Tomeco,Copiulemu,19.233333333333334,23.739,True,74.05580589254765
Thu Apr  4 03:28:17 2024,Copiulemu,Tomeco,16.216666666666665,22.002,True,81.40513874614595
Thu Apr  4 03:28:17 2024,Tomeco,Copiulemu,18.3,23.739,False,77.83278688524591
Thu Apr  4 03:28:17 2024,Copiulemu,Tomeco,16.216666666666665,22.002,False,81.40513874614595
