Fecha,From,To,Tiempo (min),Distancia (km),Real Time,Velocidad promedia
Thu Aug  4 05:05:42 2022,Tomeco,Copiulemu,17.65,23.39,True,79.51274787535412
Thu Aug  4 05:05:42 2022,Copiulemu,Tomeco,15.166666666666666,21.461,True,84.90065934065933
Thu Aug  4 05:05:42 2022,Tomeco,Copiulemu,17.633333333333333,23.39,False,79.58790170132326
Thu Aug  4 05:05:42 2022,Copiulemu,Tomeco,15.166666666666666,21.461,False,84.90065934065933
