Fecha,From,To,Tiempo (min),Distancia (km),Real Time,Velocidad promedia
Thu Nov  2 08:29:50 2023,Tomeco,Copiulemu,17.866666666666667,23.39,True,78.54850746268656
Thu Nov  2 08:29:50 2023,Copiulemu,Tomeco,14.8,22.002,True,89.1972972972973
Thu Nov  2 08:29:50 2023,Tomeco,Copiulemu,17.866666666666667,23.39,False,78.54850746268656
Thu Nov  2 08:29:50 2023,Copiulemu,Tomeco,14.783333333333333,22.002,False,89.2978579481398
