Fecha,From,To,Tiempo (min),Distancia (km),Real Time,Velocidad promedia
Thu Apr 11 14:29:35 2024,Tomeco,Copiulemu,17.516666666666666,23.48,True,80.42626070409135
Thu Apr 11 14:29:35 2024,Copiulemu,Tomeco,15.383333333333333,22.002,True,85.81495124593715
Thu Apr 11 14:29:35 2024,Tomeco,Copiulemu,17.533333333333335,23.48,False,80.34980988593155
Thu Apr 11 14:29:35 2024,Copiulemu,Tomeco,15.366666666666667,22.002,False,85.90802603036876
