Fecha,From,To,Tiempo (min),Distancia (km),Real Time,Velocidad promedia
Thu Sep 22 15:42:59 2022,Tomeco,Copiulemu,17.816666666666666,23.39,True,78.7689429373246
Thu Sep 22 15:42:59 2022,Copiulemu,Tomeco,15.716666666666667,22.002,True,83.99490986214211
Thu Sep 22 15:42:59 2022,Tomeco,Copiulemu,16.75,23.39,False,83.78507462686566
Thu Sep 22 15:42:59 2022,Copiulemu,Tomeco,15.933333333333334,22.002,False,82.85271966527196
