Fecha,From,To,Tiempo (min),Distancia (km),Real Time,Velocidad promedia
Thu Nov 14 13:37:26 2024,Tomeco,Copiulemu,17.4,23.45,True,80.86206896551724
Thu Nov 14 13:37:26 2024,Copiulemu,Tomeco,15.683333333333334,21.968,True,84.0433581296493
Thu Nov 14 13:37:26 2024,Tomeco,Copiulemu,17.316666666666666,23.45,False,81.2512030798845
Thu Nov 14 13:37:26 2024,Copiulemu,Tomeco,15.35,21.968,False,85.8684039087948
