Fecha,From,To,Tiempo (min),Distancia (km),Real Time,Velocidad promedia
Thu Aug  4 20:36:15 2022,Tomeco,Copiulemu,17.216666666666665,23.39,True,81.51403678606003
Thu Aug  4 20:36:15 2022,Copiulemu,Tomeco,15.1,21.461,True,85.27549668874173
Thu Aug  4 20:36:15 2022,Tomeco,Copiulemu,16.783333333333335,23.39,False,83.61866931479642
Thu Aug  4 20:36:15 2022,Copiulemu,Tomeco,14.833333333333334,21.461,False,86.80853932584269
