Fecha,From,To,Tiempo (min),Distancia (km),Real Time,Velocidad promedia
Thu Oct 19 06:32:09 2023,Tomeco,Copiulemu,17.7,23.649,True,80.16610169491526
Thu Oct 19 06:32:09 2023,Copiulemu,Tomeco,15.483333333333333,22.002,True,85.26071044133477
Thu Oct 19 06:32:09 2023,Tomeco,Copiulemu,17.7,23.649,False,80.16610169491526
Thu Oct 19 06:32:09 2023,Copiulemu,Tomeco,15.483333333333333,22.002,False,85.26071044133477
