Fecha,From,To,Tiempo (min),Distancia (km),Real Time,Velocidad promedia
Thu Sep  8 23:40:11 2022,Tomeco,Copiulemu,17.233333333333334,23.39,True,81.43520309477756
Thu Sep  8 23:40:11 2022,Copiulemu,Tomeco,15.316666666666666,22.002,True,86.18846572361262
Thu Sep  8 23:40:11 2022,Tomeco,Copiulemu,17.15,23.39,False,81.83090379008746
Thu Sep  8 23:40:11 2022,Copiulemu,Tomeco,15.3,22.002,False,86.28235294117647
