Fecha,From,To,Tiempo (min),Distancia (km),Real Time,Velocidad promedia
Thu Mar 14 11:28:00 2024,Tomeco,Copiulemu,19.15,23.48,True,73.56657963446476
Thu Mar 14 11:28:00 2024,Copiulemu,Tomeco,14.883333333333333,22.002,True,88.69787234042553
Thu Mar 14 11:28:00 2024,Tomeco,Copiulemu,17.45,23.48,False,80.73352435530086
Thu Mar 14 11:28:00 2024,Copiulemu,Tomeco,14.866666666666667,22.002,False,88.79730941704035
