Fecha,From,To,Tiempo (min),Distancia (km),Real Time,Velocidad promedia
Thu Apr 25 13:28:10 2024,Tomeco,Copiulemu,17.866666666666667,23.48,True,78.8507462686567
Thu Apr 25 13:28:10 2024,Copiulemu,Tomeco,15.133333333333333,22.002,True,87.23259911894272
Thu Apr 25 13:28:10 2024,Tomeco,Copiulemu,17.85,23.48,False,78.92436974789915
Thu Apr 25 13:28:10 2024,Copiulemu,Tomeco,15.133333333333333,22.002,False,87.23259911894272
