Fecha,From,To,Tiempo (min),Distancia (km),Real Time,Velocidad promedia
Thu Jul 14 08:41:27 2022,Tomeco,Copiulemu,17.9,23.39,True,78.40223463687153
Thu Jul 14 08:41:27 2022,Copiulemu,Tomeco,15.883333333333333,22.002,True,83.11353620146905
Thu Jul 14 08:41:27 2022,Tomeco,Copiulemu,17.9,23.39,False,78.40223463687153
Thu Jul 14 08:41:27 2022,Copiulemu,Tomeco,15.883333333333333,22.002,False,83.11353620146905
