Fecha,From,To,Tiempo (min),Distancia (km),Real Time,Velocidad promedia
Thu Feb 15 08:29:21 2024,Tomeco,Copiulemu,18.733333333333334,23.48,True,75.20284697508896
Thu Feb 15 08:29:21 2024,Copiulemu,Tomeco,15.783333333333333,22.002,True,83.64012671594509
Thu Feb 15 08:29:21 2024,Tomeco,Copiulemu,18.633333333333333,23.48,False,75.60644007155636
Thu Feb 15 08:29:21 2024,Copiulemu,Tomeco,15.783333333333333,22.002,False,83.64012671594509
