Fecha,From,To,Tiempo (min),Distancia (km),Real Time,Velocidad promedia
Thu Sep  5 21:29:14 2024,Tomeco,Copiulemu,18.15,23.712,True,78.38677685950414
Thu Sep  5 21:29:14 2024,Copiulemu,Tomeco,15.166666666666666,22.002,True,87.04087912087913
Thu Sep  5 21:29:14 2024,Tomeco,Copiulemu,18.15,23.712,False,78.38677685950414
Thu Sep  5 21:29:14 2024,Copiulemu,Tomeco,15.283333333333333,22.002,False,86.37644492911667
