Fecha,From,To,Tiempo (min),Distancia (km),Real Time,Velocidad promedia
Thu Apr 21 20:38:48 2022,Tomeco,Copiulemu,18.066666666666666,23.39,True,77.6789667896679
Thu Apr 21 20:38:48 2022,Copiulemu,Tomeco,15.383333333333333,21.461,True,83.70487540628385
Thu Apr 21 20:38:48 2022,Tomeco,Copiulemu,17.716666666666665,23.39,False,79.21354656632174
Thu Apr 21 20:38:48 2022,Copiulemu,Tomeco,15.283333333333333,21.461,False,84.25256270447109
