Fecha,From,To,Tiempo (min),Distancia (km),Real Time,Velocidad promedia
Thu Sep  1 06:01:01 2022,Tomeco,Copiulemu,17.25,23.39,True,81.35652173913044
Thu Sep  1 06:01:01 2022,Copiulemu,Tomeco,15.066666666666666,22.002,True,87.61858407079646
Thu Sep  1 06:01:01 2022,Tomeco,Copiulemu,17.25,23.39,False,81.35652173913044
Thu Sep  1 06:01:01 2022,Copiulemu,Tomeco,15.066666666666666,22.002,False,87.61858407079646
