Fecha,From,To,Tiempo (min),Distancia (km),Real Time,Velocidad promedia
Thu Jun 27 17:31:07 2024,Tomeco,Copiulemu,18.55,23.48,True,75.94609164420484
Thu Jun 27 17:31:07 2024,Copiulemu,Tomeco,15.516666666666667,22.002,True,85.07755102040815
Thu Jun 27 17:31:07 2024,Tomeco,Copiulemu,18.45,23.48,False,76.35772357723577
Thu Jun 27 17:31:07 2024,Copiulemu,Tomeco,15.266666666666667,22.002,False,86.47074235807858
