Fecha,From,To,Tiempo (min),Distancia (km),Real Time,Velocidad promedia
Thu Dec 12 02:10:47 2024,Tomeco,Copiulemu,18.333333333333332,23.45,True,76.74545454545455
Thu Dec 12 02:10:47 2024,Copiulemu,Tomeco,15.916666666666666,21.968,True,82.81130890052356
Thu Dec 12 02:10:47 2024,Tomeco,Copiulemu,18.316666666666666,23.45,False,76.81528662420382
Thu Dec 12 02:10:47 2024,Copiulemu,Tomeco,15.916666666666666,21.968,False,82.81130890052356
