Fecha,From,To,Tiempo (min),Distancia (km),Real Time,Velocidad promedia
Thu Dec 12 06:44:31 2024,Tomeco,Copiulemu,18.383333333333333,23.45,True,76.53671804170445
Thu Dec 12 06:44:31 2024,Copiulemu,Tomeco,15.883333333333333,21.968,True,82.98509968520463
Thu Dec 12 06:44:31 2024,Tomeco,Copiulemu,17.8,23.45,False,79.04494382022472
Thu Dec 12 06:44:31 2024,Copiulemu,Tomeco,15.883333333333333,21.968,False,82.98509968520463
