Fecha,From,To,Tiempo (min),Distancia (km),Real Time,Velocidad promedia
Thu Oct 19 17:28:31 2023,Tomeco,Copiulemu,17.2,23.649,True,82.49651162790697
Thu Oct 19 17:28:31 2023,Copiulemu,Tomeco,15.05,22.002,True,87.71561461794019
Thu Oct 19 17:28:31 2023,Tomeco,Copiulemu,17.2,23.649,False,82.49651162790697
Thu Oct 19 17:28:31 2023,Copiulemu,Tomeco,14.883333333333333,22.002,False,88.69787234042553
