Fecha,From,To,Tiempo (min),Distancia (km),Real Time,Velocidad promedia
Thu Jun  2 23:33:11 2022,Tomeco,Copiulemu,16.983333333333334,23.39,True,82.63395485770363
Thu Jun  2 23:33:11 2022,Copiulemu,Tomeco,15.683333333333334,22.002,True,84.17343251859724
Thu Jun  2 23:33:11 2022,Tomeco,Copiulemu,16.95,23.39,False,82.79646017699116
Thu Jun  2 23:33:11 2022,Copiulemu,Tomeco,15.583333333333334,22.002,False,84.71358288770053
