Fecha,From,To,Tiempo (min),Distancia (km),Real Time,Velocidad promedia
Thu Mar 14 06:30:29 2024,Tomeco,Copiulemu,18.233333333333334,23.48,True,77.26508226691041
Thu Mar 14 06:30:29 2024,Copiulemu,Tomeco,15.316666666666666,22.002,True,86.18846572361262
Thu Mar 14 06:30:29 2024,Tomeco,Copiulemu,18.233333333333334,23.48,False,77.26508226691041
Thu Mar 14 06:30:29 2024,Copiulemu,Tomeco,15.316666666666666,22.002,False,86.18846572361262
