Fecha,From,To,Tiempo (min),Distancia (km),Real Time,Velocidad promedia
Thu Oct  6 14:10:10 2022,Tomeco,Copiulemu,16.916666666666668,23.39,True,82.95960591133006
Thu Oct  6 14:10:10 2022,Copiulemu,Tomeco,15.383333333333333,22.002,True,85.81495124593715
Thu Oct  6 14:10:10 2022,Tomeco,Copiulemu,16.9,23.39,False,83.04142011834321
Thu Oct  6 14:10:10 2022,Copiulemu,Tomeco,15.016666666666667,22.002,False,87.91032186459489
