Fecha,From,To,Tiempo (min),Distancia (km),Real Time,Velocidad promedia
Thu Aug 25 19:29:41 2022,Tomeco,Copiulemu,18.166666666666668,23.39,True,77.25137614678899
Thu Aug 25 19:29:41 2022,Copiulemu,Tomeco,14.95,21.461,True,86.13110367892976
Thu Aug 25 19:29:41 2022,Tomeco,Copiulemu,17.35,23.39,False,80.88760806916426
Thu Aug 25 19:29:41 2022,Copiulemu,Tomeco,14.766666666666667,21.461,False,87.20045146726862
