Fecha,From,To,Tiempo (min),Distancia (km),Real Time,Velocidad promedia
Thu Mar 17 04:42:37 2022,Tomeco,Copiulemu,18.133333333333333,23.39,True,77.39338235294117
Thu Mar 17 04:42:37 2022,Copiulemu,Tomeco,15.45,22.002,True,85.44466019417474
Thu Mar 17 04:42:37 2022,Tomeco,Copiulemu,18.133333333333333,23.39,False,77.39338235294117
Thu Mar 17 04:42:37 2022,Copiulemu,Tomeco,15.45,22.002,False,85.44466019417474
