Fecha,From,To,Tiempo (min),Distancia (km),Real Time,Velocidad promedia
Thu Nov 21 04:39:08 2024,Tomeco,Copiulemu,18.833333333333332,23.45,True,74.70796460176992
Thu Nov 21 04:39:08 2024,Copiulemu,Tomeco,15.916666666666666,21.968,True,82.81130890052356
Thu Nov 21 04:39:08 2024,Tomeco,Copiulemu,18.816666666666666,23.45,False,74.77413640389724
Thu Nov 21 04:39:08 2024,Copiulemu,Tomeco,15.916666666666666,21.968,False,82.81130890052356
