Fecha,From,To,Tiempo (min),Distancia (km),Real Time,Velocidad promedia
Thu Aug 15 20:29:04 2024,Tomeco,Copiulemu,18.083333333333332,23.48,True,77.90599078341015
Thu Aug 15 20:29:04 2024,Copiulemu,Tomeco,15.816666666666666,22.002,True,83.46385669125394
Thu Aug 15 20:29:04 2024,Tomeco,Copiulemu,18.166666666666668,23.48,False,77.548623853211
Thu Aug 15 20:29:04 2024,Copiulemu,Tomeco,15.816666666666666,22.002,False,83.46385669125394
