Fecha,From,To,Tiempo (min),Distancia (km),Real Time,Velocidad promedia
Thu Sep  1 10:39:58 2022,Tomeco,Copiulemu,18.15,23.39,True,77.32231404958678
Thu Sep  1 10:39:58 2022,Copiulemu,Tomeco,15.166666666666666,21.461,True,84.90065934065933
Thu Sep  1 10:39:58 2022,Tomeco,Copiulemu,17.133333333333333,23.39,False,81.91050583657588
Thu Sep  1 10:39:58 2022,Copiulemu,Tomeco,15.166666666666666,21.461,False,84.90065934065933
