Fecha,From,To,Tiempo (min),Distancia (km),Real Time,Velocidad promedia
Thu Mar 21 06:30:43 2024,Tomeco,Copiulemu,18.266666666666666,23.48,True,77.1240875912409
Thu Mar 21 06:30:43 2024,Copiulemu,Tomeco,15.383333333333333,22.002,True,85.81495124593715
Thu Mar 21 06:30:43 2024,Tomeco,Copiulemu,18.266666666666666,23.48,False,77.1240875912409
Thu Mar 21 06:30:43 2024,Copiulemu,Tomeco,15.383333333333333,22.002,False,85.81495124593715
