Fecha,From,To,Tiempo (min),Distancia (km),Real Time,Velocidad promedia
Thu Mar 17 06:40:14 2022,Tomeco,Copiulemu,18.766666666666666,23.39,True,74.78152753108348
Thu Mar 17 06:40:14 2022,Copiulemu,Tomeco,15.85,22.002,True,83.28832807570977
Thu Mar 17 06:40:14 2022,Tomeco,Copiulemu,18.766666666666666,23.39,False,74.78152753108348
Thu Mar 17 06:40:14 2022,Copiulemu,Tomeco,15.85,22.002,False,83.28832807570977
