Fecha,From,To,Tiempo (min),Distancia (km),Real Time,Velocidad promedia
Thu Apr 21 21:32:46 2022,Tomeco,Copiulemu,17.616666666666667,23.39,True,79.6631977294229
Thu Apr 21 21:32:46 2022,Copiulemu,Tomeco,14.883333333333333,21.461,True,86.51690929451287
Thu Apr 21 21:32:46 2022,Tomeco,Copiulemu,17.516666666666666,23.39,False,80.11798287345385
Thu Apr 21 21:32:46 2022,Copiulemu,Tomeco,14.766666666666667,21.461,False,87.20045146726862
