Fecha,From,To,Tiempo (min),Distancia (km),Real Time,Velocidad promedia
Thu Sep 28 23:28:07 2023,Tomeco,Copiulemu,17.983333333333334,23.649,True,78.90305838739575
Thu Sep 28 23:28:07 2023,Copiulemu,Tomeco,16.05,22.002,True,82.25046728971962
Thu Sep 28 23:28:07 2023,Tomeco,Copiulemu,17.35,23.649,False,81.78328530259365
Thu Sep 28 23:28:07 2023,Copiulemu,Tomeco,15.85,22.002,False,83.28832807570977
