Fecha,From,To,Tiempo (min),Distancia (km),Real Time,Velocidad promedia
Thu Apr  7 08:38:59 2022,Tomeco,Copiulemu,18.516666666666666,23.39,True,75.7911791179118
Thu Apr  7 08:38:59 2022,Copiulemu,Tomeco,15.366666666666667,21.461,True,83.79566160520606
Thu Apr  7 08:38:59 2022,Tomeco,Copiulemu,18.516666666666666,23.39,False,75.7911791179118
Thu Apr  7 08:38:59 2022,Copiulemu,Tomeco,15.283333333333333,21.461,False,84.25256270447109
