Fecha,From,To,Tiempo (min),Distancia (km),Real Time,Velocidad promedia
Thu Nov 14 19:28:02 2024,Tomeco,Copiulemu,17.866666666666667,23.45,True,78.74999999999999
Thu Nov 14 19:28:02 2024,Copiulemu,Tomeco,15.416666666666666,21.968,True,85.49708108108109
Thu Nov 14 19:28:02 2024,Tomeco,Copiulemu,17.8,23.45,False,79.04494382022472
Thu Nov 14 19:28:02 2024,Copiulemu,Tomeco,15.333333333333334,21.968,False,85.96173913043476
