Fecha,From,To,Tiempo (min),Distancia (km),Real Time,Velocidad promedia
Thu Oct 31 11:28:45 2024,Tomeco,Copiulemu,17.233333333333334,23.45,True,81.64410058027079
Thu Oct 31 11:28:45 2024,Copiulemu,Tomeco,15.75,21.968,True,83.68761904761904
Thu Oct 31 11:28:45 2024,Tomeco,Copiulemu,16.933333333333334,23.45,False,83.09055118110237
Thu Oct 31 11:28:45 2024,Copiulemu,Tomeco,14.983333333333333,21.968,False,87.96974416017798
