Fecha,From,To,Tiempo (min),Distancia (km),Real Time,Velocidad promedia
Thu Oct 19 22:29:03 2023,Tomeco,Copiulemu,17.5,23.39,True,80.19428571428571
Thu Oct 19 22:29:03 2023,Copiulemu,Tomeco,14.933333333333334,22.002,True,88.40089285714285
Thu Oct 19 22:29:03 2023,Tomeco,Copiulemu,17.3,23.39,False,81.121387283237
Thu Oct 19 22:29:03 2023,Copiulemu,Tomeco,14.933333333333334,22.002,False,88.40089285714285
