Fecha,From,To,Tiempo (min),Distancia (km),Real Time,Velocidad promedia
Thu Nov  9 21:28:06 2023,Tomeco,Copiulemu,17.2,23.39,True,81.59302325581395
Thu Nov  9 21:28:06 2023,Copiulemu,Tomeco,14.883333333333333,22.002,True,88.69787234042553
Thu Nov  9 21:28:06 2023,Tomeco,Copiulemu,17.083333333333332,23.39,False,82.15024390243903
Thu Nov  9 21:28:06 2023,Copiulemu,Tomeco,14.816666666666666,22.002,False,89.09696287964005
