Fecha,From,To,Tiempo (min),Distancia (km),Real Time,Velocidad promedia
Thu Apr 21 15:39:54 2022,Tomeco,Copiulemu,17.933333333333334,23.39,True,78.25650557620818
Thu Apr 21 15:39:54 2022,Copiulemu,Tomeco,15.616666666666667,22.002,True,84.53276414087513
Thu Apr 21 15:39:54 2022,Tomeco,Copiulemu,17.316666666666666,23.39,False,81.04331087584217
Thu Apr 21 15:39:54 2022,Copiulemu,Tomeco,14.816666666666666,22.002,False,89.09696287964005
