Fecha,From,To,Tiempo (min),Distancia (km),Real Time,Velocidad promedia
Thu Aug 11 22:35:07 2022,Tomeco,Copiulemu,17.833333333333332,23.39,True,78.69532710280374
Thu Aug 11 22:35:07 2022,Copiulemu,Tomeco,15.4,22.002,True,85.72207792207791
Thu Aug 11 22:35:07 2022,Tomeco,Copiulemu,17.833333333333332,23.39,False,78.69532710280374
Thu Aug 11 22:35:07 2022,Copiulemu,Tomeco,15.383333333333333,22.002,False,85.81495124593715
