Fecha,From,To,Tiempo (min),Distancia (km),Real Time,Velocidad promedia
Thu Oct 26 16:31:59 2023,Tomeco,Copiulemu,17.383333333333333,23.649,True,81.62646212847555
Thu Oct 26 16:31:59 2023,Copiulemu,Tomeco,15.583333333333334,22.002,True,84.71358288770053
Thu Oct 26 16:31:59 2023,Tomeco,Copiulemu,17.216666666666665,23.649,False,82.41665053242984
Thu Oct 26 16:31:59 2023,Copiulemu,Tomeco,15.2,22.002,False,86.85000000000001
