Fecha,From,To,Tiempo (min),Distancia (km),Real Time,Velocidad promedia
Thu Nov 21 07:31:59 2024,Tomeco,Copiulemu,17.916666666666668,23.45,True,78.53023255813953
Thu Nov 21 07:31:59 2024,Copiulemu,Tomeco,15.916666666666666,21.968,True,82.81130890052356
Thu Nov 21 07:31:59 2024,Tomeco,Copiulemu,17.916666666666668,23.45,False,78.53023255813953
Thu Nov 21 07:31:59 2024,Copiulemu,Tomeco,15.916666666666666,21.968,False,82.81130890052356
