Fecha,From,To,Tiempo (min),Distancia (km),Real Time,Velocidad promedia
Thu Jul 14 15:40:02 2022,Tomeco,Copiulemu,17.25,23.39,True,81.35652173913044
Thu Jul 14 15:40:02 2022,Copiulemu,Tomeco,15.433333333333334,22.002,True,85.53693304535636
Thu Jul 14 15:40:02 2022,Tomeco,Copiulemu,17.233333333333334,23.39,False,81.43520309477756
Thu Jul 14 15:40:02 2022,Copiulemu,Tomeco,15.233333333333333,22.002,False,86.65995623632385
