Fecha,From,To,Tiempo (min),Distancia (km),Real Time,Velocidad promedia
Thu Apr 14 03:48:11 2022,Tomeco,Copiulemu,18.566666666666666,23.39,True,75.58707360861759
Thu Apr 14 03:48:11 2022,Copiulemu,Tomeco,15.383333333333333,22.002,True,85.81495124593715
Thu Apr 14 03:48:11 2022,Tomeco,Copiulemu,18.183333333333334,23.39,False,77.18056828597616
Thu Apr 14 03:48:11 2022,Copiulemu,Tomeco,15.383333333333333,22.002,False,85.81495124593715
