Fecha,From,To,Tiempo (min),Distancia (km),Real Time,Velocidad promedia
Thu May 12 10:41:19 2022,Tomeco,Copiulemu,17.116666666666667,23.39,True,81.9902629016553
Thu May 12 10:41:19 2022,Copiulemu,Tomeco,15.25,21.461,True,84.43672131147541
Thu May 12 10:41:19 2022,Tomeco,Copiulemu,16.583333333333332,23.39,False,84.62713567839198
Thu May 12 10:41:19 2022,Copiulemu,Tomeco,15.233333333333333,21.461,False,84.52910284463894
