Fecha,From,To,Tiempo (min),Distancia (km),Real Time,Velocidad promedia
Thu Apr 18 11:28:05 2024,Tomeco,Copiulemu,17.783333333333335,23.48,True,79.22024367385191
Thu Apr 18 11:28:05 2024,Copiulemu,Tomeco,15.05,22.002,True,87.71561461794019
Thu Apr 18 11:28:05 2024,Tomeco,Copiulemu,17.783333333333335,23.48,False,79.22024367385191
Thu Apr 18 11:28:05 2024,Copiulemu,Tomeco,14.866666666666667,22.002,False,88.79730941704035
