Fecha,From,To,Tiempo (min),Distancia (km),Real Time,Velocidad promedia
Thu Sep 19 17:31:43 2024,Tomeco,Copiulemu,17.683333333333334,23.48,True,79.66823751178134
Thu Sep 19 17:31:43 2024,Copiulemu,Tomeco,15.516666666666667,22.002,True,85.07755102040815
Thu Sep 19 17:31:43 2024,Tomeco,Copiulemu,17.633333333333333,23.48,False,79.89413988657846
Thu Sep 19 17:31:43 2024,Copiulemu,Tomeco,15.683333333333334,22.002,False,84.17343251859724
