Fecha,From,To,Tiempo (min),Distancia (km),Real Time,Velocidad promedia
Thu Oct 19 15:28:12 2023,Tomeco,Copiulemu,17.383333333333333,23.649,True,81.62646212847555
Thu Oct 19 15:28:12 2023,Copiulemu,Tomeco,14.95,22.002,True,88.30234113712375
Thu Oct 19 15:28:12 2023,Tomeco,Copiulemu,16.916666666666668,23.649,False,83.87822660098523
Thu Oct 19 15:28:12 2023,Copiulemu,Tomeco,14.916666666666666,22.002,False,88.49966480446928
