Fecha,From,To,Tiempo (min),Distancia (km),Real Time,Velocidad promedia
Thu May 19 08:42:11 2022,Tomeco,Copiulemu,17.483333333333334,23.39,True,80.27073403241181
Thu May 19 08:42:11 2022,Copiulemu,Tomeco,15.783333333333333,21.461,True,81.58352692713834
Thu May 19 08:42:11 2022,Tomeco,Copiulemu,17.483333333333334,23.39,False,80.27073403241181
Thu May 19 08:42:11 2022,Copiulemu,Tomeco,15.783333333333333,21.461,False,81.58352692713834
