Fecha,From,To,Tiempo (min),Distancia (km),Real Time,Velocidad promedia
Thu Aug 15 17:29:53 2024,Tomeco,Copiulemu,18.066666666666666,23.48,True,77.97785977859779
Thu Aug 15 17:29:53 2024,Copiulemu,Tomeco,15.833333333333334,22.002,True,83.37599999999999
Thu Aug 15 17:29:53 2024,Tomeco,Copiulemu,18.05,23.48,False,78.04986149584488
Thu Aug 15 17:29:53 2024,Copiulemu,Tomeco,15.833333333333334,22.002,False,83.37599999999999
