Fecha,From,To,Tiempo (min),Distancia (km),Real Time,Velocidad promedia
Thu Jul  4 09:30:52 2024,Tomeco,Copiulemu,19.3,23.48,True,72.99481865284974
Thu Jul  4 09:30:52 2024,Copiulemu,Tomeco,15.216666666666667,22.002,True,86.75487404162102
Thu Jul  4 09:30:52 2024,Tomeco,Copiulemu,19.3,23.48,False,72.99481865284974
Thu Jul  4 09:30:52 2024,Copiulemu,Tomeco,15.233333333333333,22.002,False,86.65995623632385
