Fecha,From,To,Tiempo (min),Distancia (km),Real Time,Velocidad promedia
Thu Oct 17 08:39:06 2024,Tomeco,Copiulemu,18.766666666666666,23.712,True,75.81101243339255
Thu Oct 17 08:39:06 2024,Copiulemu,Tomeco,15.4,22.002,True,85.72207792207791
Thu Oct 17 08:39:06 2024,Tomeco,Copiulemu,18.766666666666666,23.712,False,75.81101243339255
Thu Oct 17 08:39:06 2024,Copiulemu,Tomeco,15.566666666666666,22.002,False,84.80428265524625
