Fecha,From,To,Tiempo (min),Distancia (km),Real Time,Velocidad promedia
Thu Dec 28 16:34:07 2023,Tomeco,Copiulemu,17.6,23.39,True,79.73863636363636
Thu Dec 28 16:34:07 2023,Copiulemu,Tomeco,16.116666666666667,21.461,True,79.89617373319544
Thu Dec 28 16:34:07 2023,Tomeco,Copiulemu,17.6,23.39,False,79.73863636363636
Thu Dec 28 16:34:07 2023,Copiulemu,Tomeco,15.816666666666666,21.461,False,81.41159114857744
