Fecha,From,To,Tiempo (min),Distancia (km),Real Time,Velocidad promedia
Thu Aug 18 04:41:43 2022,Tomeco,Copiulemu,18.05,23.39,True,77.75069252077563
Thu Aug 18 04:41:43 2022,Copiulemu,Tomeco,15.383333333333333,22.002,True,85.81495124593715
Thu Aug 18 04:41:43 2022,Tomeco,Copiulemu,18.05,23.39,False,77.75069252077563
Thu Aug 18 04:41:43 2022,Copiulemu,Tomeco,15.383333333333333,22.002,False,85.81495124593715
