Fecha,From,To,Tiempo (min),Distancia (km),Real Time,Velocidad promedia
Thu Nov  9 06:31:01 2023,Tomeco,Copiulemu,17.816666666666666,23.39,True,78.7689429373246
Thu Nov  9 06:31:01 2023,Copiulemu,Tomeco,15.583333333333334,22.002,True,84.71358288770053
Thu Nov  9 06:31:01 2023,Tomeco,Copiulemu,17.816666666666666,23.39,False,78.7689429373246
Thu Nov  9 06:31:01 2023,Copiulemu,Tomeco,15.583333333333334,22.002,False,84.71358288770053
