Fecha,From,To,Tiempo (min),Distancia (km),Real Time,Velocidad promedia
Thu Dec 12 22:38:02 2024,Tomeco,Copiulemu,17.666666666666668,23.45,True,79.64150943396226
Thu Dec 12 22:38:02 2024,Copiulemu,Tomeco,15.633333333333333,21.968,True,84.31215351812367
Thu Dec 12 22:38:02 2024,Tomeco,Copiulemu,17.15,23.45,False,82.04081632653062
Thu Dec 12 22:38:02 2024,Copiulemu,Tomeco,15.25,21.968,False,86.43147540983607
