Fecha,From,To,Tiempo (min),Distancia (km),Real Time,Velocidad promedia
Thu Feb 15 14:28:44 2024,Tomeco,Copiulemu,18.416666666666668,23.48,True,76.49592760180995
Thu Feb 15 14:28:44 2024,Copiulemu,Tomeco,17.433333333333334,22.002,True,75.72390057361376
Thu Feb 15 14:28:44 2024,Tomeco,Copiulemu,18.383333333333333,23.48,False,76.63463281958296
Thu Feb 15 14:28:44 2024,Copiulemu,Tomeco,17.366666666666667,22.002,False,76.01458733205374
