Fecha,From,To,Tiempo (min),Distancia (km),Real Time,Velocidad promedia
Thu Sep 21 12:46:51 2023,Tomeco,Copiulemu,17.766666666666666,23.649,True,79.86529080675423
Thu Sep 21 12:46:51 2023,Copiulemu,Tomeco,15.466666666666667,22.002,True,85.35258620689655
Thu Sep 21 12:46:51 2023,Tomeco,Copiulemu,17.266666666666666,23.649,False,82.17799227799229
Thu Sep 21 12:46:51 2023,Copiulemu,Tomeco,15.366666666666667,22.002,False,85.90802603036876
