Fecha,From,To,Tiempo (min),Distancia (km),Real Time,Velocidad promedia
Thu Jun 23 06:43:45 2022,Tomeco,Copiulemu,17.133333333333333,23.39,True,81.91050583657588
Thu Jun 23 06:43:45 2022,Copiulemu,Tomeco,15.566666666666666,22.002,True,84.80428265524625
Thu Jun 23 06:43:45 2022,Tomeco,Copiulemu,17.133333333333333,23.39,False,81.91050583657588
Thu Jun 23 06:43:45 2022,Copiulemu,Tomeco,15.566666666666666,22.002,False,84.80428265524625
