Fecha,From,To,Tiempo (min),Distancia (km),Real Time,Velocidad promedia
Thu Jul 18 18:36:18 2024,Tomeco,Copiulemu,18.4,23.48,True,76.56521739130436
Thu Jul 18 18:36:18 2024,Copiulemu,Tomeco,15.35,22.002,True,86.0013029315961
Thu Jul 18 18:36:18 2024,Tomeco,Copiulemu,18.066666666666666,23.48,False,77.97785977859779
Thu Jul 18 18:36:18 2024,Copiulemu,Tomeco,15.216666666666667,22.002,False,86.75487404162102
