Fecha,From,To,Tiempo (min),Distancia (km),Real Time,Velocidad promedia
Thu Sep 28 15:28:10 2023,Tomeco,Copiulemu,17.566666666666666,23.39,True,79.88994307400381
Thu Sep 28 15:28:10 2023,Copiulemu,Tomeco,15.783333333333333,22.002,True,83.64012671594509
Thu Sep 28 15:28:10 2023,Tomeco,Copiulemu,17.416666666666668,23.39,False,80.57799043062201
Thu Sep 28 15:28:10 2023,Copiulemu,Tomeco,15.466666666666667,22.002,False,85.35258620689655
