Fecha,From,To,Tiempo (min),Distancia (km),Real Time,Velocidad promedia
Thu Jun 23 10:39:01 2022,Tomeco,Copiulemu,16.866666666666667,23.39,True,83.20553359683794
Thu Jun 23 10:39:01 2022,Copiulemu,Tomeco,15.733333333333333,22.002,True,83.90593220338984
Thu Jun 23 10:39:01 2022,Tomeco,Copiulemu,16.783333333333335,23.39,False,83.61866931479642
Thu Jun 23 10:39:01 2022,Copiulemu,Tomeco,15.233333333333333,22.002,False,86.65995623632385
