Fecha,From,To,Tiempo (min),Distancia (km),Real Time,Velocidad promedia
Thu May 12 13:57:05 2022,Tomeco,Copiulemu,17.166666666666668,23.39,True,81.7514563106796
Thu May 12 13:57:05 2022,Copiulemu,Tomeco,15.433333333333334,21.461,True,83.43369330453562
Thu May 12 13:57:05 2022,Tomeco,Copiulemu,16.15,23.39,False,86.89783281733746
Thu May 12 13:57:05 2022,Copiulemu,Tomeco,16.266666666666666,22.002,False,81.1549180327869
