Fecha,From,To,Tiempo (min),Distancia (km),Real Time,Velocidad promedia
Thu Aug  1 19:28:14 2024,Tomeco,Copiulemu,18.616666666666667,23.48,True,75.67412712623099
Thu Aug  1 19:28:14 2024,Copiulemu,Tomeco,15.133333333333333,22.002,True,87.23259911894272
Thu Aug  1 19:28:14 2024,Tomeco,Copiulemu,18.366666666666667,23.48,False,76.70417422867514
Thu Aug  1 19:28:14 2024,Copiulemu,Tomeco,15.05,22.002,False,87.71561461794019
