Fecha,From,To,Tiempo (min),Distancia (km),Real Time,Velocidad promedia
Thu Jul 28 02:38:22 2022,Tomeco,Copiulemu,18.783333333333335,23.39,True,74.71517302573203
Thu Jul 28 02:38:22 2022,Copiulemu,Tomeco,14.866666666666667,21.461,True,86.61390134529147
Thu Jul 28 02:38:22 2022,Tomeco,Copiulemu,17.35,23.39,False,80.88760806916426
Thu Jul 28 02:38:22 2022,Copiulemu,Tomeco,14.866666666666667,21.461,False,86.61390134529147
