Fecha,From,To,Tiempo (min),Distancia (km),Real Time,Velocidad promedia
Thu Nov 21 15:35:50 2024,Tomeco,Copiulemu,17.683333333333334,23.45,True,79.56644674835061
Thu Nov 21 15:35:50 2024,Copiulemu,Tomeco,16.25,21.957,True,81.072
Thu Nov 21 15:35:50 2024,Tomeco,Copiulemu,17.633333333333333,23.45,False,79.79206049149339
Thu Nov 21 15:35:50 2024,Copiulemu,Tomeco,15.95,21.957,False,82.59686520376177
