Fecha,From,To,Tiempo (min),Distancia (km),Real Time,Velocidad promedia
Thu Jun 13 02:42:15 2024,Tomeco,Copiulemu,19.916666666666668,23.48,True,70.73472803347279
Thu Jun 13 02:42:15 2024,Copiulemu,Tomeco,39.333333333333336,31.218,True,47.620677966101695
Thu Jun 13 02:42:15 2024,Tomeco,Copiulemu,18.783333333333335,23.48,False,75.00266193433895
Thu Jun 13 02:42:15 2024,Copiulemu,Tomeco,39.333333333333336,31.218,False,47.620677966101695
