Fecha,From,To,Tiempo (min),Distancia (km),Real Time,Velocidad promedia
Thu Dec  5 11:29:42 2024,Tomeco,Copiulemu,16.95,23.45,True,83.00884955752213
Thu Dec  5 11:29:42 2024,Copiulemu,Tomeco,15.133333333333333,21.968,True,87.0977973568282
Thu Dec  5 11:29:42 2024,Tomeco,Copiulemu,16.95,23.45,False,83.00884955752213
Thu Dec  5 11:29:42 2024,Copiulemu,Tomeco,15.133333333333333,21.968,False,87.0977973568282
