Fecha,From,To,Tiempo (min),Distancia (km),Real Time,Velocidad promedia
Thu May 19 11:32:08 2022,Tomeco,Copiulemu,16.8,23.39,True,83.53571428571428
Thu May 19 11:32:08 2022,Copiulemu,Tomeco,15.033333333333333,21.461,True,85.65365853658537
Thu May 19 11:32:08 2022,Tomeco,Copiulemu,16.433333333333334,23.39,False,85.39959432048681
Thu May 19 11:32:08 2022,Copiulemu,Tomeco,14.85,21.461,False,86.71111111111111
