Fecha,From,To,Tiempo (min),Distancia (km),Real Time,Velocidad promedia
Thu Nov  7 09:31:36 2024,Tomeco,Copiulemu,17.2,23.45,True,81.80232558139534
Thu Nov  7 09:31:36 2024,Copiulemu,Tomeco,15.316666666666666,21.968,True,86.05527747551687
Thu Nov  7 09:31:36 2024,Tomeco,Copiulemu,17.2,23.45,False,81.80232558139534
Thu Nov  7 09:31:36 2024,Copiulemu,Tomeco,15.316666666666666,21.968,False,86.05527747551687
