Fecha,From,To,Tiempo (min),Distancia (km),Real Time,Velocidad promedia
Thu May  2 06:31:48 2024,Tomeco,Copiulemu,18.966666666666665,23.48,True,74.27768014059755
Thu May  2 06:31:48 2024,Copiulemu,Tomeco,15.866666666666667,22.002,True,83.20084033613446
Thu May  2 06:31:48 2024,Tomeco,Copiulemu,19.033333333333335,23.48,False,74.01751313485114
Thu May  2 06:31:48 2024,Copiulemu,Tomeco,15.816666666666666,22.002,False,83.46385669125394
