Fecha,From,To,Tiempo (min),Distancia (km),Real Time,Velocidad promedia
Thu Oct 31 20:31:09 2024,Tomeco,Copiulemu,18.25,23.45,True,77.0958904109589
Thu Oct 31 20:31:09 2024,Copiulemu,Tomeco,15.35,21.968,True,85.8684039087948
Thu Oct 31 20:31:09 2024,Tomeco,Copiulemu,18.25,23.45,False,77.0958904109589
Thu Oct 31 20:31:09 2024,Copiulemu,Tomeco,15.35,21.968,False,85.8684039087948
