Fecha,From,To,Tiempo (min),Distancia (km),Real Time,Velocidad promedia
Thu Apr 14 04:42:42 2022,Tomeco,Copiulemu,18.666666666666668,23.39,True,75.18214285714286
Thu Apr 14 04:42:42 2022,Copiulemu,Tomeco,15.433333333333334,22.002,True,85.53693304535636
Thu Apr 14 04:42:42 2022,Tomeco,Copiulemu,17.883333333333333,23.39,False,78.47530288909599
Thu Apr 14 04:42:42 2022,Copiulemu,Tomeco,15.433333333333334,22.002,False,85.53693304535636
