Fecha,From,To,Tiempo (min),Distancia (km),Real Time,Velocidad promedia
Thu Jan 25 10:34:08 2024,Tomeco,Copiulemu,17.233333333333334,23.48,True,81.74854932301741
Thu Jan 25 10:34:08 2024,Copiulemu,Tomeco,15.4,22.002,True,85.72207792207791
Thu Jan 25 10:34:08 2024,Tomeco,Copiulemu,17.216666666666665,23.48,False,81.82768635043564
Thu Jan 25 10:34:08 2024,Copiulemu,Tomeco,15.216666666666667,22.002,False,86.75487404162102
