Fecha,From,To,Tiempo (min),Distancia (km),Real Time,Velocidad promedia
Thu Nov  7 18:38:52 2024,Tomeco,Copiulemu,17.65,23.45,True,79.71671388101984
Thu Nov  7 18:38:52 2024,Copiulemu,Tomeco,15.466666666666667,21.968,True,85.22068965517242
Thu Nov  7 18:38:52 2024,Tomeco,Copiulemu,17.65,23.45,False,79.71671388101984
Thu Nov  7 18:38:52 2024,Copiulemu,Tomeco,15.0,21.968,False,87.872
