Fecha,From,To,Tiempo (min),Distancia (km),Real Time,Velocidad promedia
Thu May  9 14:30:03 2024,Tomeco,Copiulemu,18.133333333333333,23.48,True,77.69117647058823
Thu May  9 14:30:03 2024,Copiulemu,Tomeco,15.283333333333333,22.002,True,86.37644492911667
Thu May  9 14:30:03 2024,Tomeco,Copiulemu,18.05,23.48,False,78.04986149584488
Thu May  9 14:30:03 2024,Copiulemu,Tomeco,15.266666666666667,22.002,False,86.47074235807858
