Fecha,From,To,Tiempo (min),Distancia (km),Real Time,Velocidad promedia
Thu Aug 22 04:33:40 2024,Tomeco,Copiulemu,19.466666666666665,23.48,True,72.36986301369863
Thu Aug 22 04:33:40 2024,Copiulemu,Tomeco,15.866666666666667,22.002,True,83.20084033613446
Thu Aug 22 04:33:40 2024,Tomeco,Copiulemu,19.066666666666666,23.48,False,73.8881118881119
Thu Aug 22 04:33:40 2024,Copiulemu,Tomeco,15.866666666666667,22.002,False,83.20084033613446
