Fecha,From,To,Tiempo (min),Distancia (km),Real Time,Velocidad promedia
Thu Nov 21 16:42:22 2024,Tomeco,Copiulemu,17.466666666666665,23.45,True,80.55343511450381
Thu Nov 21 16:42:22 2024,Copiulemu,Tomeco,15.433333333333334,21.968,True,85.40475161987041
Thu Nov 21 16:42:22 2024,Tomeco,Copiulemu,17.466666666666665,23.45,False,80.55343511450381
Thu Nov 21 16:42:22 2024,Copiulemu,Tomeco,15.716666666666667,21.968,False,83.86511134676564
