Fecha,From,To,Tiempo (min),Distancia (km),Real Time,Velocidad promedia
Thu Dec 14 08:31:28 2023,Tomeco,Copiulemu,18.333333333333332,23.39,True,76.54909090909092
Thu Dec 14 08:31:28 2023,Copiulemu,Tomeco,14.833333333333334,21.461,True,86.80853932584269
Thu Dec 14 08:31:28 2023,Tomeco,Copiulemu,18.333333333333332,23.39,False,76.54909090909092
Thu Dec 14 08:31:28 2023,Copiulemu,Tomeco,14.833333333333334,21.461,False,86.80853932584269
