Fecha,From,To,Tiempo (min),Distancia (km),Real Time,Velocidad promedia
Thu Mar 17 10:37:19 2022,Tomeco,Copiulemu,17.016666666666666,23.39,True,82.4720861900098
Thu Mar 17 10:37:19 2022,Copiulemu,Tomeco,15.433333333333334,22.002,True,85.53693304535636
Thu Mar 17 10:37:19 2022,Tomeco,Copiulemu,17.0,23.39,False,82.5529411764706
Thu Mar 17 10:37:19 2022,Copiulemu,Tomeco,15.4,22.002,False,85.72207792207791
