Fecha,From,To,Tiempo (min),Distancia (km),Real Time,Velocidad promedia
Thu Apr 28 16:53:28 2022,Tomeco,Copiulemu,17.083333333333332,23.39,True,82.15024390243903
Thu Apr 28 16:53:28 2022,Copiulemu,Tomeco,15.016666666666667,21.461,True,85.74872364039956
Thu Apr 28 16:53:28 2022,Tomeco,Copiulemu,16.8,23.39,False,83.53571428571428
Thu Apr 28 16:53:28 2022,Copiulemu,Tomeco,14.716666666666667,21.461,False,87.49671574178934
