Fecha,From,To,Tiempo (min),Distancia (km),Real Time,Velocidad promedia
Thu Nov  7 19:28:04 2024,Tomeco,Copiulemu,17.8,23.45,True,79.04494382022472
Thu Nov  7 19:28:04 2024,Copiulemu,Tomeco,15.75,21.968,True,83.68761904761904
Thu Nov  7 19:28:04 2024,Tomeco,Copiulemu,17.8,23.45,False,79.04494382022472
Thu Nov  7 19:28:04 2024,Copiulemu,Tomeco,15.366666666666667,21.968,False,85.77527114967462
