Fecha,From,To,Tiempo (min),Distancia (km),Real Time,Velocidad promedia
Thu Apr  7 05:31:07 2022,Tomeco,Copiulemu,18.066666666666666,23.39,True,77.6789667896679
Thu Apr  7 05:31:07 2022,Copiulemu,Tomeco,15.333333333333334,22.002,True,86.09478260869564
Thu Apr  7 05:31:07 2022,Tomeco,Copiulemu,18.066666666666666,23.39,False,77.6789667896679
Thu Apr  7 05:31:07 2022,Copiulemu,Tomeco,15.333333333333334,22.002,False,86.09478260869564
