Fecha,From,To,Tiempo (min),Distancia (km),Real Time,Velocidad promedia
Thu Dec 21 22:30:09 2023,Tomeco,Copiulemu,17.6,23.39,True,79.73863636363636
Thu Dec 21 22:30:09 2023,Copiulemu,Tomeco,16.783333333333335,22.002,True,78.65660377358489
Thu Dec 21 22:30:09 2023,Tomeco,Copiulemu,17.6,23.39,False,79.73863636363636
Thu Dec 21 22:30:09 2023,Copiulemu,Tomeco,17.116666666666667,22.002,False,77.12482960077895
