Fecha,From,To,Tiempo (min),Distancia (km),Real Time,Velocidad promedia
Thu Jul 18 09:29:15 2024,Tomeco,Copiulemu,19.533333333333335,23.48,True,72.12286689419794
Thu Jul 18 09:29:15 2024,Copiulemu,Tomeco,15.816666666666666,22.002,True,83.46385669125394
Thu Jul 18 09:29:15 2024,Tomeco,Copiulemu,19.366666666666667,23.48,False,72.74354561101549
Thu Jul 18 09:29:15 2024,Copiulemu,Tomeco,15.816666666666666,22.002,False,83.46385669125394
