Fecha,From,To,Tiempo (min),Distancia (km),Real Time,Velocidad promedia
Thu Apr 18 10:34:08 2024,Tomeco,Copiulemu,18.166666666666668,23.48,True,77.548623853211
Thu Apr 18 10:34:08 2024,Copiulemu,Tomeco,15.25,22.002,True,86.56524590163934
Thu Apr 18 10:34:08 2024,Tomeco,Copiulemu,17.733333333333334,23.48,False,79.44360902255639
Thu Apr 18 10:34:08 2024,Copiulemu,Tomeco,15.233333333333333,22.002,False,86.65995623632385
