Fecha,From,To,Tiempo (min),Distancia (km),Real Time,Velocidad promedia
Thu Jul 18 04:34:38 2024,Tomeco,Copiulemu,19.916666666666668,23.48,True,70.73472803347279
Thu Jul 18 04:34:38 2024,Copiulemu,Tomeco,15.783333333333333,22.002,True,83.64012671594509
Thu Jul 18 04:34:38 2024,Tomeco,Copiulemu,19.133333333333333,23.48,False,73.63066202090593
Thu Jul 18 04:34:38 2024,Copiulemu,Tomeco,15.95,22.002,False,82.76614420062697
