Fecha,From,To,Tiempo (min),Distancia (km),Real Time,Velocidad promedia
Thu Feb  1 06:30:54 2024,Tomeco,Copiulemu,18.183333333333334,23.48,True,77.47754353803849
Thu Feb  1 06:30:54 2024,Copiulemu,Tomeco,15.783333333333333,22.002,True,83.64012671594509
Thu Feb  1 06:30:54 2024,Tomeco,Copiulemu,18.183333333333334,23.48,False,77.47754353803849
Thu Feb  1 06:30:54 2024,Copiulemu,Tomeco,15.783333333333333,22.002,False,83.64012671594509
