Fecha,From,To,Tiempo (min),Distancia (km),Real Time,Velocidad promedia
Thu Mar 28 07:28:03 2024,Tomeco,Copiulemu,18.316666666666666,23.48,True,76.91355777979983
Thu Mar 28 07:28:03 2024,Copiulemu,Tomeco,15.633333333333333,22.002,True,84.44264392324094
Thu Mar 28 07:28:03 2024,Tomeco,Copiulemu,18.316666666666666,23.48,False,76.91355777979983
Thu Mar 28 07:28:03 2024,Copiulemu,Tomeco,15.633333333333333,22.002,False,84.44264392324094
