Fecha,From,To,Tiempo (min),Distancia (km),Real Time,Velocidad promedia
Thu Sep 14 03:28:06 2023,Tomeco,Copiulemu,18.616666666666667,23.649,True,76.21880035810207
Thu Sep 14 03:28:06 2023,Copiulemu,Tomeco,15.933333333333334,22.002,True,82.85271966527196
Thu Sep 14 03:28:06 2023,Tomeco,Copiulemu,17.9,23.649,False,79.27039106145253
Thu Sep 14 03:28:06 2023,Copiulemu,Tomeco,15.916666666666666,22.002,False,82.93947643979057
