Fecha,From,To,Tiempo (min),Distancia (km),Real Time,Velocidad promedia
Thu Sep  1 13:04:25 2022,Tomeco,Copiulemu,16.516666666666666,23.39,True,84.96871846619577
Thu Sep  1 13:04:25 2022,Copiulemu,Tomeco,15.45,21.461,True,83.34368932038834
Thu Sep  1 13:04:25 2022,Tomeco,Copiulemu,16.516666666666666,23.39,False,84.96871846619577
Thu Sep  1 13:04:25 2022,Copiulemu,Tomeco,14.783333333333333,21.461,False,87.1021420518602
