Fecha,From,To,Tiempo (min),Distancia (km),Real Time,Velocidad promedia
Thu Jul  4 16:35:09 2024,Tomeco,Copiulemu,17.9,23.48,True,78.70391061452516
Thu Jul  4 16:35:09 2024,Copiulemu,Tomeco,15.85,22.002,True,83.28832807570977
Thu Jul  4 16:35:09 2024,Tomeco,Copiulemu,17.833333333333332,23.48,False,78.9981308411215
Thu Jul  4 16:35:09 2024,Copiulemu,Tomeco,15.783333333333333,22.002,False,83.64012671594509
