Fecha,From,To,Tiempo (min),Distancia (km),Real Time,Velocidad promedia
Thu Mar 24 03:01:19 2022,Tomeco,Copiulemu,18.116666666666667,23.39,True,77.46458141674333
Thu Mar 24 03:01:19 2022,Copiulemu,Tomeco,15.866666666666667,22.002,True,83.20084033613446
Thu Mar 24 03:01:19 2022,Tomeco,Copiulemu,18.116666666666667,23.39,False,77.46458141674333
Thu Mar 24 03:01:19 2022,Copiulemu,Tomeco,15.516666666666667,22.002,False,85.07755102040815
