Fecha,From,To,Tiempo (min),Distancia (km),Real Time,Velocidad promedia
Thu Dec  5 05:37:42 2024,Tomeco,Copiulemu,17.883333333333333,23.45,True,78.67660764212488
Thu Dec  5 05:37:42 2024,Copiulemu,Tomeco,15.966666666666667,21.968,True,82.55198329853862
Thu Dec  5 05:37:42 2024,Tomeco,Copiulemu,17.7,23.45,False,79.49152542372882
Thu Dec  5 05:37:42 2024,Copiulemu,Tomeco,15.933333333333334,21.968,False,82.72468619246862
