Fecha,From,To,Tiempo (min),Distancia (km),Real Time,Velocidad promedia
Thu Sep  8 21:37:08 2022,Tomeco,Copiulemu,16.983333333333334,23.39,True,82.63395485770363
Thu Sep  8 21:37:08 2022,Copiulemu,Tomeco,15.283333333333333,21.461,True,84.25256270447109
Thu Sep  8 21:37:08 2022,Tomeco,Copiulemu,17.733333333333334,23.39,False,79.1390977443609
Thu Sep  8 21:37:08 2022,Copiulemu,Tomeco,15.283333333333333,21.461,False,84.25256270447109
