Fecha,From,To,Tiempo (min),Distancia (km),Real Time,Velocidad promedia
Thu Jul 18 12:49:46 2024,Tomeco,Copiulemu,18.466666666666665,23.48,True,76.28880866425993
Thu Jul 18 12:49:46 2024,Copiulemu,Tomeco,15.233333333333333,22.002,True,86.65995623632385
Thu Jul 18 12:49:46 2024,Tomeco,Copiulemu,18.45,23.48,False,76.35772357723577
Thu Jul 18 12:49:46 2024,Copiulemu,Tomeco,15.133333333333333,22.002,False,87.23259911894272
