Fecha,From,To,Tiempo (min),Distancia (km),Real Time,Velocidad promedia
Thu May 30 17:28:45 2024,Tomeco,Copiulemu,18.716666666666665,23.48,True,75.26981300089048
Thu May 30 17:28:45 2024,Copiulemu,Tomeco,15.483333333333333,22.002,True,85.26071044133477
Thu May 30 17:28:45 2024,Tomeco,Copiulemu,18.7,23.48,False,75.33689839572193
Thu May 30 17:28:45 2024,Copiulemu,Tomeco,15.083333333333334,22.002,False,87.5217679558011
