Fecha,From,To,Tiempo (min),Distancia (km),Real Time,Velocidad promedia
Thu Aug  8 05:32:03 2024,Tomeco,Copiulemu,18.65,23.48,True,75.53887399463808
Thu Aug  8 05:32:03 2024,Copiulemu,Tomeco,16.95,22.002,True,77.88318584070797
Thu Aug  8 05:32:03 2024,Tomeco,Copiulemu,18.65,23.48,False,75.53887399463808
Thu Aug  8 05:32:03 2024,Copiulemu,Tomeco,15.766666666666667,22.002,False,83.72854122621564
