Fecha,From,To,Tiempo (min),Distancia (km),Real Time,Velocidad promedia
Thu Oct 10 02:59:26 2024,Tomeco,Copiulemu,18.45,23.48,True,76.35772357723577
Thu Oct 10 02:59:26 2024,Copiulemu,Tomeco,15.9,22.002,True,83.02641509433961
Thu Oct 10 02:59:26 2024,Tomeco,Copiulemu,18.433333333333334,23.48,False,76.42676311030742
Thu Oct 10 02:59:26 2024,Copiulemu,Tomeco,15.9,22.002,False,83.02641509433961
