Fecha,From,To,Tiempo (min),Distancia (km),Real Time,Velocidad promedia
Thu Sep 19 01:53:26 2024,Tomeco,Copiulemu,18.616666666666667,23.48,True,75.67412712623099
Thu Sep 19 01:53:26 2024,Copiulemu,Tomeco,15.65,22.002,True,84.35271565495206
Thu Sep 19 01:53:26 2024,Tomeco,Copiulemu,18.166666666666668,23.48,False,77.548623853211
Thu Sep 19 01:53:26 2024,Copiulemu,Tomeco,15.416666666666666,22.002,False,85.62940540540541
