Fecha,From,To,Tiempo (min),Distancia (km),Real Time,Velocidad promedia
Thu Oct 31 08:36:25 2024,Tomeco,Copiulemu,18.933333333333334,23.45,True,74.31338028169014
Thu Oct 31 08:36:25 2024,Copiulemu,Tomeco,15.716666666666667,21.968,True,83.86511134676564
Thu Oct 31 08:36:25 2024,Tomeco,Copiulemu,18.483333333333334,23.45,False,76.12263300270513
Thu Oct 31 08:36:25 2024,Copiulemu,Tomeco,15.716666666666667,21.968,False,83.86511134676564
