Fecha,From,To,Tiempo (min),Distancia (km),Real Time,Velocidad promedia
Thu Sep 12 12:52:12 2024,Tomeco,Copiulemu,18.066666666666666,23.712,True,78.74833948339483
Thu Sep 12 12:52:12 2024,Copiulemu,Tomeco,15.783333333333333,22.002,True,83.64012671594509
Thu Sep 12 12:52:12 2024,Tomeco,Copiulemu,18.083333333333332,23.712,False,78.6757603686636
Thu Sep 12 12:52:12 2024,Copiulemu,Tomeco,15.483333333333333,22.002,False,85.26071044133477
