Fecha,From,To,Tiempo (min),Distancia (km),Real Time,Velocidad promedia
Thu Jul 11 20:28:21 2024,Tomeco,Copiulemu,19.116666666666667,23.48,True,73.69485614646905
Thu Jul 11 20:28:21 2024,Copiulemu,Tomeco,15.8,22.002,True,83.5518987341772
Thu Jul 11 20:28:21 2024,Tomeco,Copiulemu,18.266666666666666,23.48,False,77.1240875912409
Thu Jul 11 20:28:21 2024,Copiulemu,Tomeco,15.433333333333334,22.002,False,85.53693304535636
