Fecha,From,To,Tiempo (min),Distancia (km),Real Time,Velocidad promedia
Thu Jan 11 02:39:39 2024,Tomeco,Copiulemu,19.7,23.48,True,71.51269035532995
Thu Jan 11 02:39:39 2024,Copiulemu,Tomeco,15.75,22.002,True,83.81714285714285
Thu Jan 11 02:39:39 2024,Tomeco,Copiulemu,18.116666666666667,23.48,False,77.76264949402024
Thu Jan 11 02:39:39 2024,Copiulemu,Tomeco,15.75,22.002,False,83.81714285714285
