Fecha,From,To,Tiempo (min),Distancia (km),Real Time,Velocidad promedia
Thu Jun 23 14:32:44 2022,Tomeco,Copiulemu,16.95,23.39,True,82.79646017699116
Thu Jun 23 14:32:44 2022,Copiulemu,Tomeco,15.416666666666666,22.002,True,85.62940540540541
Thu Jun 23 14:32:44 2022,Tomeco,Copiulemu,16.566666666666666,23.39,False,84.71227364185111
Thu Jun 23 14:32:44 2022,Copiulemu,Tomeco,15.316666666666666,22.002,False,86.18846572361262
