Fecha,From,To,Tiempo (min),Distancia (km),Real Time,Velocidad promedia
Thu Jul 11 04:34:40 2024,Tomeco,Copiulemu,19.133333333333333,23.48,True,73.63066202090593
Thu Jul 11 04:34:40 2024,Copiulemu,Tomeco,15.95,22.002,True,82.76614420062697
Thu Jul 11 04:34:40 2024,Tomeco,Copiulemu,19.133333333333333,23.48,False,73.63066202090593
Thu Jul 11 04:34:40 2024,Copiulemu,Tomeco,15.95,22.002,False,82.76614420062697
