Fecha,From,To,Tiempo (min),Distancia (km),Real Time,Velocidad promedia
Thu Nov 30 07:28:02 2023,Tomeco,Copiulemu,17.816666666666666,23.39,True,78.7689429373246
Thu Nov 30 07:28:02 2023,Copiulemu,Tomeco,15.3,22.002,True,86.28235294117647
Thu Nov 30 07:28:02 2023,Tomeco,Copiulemu,17.816666666666666,23.39,False,78.7689429373246
Thu Nov 30 07:28:02 2023,Copiulemu,Tomeco,15.3,22.002,False,86.28235294117647
