Fecha,From,To,Tiempo (min),Distancia (km),Real Time,Velocidad promedia
Thu Nov 14 16:41:31 2024,Tomeco,Copiulemu,17.316666666666666,23.45,True,81.2512030798845
Thu Nov 14 16:41:31 2024,Copiulemu,Tomeco,15.833333333333334,21.968,True,83.24715789473684
Thu Nov 14 16:41:31 2024,Tomeco,Copiulemu,17.116666666666667,23.45,False,82.20058422590067
Thu Nov 14 16:41:31 2024,Copiulemu,Tomeco,15.333333333333334,21.968,False,85.96173913043476
