Fecha,From,To,Tiempo (min),Distancia (km),Real Time,Velocidad promedia
Thu May 16 08:28:03 2024,Tomeco,Copiulemu,19.116666666666667,23.48,True,73.69485614646905
Thu May 16 08:28:03 2024,Copiulemu,Tomeco,15.583333333333334,22.002,True,84.71358288770053
Thu May 16 08:28:03 2024,Tomeco,Copiulemu,19.116666666666667,23.48,False,73.69485614646905
Thu May 16 08:28:03 2024,Copiulemu,Tomeco,15.583333333333334,22.002,False,84.71358288770053
