Fecha,From,To,Tiempo (min),Distancia (km),Real Time,Velocidad promedia
Thu Nov 16 08:31:07 2023,Tomeco,Copiulemu,18.533333333333335,23.39,True,75.72302158273381
Thu Nov 16 08:31:07 2023,Copiulemu,Tomeco,14.9,22.002,True,88.59865771812079
Thu Nov 16 08:31:07 2023,Tomeco,Copiulemu,18.183333333333334,23.39,False,77.18056828597616
Thu Nov 16 08:31:07 2023,Copiulemu,Tomeco,14.9,22.002,False,88.59865771812079
