Fecha,From,To,Tiempo (min),Distancia (km),Real Time,Velocidad promedia
Thu Aug 18 17:09:28 2022,Tomeco,Copiulemu,17.883333333333333,23.39,True,78.47530288909599
Thu Aug 18 17:09:28 2022,Copiulemu,Tomeco,14.983333333333333,22.002,True,88.1058954393771
Thu Aug 18 17:09:28 2022,Tomeco,Copiulemu,16.916666666666668,23.39,False,82.95960591133006
Thu Aug 18 17:09:28 2022,Copiulemu,Tomeco,14.8,21.461,False,87.00405405405405
