Fecha,From,To,Tiempo (min),Distancia (km),Real Time,Velocidad promedia
Thu Jul 25 22:31:25 2024,Tomeco,Copiulemu,18.65,23.48,True,75.53887399463808
Thu Jul 25 22:31:25 2024,Copiulemu,Tomeco,15.833333333333334,22.002,True,83.37599999999999
Thu Jul 25 22:31:25 2024,Tomeco,Copiulemu,18.516666666666666,23.48,False,76.08280828082809
Thu Jul 25 22:31:25 2024,Copiulemu,Tomeco,15.833333333333334,22.002,False,83.37599999999999
