Fecha,From,To,Tiempo (min),Distancia (km),Real Time,Velocidad promedia
Thu Nov 30 16:37:48 2023,Tomeco,Copiulemu,17.283333333333335,23.39,True,81.19961427193829
Thu Nov 30 16:37:48 2023,Copiulemu,Tomeco,15.216666666666667,22.002,True,86.75487404162102
Thu Nov 30 16:37:48 2023,Tomeco,Copiulemu,17.266666666666666,23.39,False,81.27799227799228
Thu Nov 30 16:37:48 2023,Copiulemu,Tomeco,15.016666666666667,22.002,False,87.91032186459489
