Fecha,From,To,Tiempo (min),Distancia (km),Real Time,Velocidad promedia
Thu Jul  4 05:31:35 2024,Tomeco,Copiulemu,18.683333333333334,23.48,True,75.40410347903658
Thu Jul  4 05:31:35 2024,Copiulemu,Tomeco,15.85,22.002,True,83.28832807570977
Thu Jul  4 05:31:35 2024,Tomeco,Copiulemu,18.683333333333334,23.48,False,75.40410347903658
Thu Jul  4 05:31:35 2024,Copiulemu,Tomeco,15.866666666666667,22.002,False,83.20084033613446
