Fecha,From,To,Tiempo (min),Distancia (km),Real Time,Velocidad promedia
Thu May 26 22:37:40 2022,Tomeco,Copiulemu,18.016666666666666,23.39,True,77.89454209065681
Thu May 26 22:37:40 2022,Copiulemu,Tomeco,15.533333333333333,21.461,True,82.89656652360514
Thu May 26 22:37:40 2022,Tomeco,Copiulemu,17.95,23.39,False,78.18384401114207
Thu May 26 22:37:40 2022,Copiulemu,Tomeco,15.516666666666667,21.461,False,82.98560687432867
