Fecha,From,To,Tiempo (min),Distancia (km),Real Time,Velocidad promedia
Thu May 12 02:24:46 2022,Tomeco,Copiulemu,17.016666666666666,23.39,True,82.4720861900098
Thu May 12 02:24:46 2022,Copiulemu,Tomeco,15.883333333333333,22.002,True,83.11353620146905
Thu May 12 02:24:46 2022,Tomeco,Copiulemu,17.133333333333333,23.39,False,81.91050583657588
Thu May 12 02:24:46 2022,Copiulemu,Tomeco,15.9,22.002,False,83.02641509433961
