Fecha,From,To,Tiempo (min),Distancia (km),Real Time,Velocidad promedia
Thu Apr  7 23:33:51 2022,Tomeco,Copiulemu,17.566666666666666,23.39,True,79.88994307400381
Thu Apr  7 23:33:51 2022,Copiulemu,Tomeco,15.683333333333334,21.461,True,82.10371944739639
Thu Apr  7 23:33:51 2022,Tomeco,Copiulemu,18.383333333333333,23.39,False,76.34088848594742
Thu Apr  7 23:33:51 2022,Copiulemu,Tomeco,15.366666666666667,21.461,False,83.79566160520606
