Fecha,From,To,Tiempo (min),Distancia (km),Real Time,Velocidad promedia
Thu Nov 16 18:31:38 2023,Tomeco,Copiulemu,17.316666666666666,23.39,True,81.04331087584217
Thu Nov 16 18:31:38 2023,Copiulemu,Tomeco,15.166666666666666,22.002,True,87.04087912087913
Thu Nov 16 18:31:38 2023,Tomeco,Copiulemu,17.15,23.39,False,81.83090379008746
Thu Nov 16 18:31:38 2023,Copiulemu,Tomeco,15.05,22.002,False,87.71561461794019
