Fecha,From,To,Tiempo (min),Distancia (km),Real Time,Velocidad promedia
Thu Jul 11 17:30:50 2024,Tomeco,Copiulemu,18.466666666666665,23.48,True,76.28880866425993
Thu Jul 11 17:30:50 2024,Copiulemu,Tomeco,15.3,22.002,True,86.28235294117647
Thu Jul 11 17:30:50 2024,Tomeco,Copiulemu,18.45,23.48,False,76.35772357723577
Thu Jul 11 17:30:50 2024,Copiulemu,Tomeco,15.266666666666667,22.002,False,86.47074235807858
