Fecha,From,To,Tiempo (min),Distancia (km),Real Time,Velocidad promedia
Thu Feb 15 21:28:13 2024,Tomeco,Copiulemu,19.083333333333332,23.48,True,73.82358078602621
Thu Feb 15 21:28:13 2024,Copiulemu,Tomeco,17.166666666666668,22.002,True,76.90019417475727
Thu Feb 15 21:28:13 2024,Tomeco,Copiulemu,18.15,23.48,False,77.6198347107438
Thu Feb 15 21:28:13 2024,Copiulemu,Tomeco,16.4,22.002,False,80.49512195121952
