Fecha,From,To,Tiempo (min),Distancia (km),Real Time,Velocidad promedia
Thu Oct 24 21:30:40 2024,Tomeco,Copiulemu,19.05,23.48,True,73.95275590551181
Thu Oct 24 21:30:40 2024,Copiulemu,Tomeco,15.516666666666667,22.002,True,85.07755102040815
Thu Oct 24 21:30:40 2024,Tomeco,Copiulemu,17.266666666666666,23.48,False,81.5907335907336
Thu Oct 24 21:30:40 2024,Copiulemu,Tomeco,15.25,22.002,False,86.56524590163934
