Fecha,From,To,Tiempo (min),Distancia (km),Real Time,Velocidad promedia
Thu Sep 22 09:43:03 2022,Tomeco,Copiulemu,17.283333333333335,23.39,True,81.19961427193829
Thu Sep 22 09:43:03 2022,Copiulemu,Tomeco,15.2,22.002,True,86.85000000000001
Thu Sep 22 09:43:03 2022,Tomeco,Copiulemu,17.1,23.39,False,82.07017543859648
Thu Sep 22 09:43:03 2022,Copiulemu,Tomeco,15.116666666666667,22.002,False,87.328776185226
