Fecha,From,To,Tiempo (min),Distancia (km),Real Time,Velocidad promedia
Thu Nov 28 12:58:25 2024,Tomeco,Copiulemu,17.583333333333332,23.45,True,80.01895734597157
Thu Nov 28 12:58:25 2024,Copiulemu,Tomeco,16.0,21.562,True,80.8575
Thu Nov 28 12:58:25 2024,Tomeco,Copiulemu,17.516666666666666,23.45,False,80.32350142721218
Thu Nov 28 12:58:25 2024,Copiulemu,Tomeco,15.933333333333334,21.562,False,81.1958158995816
