Fecha,From,To,Tiempo (min),Distancia (km),Real Time,Velocidad promedia
Thu Feb  1 09:28:03 2024,Tomeco,Copiulemu,18.066666666666666,23.48,True,77.97785977859779
Thu Feb  1 09:28:03 2024,Copiulemu,Tomeco,15.483333333333333,22.002,True,85.26071044133477
Thu Feb  1 09:28:03 2024,Tomeco,Copiulemu,18.05,23.48,False,78.04986149584488
Thu Feb  1 09:28:03 2024,Copiulemu,Tomeco,15.483333333333333,22.002,False,85.26071044133477
