Fecha,From,To,Tiempo (min),Distancia (km),Real Time,Velocidad promedia
Thu Dec  5 15:36:52 2024,Tomeco,Copiulemu,17.516666666666666,23.45,True,80.32350142721218
Thu Dec  5 15:36:52 2024,Copiulemu,Tomeco,15.666666666666666,21.968,True,84.13276595744681
Thu Dec  5 15:36:52 2024,Tomeco,Copiulemu,17.416666666666668,23.45,False,80.7846889952153
Thu Dec  5 15:36:52 2024,Copiulemu,Tomeco,15.55,21.968,False,84.76398713826367
