Fecha,From,To,Tiempo (min),Distancia (km),Real Time,Velocidad promedia
Thu Nov  2 18:30:54 2023,Tomeco,Copiulemu,17.6,23.39,True,79.73863636363636
Thu Nov  2 18:30:54 2023,Copiulemu,Tomeco,15.283333333333333,22.002,True,86.37644492911667
Thu Nov  2 18:30:54 2023,Tomeco,Copiulemu,17.3,23.39,False,81.121387283237
Thu Nov  2 18:30:54 2023,Copiulemu,Tomeco,15.133333333333333,22.002,False,87.23259911894272
