Fecha,From,To,Tiempo (min),Distancia (km),Real Time,Velocidad promedia
Tue May  3 13:06:44 2022,Tomeco,Copiulemu,16.466666666666665,23.39,True,85.22672064777329
Tue May  3 13:06:44 2022,Copiulemu,Tomeco,14.616666666666667,22.002,True,90.31607753705815
Tue May  3 13:06:44 2022,Tomeco,Copiulemu,16.483333333333334,23.39,False,85.14054600606673
Tue May  3 13:06:44 2022,Copiulemu,Tomeco,14.5,22.002,False,91.04275862068965
