Fecha,From,To,Tiempo (min),Distancia (km),Real Time,Velocidad promedia
Tue Mar 19 14:28:39 2024,Tomeco,Copiulemu,18.3,23.48,True,76.98360655737706
Tue Mar 19 14:28:39 2024,Copiulemu,Tomeco,15.533333333333333,22.002,True,84.9862660944206
Tue Mar 19 14:28:39 2024,Tomeco,Copiulemu,17.966666666666665,23.48,False,78.41187384044528
Tue Mar 19 14:28:39 2024,Copiulemu,Tomeco,15.266666666666667,22.002,False,86.47074235807858
