Fecha,From,To,Tiempo (min),Distancia (km),Real Time,Velocidad promedia
Tue Sep 20 19:33:28 2022,Tomeco,Copiulemu,19.766666666666666,23.39,True,70.9983136593592
Tue Sep 20 19:33:28 2022,Copiulemu,Tomeco,14.966666666666667,22.002,True,88.20400890868596
Tue Sep 20 19:33:28 2022,Tomeco,Copiulemu,17.75,23.39,False,79.06478873239436
Tue Sep 20 19:33:28 2022,Copiulemu,Tomeco,15.183333333333334,22.002,False,86.94533479692646
