Fecha,From,To,Tiempo (min),Distancia (km),Real Time,Velocidad promedia
Tue Nov 12 14:35:47 2024,Tomeco,Copiulemu,18.116666666666667,23.45,True,77.66329346826126
Tue Nov 12 14:35:47 2024,Copiulemu,Tomeco,15.366666666666667,21.968,True,85.77527114967462
Tue Nov 12 14:35:47 2024,Tomeco,Copiulemu,18.116666666666667,23.45,False,77.66329346826126
Tue Nov 12 14:35:47 2024,Copiulemu,Tomeco,15.366666666666667,21.968,False,85.77527114967462
