Fecha,From,To,Tiempo (min),Distancia (km),Real Time,Velocidad promedia
Tue Jul  9 23:29:54 2024,Tomeco,Copiulemu,18.966666666666665,23.48,True,74.27768014059755
Tue Jul  9 23:29:54 2024,Copiulemu,Tomeco,16.333333333333332,22.002,True,80.82367346938776
Tue Jul  9 23:29:54 2024,Tomeco,Copiulemu,18.266666666666666,23.48,False,77.1240875912409
Tue Jul  9 23:29:54 2024,Copiulemu,Tomeco,16.25,22.002,False,81.23815384615385
