Fecha,From,To,Tiempo (min),Distancia (km),Real Time,Velocidad promedia
Tue Aug 30 06:34:35 2022,Tomeco,Copiulemu,17.433333333333334,23.39,True,80.50095602294455
Tue Aug 30 06:34:35 2022,Copiulemu,Tomeco,15.416666666666666,22.002,True,85.62940540540541
Tue Aug 30 06:34:35 2022,Tomeco,Copiulemu,17.433333333333334,23.39,False,80.50095602294455
Tue Aug 30 06:34:35 2022,Copiulemu,Tomeco,15.416666666666666,22.002,False,85.62940540540541
