Fecha,From,To,Tiempo (min),Distancia (km),Real Time,Velocidad promedia
Tue Oct 31 20:28:09 2023,Tomeco,Copiulemu,17.766666666666666,23.39,True,78.9906191369606
Tue Oct 31 20:28:09 2023,Copiulemu,Tomeco,15.6,22.002,True,84.62307692307692
Tue Oct 31 20:28:09 2023,Tomeco,Copiulemu,17.75,23.39,False,79.06478873239436
Tue Oct 31 20:28:09 2023,Copiulemu,Tomeco,15.55,22.002,False,84.8951768488746
