Fecha,From,To,Tiempo (min),Distancia (km),Real Time,Velocidad promedia
Tue May 10 05:33:37 2022,Tomeco,Copiulemu,17.45,23.39,True,80.42406876790831
Tue May 10 05:33:37 2022,Copiulemu,Tomeco,15.733333333333333,22.002,True,83.90593220338984
Tue May 10 05:33:37 2022,Tomeco,Copiulemu,17.45,23.39,False,80.42406876790831
Tue May 10 05:33:37 2022,Copiulemu,Tomeco,15.733333333333333,22.002,False,83.90593220338984
