Fecha,From,To,Tiempo (min),Distancia (km),Real Time,Velocidad promedia
Tue Nov 26 09:35:50 2024,Tomeco,Copiulemu,18.05,23.45,True,77.95013850415512
Tue Nov 26 09:35:50 2024,Copiulemu,Tomeco,15.566666666666666,21.968,True,84.67323340471093
Tue Nov 26 09:35:50 2024,Tomeco,Copiulemu,18.033333333333335,23.45,False,78.02218114602587
Tue Nov 26 09:35:50 2024,Copiulemu,Tomeco,15.166666666666666,21.968,False,86.90637362637364
