Fecha,From,To,Tiempo (min),Distancia (km),Real Time,Velocidad promedia
Tue Sep 20 07:44:32 2022,Tomeco,Copiulemu,17.933333333333334,23.39,True,78.25650557620818
Tue Sep 20 07:44:32 2022,Copiulemu,Tomeco,15.633333333333333,22.002,True,84.44264392324094
Tue Sep 20 07:44:32 2022,Tomeco,Copiulemu,17.933333333333334,23.39,False,78.25650557620818
Tue Sep 20 07:44:32 2022,Copiulemu,Tomeco,15.633333333333333,22.002,False,84.44264392324094
