Fecha,From,To,Tiempo (min),Distancia (km),Real Time,Velocidad promedia
Tue Jan 30 18:29:21 2024,Tomeco,Copiulemu,18.95,23.48,True,74.3430079155673
Tue Jan 30 18:29:21 2024,Copiulemu,Tomeco,15.383333333333333,22.002,True,85.81495124593715
Tue Jan 30 18:29:21 2024,Tomeco,Copiulemu,18.933333333333334,23.48,False,74.40845070422536
Tue Jan 30 18:29:21 2024,Copiulemu,Tomeco,15.133333333333333,22.002,False,87.23259911894272
