Fecha,From,To,Tiempo (min),Distancia (km),Real Time,Velocidad promedia
Tue Sep 13 21:37:13 2022,Tomeco,Copiulemu,17.916666666666668,23.39,True,78.3293023255814
Tue Sep 13 21:37:13 2022,Copiulemu,Tomeco,15.0,22.002,True,88.008
Tue Sep 13 21:37:13 2022,Tomeco,Copiulemu,17.216666666666665,23.39,False,81.51403678606003
Tue Sep 13 21:37:13 2022,Copiulemu,Tomeco,14.9,22.002,False,88.59865771812079
