Fecha,From,To,Tiempo (min),Distancia (km),Real Time,Velocidad promedia
Tue Oct 29 06:42:12 2024,Tomeco,Copiulemu,18.633333333333333,23.498,True,75.66440071556352
Tue Oct 29 06:42:12 2024,Copiulemu,Tomeco,15.683333333333334,21.968,True,84.0433581296493
Tue Oct 29 06:42:12 2024,Tomeco,Copiulemu,18.616666666666667,23.498,False,75.73213965980305
Tue Oct 29 06:42:12 2024,Copiulemu,Tomeco,15.683333333333334,21.968,False,84.0433581296493
