Fecha,From,To,Tiempo (min),Distancia (km),Real Time,Velocidad promedia
Tue Aug 13 05:32:03 2024,Tomeco,Copiulemu,18.583333333333332,23.48,True,75.80986547085203
Tue Aug 13 05:32:03 2024,Copiulemu,Tomeco,16.116666666666667,22.002,True,81.91023784901756
Tue Aug 13 05:32:03 2024,Tomeco,Copiulemu,18.583333333333332,23.48,False,75.80986547085203
Tue Aug 13 05:32:03 2024,Copiulemu,Tomeco,16.116666666666667,22.002,False,81.91023784901756
