Fecha,From,To,Tiempo (min),Distancia (km),Real Time,Velocidad promedia
Tue Feb 20 21:28:03 2024,Tomeco,Copiulemu,18.616666666666667,23.48,True,75.67412712623099
Tue Feb 20 21:28:03 2024,Copiulemu,Tomeco,15.666666666666666,22.002,True,84.26297872340425
Tue Feb 20 21:28:03 2024,Tomeco,Copiulemu,18.3,23.48,False,76.98360655737706
Tue Feb 20 21:28:03 2024,Copiulemu,Tomeco,15.733333333333333,22.002,False,83.90593220338984
