Fecha,From,To,Tiempo (min),Distancia (km),Real Time,Velocidad promedia
Tue Oct 31 09:28:14 2023,Tomeco,Copiulemu,17.866666666666667,23.39,True,78.54850746268656
Tue Oct 31 09:28:14 2023,Copiulemu,Tomeco,14.85,22.002,True,88.89696969696969
Tue Oct 31 09:28:14 2023,Tomeco,Copiulemu,17.983333333333334,23.39,False,78.03892493049119
Tue Oct 31 09:28:14 2023,Copiulemu,Tomeco,14.833333333333334,22.002,False,88.99685393258426
