Fecha,From,To,Tiempo (min),Distancia (km),Real Time,Velocidad promedia
Tue Apr  9 03:28:04 2024,Tomeco,Copiulemu,18.816666666666666,23.48,True,74.8697962798937
Tue Apr  9 03:28:04 2024,Copiulemu,Tomeco,16.066666666666666,22.002,True,82.16514522821576
Tue Apr  9 03:28:04 2024,Tomeco,Copiulemu,18.633333333333333,23.48,False,75.60644007155636
Tue Apr  9 03:28:04 2024,Copiulemu,Tomeco,16.016666666666666,22.002,False,82.4216441207076
