Fecha,From,To,Tiempo (min),Distancia (km),Real Time,Velocidad promedia
Tue Jun 25 08:33:07 2024,Tomeco,Copiulemu,20.966666666666665,23.48,True,67.19236883942767
Tue Jun 25 08:33:07 2024,Copiulemu,Tomeco,15.966666666666667,22.002,True,82.67974947807932
Tue Jun 25 08:33:07 2024,Tomeco,Copiulemu,19.033333333333335,23.48,False,74.01751313485114
Tue Jun 25 08:33:07 2024,Copiulemu,Tomeco,15.966666666666667,22.002,False,82.67974947807932
