Fecha,From,To,Tiempo (min),Distancia (km),Real Time,Velocidad promedia
Tue Jan  9 09:28:09 2024,Tomeco,Copiulemu,17.783333333333335,23.48,True,79.22024367385191
Tue Jan  9 09:28:09 2024,Copiulemu,Tomeco,15.233333333333333,22.002,True,86.65995623632385
Tue Jan  9 09:28:09 2024,Tomeco,Copiulemu,17.3,23.48,False,81.4335260115607
Tue Jan  9 09:28:09 2024,Copiulemu,Tomeco,15.266666666666667,22.002,False,86.47074235807858
