Fecha,From,To,Tiempo (min),Distancia (km),Real Time,Velocidad promedia
Tue Apr  9 05:28:33 2024,Tomeco,Copiulemu,18.683333333333334,23.48,True,75.40410347903658
Tue Apr  9 05:28:33 2024,Copiulemu,Tomeco,15.65,22.002,True,84.35271565495206
Tue Apr  9 05:28:33 2024,Tomeco,Copiulemu,18.683333333333334,23.48,False,75.40410347903658
Tue Apr  9 05:28:33 2024,Copiulemu,Tomeco,15.65,22.002,False,84.35271565495206
