Fecha,From,To,Tiempo (min),Distancia (km),Real Time,Velocidad promedia
Tue Oct 29 13:38:14 2024,Tomeco,Copiulemu,18.433333333333334,23.498,True,76.48535262206148
Tue Oct 29 13:38:14 2024,Copiulemu,Tomeco,15.05,21.968,True,87.58006644518272
Tue Oct 29 13:38:14 2024,Tomeco,Copiulemu,18.416666666666668,23.498,False,76.5545701357466
Tue Oct 29 13:38:14 2024,Copiulemu,Tomeco,15.016666666666667,21.968,False,87.77447280799113
