Fecha,From,To,Tiempo (min),Distancia (km),Real Time,Velocidad promedia
Tue Aug 13 23:28:06 2024,Tomeco,Copiulemu,17.833333333333332,23.48,True,78.9981308411215
Tue Aug 13 23:28:06 2024,Copiulemu,Tomeco,15.766666666666667,22.002,True,83.72854122621564
Tue Aug 13 23:28:06 2024,Tomeco,Copiulemu,17.833333333333332,23.48,False,78.9981308411215
Tue Aug 13 23:28:06 2024,Copiulemu,Tomeco,15.7,22.002,False,84.08407643312101
