Fecha,From,To,Tiempo (min),Distancia (km),Real Time,Velocidad promedia
Tue Apr  2 04:31:15 2024,Tomeco,Copiulemu,18.583333333333332,23.48,True,75.80986547085203
Tue Apr  2 04:31:15 2024,Copiulemu,Tomeco,15.783333333333333,22.002,True,83.64012671594509
Tue Apr  2 04:31:15 2024,Tomeco,Copiulemu,18.583333333333332,23.48,False,75.80986547085203
Tue Apr  2 04:31:15 2024,Copiulemu,Tomeco,15.783333333333333,22.002,False,83.64012671594509
