Fecha,From,To,Tiempo (min),Distancia (km),Real Time,Velocidad promedia
Tue Jul 30 19:28:05 2024,Tomeco,Copiulemu,18.016666666666666,23.48,True,78.19426456984274
Tue Jul 30 19:28:05 2024,Copiulemu,Tomeco,15.6,22.002,True,84.62307692307692
Tue Jul 30 19:28:05 2024,Tomeco,Copiulemu,18.016666666666666,23.48,False,78.19426456984274
Tue Jul 30 19:28:05 2024,Copiulemu,Tomeco,15.566666666666666,22.002,False,84.80428265524625
