Fecha,From,To,Tiempo (min),Distancia (km),Real Time,Velocidad promedia
Tue Jul 16 21:28:03 2024,Tomeco,Copiulemu,18.15,23.48,True,77.6198347107438
Tue Jul 16 21:28:03 2024,Copiulemu,Tomeco,15.7,22.002,True,84.08407643312101
Tue Jul 16 21:28:03 2024,Tomeco,Copiulemu,18.133333333333333,23.48,False,77.69117647058823
Tue Jul 16 21:28:03 2024,Copiulemu,Tomeco,15.4,22.002,False,85.72207792207791
