Fecha,From,To,Tiempo (min),Distancia (km),Real Time,Velocidad promedia
Tue Sep 17 06:36:58 2024,Tomeco,Copiulemu,18.383333333333333,23.48,True,76.63463281958296
Tue Sep 17 06:36:58 2024,Copiulemu,Tomeco,15.733333333333333,22.002,True,83.90593220338984
Tue Sep 17 06:36:58 2024,Tomeco,Copiulemu,18.383333333333333,23.48,False,76.63463281958296
Tue Sep 17 06:36:58 2024,Copiulemu,Tomeco,15.733333333333333,22.002,False,83.90593220338984
