Fecha,From,To,Tiempo (min),Distancia (km),Real Time,Velocidad promedia
Tue Apr 16 21:28:01 2024,Tomeco,Copiulemu,17.75,23.48,True,79.36901408450704
Tue Apr 16 21:28:01 2024,Copiulemu,Tomeco,15.333333333333334,22.002,True,86.09478260869564
Tue Apr 16 21:28:01 2024,Tomeco,Copiulemu,17.716666666666665,23.48,False,79.51834430856069
Tue Apr 16 21:28:01 2024,Copiulemu,Tomeco,15.25,22.002,False,86.56524590163934
