Fecha,From,To,Tiempo (min),Distancia (km),Real Time,Velocidad promedia
Tue Dec  3 06:44:38 2024,Tomeco,Copiulemu,19.816666666666666,23.45,True,71.00084104289319
Tue Dec  3 06:44:38 2024,Copiulemu,Tomeco,15.616666666666667,21.968,True,84.40213447171826
Tue Dec  3 06:44:38 2024,Tomeco,Copiulemu,18.4,23.45,False,76.46739130434783
Tue Dec  3 06:44:38 2024,Copiulemu,Tomeco,15.616666666666667,21.968,False,84.40213447171826
