Fecha,From,To,Tiempo (min),Distancia (km),Real Time,Velocidad promedia
Tue Jun 28 09:34:59 2022,Tomeco,Copiulemu,17.8,23.39,True,78.84269662921348
Tue Jun 28 09:34:59 2022,Copiulemu,Tomeco,15.116666666666667,22.002,True,87.328776185226
Tue Jun 28 09:34:59 2022,Tomeco,Copiulemu,17.8,23.39,False,78.84269662921348
Tue Jun 28 09:34:59 2022,Copiulemu,Tomeco,14.9,22.002,False,88.59865771812079
