Fecha,From,To,Tiempo (min),Distancia (km),Real Time,Velocidad promedia
Tue May 24 05:38:57 2022,Tomeco,Copiulemu,17.483333333333334,23.39,True,80.27073403241181
Tue May 24 05:38:57 2022,Copiulemu,Tomeco,15.433333333333334,22.002,True,85.53693304535636
Tue May 24 05:38:57 2022,Tomeco,Copiulemu,17.483333333333334,23.39,False,80.27073403241181
Tue May 24 05:38:57 2022,Copiulemu,Tomeco,15.433333333333334,22.002,False,85.53693304535636
