Fecha,From,To,Tiempo (min),Distancia (km),Real Time,Velocidad promedia
Tue Sep 12 03:28:13 2023,Tomeco,Copiulemu,17.666666666666668,23.39,True,79.43773584905661
Tue Sep 12 03:28:13 2023,Copiulemu,Tomeco,15.516666666666667,22.002,True,85.07755102040815
Tue Sep 12 03:28:13 2023,Tomeco,Copiulemu,17.666666666666668,23.39,False,79.43773584905661
Tue Sep 12 03:28:13 2023,Copiulemu,Tomeco,15.4,22.002,False,85.72207792207791
