Fecha,From,To,Tiempo (min),Distancia (km),Real Time,Velocidad promedia
Tue Sep 19 07:28:23 2023,Tomeco,Copiulemu,17.983333333333334,23.39,True,78.03892493049119
Tue Sep 19 07:28:23 2023,Copiulemu,Tomeco,15.283333333333333,22.002,True,86.37644492911667
Tue Sep 19 07:28:23 2023,Tomeco,Copiulemu,17.983333333333334,23.39,False,78.03892493049119
Tue Sep 19 07:28:23 2023,Copiulemu,Tomeco,15.283333333333333,22.002,False,86.37644492911667
