Fecha,From,To,Tiempo (min),Distancia (km),Real Time,Velocidad promedia
Tue Aug 13 10:36:16 2024,Tomeco,Copiulemu,20.3,23.48,True,69.39901477832512
Tue Aug 13 10:36:16 2024,Copiulemu,Tomeco,15.8,22.002,True,83.5518987341772
Tue Aug 13 10:36:16 2024,Tomeco,Copiulemu,18.15,23.48,False,77.6198347107438
Tue Aug 13 10:36:16 2024,Copiulemu,Tomeco,15.783333333333333,22.002,False,83.64012671594509
