Fecha,From,To,Tiempo (min),Distancia (km),Real Time,Velocidad promedia
Tue Apr 19 04:04:31 2022,Tomeco,Copiulemu,17.716666666666665,23.649,True,80.09068673565382
Tue Apr 19 04:04:31 2022,Copiulemu,Tomeco,15.45,22.002,True,85.44466019417474
Tue Apr 19 04:04:31 2022,Tomeco,Copiulemu,17.516666666666666,23.649,False,81.00513796384396
Tue Apr 19 04:04:31 2022,Copiulemu,Tomeco,15.45,22.002,False,85.44466019417474
