Fecha,From,To,Tiempo (min),Distancia (km),Real Time,Velocidad promedia
Tue Nov 12 08:37:57 2024,Tomeco,Copiulemu,19.866666666666667,23.45,True,70.8221476510067
Tue Nov 12 08:37:57 2024,Copiulemu,Tomeco,15.3,21.968,True,86.14901960784313
Tue Nov 12 08:37:57 2024,Tomeco,Copiulemu,19.85,23.45,False,70.8816120906801
Tue Nov 12 08:37:57 2024,Copiulemu,Tomeco,15.55,21.968,False,84.76398713826367
