Fecha,From,To,Tiempo (min),Distancia (km),Real Time,Velocidad promedia
Tue Nov 26 06:42:42 2024,Tomeco,Copiulemu,18.533333333333335,23.45,True,75.91726618705034
Tue Nov 26 06:42:42 2024,Copiulemu,Tomeco,15.633333333333333,21.968,True,84.31215351812367
Tue Nov 26 06:42:42 2024,Tomeco,Copiulemu,18.516666666666666,23.45,False,75.98559855985599
Tue Nov 26 06:42:42 2024,Copiulemu,Tomeco,15.583333333333334,21.968,False,84.58267379679144
