Fecha,From,To,Tiempo (min),Distancia (km),Real Time,Velocidad promedia
Tue Sep  6 07:50:27 2022,Tomeco,Copiulemu,17.516666666666666,23.39,True,80.11798287345385
Tue Sep  6 07:50:27 2022,Copiulemu,Tomeco,15.366666666666667,22.002,True,85.90802603036876
Tue Sep  6 07:50:27 2022,Tomeco,Copiulemu,17.516666666666666,23.39,False,80.11798287345385
Tue Sep  6 07:50:27 2022,Copiulemu,Tomeco,15.35,22.002,False,86.0013029315961
