Fecha,From,To,Tiempo (min),Distancia (km),Real Time,Velocidad promedia
Tue Jun  4 15:29:30 2024,Tomeco,Copiulemu,18.383333333333333,23.48,True,76.63463281958296
Tue Jun  4 15:29:30 2024,Copiulemu,Tomeco,15.733333333333333,22.002,True,83.90593220338984
Tue Jun  4 15:29:30 2024,Tomeco,Copiulemu,18.266666666666666,23.48,False,77.1240875912409
Tue Jun  4 15:29:30 2024,Copiulemu,Tomeco,15.516666666666667,22.002,False,85.07755102040815
