Fecha,From,To,Tiempo (min),Distancia (km),Real Time,Velocidad promedia
Tue Jul 26 21:32:05 2022,Tomeco,Copiulemu,18.616666666666667,23.39,True,75.38406445837064
Tue Jul 26 21:32:05 2022,Copiulemu,Tomeco,15.7,22.002,True,84.08407643312101
Tue Jul 26 21:32:05 2022,Tomeco,Copiulemu,18.9,23.39,False,74.25396825396825
Tue Jul 26 21:32:05 2022,Copiulemu,Tomeco,15.7,22.002,False,84.08407643312101
