Fecha,From,To,Tiempo (min),Distancia (km),Real Time,Velocidad promedia
Tue Oct  3 13:29:29 2023,Tomeco,Copiulemu,17.2,23.39,True,81.59302325581395
Tue Oct  3 13:29:29 2023,Copiulemu,Tomeco,15.233333333333333,22.002,True,86.65995623632385
Tue Oct  3 13:29:29 2023,Tomeco,Copiulemu,17.15,23.39,False,81.83090379008746
Tue Oct  3 13:29:29 2023,Copiulemu,Tomeco,15.15,22.002,False,87.13663366336633
