Fecha,From,To,Tiempo (min),Distancia (km),Real Time,Velocidad promedia
Tue May 31 22:37:03 2022,Tomeco,Copiulemu,18.1,23.39,True,77.53591160220994
Tue May 31 22:37:03 2022,Copiulemu,Tomeco,15.266666666666667,22.002,True,86.47074235807858
Tue May 31 22:37:03 2022,Tomeco,Copiulemu,16.916666666666668,23.39,False,82.95960591133006
Tue May 31 22:37:03 2022,Copiulemu,Tomeco,15.266666666666667,22.002,False,86.47074235807858
