Fecha,From,To,Tiempo (min),Distancia (km),Real Time,Velocidad promedia
Tue Oct  8 18:39:29 2024,Tomeco,Copiulemu,18.083333333333332,23.48,True,77.90599078341015
Tue Oct  8 18:39:29 2024,Copiulemu,Tomeco,15.416666666666666,22.002,True,85.62940540540541
Tue Oct  8 18:39:29 2024,Tomeco,Copiulemu,18.133333333333333,23.48,False,77.69117647058823
Tue Oct  8 18:39:29 2024,Copiulemu,Tomeco,15.266666666666667,22.002,False,86.47074235807858
