Fecha,From,To,Tiempo (min),Distancia (km),Real Time,Velocidad promedia
Tue Nov  5 16:39:28 2024,Tomeco,Copiulemu,18.7,23.45,True,75.24064171122996
Tue Nov  5 16:39:28 2024,Copiulemu,Tomeco,15.25,21.968,True,86.43147540983607
Tue Nov  5 16:39:28 2024,Tomeco,Copiulemu,18.683333333333334,23.45,False,75.30776092774309
Tue Nov  5 16:39:28 2024,Copiulemu,Tomeco,15.2,21.968,False,86.71578947368423
