Fecha,From,To,Tiempo (min),Distancia (km),Real Time,Velocidad promedia
Tue Oct 10 02:30:51 2023,Tomeco,Copiulemu,18.016666666666666,23.39,True,77.89454209065681
Tue Oct 10 02:30:51 2023,Copiulemu,Tomeco,15.533333333333333,21.461,True,82.89656652360514
Tue Oct 10 02:30:51 2023,Tomeco,Copiulemu,18.0,23.39,False,77.96666666666667
Tue Oct 10 02:30:51 2023,Copiulemu,Tomeco,15.533333333333333,21.461,False,82.89656652360514
