Fecha,From,To,Tiempo (min),Distancia (km),Real Time,Velocidad promedia
Tue May 24 09:37:43 2022,Tomeco,Copiulemu,17.466666666666665,23.39,True,80.34732824427482
Tue May 24 09:37:43 2022,Copiulemu,Tomeco,14.5,22.002,True,91.04275862068965
Tue May 24 09:37:43 2022,Tomeco,Copiulemu,17.466666666666665,23.39,False,80.34732824427482
Tue May 24 09:37:43 2022,Copiulemu,Tomeco,14.5,22.002,False,91.04275862068965
