Fecha,From,To,Tiempo (min),Distancia (km),Real Time,Velocidad promedia
Tue Mar 12 19:28:01 2024,Tomeco,Copiulemu,18.383333333333333,23.48,True,76.63463281958296
Tue Mar 12 19:28:01 2024,Copiulemu,Tomeco,15.35,22.002,True,86.0013029315961
Tue Mar 12 19:28:01 2024,Tomeco,Copiulemu,17.95,23.48,False,78.48467966573817
Tue Mar 12 19:28:01 2024,Copiulemu,Tomeco,15.35,22.002,False,86.0013029315961
