Fecha,From,To,Tiempo (min),Distancia (km),Real Time,Velocidad promedia
Tue May  3 23:32:54 2022,Tomeco,Copiulemu,17.333333333333332,23.39,True,80.96538461538462
Tue May  3 23:32:54 2022,Copiulemu,Tomeco,14.866666666666667,22.002,True,88.79730941704035
Tue May  3 23:32:54 2022,Tomeco,Copiulemu,17.05,23.39,False,82.3108504398827
Tue May  3 23:32:54 2022,Copiulemu,Tomeco,14.866666666666667,22.002,False,88.79730941704035
