Fecha,From,To,Tiempo (min),Distancia (km),Real Time,Velocidad promedia
Tue Feb 20 06:30:38 2024,Tomeco,Copiulemu,19.4,23.48,True,72.61855670103094
Tue Feb 20 06:30:38 2024,Copiulemu,Tomeco,16.233333333333334,22.002,True,81.32156057494866
Tue Feb 20 06:30:38 2024,Tomeco,Copiulemu,18.816666666666666,23.48,False,74.8697962798937
Tue Feb 20 06:30:38 2024,Copiulemu,Tomeco,16.25,22.002,False,81.23815384615385
