Fecha,From,To,Tiempo (min),Distancia (km),Real Time,Velocidad promedia
Tue Sep 17 05:32:26 2024,Tomeco,Copiulemu,18.516666666666666,23.48,True,76.08280828082809
Tue Sep 17 05:32:26 2024,Copiulemu,Tomeco,15.5,22.002,True,85.1690322580645
Tue Sep 17 05:32:26 2024,Tomeco,Copiulemu,18.516666666666666,23.48,False,76.08280828082809
Tue Sep 17 05:32:26 2024,Copiulemu,Tomeco,15.766666666666667,22.002,False,83.72854122621564
