Fecha,From,To,Tiempo (min),Distancia (km),Real Time,Velocidad promedia
Tue Aug  2 07:34:21 2022,Tomeco,Copiulemu,17.483333333333334,23.39,True,80.27073403241181
Tue Aug  2 07:34:21 2022,Copiulemu,Tomeco,15.316666666666666,22.002,True,86.18846572361262
Tue Aug  2 07:34:21 2022,Tomeco,Copiulemu,17.483333333333334,23.39,False,80.27073403241181
Tue Aug  2 07:34:21 2022,Copiulemu,Tomeco,15.316666666666666,22.002,False,86.18846572361262
