Fecha,From,To,Tiempo (min),Distancia (km),Real Time,Velocidad promedia
Tue Feb 20 19:28:17 2024,Tomeco,Copiulemu,18.066666666666666,23.48,True,77.97785977859779
Tue Feb 20 19:28:17 2024,Copiulemu,Tomeco,16.6,22.002,True,79.52530120481927
Tue Feb 20 19:28:17 2024,Tomeco,Copiulemu,19.733333333333334,23.48,False,71.39189189189189
Tue Feb 20 19:28:17 2024,Copiulemu,Tomeco,15.533333333333333,22.002,False,84.9862660944206
