Fecha,From,To,Tiempo (min),Distancia (km),Real Time,Velocidad promedia
Tue Oct 17 07:28:04 2023,Tomeco,Copiulemu,17.783333333333335,23.39,True,78.91658856607309
Tue Oct 17 07:28:04 2023,Copiulemu,Tomeco,15.266666666666667,22.002,True,86.47074235807858
Tue Oct 17 07:28:04 2023,Tomeco,Copiulemu,17.783333333333335,23.39,False,78.91658856607309
Tue Oct 17 07:28:04 2023,Copiulemu,Tomeco,15.283333333333333,22.002,False,86.37644492911667
