Fecha,From,To,Tiempo (min),Distancia (km),Real Time,Velocidad promedia
Tue May 17 07:33:51 2022,Tomeco,Copiulemu,17.233333333333334,23.39,True,81.43520309477756
Tue May 17 07:33:51 2022,Copiulemu,Tomeco,15.15,22.002,True,87.13663366336633
Tue May 17 07:33:51 2022,Tomeco,Copiulemu,17.233333333333334,23.39,False,81.43520309477756
Tue May 17 07:33:51 2022,Copiulemu,Tomeco,15.15,22.002,False,87.13663366336633
