Fecha,From,To,Tiempo (min),Distancia (km),Real Time,Velocidad promedia
Tue Mar 19 05:29:07 2024,Tomeco,Copiulemu,18.133333333333333,23.48,True,77.69117647058823
Tue Mar 19 05:29:07 2024,Copiulemu,Tomeco,15.166666666666666,22.002,True,87.04087912087913
Tue Mar 19 05:29:07 2024,Tomeco,Copiulemu,18.133333333333333,23.48,False,77.69117647058823
Tue Mar 19 05:29:07 2024,Copiulemu,Tomeco,15.166666666666666,22.002,False,87.04087912087913
