Fecha,From,To,Tiempo (min),Distancia (km),Real Time,Velocidad promedia
Tue Oct 22 05:35:30 2024,Tomeco,Copiulemu,19.016666666666666,23.48,True,74.08238387379492
Tue Oct 22 05:35:30 2024,Copiulemu,Tomeco,15.65,22.002,True,84.35271565495206
Tue Oct 22 05:35:30 2024,Tomeco,Copiulemu,19.016666666666666,23.48,False,74.08238387379492
Tue Oct 22 05:35:30 2024,Copiulemu,Tomeco,15.65,22.002,False,84.35271565495206
