Fecha,From,To,Tiempo (min),Distancia (km),Real Time,Velocidad promedia
Tue Dec  5 14:31:24 2023,Tomeco,Copiulemu,17.65,23.39,True,79.51274787535412
Tue Dec  5 14:31:24 2023,Copiulemu,Tomeco,15.433333333333334,22.002,True,85.53693304535636
Tue Dec  5 14:31:24 2023,Tomeco,Copiulemu,17.266666666666666,23.39,False,81.27799227799228
Tue Dec  5 14:31:24 2023,Copiulemu,Tomeco,15.1,22.002,False,87.4251655629139
