Fecha,From,To,Tiempo (min),Distancia (km),Real Time,Velocidad promedia
Tue Nov 21 03:28:06 2023,Tomeco,Copiulemu,18.45,23.39,True,76.0650406504065
Tue Nov 21 03:28:06 2023,Copiulemu,Tomeco,15.116666666666667,22.002,True,87.328776185226
Tue Nov 21 03:28:06 2023,Tomeco,Copiulemu,18.45,23.39,False,76.0650406504065
Tue Nov 21 03:28:06 2023,Copiulemu,Tomeco,15.116666666666667,22.002,False,87.328776185226
