Fecha,From,To,Tiempo (min),Distancia (km),Real Time,Velocidad promedia
Tue Aug 30 13:55:09 2022,Tomeco,Copiulemu,17.266666666666666,23.39,True,81.27799227799228
Tue Aug 30 13:55:09 2022,Copiulemu,Tomeco,15.466666666666667,22.002,True,85.35258620689655
Tue Aug 30 13:55:09 2022,Tomeco,Copiulemu,17.0,23.39,False,82.5529411764706
Tue Aug 30 13:55:09 2022,Copiulemu,Tomeco,15.25,22.002,False,86.56524590163934
