Fecha,From,To,Tiempo (min),Distancia (km),Real Time,Velocidad promedia
Tue Aug 23 14:33:38 2022,Tomeco,Copiulemu,17.433333333333334,23.39,True,80.50095602294455
Tue Aug 23 14:33:38 2022,Copiulemu,Tomeco,15.933333333333334,22.002,True,82.85271966527196
Tue Aug 23 14:33:38 2022,Tomeco,Copiulemu,16.716666666666665,23.39,False,83.95214356929213
Tue Aug 23 14:33:38 2022,Copiulemu,Tomeco,15.433333333333334,22.002,False,85.53693304535636
