Fecha,From,To,Tiempo (min),Distancia (km),Real Time,Velocidad promedia
Tue Sep 20 14:05:31 2022,Tomeco,Copiulemu,17.466666666666665,23.39,True,80.34732824427482
Tue Sep 20 14:05:31 2022,Copiulemu,Tomeco,15.533333333333333,22.002,True,84.9862660944206
Tue Sep 20 14:05:31 2022,Tomeco,Copiulemu,17.383333333333333,23.39,False,80.73250239693193
Tue Sep 20 14:05:31 2022,Copiulemu,Tomeco,15.566666666666666,22.002,False,84.80428265524625
