Fecha,From,To,Tiempo (min),Distancia (km),Real Time,Velocidad promedia
Tue Apr 30 19:28:00 2024,Tomeco,Copiulemu,17.85,23.48,True,78.92436974789915
Tue Apr 30 19:28:00 2024,Copiulemu,Tomeco,15.516666666666667,22.002,True,85.07755102040815
Tue Apr 30 19:28:00 2024,Tomeco,Copiulemu,17.85,23.48,False,78.92436974789915
Tue Apr 30 19:28:00 2024,Copiulemu,Tomeco,14.883333333333333,22.002,False,88.69787234042553
