Fecha,From,To,Tiempo (min),Distancia (km),Real Time,Velocidad promedia
Tue Oct  1 10:39:34 2024,Tomeco,Copiulemu,17.866666666666667,23.48,True,78.8507462686567
Tue Oct  1 10:39:34 2024,Copiulemu,Tomeco,14.883333333333333,22.002,True,88.69787234042553
Tue Oct  1 10:39:34 2024,Tomeco,Copiulemu,17.566666666666666,23.48,False,80.19734345351044
Tue Oct  1 10:39:34 2024,Copiulemu,Tomeco,14.85,22.002,False,88.89696969696969
