Fecha,From,To,Tiempo (min),Distancia (km),Real Time,Velocidad promedia
Tue Apr  2 10:31:19 2024,Tomeco,Copiulemu,17.866666666666667,23.48,True,78.8507462686567
Tue Apr  2 10:31:19 2024,Copiulemu,Tomeco,15.066666666666666,22.002,True,87.61858407079646
Tue Apr  2 10:31:19 2024,Tomeco,Copiulemu,17.65,23.48,False,79.8186968838527
Tue Apr  2 10:31:19 2024,Copiulemu,Tomeco,14.966666666666667,22.002,False,88.20400890868596
