Fecha,From,To,Tiempo (min),Distancia (km),Real Time,Velocidad promedia
Tue Oct  3 11:28:07 2023,Tomeco,Copiulemu,17.183333333333334,23.39,True,81.6721629485936
Tue Oct  3 11:28:07 2023,Copiulemu,Tomeco,15.15,21.461,True,84.99405940594059
Tue Oct  3 11:28:07 2023,Tomeco,Copiulemu,17.183333333333334,23.39,False,81.6721629485936
Tue Oct  3 11:28:07 2023,Copiulemu,Tomeco,14.666666666666666,21.461,False,87.795
