Fecha,From,To,Tiempo (min),Distancia (km),Real Time,Velocidad promedia
Tue Apr 23 20:28:09 2024,Tomeco,Copiulemu,17.883333333333333,23.48,True,78.77726001863932
Tue Apr 23 20:28:09 2024,Copiulemu,Tomeco,15.833333333333334,22.002,True,83.37599999999999
Tue Apr 23 20:28:09 2024,Tomeco,Copiulemu,17.9,23.48,False,78.70391061452516
Tue Apr 23 20:28:09 2024,Copiulemu,Tomeco,15.366666666666667,22.002,False,85.90802603036876
