Fecha,From,To,Tiempo (min),Distancia (km),Real Time,Velocidad promedia
Tue Sep 13 07:50:29 2022,Tomeco,Copiulemu,17.516666666666666,23.39,True,80.11798287345385
Tue Sep 13 07:50:29 2022,Copiulemu,Tomeco,15.166666666666666,22.002,True,87.04087912087913
Tue Sep 13 07:50:29 2022,Tomeco,Copiulemu,17.516666666666666,23.39,False,80.11798287345385
Tue Sep 13 07:50:29 2022,Copiulemu,Tomeco,15.166666666666666,22.002,False,87.04087912087913
