Fecha,From,To,Tiempo (min),Distancia (km),Real Time,Velocidad promedia
Tue May 31 16:57:37 2022,Tomeco,Copiulemu,16.833333333333332,23.39,True,83.37029702970297
Tue May 31 16:57:37 2022,Copiulemu,Tomeco,15.3,22.002,True,86.28235294117647
Tue May 31 16:57:37 2022,Tomeco,Copiulemu,16.6,23.39,False,84.5421686746988
Tue May 31 16:57:37 2022,Copiulemu,Tomeco,14.5,22.002,False,91.04275862068965
