Fecha,From,To,Tiempo (min),Distancia (km),Real Time,Velocidad promedia
Tue Sep 10 09:32:20 2024,Tomeco,Copiulemu,19.266666666666666,23.48,True,73.121107266436
Tue Sep 10 09:32:20 2024,Copiulemu,Tomeco,15.35,22.002,True,86.0013029315961
Tue Sep 10 09:32:20 2024,Tomeco,Copiulemu,18.483333333333334,23.48,False,76.2200180342651
Tue Sep 10 09:32:20 2024,Copiulemu,Tomeco,15.25,22.002,False,86.56524590163934
