Fecha,From,To,Tiempo (min),Distancia (km),Real Time,Velocidad promedia
Tue Oct  4 06:58:39 2022,Tomeco,Copiulemu,17.416666666666668,23.39,True,80.57799043062201
Tue Oct  4 06:58:39 2022,Copiulemu,Tomeco,15.283333333333333,22.002,True,86.37644492911667
Tue Oct  4 06:58:39 2022,Tomeco,Copiulemu,17.416666666666668,23.39,False,80.57799043062201
Tue Oct  4 06:58:39 2022,Copiulemu,Tomeco,15.283333333333333,22.002,False,86.37644492911667
