Fecha,From,To,Tiempo (min),Distancia (km),Real Time,Velocidad promedia
Tue Jul  9 08:33:41 2024,Tomeco,Copiulemu,19.2,23.48,True,73.375
Tue Jul  9 08:33:41 2024,Copiulemu,Tomeco,15.883333333333333,22.002,True,83.11353620146905
Tue Jul  9 08:33:41 2024,Tomeco,Copiulemu,19.2,23.48,False,73.375
Tue Jul  9 08:33:41 2024,Copiulemu,Tomeco,15.883333333333333,22.002,False,83.11353620146905
