Fecha,From,To,Tiempo (min),Distancia (km),Real Time,Velocidad promedia
Tue Mar  5 11:28:11 2024,Tomeco,Copiulemu,18.416666666666668,23.48,True,76.49592760180995
Tue Mar  5 11:28:11 2024,Copiulemu,Tomeco,15.033333333333333,22.002,True,87.81286031042129
Tue Mar  5 11:28:11 2024,Tomeco,Copiulemu,17.8,23.48,False,79.14606741573033
Tue Mar  5 11:28:11 2024,Copiulemu,Tomeco,14.55,22.002,False,90.72989690721649
