Fecha,From,To,Tiempo (min),Distancia (km),Real Time,Velocidad promedia
Tue Aug 13 20:29:50 2024,Tomeco,Copiulemu,17.966666666666665,23.48,True,78.41187384044528
Tue Aug 13 20:29:50 2024,Copiulemu,Tomeco,15.566666666666666,22.002,True,84.80428265524625
Tue Aug 13 20:29:50 2024,Tomeco,Copiulemu,17.933333333333334,23.48,False,78.55762081784387
Tue Aug 13 20:29:50 2024,Copiulemu,Tomeco,15.516666666666667,22.002,False,85.07755102040815
