Fecha,From,To,Tiempo (min),Distancia (km),Real Time,Velocidad promedia
Tue Nov 12 21:29:25 2024,Tomeco,Copiulemu,17.783333333333335,23.45,True,79.1190253045923
Tue Nov 12 21:29:25 2024,Copiulemu,Tomeco,15.183333333333334,21.968,True,86.81097694840835
Tue Nov 12 21:29:25 2024,Tomeco,Copiulemu,17.9,23.45,False,78.60335195530728
Tue Nov 12 21:29:25 2024,Copiulemu,Tomeco,15.1,21.968,False,87.29006622516557
