Fecha,From,To,Tiempo (min),Distancia (km),Real Time,Velocidad promedia
Tue May 17 08:41:59 2022,Tomeco,Copiulemu,17.333333333333332,23.39,True,80.96538461538462
Tue May 17 08:41:59 2022,Copiulemu,Tomeco,14.916666666666666,22.002,True,88.49966480446928
Tue May 17 08:41:59 2022,Tomeco,Copiulemu,17.333333333333332,23.39,False,80.96538461538462
Tue May 17 08:41:59 2022,Copiulemu,Tomeco,14.916666666666666,22.002,False,88.49966480446928
