Fecha,From,To,Tiempo (min),Distancia (km),Real Time,Velocidad promedia
Tue Sep  6 13:57:04 2022,Tomeco,Copiulemu,16.883333333333333,23.39,True,83.12339585389932
Tue Sep  6 13:57:04 2022,Copiulemu,Tomeco,15.216666666666667,22.002,True,86.75487404162102
Tue Sep  6 13:57:04 2022,Tomeco,Copiulemu,16.85,23.39,False,83.28783382789317
Tue Sep  6 13:57:04 2022,Copiulemu,Tomeco,15.216666666666667,22.002,False,86.75487404162102
