Fecha,From,To,Tiempo (min),Distancia (km),Real Time,Velocidad promedia
Tue Jun 11 12:48:18 2024,Tomeco,Copiulemu,19.616666666666667,23.48,True,71.81648258283772
Tue Jun 11 12:48:18 2024,Copiulemu,Tomeco,15.733333333333333,22.002,True,83.90593220338984
Tue Jun 11 12:48:18 2024,Tomeco,Copiulemu,18.133333333333333,23.48,False,77.69117647058823
Tue Jun 11 12:48:18 2024,Copiulemu,Tomeco,15.033333333333333,22.002,False,87.81286031042129
