Fecha,From,To,Tiempo (min),Distancia (km),Real Time,Velocidad promedia
Tue Sep 27 15:46:10 2022,Tomeco,Copiulemu,16.9,23.39,True,83.04142011834321
Tue Sep 27 15:46:10 2022,Copiulemu,Tomeco,15.166666666666666,22.002,True,87.04087912087913
Tue Sep 27 15:46:10 2022,Tomeco,Copiulemu,16.816666666666666,23.39,False,83.45292368681864
Tue Sep 27 15:46:10 2022,Copiulemu,Tomeco,15.066666666666666,22.002,False,87.61858407079646
