Fecha,From,To,Tiempo (min),Distancia (km),Real Time,Velocidad promedia
Tue Jul 23 07:28:04 2024,Tomeco,Copiulemu,18.783333333333335,23.48,True,75.00266193433895
Tue Jul 23 07:28:04 2024,Copiulemu,Tomeco,15.933333333333334,22.002,True,82.85271966527196
Tue Jul 23 07:28:04 2024,Tomeco,Copiulemu,18.783333333333335,23.48,False,75.00266193433895
Tue Jul 23 07:28:04 2024,Copiulemu,Tomeco,15.933333333333334,22.002,False,82.85271966527196
