Fecha,From,To,Tiempo (min),Distancia (km),Real Time,Velocidad promedia
Tue Nov 14 20:28:03 2023,Tomeco,Copiulemu,17.183333333333334,23.39,True,81.6721629485936
Tue Nov 14 20:28:03 2023,Copiulemu,Tomeco,15.15,22.002,True,87.13663366336633
Tue Nov 14 20:28:03 2023,Tomeco,Copiulemu,17.183333333333334,23.39,False,81.6721629485936
Tue Nov 14 20:28:03 2023,Copiulemu,Tomeco,14.916666666666666,22.002,False,88.49966480446928
