Fecha,From,To,Tiempo (min),Distancia (km),Real Time,Velocidad promedia
Tue Jan 16 17:30:51 2024,Tomeco,Copiulemu,17.483333333333334,23.48,True,80.57959961868445
Tue Jan 16 17:30:51 2024,Copiulemu,Tomeco,15.333333333333334,22.002,True,86.09478260869564
Tue Jan 16 17:30:51 2024,Tomeco,Copiulemu,17.45,23.48,False,80.73352435530086
Tue Jan 16 17:30:51 2024,Copiulemu,Tomeco,15.283333333333333,22.002,False,86.37644492911667
