Fecha,From,To,Tiempo (min),Distancia (km),Real Time,Velocidad promedia
Tue Feb 27 19:28:08 2024,Tomeco,Copiulemu,18.533333333333335,23.48,True,76.01438848920863
Tue Feb 27 19:28:08 2024,Copiulemu,Tomeco,16.283333333333335,22.002,True,81.0718526100307
Tue Feb 27 19:28:08 2024,Tomeco,Copiulemu,20.066666666666666,23.48,False,70.20598006644519
Tue Feb 27 19:28:08 2024,Copiulemu,Tomeco,16.116666666666667,22.002,False,81.91023784901756
