Fecha,From,To,Tiempo (min),Distancia (km),Real Time,Velocidad promedia
Tue Nov 14 18:28:17 2023,Tomeco,Copiulemu,17.266666666666666,23.39,True,81.27799227799228
Tue Nov 14 18:28:17 2023,Copiulemu,Tomeco,15.333333333333334,22.002,True,86.09478260869564
Tue Nov 14 18:28:17 2023,Tomeco,Copiulemu,17.166666666666668,23.39,False,81.7514563106796
Tue Nov 14 18:28:17 2023,Copiulemu,Tomeco,14.933333333333334,22.002,False,88.40089285714285
