Fecha,From,To,Tiempo (min),Distancia (km),Real Time,Velocidad promedia
Tue Sep 27 03:06:46 2022,Tomeco,Copiulemu,17.216666666666665,23.39,True,81.51403678606003
Tue Sep 27 03:06:46 2022,Copiulemu,Tomeco,15.883333333333333,22.002,True,83.11353620146905
Tue Sep 27 03:06:46 2022,Tomeco,Copiulemu,17.216666666666665,23.39,False,81.51403678606003
Tue Sep 27 03:06:46 2022,Copiulemu,Tomeco,15.883333333333333,22.002,False,83.11353620146905
