Fecha,From,To,Tiempo (min),Distancia (km),Real Time,Velocidad promedia
Tue Feb 20 20:28:00 2024,Tomeco,Copiulemu,18.25,23.48,True,77.19452054794522
Tue Feb 20 20:28:00 2024,Copiulemu,Tomeco,16.983333333333334,22.002,True,77.73032384690873
Tue Feb 20 20:28:00 2024,Tomeco,Copiulemu,18.8,23.48,False,74.93617021276596
Tue Feb 20 20:28:00 2024,Copiulemu,Tomeco,16.766666666666666,22.002,False,78.73479125248508
