Fecha,From,To,Tiempo (min),Distancia (km),Real Time,Velocidad promedia
Tue May  3 02:33:50 2022,Tomeco,Copiulemu,17.833333333333332,23.39,True,78.69532710280374
Tue May  3 02:33:50 2022,Copiulemu,Tomeco,15.233333333333333,22.002,True,86.65995623632385
Tue May  3 02:33:50 2022,Tomeco,Copiulemu,17.833333333333332,23.39,False,78.69532710280374
Tue May  3 02:33:50 2022,Copiulemu,Tomeco,15.233333333333333,22.002,False,86.65995623632385
