Fecha,From,To,Tiempo (min),Distancia (km),Real Time,Velocidad promedia
Tue May 28 20:28:05 2024,Tomeco,Copiulemu,18.2,23.48,True,77.4065934065934
Tue May 28 20:28:05 2024,Copiulemu,Tomeco,15.516666666666667,22.002,True,85.07755102040815
Tue May 28 20:28:05 2024,Tomeco,Copiulemu,17.95,23.48,False,78.48467966573817
Tue May 28 20:28:05 2024,Copiulemu,Tomeco,15.45,22.002,False,85.44466019417474
