Fecha,From,To,Tiempo (min),Distancia (km),Real Time,Velocidad promedia
Tue Oct 17 18:32:11 2023,Tomeco,Copiulemu,17.25,23.39,True,81.35652173913044
Tue Oct 17 18:32:11 2023,Copiulemu,Tomeco,15.2,22.002,True,86.85000000000001
Tue Oct 17 18:32:11 2023,Tomeco,Copiulemu,17.2,23.39,False,81.59302325581395
Tue Oct 17 18:32:11 2023,Copiulemu,Tomeco,15.2,22.002,False,86.85000000000001
