Fecha,From,To,Tiempo (min),Distancia (km),Real Time,Velocidad promedia
Tue Aug 13 21:28:41 2024,Tomeco,Copiulemu,17.65,23.48,True,79.8186968838527
Tue Aug 13 21:28:41 2024,Copiulemu,Tomeco,15.266666666666667,22.002,True,86.47074235807858
Tue Aug 13 21:28:41 2024,Tomeco,Copiulemu,17.65,23.48,False,79.8186968838527
Tue Aug 13 21:28:41 2024,Copiulemu,Tomeco,15.216666666666667,22.002,False,86.75487404162102
