Fecha,From,To,Tiempo (min),Distancia (km),Real Time,Velocidad promedia
Tue Oct  8 06:41:32 2024,Tomeco,Copiulemu,18.533333333333335,23.48,True,76.01438848920863
Tue Oct  8 06:41:32 2024,Copiulemu,Tomeco,15.783333333333333,22.002,True,83.64012671594509
Tue Oct  8 06:41:32 2024,Tomeco,Copiulemu,18.533333333333335,23.48,False,76.01438848920863
Tue Oct  8 06:41:32 2024,Copiulemu,Tomeco,15.783333333333333,22.002,False,83.64012671594509
