Fecha,From,To,Tiempo (min),Distancia (km),Real Time,Velocidad promedia
Tue Sep  6 09:37:24 2022,Tomeco,Copiulemu,16.8,23.39,True,83.53571428571428
Tue Sep  6 09:37:24 2022,Copiulemu,Tomeco,14.8,22.002,True,89.1972972972973
Tue Sep  6 09:37:24 2022,Tomeco,Copiulemu,16.8,23.39,False,83.53571428571428
Tue Sep  6 09:37:24 2022,Copiulemu,Tomeco,14.816666666666666,22.002,False,89.09696287964005
