Fecha,From,To,Tiempo (min),Distancia (km),Real Time,Velocidad promedia
Tue Aug  6 07:28:00 2024,Tomeco,Copiulemu,18.583333333333332,23.48,True,75.80986547085203
Tue Aug  6 07:28:00 2024,Copiulemu,Tomeco,15.8,22.002,True,83.5518987341772
Tue Aug  6 07:28:00 2024,Tomeco,Copiulemu,18.583333333333332,23.48,False,75.80986547085203
Tue Aug  6 07:28:00 2024,Copiulemu,Tomeco,15.8,22.002,False,83.5518987341772
