Fecha,From,To,Tiempo (min),Distancia (km),Real Time,Velocidad promedia
Tue Mar 19 04:29:32 2024,Tomeco,Copiulemu,18.516666666666666,23.48,True,76.08280828082809
Tue Mar 19 04:29:32 2024,Copiulemu,Tomeco,15.233333333333333,22.002,True,86.65995623632385
Tue Mar 19 04:29:32 2024,Tomeco,Copiulemu,18.4,23.48,False,76.56521739130436
Tue Mar 19 04:29:32 2024,Copiulemu,Tomeco,15.233333333333333,22.002,False,86.65995623632385
