Fecha,From,To,Tiempo (min),Distancia (km),Real Time,Velocidad promedia
Tue Aug 30 11:33:13 2022,Tomeco,Copiulemu,16.65,23.39,True,84.2882882882883
Tue Aug 30 11:33:13 2022,Copiulemu,Tomeco,15.133333333333333,22.002,True,87.23259911894272
Tue Aug 30 11:33:13 2022,Tomeco,Copiulemu,16.583333333333332,23.39,False,84.62713567839198
Tue Aug 30 11:33:13 2022,Copiulemu,Tomeco,15.1,22.002,False,87.4251655629139
