Fecha,From,To,Tiempo (min),Distancia (km),Real Time,Velocidad promedia
Tue Apr 30 15:28:05 2024,Tomeco,Copiulemu,18.183333333333334,23.48,True,77.47754353803849
Tue Apr 30 15:28:05 2024,Copiulemu,Tomeco,15.666666666666666,22.002,True,84.26297872340425
Tue Apr 30 15:28:05 2024,Tomeco,Copiulemu,18.183333333333334,23.48,False,77.47754353803849
Tue Apr 30 15:28:05 2024,Copiulemu,Tomeco,15.666666666666666,22.002,False,84.26297872340425
