Fecha,From,To,Tiempo (min),Distancia (km),Real Time,Velocidad promedia
Tue Oct  8 14:37:56 2024,Tomeco,Copiulemu,17.816666666666666,23.48,True,79.07202993451824
Tue Oct  8 14:37:56 2024,Copiulemu,Tomeco,15.3,22.002,True,86.28235294117647
Tue Oct  8 14:37:56 2024,Tomeco,Copiulemu,17.8,23.48,False,79.14606741573033
Tue Oct  8 14:37:56 2024,Copiulemu,Tomeco,15.083333333333334,22.002,False,87.5217679558011
