Fecha,From,To,Tiempo (min),Distancia (km),Real Time,Velocidad promedia
Tue Sep 20 06:29:34 2022,Tomeco,Copiulemu,17.566666666666666,23.39,True,79.88994307400381
Tue Sep 20 06:29:34 2022,Copiulemu,Tomeco,15.7,22.002,True,84.08407643312101
Tue Sep 20 06:29:34 2022,Tomeco,Copiulemu,17.566666666666666,23.39,False,79.88994307400381
Tue Sep 20 06:29:34 2022,Copiulemu,Tomeco,15.7,22.002,False,84.08407643312101
