Fecha,From,To,Tiempo (min),Distancia (km),Real Time,Velocidad promedia
Tue Jul  5 08:39:55 2022,Tomeco,Copiulemu,17.483333333333334,23.39,True,80.27073403241181
Tue Jul  5 08:39:55 2022,Copiulemu,Tomeco,15.116666666666667,22.002,True,87.328776185226
Tue Jul  5 08:39:55 2022,Tomeco,Copiulemu,17.483333333333334,23.39,False,80.27073403241181
Tue Jul  5 08:39:55 2022,Copiulemu,Tomeco,15.116666666666667,22.002,False,87.328776185226
