Fecha,From,To,Tiempo (min),Distancia (km),Real Time,Velocidad promedia
Tue Jul 23 20:28:56 2024,Tomeco,Copiulemu,18.3,23.48,True,76.98360655737706
Tue Jul 23 20:28:56 2024,Copiulemu,Tomeco,16.25,22.002,True,81.23815384615385
Tue Jul 23 20:28:56 2024,Tomeco,Copiulemu,18.266666666666666,23.48,False,77.1240875912409
Tue Jul 23 20:28:56 2024,Copiulemu,Tomeco,16.233333333333334,22.002,False,81.32156057494866
