Fecha,From,To,Tiempo (min),Distancia (km),Real Time,Velocidad promedia
Tue Apr 26 18:44:00 2022,Tomeco,Copiulemu,17.25,23.39,True,81.35652173913044
Tue Apr 26 18:44:00 2022,Copiulemu,Tomeco,14.616666666666667,22.002,True,90.31607753705815
Tue Apr 26 18:44:00 2022,Tomeco,Copiulemu,17.066666666666666,23.39,False,82.23046875
Tue Apr 26 18:44:00 2022,Copiulemu,Tomeco,14.6,22.002,False,90.41917808219178
