Fecha,From,To,Tiempo (min),Distancia (km),Real Time,Velocidad promedia
Tue Aug  9 13:59:47 2022,Tomeco,Copiulemu,17.583333333333332,23.39,True,79.81421800947868
Tue Aug  9 13:59:47 2022,Copiulemu,Tomeco,15.5,22.002,True,85.1690322580645
Tue Aug  9 13:59:47 2022,Tomeco,Copiulemu,17.133333333333333,23.39,False,81.91050583657588
Tue Aug  9 13:59:47 2022,Copiulemu,Tomeco,15.433333333333334,22.002,False,85.53693304535636
