Fecha,From,To,Tiempo (min),Distancia (km),Real Time,Velocidad promedia
Tue Nov 12 12:54:38 2024,Tomeco,Copiulemu,18.366666666666667,23.45,True,76.60617059891106
Tue Nov 12 12:54:38 2024,Copiulemu,Tomeco,15.466666666666667,21.968,True,85.22068965517242
Tue Nov 12 12:54:38 2024,Tomeco,Copiulemu,18.35,23.45,False,76.67574931880108
Tue Nov 12 12:54:38 2024,Copiulemu,Tomeco,15.466666666666667,21.968,False,85.22068965517242
