Fecha,From,To,Tiempo (min),Distancia (km),Real Time,Velocidad promedia
Tue Sep 10 22:33:28 2024,Tomeco,Copiulemu,17.883333333333333,23.48,True,78.77726001863932
Tue Sep 10 22:33:28 2024,Copiulemu,Tomeco,15.483333333333333,22.002,True,85.26071044133477
Tue Sep 10 22:33:28 2024,Tomeco,Copiulemu,17.683333333333334,23.48,False,79.66823751178134
Tue Sep 10 22:33:28 2024,Copiulemu,Tomeco,15.483333333333333,22.002,False,85.26071044133477
