Fecha,From,To,Tiempo (min),Distancia (km),Real Time,Velocidad promedia
Tue May 31 04:03:08 2022,Tomeco,Copiulemu,17.183333333333334,23.39,True,81.6721629485936
Tue May 31 04:03:08 2022,Copiulemu,Tomeco,15.85,22.002,True,83.28832807570977
Tue May 31 04:03:08 2022,Tomeco,Copiulemu,17.183333333333334,23.39,False,81.6721629485936
Tue May 31 04:03:08 2022,Copiulemu,Tomeco,15.85,22.002,False,83.28832807570977
