Fecha,From,To,Tiempo (min),Distancia (km),Real Time,Velocidad promedia
Tue Feb 20 23:28:05 2024,Tomeco,Copiulemu,20.066666666666666,23.48,True,70.20598006644519
Tue Feb 20 23:28:05 2024,Copiulemu,Tomeco,15.716666666666667,22.002,True,83.99490986214211
Tue Feb 20 23:28:05 2024,Tomeco,Copiulemu,20.066666666666666,23.48,False,70.20598006644519
Tue Feb 20 23:28:05 2024,Copiulemu,Tomeco,17.016666666666666,22.002,False,77.57806072477963
