Fecha,From,To,Tiempo (min),Distancia (km),Real Time,Velocidad promedia
Tue Oct 29 11:28:23 2024,Tomeco,Copiulemu,18.183333333333334,23.498,True,77.53693858845097
Tue Oct 29 11:28:23 2024,Copiulemu,Tomeco,14.7,21.968,True,89.66530612244898
Tue Oct 29 11:28:23 2024,Tomeco,Copiulemu,18.133333333333333,23.498,False,77.75073529411765
Tue Oct 29 11:28:23 2024,Copiulemu,Tomeco,14.533333333333333,21.968,False,90.69357798165137
