Fecha,From,To,Tiempo (min),Distancia (km),Real Time,Velocidad promedia
Tue Nov  7 06:31:13 2023,Tomeco,Copiulemu,17.316666666666666,23.39,True,81.04331087584217
Tue Nov  7 06:31:13 2023,Copiulemu,Tomeco,15.366666666666667,22.002,True,85.90802603036876
Tue Nov  7 06:31:13 2023,Tomeco,Copiulemu,17.316666666666666,23.39,False,81.04331087584217
Tue Nov  7 06:31:13 2023,Copiulemu,Tomeco,15.366666666666667,22.002,False,85.90802603036876
