Fecha,From,To,Tiempo (min),Distancia (km),Real Time,Velocidad promedia
Tue Jul 19 21:33:25 2022,Tomeco,Copiulemu,19.5,23.39,True,71.96923076923076
Tue Jul 19 21:33:25 2022,Copiulemu,Tomeco,15.416666666666666,22.002,True,85.62940540540541
Tue Jul 19 21:33:25 2022,Tomeco,Copiulemu,16.55,23.39,False,84.797583081571
Tue Jul 19 21:33:25 2022,Copiulemu,Tomeco,15.116666666666667,22.002,False,87.328776185226
