Fecha,From,To,Tiempo (min),Distancia (km),Real Time,Velocidad promedia
Tue Sep 17 10:36:48 2024,Tomeco,Copiulemu,18.883333333333333,23.48,True,74.60547219770521
Tue Sep 17 10:36:48 2024,Copiulemu,Tomeco,15.05,22.002,True,87.71561461794019
Tue Sep 17 10:36:48 2024,Tomeco,Copiulemu,17.533333333333335,23.48,False,80.34980988593155
Tue Sep 17 10:36:48 2024,Copiulemu,Tomeco,14.9,22.002,False,88.59865771812079
