Fecha,From,To,Tiempo (min),Distancia (km),Real Time,Velocidad promedia
Tue Mar 19 06:29:56 2024,Tomeco,Copiulemu,18.383333333333333,23.48,True,76.63463281958296
Tue Mar 19 06:29:56 2024,Copiulemu,Tomeco,15.516666666666667,22.002,True,85.07755102040815
Tue Mar 19 06:29:56 2024,Tomeco,Copiulemu,18.383333333333333,23.48,False,76.63463281958296
Tue Mar 19 06:29:56 2024,Copiulemu,Tomeco,15.516666666666667,22.002,False,85.07755102040815
