Fecha,From,To,Tiempo (min),Distancia (km),Real Time,Velocidad promedia
Tue Aug 16 04:12:48 2022,Tomeco,Copiulemu,18.15,23.39,True,77.32231404958678
Tue Aug 16 04:12:48 2022,Copiulemu,Tomeco,15.883333333333333,22.002,True,83.11353620146905
Tue Aug 16 04:12:48 2022,Tomeco,Copiulemu,17.266666666666666,23.39,False,81.27799227799228
Tue Aug 16 04:12:48 2022,Copiulemu,Tomeco,15.483333333333333,22.002,False,85.26071044133477
