Fecha,From,To,Tiempo (min),Distancia (km),Real Time,Velocidad promedia
Tue Jun 14 02:40:46 2022,Tomeco,Copiulemu,17.283333333333335,23.39,True,81.19961427193829
Tue Jun 14 02:40:46 2022,Copiulemu,Tomeco,16.516666666666666,22.002,True,79.92653884964682
Tue Jun 14 02:40:46 2022,Tomeco,Copiulemu,17.233333333333334,23.39,False,81.43520309477756
Tue Jun 14 02:40:46 2022,Copiulemu,Tomeco,15.5,22.002,False,85.1690322580645
