Fecha,From,To,Tiempo (min),Distancia (km),Real Time,Velocidad promedia
Tue Aug 27 06:38:39 2024,Tomeco,Copiulemu,18.316666666666666,23.48,True,76.91355777979983
Tue Aug 27 06:38:39 2024,Copiulemu,Tomeco,15.95,22.002,True,82.76614420062697
Tue Aug 27 06:38:39 2024,Tomeco,Copiulemu,18.316666666666666,23.48,False,76.91355777979983
Tue Aug 27 06:38:39 2024,Copiulemu,Tomeco,15.95,22.002,False,82.76614420062697
