Fecha,From,To,Tiempo (min),Distancia (km),Real Time,Velocidad promedia
Tue Nov  5 20:31:42 2024,Tomeco,Copiulemu,17.6,23.45,True,79.94318181818181
Tue Nov  5 20:31:42 2024,Copiulemu,Tomeco,15.283333333333333,21.968,True,86.24296619411123
Tue Nov  5 20:31:42 2024,Tomeco,Copiulemu,17.583333333333332,23.45,False,80.01895734597157
Tue Nov  5 20:31:42 2024,Copiulemu,Tomeco,14.933333333333334,21.968,False,88.26428571428572
