Fecha,From,To,Tiempo (min),Distancia (km),Real Time,Velocidad promedia
Tue Mar 22 08:36:58 2022,Tomeco,Copiulemu,18.116666666666667,23.649,True,78.32235510579576
Tue Mar 22 08:36:58 2022,Copiulemu,Tomeco,15.033333333333333,22.002,True,87.81286031042129
Tue Mar 22 08:36:58 2022,Tomeco,Copiulemu,18.116666666666667,23.649,False,78.32235510579576
Tue Mar 22 08:36:58 2022,Copiulemu,Tomeco,15.033333333333333,22.002,False,87.81286031042129
