Fecha,From,To,Tiempo (min),Distancia (km),Real Time,Velocidad promedia
Tue Nov 12 07:30:28 2024,Tomeco,Copiulemu,18.616666666666667,23.45,True,75.57743957027753
Tue Nov 12 07:30:28 2024,Copiulemu,Tomeco,15.8,21.968,True,83.42278481012657
Tue Nov 12 07:30:28 2024,Tomeco,Copiulemu,18.6,23.45,False,75.64516129032258
Tue Nov 12 07:30:28 2024,Copiulemu,Tomeco,15.8,21.968,False,83.42278481012657
