Fecha,From,To,Tiempo (min),Distancia (km),Real Time,Velocidad promedia
Tue Nov  5 08:37:36 2024,Tomeco,Copiulemu,19.783333333333335,23.45,True,71.12047177759055
Tue Nov  5 08:37:36 2024,Copiulemu,Tomeco,15.433333333333334,21.968,True,85.40475161987041
Tue Nov  5 08:37:36 2024,Tomeco,Copiulemu,19.7,23.45,False,71.42131979695432
Tue Nov  5 08:37:36 2024,Copiulemu,Tomeco,15.433333333333334,21.968,False,85.40475161987041
