Fecha,From,To,Tiempo (min),Distancia (km),Real Time,Velocidad promedia
Tue Oct 10 14:30:47 2023,Tomeco,Copiulemu,17.466666666666665,23.39,True,80.34732824427482
Tue Oct 10 14:30:47 2023,Copiulemu,Tomeco,15.266666666666667,22.002,True,86.47074235807858
Tue Oct 10 14:30:47 2023,Tomeco,Copiulemu,17.466666666666665,23.39,False,80.34732824427482
Tue Oct 10 14:30:47 2023,Copiulemu,Tomeco,15.016666666666667,22.002,False,87.91032186459489
