Fecha,From,To,Tiempo (min),Distancia (km),Real Time,Velocidad promedia
Tue Oct  3 21:28:13 2023,Tomeco,Copiulemu,17.766666666666666,23.39,True,78.9906191369606
Tue Oct  3 21:28:13 2023,Copiulemu,Tomeco,15.133333333333333,22.002,True,87.23259911894272
Tue Oct  3 21:28:13 2023,Tomeco,Copiulemu,17.616666666666667,23.39,False,79.6631977294229
Tue Oct  3 21:28:13 2023,Copiulemu,Tomeco,15.05,22.002,False,87.71561461794019
