Fecha,From,To,Tiempo (min),Distancia (km),Real Time,Velocidad promedia
Tue Dec  3 15:36:35 2024,Tomeco,Copiulemu,18.9,23.45,True,74.44444444444444
Tue Dec  3 15:36:35 2024,Copiulemu,Tomeco,15.483333333333333,21.968,True,85.12895586652314
Tue Dec  3 15:36:35 2024,Tomeco,Copiulemu,18.25,23.45,False,77.0958904109589
Tue Dec  3 15:36:35 2024,Copiulemu,Tomeco,15.316666666666666,21.968,False,86.05527747551687
