Fecha,From,To,Tiempo (min),Distancia (km),Real Time,Velocidad promedia
Tue Oct 10 15:28:13 2023,Tomeco,Copiulemu,18.15,23.39,True,77.32231404958678
Tue Oct 10 15:28:13 2023,Copiulemu,Tomeco,14.866666666666667,22.002,True,88.79730941704035
Tue Oct 10 15:28:13 2023,Tomeco,Copiulemu,17.416666666666668,23.39,False,80.57799043062201
Tue Oct 10 15:28:13 2023,Copiulemu,Tomeco,14.85,22.002,False,88.89696969696969
