Fecha,From,To,Tiempo (min),Distancia (km),Real Time,Velocidad promedia
Tue Jan 23 20:28:32 2024,Tomeco,Copiulemu,19.866666666666667,23.48,True,70.91275167785234
Tue Jan 23 20:28:32 2024,Copiulemu,Tomeco,15.333333333333334,22.002,True,86.09478260869564
Tue Jan 23 20:28:32 2024,Tomeco,Copiulemu,18.233333333333334,23.48,False,77.26508226691041
Tue Jan 23 20:28:32 2024,Copiulemu,Tomeco,15.733333333333333,22.002,False,83.90593220338984
