Fecha,From,To,Tiempo (min),Distancia (km),Real Time,Velocidad promedia
Tue Nov 28 07:28:11 2023,Tomeco,Copiulemu,17.716666666666665,23.39,True,79.21354656632174
Tue Nov 28 07:28:11 2023,Copiulemu,Tomeco,15.216666666666667,22.002,True,86.75487404162102
Tue Nov 28 07:28:11 2023,Tomeco,Copiulemu,17.716666666666665,23.39,False,79.21354656632174
Tue Nov 28 07:28:11 2023,Copiulemu,Tomeco,15.216666666666667,22.002,False,86.75487404162102
