Fecha,From,To,Tiempo (min),Distancia (km),Real Time,Velocidad promedia
Tue Nov  5 14:35:19 2024,Tomeco,Copiulemu,18.316666666666666,23.45,True,76.81528662420382
Tue Nov  5 14:35:19 2024,Copiulemu,Tomeco,15.933333333333334,21.968,True,82.72468619246862
Tue Nov  5 14:35:19 2024,Tomeco,Copiulemu,18.183333333333334,23.45,False,77.37855178735104
Tue Nov  5 14:35:19 2024,Copiulemu,Tomeco,15.283333333333333,21.968,False,86.24296619411123
