Fecha,From,To,Tiempo (min),Distancia (km),Real Time,Velocidad promedia
Tue Apr  2 22:31:12 2024,Tomeco,Copiulemu,18.05,23.48,True,78.04986149584488
Tue Apr  2 22:31:12 2024,Copiulemu,Tomeco,15.316666666666666,22.002,True,86.18846572361262
Tue Apr  2 22:31:12 2024,Tomeco,Copiulemu,18.05,23.48,False,78.04986149584488
Tue Apr  2 22:31:12 2024,Copiulemu,Tomeco,15.233333333333333,22.002,False,86.65995623632385
