Fecha,From,To,Tiempo (min),Distancia (km),Real Time,Velocidad promedia
Tue Mar 26 02:32:44 2024,Tomeco,Copiulemu,18.733333333333334,23.48,True,75.20284697508896
Tue Mar 26 02:32:44 2024,Copiulemu,Tomeco,16.033333333333335,22.002,True,82.33596673596672
Tue Mar 26 02:32:44 2024,Tomeco,Copiulemu,18.416666666666668,23.48,False,76.49592760180995
Tue Mar 26 02:32:44 2024,Copiulemu,Tomeco,16.033333333333335,22.002,False,82.33596673596672
