Fecha,From,To,Tiempo (min),Distancia (km),Real Time,Velocidad promedia
Tue Jun 14 06:43:02 2022,Tomeco,Copiulemu,17.7,23.39,True,79.28813559322035
Tue Jun 14 06:43:02 2022,Copiulemu,Tomeco,15.633333333333333,22.002,True,84.44264392324094
Tue Jun 14 06:43:02 2022,Tomeco,Copiulemu,17.7,23.39,False,79.28813559322035
Tue Jun 14 06:43:02 2022,Copiulemu,Tomeco,15.633333333333333,22.002,False,84.44264392324094
