Fecha,From,To,Tiempo (min),Distancia (km),Real Time,Velocidad promedia
Tue Nov 21 04:31:40 2023,Tomeco,Copiulemu,17.883333333333333,23.39,True,78.47530288909599
Tue Nov 21 04:31:40 2023,Copiulemu,Tomeco,15.066666666666666,22.002,True,87.61858407079646
Tue Nov 21 04:31:40 2023,Tomeco,Copiulemu,17.883333333333333,23.39,False,78.47530288909599
Tue Nov 21 04:31:40 2023,Copiulemu,Tomeco,15.066666666666666,22.002,False,87.61858407079646
