Fecha,From,To,Tiempo (min),Distancia (km),Real Time,Velocidad promedia
Tue Apr 16 03:28:04 2024,Tomeco,Copiulemu,18.583333333333332,23.48,True,75.80986547085203
Tue Apr 16 03:28:04 2024,Copiulemu,Tomeco,15.933333333333334,22.002,True,82.85271966527196
Tue Apr 16 03:28:04 2024,Tomeco,Copiulemu,18.583333333333332,23.48,False,75.80986547085203
Tue Apr 16 03:28:04 2024,Copiulemu,Tomeco,15.933333333333334,22.002,False,82.85271966527196
