Fecha,From,To,Tiempo (min),Distancia (km),Real Time,Velocidad promedia
Tue Feb 27 10:31:05 2024,Tomeco,Copiulemu,17.9,23.48,True,78.70391061452516
Tue Feb 27 10:31:05 2024,Copiulemu,Tomeco,16.316666666666666,22.002,True,80.90623084780388
Tue Feb 27 10:31:05 2024,Tomeco,Copiulemu,17.866666666666667,23.48,False,78.8507462686567
Tue Feb 27 10:31:05 2024,Copiulemu,Tomeco,15.466666666666667,22.002,False,85.35258620689655
