Fecha,From,To,Tiempo (min),Distancia (km),Real Time,Velocidad promedia
Tue Jan  2 16:33:16 2024,Tomeco,Copiulemu,18.733333333333334,23.48,True,75.20284697508896
Tue Jan  2 16:33:16 2024,Copiulemu,Tomeco,16.366666666666667,22.002,True,80.65906313645621
Tue Jan  2 16:33:16 2024,Tomeco,Copiulemu,17.883333333333333,23.39,False,78.47530288909599
Tue Jan  2 16:33:16 2024,Copiulemu,Tomeco,15.583333333333334,22.002,False,84.71358288770053
