Fecha,From,To,Tiempo (min),Distancia (km),Real Time,Velocidad promedia
Tue Nov  5 03:37:30 2024,Tomeco,Copiulemu,18.816666666666666,23.45,True,74.77413640389724
Tue Nov  5 03:37:30 2024,Copiulemu,Tomeco,15.166666666666666,21.968,True,86.90637362637364
Tue Nov  5 03:37:30 2024,Tomeco,Copiulemu,18.85,23.45,False,74.6419098143236
Tue Nov  5 03:37:30 2024,Copiulemu,Tomeco,15.166666666666666,21.968,False,86.90637362637364
