Fecha,From,To,Tiempo (min),Distancia (km),Real Time,Velocidad promedia
Tue May  3 07:33:38 2022,Tomeco,Copiulemu,17.283333333333335,23.39,True,81.19961427193829
Tue May  3 07:33:38 2022,Copiulemu,Tomeco,15.2,22.002,True,86.85000000000001
Tue May  3 07:33:38 2022,Tomeco,Copiulemu,17.283333333333335,23.39,False,81.19961427193829
Tue May  3 07:33:38 2022,Copiulemu,Tomeco,15.2,22.002,False,86.85000000000001
