Fecha,From,To,Tiempo (min),Distancia (km),Real Time,Velocidad promedia
Tue Nov 26 20:35:14 2024,Tomeco,Copiulemu,17.816666666666666,23.45,True,78.97100093545369
Tue Nov 26 20:35:14 2024,Copiulemu,Tomeco,15.1,21.968,True,87.29006622516557
Tue Nov 26 20:35:14 2024,Tomeco,Copiulemu,17.583333333333332,23.45,False,80.01895734597157
Tue Nov 26 20:35:14 2024,Copiulemu,Tomeco,15.033333333333333,21.968,False,87.67716186252773
