Fecha,From,To,Tiempo (min),Distancia (km),Real Time,Velocidad promedia
Tue Sep 20 13:12:49 2022,Tomeco,Copiulemu,16.85,23.39,True,83.28783382789317
Tue Sep 20 13:12:49 2022,Copiulemu,Tomeco,15.716666666666667,22.002,True,83.99490986214211
Tue Sep 20 13:12:49 2022,Tomeco,Copiulemu,16.566666666666666,23.39,False,84.71227364185111
Tue Sep 20 13:12:49 2022,Copiulemu,Tomeco,15.616666666666667,22.002,False,84.53276414087513
