Fecha,From,To,Tiempo (min),Distancia (km),Real Time,Velocidad promedia
Tue Aug 20 20:31:24 2024,Tomeco,Copiulemu,18.683333333333334,23.48,True,75.40410347903658
Tue Aug 20 20:31:24 2024,Copiulemu,Tomeco,15.5,22.002,True,85.1690322580645
Tue Aug 20 20:31:24 2024,Tomeco,Copiulemu,17.833333333333332,23.48,False,78.9981308411215
Tue Aug 20 20:31:24 2024,Copiulemu,Tomeco,15.483333333333333,22.002,False,85.26071044133477
