Fecha,From,To,Tiempo (min),Distancia (km),Real Time,Velocidad promedia
Tue Dec 26 15:28:14 2023,Tomeco,Copiulemu,17.25,23.39,True,81.35652173913044
Tue Dec 26 15:28:14 2023,Copiulemu,Tomeco,15.883333333333333,21.461,True,81.06988457502624
Tue Dec 26 15:28:14 2023,Tomeco,Copiulemu,17.233333333333334,23.39,False,81.43520309477756
Tue Dec 26 15:28:14 2023,Copiulemu,Tomeco,15.883333333333333,21.461,False,81.06988457502624
