Fecha,From,To,Tiempo (min),Distancia (km),Real Time,Velocidad promedia
Tue Apr 12 06:41:48 2022,Tomeco,Copiulemu,18.433333333333334,23.39,True,76.13381555153707
Tue Apr 12 06:41:48 2022,Copiulemu,Tomeco,15.433333333333334,22.002,True,85.53693304535636
Tue Apr 12 06:41:48 2022,Tomeco,Copiulemu,18.433333333333334,23.39,False,76.13381555153707
Tue Apr 12 06:41:48 2022,Copiulemu,Tomeco,15.433333333333334,22.002,False,85.53693304535636
