Fecha,From,To,Tiempo (min),Distancia (km),Real Time,Velocidad promedia
Tue Dec 12 04:31:39 2023,Tomeco,Copiulemu,17.666666666666668,23.39,True,79.43773584905661
Tue Dec 12 04:31:39 2023,Copiulemu,Tomeco,15.066666666666666,21.461,True,85.46415929203539
Tue Dec 12 04:31:39 2023,Tomeco,Copiulemu,17.666666666666668,23.39,False,79.43773584905661
Tue Dec 12 04:31:39 2023,Copiulemu,Tomeco,15.066666666666666,21.461,False,85.46415929203539
