Fecha,From,To,Tiempo (min),Distancia (km),Real Time,Velocidad promedia
Tue May 14 12:46:38 2024,Tomeco,Copiulemu,18.35,23.48,True,76.77384196185285
Tue May 14 12:46:38 2024,Copiulemu,Tomeco,15.116666666666667,22.002,True,87.328776185226
Tue May 14 12:46:38 2024,Tomeco,Copiulemu,17.583333333333332,23.48,False,80.12132701421802
Tue May 14 12:46:38 2024,Copiulemu,Tomeco,14.916666666666666,22.002,False,88.49966480446928
