Fecha,From,To,Tiempo (min),Distancia (km),Real Time,Velocidad promedia
Tue Oct  1 03:07:48 2024,Tomeco,Copiulemu,18.183333333333334,23.48,True,77.47754353803849
Tue Oct  1 03:07:48 2024,Copiulemu,Tomeco,15.95,22.002,True,82.76614420062697
Tue Oct  1 03:07:48 2024,Tomeco,Copiulemu,18.183333333333334,23.48,False,77.47754353803849
Tue Oct  1 03:07:48 2024,Copiulemu,Tomeco,15.95,22.002,False,82.76614420062697
