Fecha,From,To,Tiempo (min),Distancia (km),Real Time,Velocidad promedia
Tue Oct  8 03:02:06 2024,Tomeco,Copiulemu,18.416666666666668,23.48,True,76.49592760180995
Tue Oct  8 03:02:06 2024,Copiulemu,Tomeco,16.0,22.002,True,82.5075
Tue Oct  8 03:02:06 2024,Tomeco,Copiulemu,18.333333333333332,23.48,False,76.84363636363638
Tue Oct  8 03:02:06 2024,Copiulemu,Tomeco,16.0,22.002,False,82.5075
