Fecha,From,To,Tiempo (min),Distancia (km),Real Time,Velocidad promedia
Tue Jun 21 04:07:44 2022,Tomeco,Copiulemu,17.383333333333333,23.39,True,80.73250239693193
Tue Jun 21 04:07:44 2022,Copiulemu,Tomeco,15.633333333333333,22.002,True,84.44264392324094
Tue Jun 21 04:07:44 2022,Tomeco,Copiulemu,17.383333333333333,23.39,False,80.73250239693193
Tue Jun 21 04:07:44 2022,Copiulemu,Tomeco,15.633333333333333,22.002,False,84.44264392324094
