Fecha,From,To,Tiempo (min),Distancia (km),Real Time,Velocidad promedia
Tue Nov  7 15:28:12 2023,Tomeco,Copiulemu,18.8,23.39,True,74.64893617021276
Tue Nov  7 15:28:12 2023,Copiulemu,Tomeco,15.416666666666666,22.002,True,85.62940540540541
Tue Nov  7 15:28:12 2023,Tomeco,Copiulemu,17.45,23.39,False,80.42406876790831
Tue Nov  7 15:28:12 2023,Copiulemu,Tomeco,15.183333333333334,22.002,False,86.94533479692646
