Fecha,From,To,Tiempo (min),Distancia (km),Real Time,Velocidad promedia
Tue Aug 23 23:34:40 2022,Tomeco,Copiulemu,17.016666666666666,23.39,True,82.4720861900098
Tue Aug 23 23:34:40 2022,Copiulemu,Tomeco,15.45,22.002,True,85.44466019417474
Tue Aug 23 23:34:40 2022,Tomeco,Copiulemu,17.0,23.39,False,82.5529411764706
Tue Aug 23 23:34:40 2022,Copiulemu,Tomeco,15.45,22.002,False,85.44466019417474
