Fecha,From,To,Tiempo (min),Distancia (km),Real Time,Velocidad promedia
Tue May 10 14:38:14 2022,Tomeco,Copiulemu,16.65,23.39,True,84.2882882882883
Tue May 10 14:38:14 2022,Copiulemu,Tomeco,15.233333333333333,22.002,True,86.65995623632385
Tue May 10 14:38:14 2022,Tomeco,Copiulemu,16.5,23.39,False,85.05454545454545
Tue May 10 14:38:14 2022,Copiulemu,Tomeco,15.183333333333334,22.002,False,86.94533479692646
