Fecha,From,To,Tiempo (min),Distancia (km),Real Time,Velocidad promedia
Tue Dec 10 22:37:45 2024,Tomeco,Copiulemu,18.35,23.45,True,76.67574931880108
Tue Dec 10 22:37:45 2024,Copiulemu,Tomeco,15.566666666666666,21.968,True,84.67323340471093
Tue Dec 10 22:37:45 2024,Tomeco,Copiulemu,17.366666666666667,23.45,False,81.0172744721689
Tue Dec 10 22:37:45 2024,Copiulemu,Tomeco,15.433333333333334,21.968,False,85.40475161987041
