Fecha,From,To,Tiempo (min),Distancia (km),Real Time,Velocidad promedia
Tue Jul  2 14:29:33 2024,Tomeco,Copiulemu,18.0,23.48,True,78.26666666666667
Tue Jul  2 14:29:33 2024,Copiulemu,Tomeco,16.25,22.002,True,81.23815384615385
Tue Jul  2 14:29:33 2024,Tomeco,Copiulemu,17.85,23.48,False,78.92436974789915
Tue Jul  2 14:29:33 2024,Copiulemu,Tomeco,15.766666666666667,22.002,False,83.72854122621564
