Fecha,From,To,Tiempo (min),Distancia (km),Real Time,Velocidad promedia
Tue Apr  9 18:28:07 2024,Tomeco,Copiulemu,18.566666666666666,23.48,True,75.87791741472172
Tue Apr  9 18:28:07 2024,Copiulemu,Tomeco,15.45,22.002,True,85.44466019417474
Tue Apr  9 18:28:07 2024,Tomeco,Copiulemu,18.566666666666666,23.48,False,75.87791741472172
Tue Apr  9 18:28:07 2024,Copiulemu,Tomeco,14.85,22.002,False,88.89696969696969
