Fecha,From,To,Tiempo (min),Distancia (km),Real Time,Velocidad promedia
Tue Nov  5 22:35:05 2024,Tomeco,Copiulemu,17.983333333333334,23.45,True,78.23911028730305
Tue Nov  5 22:35:05 2024,Copiulemu,Tomeco,15.583333333333334,21.968,True,84.58267379679144
Tue Nov  5 22:35:05 2024,Tomeco,Copiulemu,17.95,23.45,False,78.38440111420613
Tue Nov  5 22:35:05 2024,Copiulemu,Tomeco,15.35,21.968,False,85.8684039087948
