Fecha,From,To,Tiempo (min),Distancia (km),Real Time,Velocidad promedia
Tue Nov 19 15:36:16 2024,Tomeco,Copiulemu,18.433333333333334,23.45,True,76.32911392405063
Tue Nov 19 15:36:16 2024,Copiulemu,Tomeco,15.566666666666666,21.968,True,84.67323340471093
Tue Nov 19 15:36:16 2024,Tomeco,Copiulemu,18.216666666666665,23.45,False,77.23696248856359
Tue Nov 19 15:36:16 2024,Copiulemu,Tomeco,15.566666666666666,21.968,False,84.67323340471093
