Fecha,From,To,Tiempo (min),Distancia (km),Real Time,Velocidad promedia
Tue Aug 30 18:41:40 2022,Tomeco,Copiulemu,17.016666666666666,23.39,True,82.4720861900098
Tue Aug 30 18:41:40 2022,Copiulemu,Tomeco,14.75,22.002,True,89.49966101694915
Tue Aug 30 18:41:40 2022,Tomeco,Copiulemu,16.8,23.39,False,83.53571428571428
Tue Aug 30 18:41:40 2022,Copiulemu,Tomeco,14.75,22.002,False,89.49966101694915
