Fecha,From,To,Tiempo (min),Distancia (km),Real Time,Velocidad promedia
Tue Dec 12 09:28:16 2023,Tomeco,Copiulemu,16.883333333333333,23.39,True,83.12339585389932
Tue Dec 12 09:28:16 2023,Copiulemu,Tomeco,14.716666666666667,22.002,True,89.70237825594563
Tue Dec 12 09:28:16 2023,Tomeco,Copiulemu,16.816666666666666,23.39,False,83.45292368681864
Tue Dec 12 09:28:16 2023,Copiulemu,Tomeco,14.316666666666666,22.002,False,92.20861466821886
