Fecha,From,To,Tiempo (min),Distancia (km),Real Time,Velocidad promedia
Tue Jun 18 04:31:57 2024,Tomeco,Copiulemu,19.483333333333334,23.48,True,72.30795551753636
Tue Jun 18 04:31:57 2024,Copiulemu,Tomeco,15.733333333333333,22.002,True,83.90593220338984
Tue Jun 18 04:31:57 2024,Tomeco,Copiulemu,18.15,23.48,False,77.6198347107438
Tue Jun 18 04:31:57 2024,Copiulemu,Tomeco,15.733333333333333,22.002,False,83.90593220338984
