Fecha,From,To,Tiempo (min),Distancia (km),Real Time,Velocidad promedia
Tue Oct 31 04:30:25 2023,Tomeco,Copiulemu,18.016666666666666,23.39,True,77.89454209065681
Tue Oct 31 04:30:25 2023,Copiulemu,Tomeco,15.016666666666667,22.002,True,87.91032186459489
Tue Oct 31 04:30:25 2023,Tomeco,Copiulemu,18.016666666666666,23.39,False,77.89454209065681
Tue Oct 31 04:30:25 2023,Copiulemu,Tomeco,15.016666666666667,22.002,False,87.91032186459489
