Fecha,From,To,Tiempo (min),Distancia (km),Real Time,Velocidad promedia
Tue Jun 18 23:28:21 2024,Tomeco,Copiulemu,18.15,23.48,True,77.6198347107438
Tue Jun 18 23:28:21 2024,Copiulemu,Tomeco,16.366666666666667,22.002,True,80.65906313645621
Tue Jun 18 23:28:21 2024,Tomeco,Copiulemu,18.15,23.48,False,77.6198347107438
Tue Jun 18 23:28:21 2024,Copiulemu,Tomeco,16.166666666666668,22.002,False,81.65690721649483
