Fecha,From,To,Tiempo (min),Distancia (km),Real Time,Velocidad promedia
Tue Jun  4 02:41:13 2024,Tomeco,Copiulemu,18.183333333333334,23.48,True,77.47754353803849
Tue Jun  4 02:41:13 2024,Copiulemu,Tomeco,17.25,22.002,True,76.52869565217391
Tue Jun  4 02:41:13 2024,Tomeco,Copiulemu,18.183333333333334,23.48,False,77.47754353803849
Tue Jun  4 02:41:13 2024,Copiulemu,Tomeco,16.05,22.002,False,82.25046728971962
