Fecha,From,To,Tiempo (min),Distancia (km),Real Time,Velocidad promedia
Tue Jan 23 13:29:36 2024,Tomeco,Copiulemu,18.183333333333334,23.48,True,77.47754353803849
Tue Jan 23 13:29:36 2024,Copiulemu,Tomeco,17.266666666666666,22.002,True,76.45482625482626
Tue Jan 23 13:29:36 2024,Tomeco,Copiulemu,17.683333333333334,23.48,False,79.66823751178134
Tue Jan 23 13:29:36 2024,Copiulemu,Tomeco,17.266666666666666,22.002,False,76.45482625482626
