Fecha,From,To,Tiempo (min),Distancia (km),Real Time,Velocidad promedia
Tue Nov 28 12:46:00 2023,Tomeco,Copiulemu,17.25,23.39,True,81.35652173913044
Tue Nov 28 12:46:00 2023,Copiulemu,Tomeco,14.833333333333334,22.002,True,88.99685393258426
Tue Nov 28 12:46:00 2023,Tomeco,Copiulemu,17.25,23.39,False,81.35652173913044
Tue Nov 28 12:46:00 2023,Copiulemu,Tomeco,14.783333333333333,22.002,False,89.2978579481398
