Fecha,From,To,Tiempo (min),Distancia (km),Real Time,Velocidad promedia
Tue Jul 12 20:37:45 2022,Tomeco,Copiulemu,17.783333333333335,23.39,True,78.91658856607309
Tue Jul 12 20:37:45 2022,Copiulemu,Tomeco,15.833333333333334,21.461,True,81.3258947368421
Tue Jul 12 20:37:45 2022,Tomeco,Copiulemu,16.983333333333334,23.39,False,82.63395485770363
Tue Jul 12 20:37:45 2022,Copiulemu,Tomeco,14.85,21.461,False,86.71111111111111
