Fecha,From,To,Tiempo (min),Distancia (km),Real Time,Velocidad promedia
Tue Jul  2 16:37:44 2024,Tomeco,Copiulemu,17.816666666666666,23.48,True,79.07202993451824
Tue Jul  2 16:37:44 2024,Copiulemu,Tomeco,15.983333333333333,22.002,True,82.59353493222106
Tue Jul  2 16:37:44 2024,Tomeco,Copiulemu,17.8,23.48,False,79.14606741573033
Tue Jul  2 16:37:44 2024,Copiulemu,Tomeco,16.0,22.002,False,82.5075
