Fecha,From,To,Tiempo (min),Distancia (km),Real Time,Velocidad promedia
Tue Jun  7 02:21:29 2022,Tomeco,Copiulemu,17.433333333333334,23.39,True,80.50095602294455
Tue Jun  7 02:21:29 2022,Copiulemu,Tomeco,15.316666666666666,22.002,True,86.18846572361262
Tue Jun  7 02:21:29 2022,Tomeco,Copiulemu,17.25,23.39,False,81.35652173913044
Tue Jun  7 02:21:29 2022,Copiulemu,Tomeco,15.316666666666666,22.002,False,86.18846572361262
