Fecha,From,To,Tiempo (min),Distancia (km),Real Time,Velocidad promedia
Tue Jan 23 16:38:22 2024,Tomeco,Copiulemu,18.066666666666666,23.48,True,77.97785977859779
Tue Jan 23 16:38:22 2024,Copiulemu,Tomeco,16.433333333333334,22.002,True,80.33184584178498
Tue Jan 23 16:38:22 2024,Tomeco,Copiulemu,18.066666666666666,23.48,False,77.97785977859779
Tue Jan 23 16:38:22 2024,Copiulemu,Tomeco,15.8,22.002,False,83.5518987341772
