Fecha,From,To,Tiempo (min),Distancia (km),Real Time,Velocidad promedia
Tue Sep 20 17:45:25 2022,Tomeco,Copiulemu,16.833333333333332,23.39,True,83.37029702970297
Tue Sep 20 17:45:25 2022,Copiulemu,Tomeco,14.883333333333333,22.002,True,88.69787234042553
Tue Sep 20 17:45:25 2022,Tomeco,Copiulemu,16.85,23.39,False,83.28783382789317
Tue Sep 20 17:45:25 2022,Copiulemu,Tomeco,14.816666666666666,22.002,False,89.09696287964005
