Fecha,From,To,Tiempo (min),Distancia (km),Real Time,Velocidad promedia
Tue Jan  2 19:28:09 2024,Tomeco,Copiulemu,21.9,23.48,True,64.32876712328768
Tue Jan  2 19:28:09 2024,Copiulemu,Tomeco,23.55,22.002,True,56.05605095541401
Tue Jan  2 19:28:09 2024,Tomeco,Copiulemu,17.95,23.48,False,78.48467966573817
Tue Jan  2 19:28:09 2024,Copiulemu,Tomeco,15.733333333333333,22.002,False,83.90593220338984
