Fecha,From,To,Tiempo (min),Distancia (km),Real Time,Velocidad promedia
Tue May 21 07:28:05 2024,Tomeco,Copiulemu,17.966666666666665,23.48,True,78.41187384044528
Tue May 21 07:28:05 2024,Copiulemu,Tomeco,15.483333333333333,22.002,True,85.26071044133477
Tue May 21 07:28:05 2024,Tomeco,Copiulemu,17.966666666666665,23.48,False,78.41187384044528
Tue May 21 07:28:05 2024,Copiulemu,Tomeco,15.483333333333333,22.002,False,85.26071044133477
