Fecha,From,To,Tiempo (min),Distancia (km),Real Time,Velocidad promedia
Tue May 14 02:37:32 2024,Tomeco,Copiulemu,18.383333333333333,23.48,True,76.63463281958296
Tue May 14 02:37:32 2024,Copiulemu,Tomeco,15.95,22.002,True,82.76614420062697
Tue May 14 02:37:32 2024,Tomeco,Copiulemu,18.383333333333333,23.48,False,76.63463281958296
Tue May 14 02:37:32 2024,Copiulemu,Tomeco,15.95,22.002,False,82.76614420062697
