Fecha,From,To,Tiempo (min),Distancia (km),Real Time,Velocidad promedia
Tue Dec 12 14:30:45 2023,Tomeco,Copiulemu,17.35,23.39,True,80.88760806916426
Tue Dec 12 14:30:45 2023,Copiulemu,Tomeco,14.966666666666667,22.002,True,88.20400890868596
Tue Dec 12 14:30:45 2023,Tomeco,Copiulemu,17.35,23.39,False,80.88760806916426
Tue Dec 12 14:30:45 2023,Copiulemu,Tomeco,14.833333333333334,22.002,False,88.99685393258426
