Fecha,From,To,Tiempo (min),Distancia (km),Real Time,Velocidad promedia
Tue Apr 23 05:28:30 2024,Tomeco,Copiulemu,18.75,23.48,True,75.136
Tue Apr 23 05:28:30 2024,Copiulemu,Tomeco,15.566666666666666,22.002,True,84.80428265524625
Tue Apr 23 05:28:30 2024,Tomeco,Copiulemu,18.75,23.48,False,75.136
Tue Apr 23 05:28:30 2024,Copiulemu,Tomeco,15.566666666666666,22.002,False,84.80428265524625
