Fecha,From,To,Tiempo (min),Distancia (km),Real Time,Velocidad promedia
Tue Nov 12 11:28:06 2024,Tomeco,Copiulemu,18.316666666666666,23.45,True,76.81528662420382
Tue Nov 12 11:28:06 2024,Copiulemu,Tomeco,14.9,21.968,True,88.46174496644295
Tue Nov 12 11:28:06 2024,Tomeco,Copiulemu,17.9,23.45,False,78.60335195530728
Tue Nov 12 11:28:06 2024,Copiulemu,Tomeco,14.8,21.968,False,89.05945945945946
