Fecha,From,To,Tiempo (min),Distancia (km),Real Time,Velocidad promedia
Tue Sep 13 19:31:22 2022,Tomeco,Copiulemu,16.9,23.39,True,83.04142011834321
Tue Sep 13 19:31:22 2022,Copiulemu,Tomeco,14.95,22.002,True,88.30234113712375
Tue Sep 13 19:31:22 2022,Tomeco,Copiulemu,16.833333333333332,23.39,False,83.37029702970297
Tue Sep 13 19:31:22 2022,Copiulemu,Tomeco,14.55,22.002,False,90.72989690721649
