Fecha,From,To,Tiempo (min),Distancia (km),Real Time,Velocidad promedia
Tue Jul 16 09:30:10 2024,Tomeco,Copiulemu,18.866666666666667,23.48,True,74.67137809187278
Tue Jul 16 09:30:10 2024,Copiulemu,Tomeco,15.866666666666667,22.002,True,83.20084033613446
Tue Jul 16 09:30:10 2024,Tomeco,Copiulemu,18.583333333333332,23.48,False,75.80986547085203
Tue Jul 16 09:30:10 2024,Copiulemu,Tomeco,15.85,22.002,False,83.28832807570977
