Fecha,From,To,Tiempo (min),Distancia (km),Real Time,Velocidad promedia
Tue Apr 16 01:30:27 2024,Tomeco,Copiulemu,18.1,23.48,True,77.8342541436464
Tue Apr 16 01:30:27 2024,Copiulemu,Tomeco,15.633333333333333,22.002,True,84.44264392324094
Tue Apr 16 01:30:27 2024,Tomeco,Copiulemu,18.1,23.48,False,77.8342541436464
Tue Apr 16 01:30:27 2024,Copiulemu,Tomeco,15.633333333333333,22.002,False,84.44264392324094
