Fecha,From,To,Tiempo (min),Distancia (km),Real Time,Velocidad promedia
Tue Jun 25 19:28:09 2024,Tomeco,Copiulemu,18.65,23.48,True,75.53887399463808
Tue Jun 25 19:28:09 2024,Copiulemu,Tomeco,15.733333333333333,22.002,True,83.90593220338984
Tue Jun 25 19:28:09 2024,Tomeco,Copiulemu,17.9,23.48,False,78.70391061452516
Tue Jun 25 19:28:09 2024,Copiulemu,Tomeco,15.45,22.002,False,85.44466019417474
