Fecha,From,To,Tiempo (min),Distancia (km),Real Time,Velocidad promedia
Tue Sep 12 01:26:41 2023,Tomeco,Copiulemu,18.116666666666667,23.39,True,77.46458141674333
Tue Sep 12 01:26:41 2023,Copiulemu,Tomeco,15.483333333333333,22.002,True,85.26071044133477
Tue Sep 12 01:26:41 2023,Tomeco,Copiulemu,18.116666666666667,23.39,False,77.46458141674333
Tue Sep 12 01:26:41 2023,Copiulemu,Tomeco,15.483333333333333,22.002,False,85.26071044133477
