Fecha,From,To,Tiempo (min),Distancia (km),Real Time,Velocidad promedia
Tue Jan 30 15:28:09 2024,Tomeco,Copiulemu,18.7,23.48,True,75.33689839572193
Tue Jan 30 15:28:09 2024,Copiulemu,Tomeco,15.2,22.002,True,86.85000000000001
Tue Jan 30 15:28:09 2024,Tomeco,Copiulemu,18.616666666666667,23.48,False,75.67412712623099
Tue Jan 30 15:28:09 2024,Copiulemu,Tomeco,16.183333333333334,22.002,False,81.5728115345005
