Fecha,From,To,Tiempo (min),Distancia (km),Real Time,Velocidad promedia
Tue Nov 26 14:38:52 2024,Tomeco,Copiulemu,18.0,23.45,True,78.16666666666667
Tue Nov 26 14:38:52 2024,Copiulemu,Tomeco,15.516666666666667,21.968,True,84.94607948442534
Tue Nov 26 14:38:52 2024,Tomeco,Copiulemu,18.0,23.45,False,78.16666666666667
Tue Nov 26 14:38:52 2024,Copiulemu,Tomeco,15.483333333333333,21.968,False,85.12895586652314
