Fecha,From,To,Tiempo (min),Distancia (km),Real Time,Velocidad promedia
Tue Sep 19 22:29:22 2023,Tomeco,Copiulemu,18.783333333333335,23.39,True,74.71517302573203
Tue Sep 19 22:29:22 2023,Copiulemu,Tomeco,15.866666666666667,22.002,True,83.20084033613446
Tue Sep 19 22:29:22 2023,Tomeco,Copiulemu,18.116666666666667,23.39,False,77.46458141674333
Tue Sep 19 22:29:22 2023,Copiulemu,Tomeco,15.5,22.002,False,85.1690322580645
