Fecha,From,To,Tiempo (min),Distancia (km),Real Time,Velocidad promedia
Tue Nov 26 16:43:43 2024,Tomeco,Copiulemu,18.45,23.45,True,76.26016260162602
Tue Nov 26 16:43:43 2024,Copiulemu,Tomeco,15.433333333333334,21.968,True,85.40475161987041
Tue Nov 26 16:43:43 2024,Tomeco,Copiulemu,18.433333333333334,23.45,False,76.32911392405063
Tue Nov 26 16:43:43 2024,Copiulemu,Tomeco,15.1,21.968,False,87.29006622516557
