Fecha,From,To,Tiempo (min),Distancia (km),Real Time,Velocidad promedia
Tue Jun 25 23:27:59 2024,Tomeco,Copiulemu,18.683333333333334,23.48,True,75.40410347903658
Tue Jun 25 23:27:59 2024,Copiulemu,Tomeco,16.15,22.002,True,81.74117647058823
Tue Jun 25 23:27:59 2024,Tomeco,Copiulemu,18.133333333333333,23.48,False,77.69117647058823
Tue Jun 25 23:27:59 2024,Copiulemu,Tomeco,16.133333333333333,22.002,False,81.82561983471074
