Fecha,From,To,Tiempo (min),Distancia (km),Real Time,Velocidad promedia
Tue May  7 04:31:14 2024,Tomeco,Copiulemu,18.6,23.48,True,75.74193548387098
Tue May  7 04:31:14 2024,Copiulemu,Tomeco,15.816666666666666,22.002,True,83.46385669125394
Tue May  7 04:31:14 2024,Tomeco,Copiulemu,18.6,23.48,False,75.74193548387098
Tue May  7 04:31:14 2024,Copiulemu,Tomeco,15.816666666666666,22.002,False,83.46385669125394
