Fecha,From,To,Tiempo (min),Distancia (km),Real Time,Velocidad promedia
Tue Nov 26 04:39:21 2024,Tomeco,Copiulemu,18.6,23.45,True,75.64516129032258
Tue Nov 26 04:39:21 2024,Copiulemu,Tomeco,15.416666666666666,21.957,True,85.45427027027029
Tue Nov 26 04:39:21 2024,Tomeco,Copiulemu,18.133333333333333,23.45,False,77.59191176470588
Tue Nov 26 04:39:21 2024,Copiulemu,Tomeco,15.416666666666666,21.957,False,85.45427027027029
