Fecha,From,To,Tiempo (min),Distancia (km),Real Time,Velocidad promedia
Tue Sep  5 08:30:12 2023,Tomeco,Copiulemu,18.4,23.39,True,76.2717391304348
Tue Sep  5 08:30:12 2023,Copiulemu,Tomeco,15.483333333333333,22.002,True,85.26071044133477
Tue Sep  5 08:30:12 2023,Tomeco,Copiulemu,18.4,23.39,False,76.2717391304348
Tue Sep  5 08:30:12 2023,Copiulemu,Tomeco,15.45,22.002,False,85.44466019417474
