Fecha,From,To,Tiempo (min),Distancia (km),Real Time,Velocidad promedia
Tue Sep 10 12:53:48 2024,Tomeco,Copiulemu,17.683333333333334,23.48,True,79.66823751178134
Tue Sep 10 12:53:48 2024,Copiulemu,Tomeco,15.5,22.002,True,85.1690322580645
Tue Sep 10 12:53:48 2024,Tomeco,Copiulemu,17.666666666666668,23.48,False,79.74339622641509
Tue Sep 10 12:53:48 2024,Copiulemu,Tomeco,15.483333333333333,22.002,False,85.26071044133477
