Fecha,From,To,Tiempo (min),Distancia (km),Real Time,Velocidad promedia
Tue Apr 26 19:28:36 2022,Tomeco,Copiulemu,17.5,23.39,True,80.19428571428571
Tue Apr 26 19:28:36 2022,Copiulemu,Tomeco,14.566666666666666,22.002,True,90.62608695652173
Tue Apr 26 19:28:36 2022,Tomeco,Copiulemu,16.916666666666668,23.39,False,82.95960591133006
Tue Apr 26 19:28:36 2022,Copiulemu,Tomeco,14.566666666666666,22.002,False,90.62608695652173
