Fecha,From,To,Tiempo (min),Distancia (km),Real Time,Velocidad promedia
Tue Dec 26 10:30:59 2023,Tomeco,Copiulemu,17.133333333333333,23.39,True,81.91050583657588
Tue Dec 26 10:30:59 2023,Copiulemu,Tomeco,15.416666666666666,21.461,True,83.52389189189189
Tue Dec 26 10:30:59 2023,Tomeco,Copiulemu,17.083333333333332,23.39,False,82.15024390243903
Tue Dec 26 10:30:59 2023,Copiulemu,Tomeco,15.366666666666667,21.461,False,83.79566160520606
