Fecha,From,To,Tiempo (min),Distancia (km),Real Time,Velocidad promedia
Tue Sep 26 09:28:16 2023,Tomeco,Copiulemu,17.666666666666668,23.39,True,79.43773584905661
Tue Sep 26 09:28:16 2023,Copiulemu,Tomeco,15.466666666666667,22.002,True,85.35258620689655
Tue Sep 26 09:28:16 2023,Tomeco,Copiulemu,17.483333333333334,23.39,False,80.27073403241181
Tue Sep 26 09:28:16 2023,Copiulemu,Tomeco,15.466666666666667,22.002,False,85.35258620689655
