Fecha,From,To,Tiempo (min),Distancia (km),Real Time,Velocidad promedia
Tue May 24 13:07:03 2022,Tomeco,Copiulemu,16.8,23.39,True,83.53571428571428
Tue May 24 13:07:03 2022,Copiulemu,Tomeco,14.55,22.002,True,90.72989690721649
Tue May 24 13:07:03 2022,Tomeco,Copiulemu,16.766666666666666,23.39,False,83.70178926441352
Tue May 24 13:07:03 2022,Copiulemu,Tomeco,14.55,22.002,False,90.72989690721649
