Fecha,From,To,Tiempo (min),Distancia (km),Real Time,Velocidad promedia
Tue Sep 24 08:39:07 2024,Tomeco,Copiulemu,19.3,23.48,True,72.99481865284974
Tue Sep 24 08:39:07 2024,Copiulemu,Tomeco,15.333333333333334,22.002,True,86.09478260869564
Tue Sep 24 08:39:07 2024,Tomeco,Copiulemu,19.3,23.48,False,72.99481865284974
Tue Sep 24 08:39:07 2024,Copiulemu,Tomeco,15.333333333333334,22.002,False,86.09478260869564
