Fecha,From,To,Tiempo (min),Distancia (km),Real Time,Velocidad promedia
Tue Apr  5 03:07:13 2022,Tomeco,Copiulemu,18.133333333333333,23.649,True,78.25036764705882
Tue Apr  5 03:07:13 2022,Copiulemu,Tomeco,15.65,22.002,True,84.35271565495206
Tue Apr  5 03:07:13 2022,Tomeco,Copiulemu,18.066666666666666,23.649,False,78.53911439114391
Tue Apr  5 03:07:13 2022,Copiulemu,Tomeco,15.633333333333333,22.002,False,84.44264392324094
