Fecha,From,To,Tiempo (min),Distancia (km),Real Time,Velocidad promedia
Tue Aug 27 18:37:09 2024,Tomeco,Copiulemu,17.75,23.48,True,79.36901408450704
Tue Aug 27 18:37:09 2024,Copiulemu,Tomeco,15.2,22.002,True,86.85000000000001
Tue Aug 27 18:37:09 2024,Tomeco,Copiulemu,17.75,23.48,False,79.36901408450704
Tue Aug 27 18:37:09 2024,Copiulemu,Tomeco,15.183333333333334,22.002,False,86.94533479692646
