Fecha,From,To,Tiempo (min),Distancia (km),Real Time,Velocidad promedia
Tue Jan  9 07:28:01 2024,Tomeco,Copiulemu,19.183333333333334,23.48,True,73.43874891398784
Tue Jan  9 07:28:01 2024,Copiulemu,Tomeco,15.95,22.002,True,82.76614420062697
Tue Jan  9 07:28:01 2024,Tomeco,Copiulemu,19.183333333333334,23.48,False,73.43874891398784
Tue Jan  9 07:28:01 2024,Copiulemu,Tomeco,15.95,22.002,False,82.76614420062697
