Fecha,From,To,Tiempo (min),Distancia (km),Real Time,Velocidad promedia
Tue Jul 23 16:38:21 2024,Tomeco,Copiulemu,18.05,23.48,True,78.04986149584488
Tue Jul 23 16:38:21 2024,Copiulemu,Tomeco,15.833333333333334,22.002,True,83.37599999999999
Tue Jul 23 16:38:21 2024,Tomeco,Copiulemu,17.733333333333334,23.48,False,79.44360902255639
Tue Jul 23 16:38:21 2024,Copiulemu,Tomeco,15.733333333333333,22.002,False,83.90593220338984
