Fecha,From,To,Tiempo (min),Distancia (km),Real Time,Velocidad promedia
Tue Jun  4 18:33:36 2024,Tomeco,Copiulemu,24.833333333333332,23.48,True,56.73020134228189
Tue Jun  4 18:33:36 2024,Copiulemu,Tomeco,15.366666666666667,22.002,True,85.90802603036876
Tue Jun  4 18:33:36 2024,Tomeco,Copiulemu,18.1,23.48,False,77.8342541436464
Tue Jun  4 18:33:36 2024,Copiulemu,Tomeco,15.016666666666667,22.002,False,87.91032186459489
