Fecha,From,To,Tiempo (min),Distancia (km),Real Time,Velocidad promedia
Tue Oct 17 12:47:10 2023,Tomeco,Copiulemu,17.633333333333333,23.39,True,79.58790170132326
Tue Oct 17 12:47:10 2023,Copiulemu,Tomeco,14.933333333333334,21.461,True,86.22723214285713
Tue Oct 17 12:47:10 2023,Tomeco,Copiulemu,17.283333333333335,23.39,False,81.19961427193829
Tue Oct 17 12:47:10 2023,Copiulemu,Tomeco,14.866666666666667,21.461,False,86.61390134529147
