Fecha,From,To,Tiempo (min),Distancia (km),Real Time,Velocidad promedia
Tue Jul 16 13:28:08 2024,Tomeco,Copiulemu,17.783333333333335,23.48,True,79.22024367385191
Tue Jul 16 13:28:08 2024,Copiulemu,Tomeco,15.233333333333333,22.002,True,86.65995623632385
Tue Jul 16 13:28:08 2024,Tomeco,Copiulemu,17.633333333333333,23.48,False,79.89413988657846
Tue Jul 16 13:28:08 2024,Copiulemu,Tomeco,15.25,22.002,False,86.56524590163934
