Fecha,From,To,Tiempo (min),Distancia (km),Real Time,Velocidad promedia
Tue Apr 23 23:28:15 2024,Tomeco,Copiulemu,18.2,23.48,True,77.4065934065934
Tue Apr 23 23:28:15 2024,Copiulemu,Tomeco,15.383333333333333,22.002,True,85.81495124593715
Tue Apr 23 23:28:15 2024,Tomeco,Copiulemu,18.1,23.48,False,77.8342541436464
Tue Apr 23 23:28:15 2024,Copiulemu,Tomeco,15.35,22.002,False,86.0013029315961
