Fecha,From,To,Tiempo (min),Distancia (km),Real Time,Velocidad promedia
Tue Jan 16 05:30:26 2024,Tomeco,Copiulemu,18.566666666666666,23.48,True,75.87791741472172
Tue Jan 16 05:30:26 2024,Copiulemu,Tomeco,16.05,22.002,True,82.25046728971962
Tue Jan 16 05:30:26 2024,Tomeco,Copiulemu,18.566666666666666,23.48,False,75.87791741472172
Tue Jan 16 05:30:26 2024,Copiulemu,Tomeco,16.05,22.002,False,82.25046728971962
