Fecha,From,To,Tiempo (min),Distancia (km),Real Time,Velocidad promedia
Tue May 24 07:34:15 2022,Tomeco,Copiulemu,17.15,23.39,True,81.83090379008746
Tue May 24 07:34:15 2022,Copiulemu,Tomeco,15.266666666666667,22.002,True,86.47074235807858
Tue May 24 07:34:15 2022,Tomeco,Copiulemu,17.15,23.39,False,81.83090379008746
Tue May 24 07:34:15 2022,Copiulemu,Tomeco,15.266666666666667,22.002,False,86.47074235807858
