Fecha,From,To,Tiempo (min),Distancia (km),Real Time,Velocidad promedia
Tue Aug 27 14:33:11 2024,Tomeco,Copiulemu,18.25,23.48,True,77.19452054794522
Tue Aug 27 14:33:11 2024,Copiulemu,Tomeco,15.333333333333334,22.002,True,86.09478260869564
Tue Aug 27 14:33:11 2024,Tomeco,Copiulemu,17.933333333333334,23.48,False,78.55762081784387
Tue Aug 27 14:33:11 2024,Copiulemu,Tomeco,15.333333333333334,22.002,False,86.09478260869564
