Fecha,From,To,Tiempo (min),Distancia (km),Real Time,Velocidad promedia
Tue Sep 13 09:40:46 2022,Tomeco,Copiulemu,16.733333333333334,23.39,True,83.86852589641434
Tue Sep 13 09:40:46 2022,Copiulemu,Tomeco,14.683333333333334,22.002,True,89.90601589103291
Tue Sep 13 09:40:46 2022,Tomeco,Copiulemu,16.733333333333334,23.39,False,83.86852589641434
Tue Sep 13 09:40:46 2022,Copiulemu,Tomeco,14.683333333333334,22.002,False,89.90601589103291
