Fecha,From,To,Tiempo (min),Distancia (km),Real Time,Velocidad promedia
Tue Nov 28 06:32:19 2023,Tomeco,Copiulemu,17.466666666666665,23.39,True,80.34732824427482
Tue Nov 28 06:32:19 2023,Copiulemu,Tomeco,15.266666666666667,22.002,True,86.47074235807858
Tue Nov 28 06:32:19 2023,Tomeco,Copiulemu,17.466666666666665,23.39,False,80.34732824427482
Tue Nov 28 06:32:19 2023,Copiulemu,Tomeco,15.266666666666667,22.002,False,86.47074235807858
