Fecha,From,To,Tiempo (min),Distancia (km),Real Time,Velocidad promedia
Tue May 14 08:32:37 2024,Tomeco,Copiulemu,18.533333333333335,23.48,True,76.01438848920863
Tue May 14 08:32:37 2024,Copiulemu,Tomeco,15.583333333333334,22.002,True,84.71358288770053
Tue May 14 08:32:37 2024,Tomeco,Copiulemu,18.366666666666667,23.48,False,76.70417422867514
Tue May 14 08:32:37 2024,Copiulemu,Tomeco,15.583333333333334,22.002,False,84.71358288770053
