Fecha,From,To,Tiempo (min),Distancia (km),Real Time,Velocidad promedia
Tue Sep 26 12:46:42 2023,Tomeco,Copiulemu,17.683333333333334,23.39,True,79.36286522148916
Tue Sep 26 12:46:42 2023,Copiulemu,Tomeco,15.1,22.002,True,87.4251655629139
Tue Sep 26 12:46:42 2023,Tomeco,Copiulemu,17.3,23.39,False,81.121387283237
Tue Sep 26 12:46:42 2023,Copiulemu,Tomeco,15.0,22.002,False,88.008
