Fecha,From,To,Tiempo (min),Distancia (km),Real Time,Velocidad promedia
Tue Jul 26 13:53:09 2022,Tomeco,Copiulemu,17.233333333333334,23.39,True,81.43520309477756
Tue Jul 26 13:53:09 2022,Copiulemu,Tomeco,15.583333333333334,22.002,True,84.71358288770053
Tue Jul 26 13:53:09 2022,Tomeco,Copiulemu,16.516666666666666,23.39,False,84.96871846619577
Tue Jul 26 13:53:09 2022,Copiulemu,Tomeco,15.283333333333333,22.002,False,86.37644492911667
