Fecha,From,To,Tiempo (min),Distancia (km),Real Time,Velocidad promedia
Tue Oct 22 23:31:01 2024,Tomeco,Copiulemu,18.516666666666666,23.48,True,76.08280828082809
Tue Oct 22 23:31:01 2024,Copiulemu,Tomeco,15.55,22.002,True,84.8951768488746
Tue Oct 22 23:31:01 2024,Tomeco,Copiulemu,18.266666666666666,23.48,False,77.1240875912409
Tue Oct 22 23:31:01 2024,Copiulemu,Tomeco,15.4,22.002,False,85.72207792207791
