Fecha,From,To,Tiempo (min),Distancia (km),Real Time,Velocidad promedia
Tue Jan 30 08:28:52 2024,Tomeco,Copiulemu,18.816666666666666,23.48,True,74.8697962798937
Tue Jan 30 08:28:52 2024,Copiulemu,Tomeco,15.233333333333333,22.002,True,86.65995623632385
Tue Jan 30 08:28:52 2024,Tomeco,Copiulemu,18.816666666666666,23.48,False,74.8697962798937
Tue Jan 30 08:28:52 2024,Copiulemu,Tomeco,15.233333333333333,22.002,False,86.65995623632385
