Fecha,From,To,Tiempo (min),Distancia (km),Real Time,Velocidad promedia
Tue Nov  5 12:52:30 2024,Tomeco,Copiulemu,18.683333333333334,23.45,True,75.30776092774309
Tue Nov  5 12:52:30 2024,Copiulemu,Tomeco,15.783333333333333,21.968,True,83.51087645195354
Tue Nov  5 12:52:30 2024,Tomeco,Copiulemu,18.3,23.45,False,76.88524590163934
Tue Nov  5 12:52:30 2024,Copiulemu,Tomeco,15.05,21.968,False,87.58006644518272
