Fecha,From,To,Tiempo (min),Distancia (km),Real Time,Velocidad promedia
Tue Oct  4 04:34:57 2022,Tomeco,Copiulemu,17.516666666666666,23.39,True,80.11798287345385
Tue Oct  4 04:34:57 2022,Copiulemu,Tomeco,15.466666666666667,22.002,True,85.35258620689655
Tue Oct  4 04:34:57 2022,Tomeco,Copiulemu,17.516666666666666,23.39,False,80.11798287345385
Tue Oct  4 04:34:57 2022,Copiulemu,Tomeco,15.466666666666667,22.002,False,85.35258620689655
