Fecha,From,To,Tiempo (min),Distancia (km),Real Time,Velocidad promedia
Tue Apr 12 19:28:02 2022,Tomeco,Copiulemu,17.683333333333334,23.39,True,79.36286522148916
Tue Apr 12 19:28:02 2022,Copiulemu,Tomeco,14.733333333333333,22.002,True,89.60090497737556
Tue Apr 12 19:28:02 2022,Tomeco,Copiulemu,17.666666666666668,23.39,False,79.43773584905661
Tue Apr 12 19:28:02 2022,Copiulemu,Tomeco,14.733333333333333,22.002,False,89.60090497737556
