Fecha,From,To,Tiempo (min),Distancia (km),Real Time,Velocidad promedia
Tue Aug  2 09:34:57 2022,Tomeco,Copiulemu,17.816666666666666,23.39,True,78.7689429373246
Tue Aug  2 09:34:57 2022,Copiulemu,Tomeco,15.016666666666667,22.002,True,87.91032186459489
Tue Aug  2 09:34:57 2022,Tomeco,Copiulemu,17.816666666666666,23.39,False,78.7689429373246
Tue Aug  2 09:34:57 2022,Copiulemu,Tomeco,15.016666666666667,22.002,False,87.91032186459489
