Fecha,From,To,Tiempo (min),Distancia (km),Real Time,Velocidad promedia
Tue Apr 12 20:34:36 2022,Tomeco,Copiulemu,17.8,23.39,True,78.84269662921348
Tue Apr 12 20:34:36 2022,Copiulemu,Tomeco,15.05,22.002,True,87.71561461794019
Tue Apr 12 20:34:36 2022,Tomeco,Copiulemu,17.783333333333335,23.39,False,78.91658856607309
Tue Apr 12 20:34:36 2022,Copiulemu,Tomeco,14.783333333333333,22.002,False,89.2978579481398
