Fecha,From,To,Tiempo (min),Distancia (km),Real Time,Velocidad promedia
Tue Dec  5 19:28:03 2023,Tomeco,Copiulemu,17.383333333333333,23.39,True,80.73250239693193
Tue Dec  5 19:28:03 2023,Copiulemu,Tomeco,14.983333333333333,21.461,True,85.93948832035595
Tue Dec  5 19:28:03 2023,Tomeco,Copiulemu,17.1,23.39,False,82.07017543859648
Tue Dec  5 19:28:03 2023,Copiulemu,Tomeco,14.983333333333333,21.461,False,85.93948832035595
