Fecha,From,To,Tiempo (min),Distancia (km),Real Time,Velocidad promedia
Tue Jul  9 12:49:48 2024,Tomeco,Copiulemu,19.183333333333334,23.48,True,73.43874891398784
Tue Jul  9 12:49:48 2024,Copiulemu,Tomeco,16.25,22.002,True,81.23815384615385
Tue Jul  9 12:49:48 2024,Tomeco,Copiulemu,18.133333333333333,23.48,False,77.69117647058823
Tue Jul  9 12:49:48 2024,Copiulemu,Tomeco,15.416666666666666,22.002,False,85.62940540540541
