Fecha,From,To,Tiempo (min),Distancia (km),Real Time,Velocidad promedia
Tue Oct 22 03:39:14 2024,Tomeco,Copiulemu,18.65,23.48,True,75.53887399463808
Tue Oct 22 03:39:14 2024,Copiulemu,Tomeco,15.4,22.002,True,85.72207792207791
Tue Oct 22 03:39:14 2024,Tomeco,Copiulemu,18.65,23.48,False,75.53887399463808
Tue Oct 22 03:39:14 2024,Copiulemu,Tomeco,15.4,22.002,False,85.72207792207791
