Fecha,From,To,Tiempo (min),Distancia (km),Real Time,Velocidad promedia
Tue Feb 13 01:28:44 2024,Tomeco,Copiulemu,19.4,23.48,True,72.61855670103094
Tue Feb 13 01:28:44 2024,Copiulemu,Tomeco,16.633333333333333,22.002,True,79.36593186372745
Tue Feb 13 01:28:44 2024,Tomeco,Copiulemu,18.7,23.48,False,75.33689839572193
Tue Feb 13 01:28:44 2024,Copiulemu,Tomeco,16.133333333333333,22.002,False,81.82561983471074
