Fecha,From,To,Tiempo (min),Distancia (km),Real Time,Velocidad promedia
Tue Mar  5 18:29:28 2024,Tomeco,Copiulemu,18.0,23.48,True,78.26666666666667
Tue Mar  5 18:29:28 2024,Copiulemu,Tomeco,14.916666666666666,22.002,True,88.49966480446928
Tue Mar  5 18:29:28 2024,Tomeco,Copiulemu,17.55,23.48,False,80.27350427350426
Tue Mar  5 18:29:28 2024,Copiulemu,Tomeco,14.866666666666667,22.002,False,88.79730941704035
