Fecha,From,To,Tiempo (min),Distancia (km),Real Time,Velocidad promedia
Tue Sep  6 22:38:29 2022,Tomeco,Copiulemu,16.866666666666667,23.39,True,83.20553359683794
Tue Sep  6 22:38:29 2022,Copiulemu,Tomeco,15.333333333333334,22.002,True,86.09478260869564
Tue Sep  6 22:38:29 2022,Tomeco,Copiulemu,16.733333333333334,23.39,False,83.86852589641434
Tue Sep  6 22:38:29 2022,Copiulemu,Tomeco,15.333333333333334,22.002,False,86.09478260869564
