Fecha,From,To,Tiempo (min),Distancia (km),Real Time,Velocidad promedia
Tue Apr  5 23:34:09 2022,Tomeco,Copiulemu,18.9,23.39,True,74.25396825396825
Tue Apr  5 23:34:09 2022,Copiulemu,Tomeco,15.583333333333334,22.002,True,84.71358288770053
Tue Apr  5 23:34:09 2022,Tomeco,Copiulemu,18.683333333333334,23.39,False,75.11507582515611
Tue Apr  5 23:34:09 2022,Copiulemu,Tomeco,15.25,22.002,False,86.56524590163934
