Fecha,From,To,Tiempo (min),Distancia (km),Real Time,Velocidad promedia
Tue Jun 14 17:37:34 2022,Tomeco,Copiulemu,16.966666666666665,23.39,True,82.71512770137525
Tue Jun 14 17:37:34 2022,Copiulemu,Tomeco,14.933333333333334,22.002,True,88.40089285714285
Tue Jun 14 17:37:34 2022,Tomeco,Copiulemu,16.966666666666665,23.39,False,82.71512770137525
Tue Jun 14 17:37:34 2022,Copiulemu,Tomeco,14.883333333333333,22.002,False,88.69787234042553
