Fecha,From,To,Tiempo (min),Distancia (km),Real Time,Velocidad promedia
Tue Jul 19 05:54:15 2022,Tomeco,Copiulemu,17.25,23.39,True,81.35652173913044
Tue Jul 19 05:54:15 2022,Copiulemu,Tomeco,15.283333333333333,22.002,True,86.37644492911667
Tue Jul 19 05:54:15 2022,Tomeco,Copiulemu,17.383333333333333,23.39,False,80.73250239693193
Tue Jul 19 05:54:15 2022,Copiulemu,Tomeco,15.283333333333333,22.002,False,86.37644492911667
