Fecha,From,To,Tiempo (min),Distancia (km),Real Time,Velocidad promedia
Tue Sep 24 19:28:03 2024,Tomeco,Copiulemu,18.0,23.48,True,78.26666666666667
Tue Sep 24 19:28:03 2024,Copiulemu,Tomeco,15.4,22.002,True,85.72207792207791
Tue Sep 24 19:28:03 2024,Tomeco,Copiulemu,18.0,23.48,False,78.26666666666667
Tue Sep 24 19:28:03 2024,Copiulemu,Tomeco,15.266666666666667,22.002,False,86.47074235807858
