Fecha,From,To,Tiempo (min),Distancia (km),Real Time,Velocidad promedia
Tue Apr 23 04:30:40 2024,Tomeco,Copiulemu,18.433333333333334,23.48,True,76.42676311030742
Tue Apr 23 04:30:40 2024,Copiulemu,Tomeco,15.35,22.002,True,86.0013029315961
Tue Apr 23 04:30:40 2024,Tomeco,Copiulemu,18.433333333333334,23.48,False,76.42676311030742
Tue Apr 23 04:30:40 2024,Copiulemu,Tomeco,15.883333333333333,22.002,False,83.11353620146905
