Fecha,From,To,Tiempo (min),Distancia (km),Real Time,Velocidad promedia
Tue Apr 30 21:28:04 2024,Tomeco,Copiulemu,17.7,23.48,True,79.59322033898306
Tue Apr 30 21:28:04 2024,Copiulemu,Tomeco,15.333333333333334,22.002,True,86.09478260869564
Tue Apr 30 21:28:04 2024,Tomeco,Copiulemu,17.7,23.48,False,79.59322033898306
Tue Apr 30 21:28:04 2024,Copiulemu,Tomeco,15.333333333333334,22.002,False,86.09478260869564
