Fecha,From,To,Tiempo (min),Distancia (km),Real Time,Velocidad promedia
Tue Aug 23 13:51:57 2022,Tomeco,Copiulemu,17.666666666666668,23.39,True,79.43773584905661
Tue Aug 23 13:51:57 2022,Copiulemu,Tomeco,15.083333333333334,22.002,True,87.5217679558011
Tue Aug 23 13:51:57 2022,Tomeco,Copiulemu,16.966666666666665,23.39,False,82.71512770137525
Tue Aug 23 13:51:57 2022,Copiulemu,Tomeco,15.083333333333334,22.002,False,87.5217679558011
