Fecha,From,To,Tiempo (min),Distancia (km),Real Time,Velocidad promedia
Tue Jun  7 20:39:41 2022,Tomeco,Copiulemu,17.033333333333335,23.39,True,82.39138943248531
Tue Jun  7 20:39:41 2022,Copiulemu,Tomeco,14.966666666666667,21.461,True,86.03518930957684
Tue Jun  7 20:39:41 2022,Tomeco,Copiulemu,16.966666666666665,23.39,False,82.71512770137525
Tue Jun  7 20:39:41 2022,Copiulemu,Tomeco,14.95,21.461,False,86.13110367892976
