Fecha,From,To,Tiempo (min),Distancia (km),Real Time,Velocidad promedia
Tue Oct 24 17:29:39 2023,Tomeco,Copiulemu,17.866666666666667,23.39,True,78.54850746268656
Tue Oct 24 17:29:39 2023,Copiulemu,Tomeco,15.35,22.002,True,86.0013029315961
Tue Oct 24 17:29:39 2023,Tomeco,Copiulemu,17.183333333333334,23.39,False,81.6721629485936
Tue Oct 24 17:29:39 2023,Copiulemu,Tomeco,14.733333333333333,22.002,False,89.60090497737556
