Fecha,From,To,Tiempo (min),Distancia (km),Real Time,Velocidad promedia
Tue Oct 24 16:34:44 2023,Tomeco,Copiulemu,17.35,23.39,True,80.88760806916426
Tue Oct 24 16:34:44 2023,Copiulemu,Tomeco,14.783333333333333,22.002,True,89.2978579481398
Tue Oct 24 16:34:44 2023,Tomeco,Copiulemu,17.4,23.39,False,80.65517241379311
Tue Oct 24 16:34:44 2023,Copiulemu,Tomeco,14.6,22.002,False,90.41917808219178
