Fecha,From,To,Tiempo (min),Distancia (km),Real Time,Velocidad promedia
Tue Jan 30 06:30:29 2024,Tomeco,Copiulemu,19.283333333333335,23.48,True,73.05790838375108
Tue Jan 30 06:30:29 2024,Copiulemu,Tomeco,15.966666666666667,22.002,True,82.67974947807932
Tue Jan 30 06:30:29 2024,Tomeco,Copiulemu,19.283333333333335,23.48,False,73.05790838375108
Tue Jan 30 06:30:29 2024,Copiulemu,Tomeco,15.966666666666667,22.002,False,82.67974947807932
