Fecha,From,To,Tiempo (min),Distancia (km),Real Time,Velocidad promedia
Tue Sep 27 09:48:18 2022,Tomeco,Copiulemu,16.816666666666666,23.39,True,83.45292368681864
Tue Sep 27 09:48:18 2022,Copiulemu,Tomeco,14.916666666666666,22.002,True,88.49966480446928
Tue Sep 27 09:48:18 2022,Tomeco,Copiulemu,16.783333333333335,23.39,False,83.61866931479642
Tue Sep 27 09:48:18 2022,Copiulemu,Tomeco,14.733333333333333,22.002,False,89.60090497737556
