Fecha,From,To,Tiempo (min),Distancia (km),Real Time,Velocidad promedia
Tue Jun 11 06:35:19 2024,Tomeco,Copiulemu,19.95,23.48,True,70.61654135338347
Tue Jun 11 06:35:19 2024,Copiulemu,Tomeco,15.633333333333333,22.002,True,84.44264392324094
Tue Jun 11 06:35:19 2024,Tomeco,Copiulemu,18.933333333333334,23.48,False,74.40845070422536
Tue Jun 11 06:35:19 2024,Copiulemu,Tomeco,15.2,22.002,False,86.85000000000001
