Fecha,From,To,Tiempo (min),Distancia (km),Real Time,Velocidad promedia
Tue Apr 23 13:28:00 2024,Tomeco,Copiulemu,17.966666666666665,23.48,True,78.41187384044528
Tue Apr 23 13:28:00 2024,Copiulemu,Tomeco,15.25,22.002,True,86.56524590163934
Tue Apr 23 13:28:00 2024,Tomeco,Copiulemu,18.016666666666666,23.48,False,78.19426456984274
Tue Apr 23 13:28:00 2024,Copiulemu,Tomeco,15.233333333333333,22.002,False,86.65995623632385
