Fecha,From,To,Tiempo (min),Distancia (km),Real Time,Velocidad promedia
Tue Oct 17 21:28:09 2023,Tomeco,Copiulemu,17.5,23.39,True,80.19428571428571
Tue Oct 17 21:28:09 2023,Copiulemu,Tomeco,14.783333333333333,22.002,True,89.2978579481398
Tue Oct 17 21:28:09 2023,Tomeco,Copiulemu,17.5,23.39,False,80.19428571428571
Tue Oct 17 21:28:09 2023,Copiulemu,Tomeco,14.75,22.002,False,89.49966101694915
