Fecha,From,To,Tiempo (min),Distancia (km),Real Time,Velocidad promedia
Tue Jan 30 22:28:54 2024,Tomeco,Copiulemu,18.75,23.48,True,75.136
Tue Jan 30 22:28:54 2024,Copiulemu,Tomeco,16.283333333333335,22.002,True,81.0718526100307
Tue Jan 30 22:28:54 2024,Tomeco,Copiulemu,20.55,23.48,False,68.55474452554743
Tue Jan 30 22:28:54 2024,Copiulemu,Tomeco,16.083333333333332,22.002,False,82.08
