Fecha,From,To,Tiempo (min),Distancia (km),Real Time,Velocidad promedia
Tue Dec  3 17:38:39 2024,Tomeco,Copiulemu,18.45,23.45,True,76.26016260162602
Tue Dec  3 17:38:39 2024,Copiulemu,Tomeco,15.033333333333333,21.968,True,87.67716186252773
Tue Dec  3 17:38:39 2024,Tomeco,Copiulemu,18.15,23.45,False,77.52066115702479
Tue Dec  3 17:38:39 2024,Copiulemu,Tomeco,15.016666666666667,21.968,False,87.77447280799113
