Fecha,From,To,Tiempo (min),Distancia (km),Real Time,Velocidad promedia
Tue Dec 10 03:47:09 2024,Tomeco,Copiulemu,18.2,23.45,True,77.3076923076923
Tue Dec 10 03:47:09 2024,Copiulemu,Tomeco,15.866666666666667,21.957,True,83.03067226890757
Tue Dec 10 03:47:09 2024,Tomeco,Copiulemu,18.2,23.45,False,77.3076923076923
Tue Dec 10 03:47:09 2024,Copiulemu,Tomeco,15.866666666666667,21.957,False,83.03067226890757
