Fecha,From,To,Tiempo (min),Distancia (km),Real Time,Velocidad promedia
Tue Dec  5 17:29:44 2023,Tomeco,Copiulemu,17.533333333333335,23.39,True,80.04182509505702
Tue Dec  5 17:29:44 2023,Copiulemu,Tomeco,15.0,21.461,True,85.844
Tue Dec  5 17:29:44 2023,Tomeco,Copiulemu,17.55,23.39,False,79.96581196581195
Tue Dec  5 17:29:44 2023,Copiulemu,Tomeco,14.733333333333333,21.461,False,87.39773755656108
