Fecha,From,To,Tiempo (min),Distancia (km),Real Time,Velocidad promedia
Tue Apr 23 12:44:41 2024,Tomeco,Copiulemu,17.5,23.48,True,80.50285714285714
Tue Apr 23 12:44:41 2024,Copiulemu,Tomeco,14.983333333333333,22.002,True,88.1058954393771
Tue Apr 23 12:44:41 2024,Tomeco,Copiulemu,17.5,23.48,False,80.50285714285714
Tue Apr 23 12:44:41 2024,Copiulemu,Tomeco,14.833333333333334,22.002,False,88.99685393258426
