Fecha,From,To,Tiempo (min),Distancia (km),Real Time,Velocidad promedia
Tue May 17 15:39:55 2022,Tomeco,Copiulemu,16.6,23.39,True,84.5421686746988
Tue May 17 15:39:55 2022,Copiulemu,Tomeco,14.766666666666667,22.002,True,89.39864559819412
Tue May 17 15:39:55 2022,Tomeco,Copiulemu,16.566666666666666,23.39,False,84.71227364185111
Tue May 17 15:39:55 2022,Copiulemu,Tomeco,14.733333333333333,22.002,False,89.60090497737556
