Fecha,From,To,Tiempo (min),Distancia (km),Real Time,Velocidad promedia
Tue Apr 16 17:29:11 2024,Tomeco,Copiulemu,18.3,23.48,True,76.98360655737706
Tue Apr 16 17:29:11 2024,Copiulemu,Tomeco,15.4,22.002,True,85.72207792207791
Tue Apr 16 17:29:11 2024,Tomeco,Copiulemu,17.9,23.48,False,78.70391061452516
Tue Apr 16 17:29:11 2024,Copiulemu,Tomeco,15.366666666666667,22.002,False,85.90802603036876
