Fecha,From,To,Tiempo (min),Distancia (km),Real Time,Velocidad promedia
Tue Mar 29 18:39:45 2022,Tomeco,Copiulemu,17.716666666666665,23.39,True,79.21354656632174
Tue Mar 29 18:39:45 2022,Copiulemu,Tomeco,14.883333333333333,22.002,True,88.69787234042553
Tue Mar 29 18:39:45 2022,Tomeco,Copiulemu,17.75,23.39,False,79.06478873239436
Tue Mar 29 18:39:45 2022,Copiulemu,Tomeco,14.833333333333334,22.002,False,88.99685393258426
