Fecha,From,To,Tiempo (min),Distancia (km),Real Time,Velocidad promedia
Tue Sep 24 09:33:09 2024,Tomeco,Copiulemu,18.65,23.48,True,75.53887399463808
Tue Sep 24 09:33:09 2024,Copiulemu,Tomeco,15.25,22.002,True,86.56524590163934
Tue Sep 24 09:33:09 2024,Tomeco,Copiulemu,18.366666666666667,23.48,False,76.70417422867514
Tue Sep 24 09:33:09 2024,Copiulemu,Tomeco,15.25,22.002,False,86.56524590163934
