Fecha,From,To,Tiempo (min),Distancia (km),Real Time,Velocidad promedia
Tue Jul  9 15:29:16 2024,Tomeco,Copiulemu,18.366666666666667,23.48,True,76.70417422867514
Tue Jul  9 15:29:16 2024,Copiulemu,Tomeco,15.633333333333333,22.002,True,84.44264392324094
Tue Jul  9 15:29:16 2024,Tomeco,Copiulemu,18.3,23.48,False,76.98360655737706
Tue Jul  9 15:29:16 2024,Copiulemu,Tomeco,15.533333333333333,22.002,False,84.9862660944206
