Fecha,From,To,Tiempo (min),Distancia (km),Real Time,Velocidad promedia
Tue Mar 19 18:29:28 2024,Tomeco,Copiulemu,17.633333333333333,23.48,True,79.89413988657846
Tue Mar 19 18:29:28 2024,Copiulemu,Tomeco,14.916666666666666,22.002,True,88.49966480446928
Tue Mar 19 18:29:28 2024,Tomeco,Copiulemu,17.566666666666666,23.48,False,80.19734345351044
Tue Mar 19 18:29:28 2024,Copiulemu,Tomeco,14.916666666666666,22.002,False,88.49966480446928
