Fecha,From,To,Tiempo (min),Distancia (km),Real Time,Velocidad promedia
Tue Feb 27 03:28:04 2024,Tomeco,Copiulemu,17.8,23.48,True,79.14606741573033
Tue Feb 27 03:28:04 2024,Copiulemu,Tomeco,16.55,22.002,True,79.76555891238671
Tue Feb 27 03:28:04 2024,Tomeco,Copiulemu,18.283333333333335,23.48,False,77.05378304466727
Tue Feb 27 03:28:04 2024,Copiulemu,Tomeco,16.55,22.002,False,79.76555891238671
