Fecha,From,To,Tiempo (min),Distancia (km),Real Time,Velocidad promedia
Tue Sep 27 14:50:07 2022,Tomeco,Copiulemu,17.033333333333335,23.39,True,82.39138943248531
Tue Sep 27 14:50:07 2022,Copiulemu,Tomeco,15.5,22.002,True,85.1690322580645
Tue Sep 27 14:50:07 2022,Tomeco,Copiulemu,17.033333333333335,23.39,False,82.39138943248531
Tue Sep 27 14:50:07 2022,Copiulemu,Tomeco,15.15,22.002,False,87.13663366336633
