Fecha,From,To,Tiempo (min),Distancia (km),Real Time,Velocidad promedia
Tue Jan 30 01:28:23 2024,Tomeco,Copiulemu,18.716666666666665,23.48,True,75.26981300089048
Tue Jan 30 01:28:23 2024,Copiulemu,Tomeco,15.95,22.002,True,82.76614420062697
Tue Jan 30 01:28:23 2024,Tomeco,Copiulemu,18.583333333333332,23.48,False,75.80986547085203
Tue Jan 30 01:28:23 2024,Copiulemu,Tomeco,15.95,22.002,False,82.76614420062697
