Fecha,From,To,Tiempo (min),Distancia (km),Real Time,Velocidad promedia
Tue Sep 27 20:42:19 2022,Tomeco,Copiulemu,16.733333333333334,23.39,True,83.86852589641434
Tue Sep 27 20:42:19 2022,Copiulemu,Tomeco,14.983333333333333,22.002,True,88.1058954393771
Tue Sep 27 20:42:19 2022,Tomeco,Copiulemu,16.75,23.39,False,83.78507462686566
Tue Sep 27 20:42:19 2022,Copiulemu,Tomeco,14.833333333333334,22.002,False,88.99685393258426
