Fecha,From,To,Tiempo (min),Distancia (km),Real Time,Velocidad promedia
Tue Nov 21 11:28:08 2023,Tomeco,Copiulemu,17.016666666666666,23.39,True,82.4720861900098
Tue Nov 21 11:28:08 2023,Copiulemu,Tomeco,14.433333333333334,21.461,True,89.21431870669745
Tue Nov 21 11:28:08 2023,Tomeco,Copiulemu,17.016666666666666,23.39,False,82.4720861900098
Tue Nov 21 11:28:08 2023,Copiulemu,Tomeco,14.35,21.461,False,89.73240418118466
