Fecha,From,To,Tiempo (min),Distancia (km),Real Time,Velocidad promedia
Tue Oct  1 12:55:43 2024,Tomeco,Copiulemu,17.583333333333332,23.48,True,80.12132701421802
Tue Oct  1 12:55:43 2024,Copiulemu,Tomeco,15.566666666666666,22.002,True,84.80428265524625
Tue Oct  1 12:55:43 2024,Tomeco,Copiulemu,17.566666666666666,23.48,False,80.19734345351044
Tue Oct  1 12:55:43 2024,Copiulemu,Tomeco,15.383333333333333,22.002,False,85.81495124593715
