Fecha,From,To,Tiempo (min),Distancia (km),Real Time,Velocidad promedia
Tue Feb 20 07:27:59 2024,Tomeco,Copiulemu,18.866666666666667,23.48,True,74.67137809187278
Tue Feb 20 07:27:59 2024,Copiulemu,Tomeco,16.283333333333335,22.002,True,81.0718526100307
Tue Feb 20 07:27:59 2024,Tomeco,Copiulemu,18.833333333333332,23.48,False,74.80353982300885
Tue Feb 20 07:27:59 2024,Copiulemu,Tomeco,16.583333333333332,22.002,False,79.60522613065328
