Fecha,From,To,Tiempo (min),Distancia (km),Real Time,Velocidad promedia
Tue Dec  5 08:31:39 2023,Tomeco,Copiulemu,17.75,23.39,True,79.06478873239436
Tue Dec  5 08:31:39 2023,Copiulemu,Tomeco,16.933333333333334,22.002,True,77.95984251968504
Tue Dec  5 08:31:39 2023,Tomeco,Copiulemu,17.75,23.39,False,79.06478873239436
Tue Dec  5 08:31:39 2023,Copiulemu,Tomeco,15.1,22.002,False,87.4251655629139
