Fecha,From,To,Tiempo (min),Distancia (km),Real Time,Velocidad promedia
Tue Jun  7 18:39:06 2022,Tomeco,Copiulemu,16.733333333333334,23.39,True,83.86852589641434
Tue Jun  7 18:39:06 2022,Copiulemu,Tomeco,14.75,22.002,True,89.49966101694915
Tue Jun  7 18:39:06 2022,Tomeco,Copiulemu,16.966666666666665,23.39,False,82.71512770137525
Tue Jun  7 18:39:06 2022,Copiulemu,Tomeco,14.7,22.002,False,89.80408163265305
