Fecha,From,To,Tiempo (min),Distancia (km),Real Time,Velocidad promedia
Tue Sep 19 11:28:10 2023,Tomeco,Copiulemu,17.033333333333335,23.39,True,82.39138943248531
Tue Sep 19 11:28:10 2023,Copiulemu,Tomeco,14.95,22.002,True,88.30234113712375
Tue Sep 19 11:28:10 2023,Tomeco,Copiulemu,17.033333333333335,23.39,False,82.39138943248531
Tue Sep 19 11:28:10 2023,Copiulemu,Tomeco,14.966666666666667,22.002,False,88.20400890868596
