Fecha,From,To,Tiempo (min),Distancia (km),Real Time,Velocidad promedia
Tue Apr 16 06:30:58 2024,Tomeco,Copiulemu,18.583333333333332,23.48,True,75.80986547085203
Tue Apr 16 06:30:58 2024,Copiulemu,Tomeco,15.5,22.002,True,85.1690322580645
Tue Apr 16 06:30:58 2024,Tomeco,Copiulemu,19.016666666666666,23.48,False,74.08238387379492
Tue Apr 16 06:30:58 2024,Copiulemu,Tomeco,15.966666666666667,22.002,False,82.67974947807932
