Fecha,From,To,Tiempo (min),Distancia (km),Real Time,Velocidad promedia
Tue Mar 15 17:32:12 2022,Tomeco,Copiulemu,17.85,23.649,True,79.49243697478991
Tue Mar 15 17:32:12 2022,Copiulemu,Tomeco,19.533333333333335,22.002,True,67.5829351535836
Tue Mar 15 17:32:12 2022,Tomeco,Copiulemu,17.616666666666667,23.649,False,80.54531693472092
Tue Mar 15 17:32:12 2022,Copiulemu,Tomeco,14.9,22.002,False,88.59865771812079
