Fecha,From,To,Tiempo (min),Distancia (km),Real Time,Velocidad promedia
Tue Apr 26 22:35:37 2022,Tomeco,Copiulemu,17.783333333333335,23.39,True,78.91658856607309
Tue Apr 26 22:35:37 2022,Copiulemu,Tomeco,14.883333333333333,22.002,True,88.69787234042553
Tue Apr 26 22:35:37 2022,Tomeco,Copiulemu,17.8,23.39,False,78.84269662921348
Tue Apr 26 22:35:37 2022,Copiulemu,Tomeco,14.85,22.002,False,88.89696969696969
