Fecha,From,To,Tiempo (min),Distancia (km),Real Time,Velocidad promedia
Tue Jul 30 15:30:06 2024,Tomeco,Copiulemu,18.3,23.48,True,76.98360655737706
Tue Jul 30 15:30:06 2024,Copiulemu,Tomeco,16.25,22.002,True,81.23815384615385
Tue Jul 30 15:30:06 2024,Tomeco,Copiulemu,18.3,23.48,False,76.98360655737706
Tue Jul 30 15:30:06 2024,Copiulemu,Tomeco,15.533333333333333,22.002,False,84.9862660944206
