Fecha,From,To,Tiempo (min),Distancia (km),Real Time,Velocidad promedia
Tue Mar 29 04:42:47 2022,Tomeco,Copiulemu,17.733333333333334,23.649,True,80.01541353383459
Tue Mar 29 04:42:47 2022,Copiulemu,Tomeco,15.833333333333334,22.002,True,83.37599999999999
Tue Mar 29 04:42:47 2022,Tomeco,Copiulemu,17.733333333333334,23.649,False,80.01541353383459
Tue Mar 29 04:42:47 2022,Copiulemu,Tomeco,15.833333333333334,22.002,False,83.37599999999999
