Fecha,From,To,Tiempo (min),Distancia (km),Real Time,Velocidad promedia
Tue Aug 13 17:31:16 2024,Tomeco,Copiulemu,18.133333333333333,23.48,True,77.69117647058823
Tue Aug 13 17:31:16 2024,Copiulemu,Tomeco,15.45,22.002,True,85.44466019417474
Tue Aug 13 17:31:16 2024,Tomeco,Copiulemu,18.133333333333333,23.48,False,77.69117647058823
Tue Aug 13 17:31:16 2024,Copiulemu,Tomeco,15.433333333333334,22.002,False,85.53693304535636
