Fecha,From,To,Tiempo (min),Distancia (km),Real Time,Velocidad promedia
Tue Jun 28 22:37:13 2022,Tomeco,Copiulemu,18.1,23.39,True,77.53591160220994
Tue Jun 28 22:37:13 2022,Copiulemu,Tomeco,15.783333333333333,22.002,True,83.64012671594509
Tue Jun 28 22:37:13 2022,Tomeco,Copiulemu,16.933333333333334,23.39,False,82.87795275590551
Tue Jun 28 22:37:13 2022,Copiulemu,Tomeco,15.75,22.002,False,83.81714285714285
