Fecha,From,To,Tiempo (min),Distancia (km),Real Time,Velocidad promedia
Tue Jul 12 11:31:08 2022,Tomeco,Copiulemu,17.016666666666666,23.39,True,82.4720861900098
Tue Jul 12 11:31:08 2022,Copiulemu,Tomeco,15.5,22.002,True,85.1690322580645
Tue Jul 12 11:31:08 2022,Tomeco,Copiulemu,16.9,23.39,False,83.04142011834321
Tue Jul 12 11:31:08 2022,Copiulemu,Tomeco,14.966666666666667,22.002,False,88.20400890868596
