Fecha,From,To,Tiempo (min),Distancia (km),Real Time,Velocidad promedia
Tue Sep 12 16:34:17 2023,Tomeco,Copiulemu,17.4,23.39,True,80.65517241379311
Tue Sep 12 16:34:17 2023,Copiulemu,Tomeco,15.083333333333334,22.002,True,87.5217679558011
Tue Sep 12 16:34:17 2023,Tomeco,Copiulemu,17.383333333333333,23.39,False,80.73250239693193
Tue Sep 12 16:34:17 2023,Copiulemu,Tomeco,14.95,22.002,False,88.30234113712375
