Fecha,From,To,Tiempo (min),Distancia (km),Real Time,Velocidad promedia
Tue Nov 26 15:36:55 2024,Tomeco,Copiulemu,18.383333333333333,23.45,True,76.53671804170445
Tue Nov 26 15:36:55 2024,Copiulemu,Tomeco,15.3,21.968,True,86.14901960784313
Tue Nov 26 15:36:55 2024,Tomeco,Copiulemu,18.216666666666665,23.45,False,77.23696248856359
Tue Nov 26 15:36:55 2024,Copiulemu,Tomeco,15.3,21.968,False,86.14901960784313
