Fecha,From,To,Tiempo (min),Distancia (km),Real Time,Velocidad promedia
Tue Apr 19 16:56:42 2022,Tomeco,Copiulemu,17.783333333333335,23.39,True,78.91658856607309
Tue Apr 19 16:56:42 2022,Copiulemu,Tomeco,14.583333333333334,22.002,True,90.52251428571428
Tue Apr 19 16:56:42 2022,Tomeco,Copiulemu,17.583333333333332,23.39,False,79.81421800947868
Tue Apr 19 16:56:42 2022,Copiulemu,Tomeco,14.416666666666666,22.002,False,91.56901734104046
