Fecha,From,To,Tiempo (min),Distancia (km),Real Time,Velocidad promedia
Tue Aug 27 07:28:05 2024,Tomeco,Copiulemu,18.4,23.48,True,76.56521739130436
Tue Aug 27 07:28:05 2024,Copiulemu,Tomeco,15.566666666666666,22.002,True,84.80428265524625
Tue Aug 27 07:28:05 2024,Tomeco,Copiulemu,18.4,23.48,False,76.56521739130436
Tue Aug 27 07:28:05 2024,Copiulemu,Tomeco,15.566666666666666,22.002,False,84.80428265524625
