Fecha,From,To,Tiempo (min),Distancia (km),Real Time,Velocidad promedia
Tue Aug 20 08:34:55 2024,Tomeco,Copiulemu,18.783333333333335,23.48,True,75.00266193433895
Tue Aug 20 08:34:55 2024,Copiulemu,Tomeco,15.916666666666666,22.002,True,82.93947643979057
Tue Aug 20 08:34:55 2024,Tomeco,Copiulemu,18.783333333333335,23.48,False,75.00266193433895
Tue Aug 20 08:34:55 2024,Copiulemu,Tomeco,15.916666666666666,22.002,False,82.93947643979057
