Fecha,From,To,Tiempo (min),Distancia (km),Real Time,Velocidad promedia
Tue Sep 19 15:28:07 2023,Tomeco,Copiulemu,18.3,23.39,True,76.68852459016394
Tue Sep 19 15:28:07 2023,Copiulemu,Tomeco,15.75,22.002,True,83.81714285714285
Tue Sep 19 15:28:07 2023,Tomeco,Copiulemu,17.266666666666666,23.39,False,81.27799227799228
Tue Sep 19 15:28:07 2023,Copiulemu,Tomeco,15.583333333333334,22.002,False,84.71358288770053
