Fecha,From,To,Tiempo (min),Distancia (km),Real Time,Velocidad promedia
Tue Oct 31 06:31:20 2023,Tomeco,Copiulemu,17.733333333333334,23.39,True,79.1390977443609
Tue Oct 31 06:31:20 2023,Copiulemu,Tomeco,15.616666666666667,22.002,True,84.53276414087513
Tue Oct 31 06:31:20 2023,Tomeco,Copiulemu,17.733333333333334,23.39,False,79.1390977443609
Tue Oct 31 06:31:20 2023,Copiulemu,Tomeco,15.616666666666667,22.002,False,84.53276414087513
