Fecha,From,To,Tiempo (min),Distancia (km),Real Time,Velocidad promedia
Tue Jul  2 15:28:01 2024,Tomeco,Copiulemu,19.966666666666665,23.48,True,70.55759599332221
Tue Jul  2 15:28:01 2024,Copiulemu,Tomeco,15.716666666666667,22.002,True,83.99490986214211
Tue Jul  2 15:28:01 2024,Tomeco,Copiulemu,17.55,23.48,False,80.27350427350426
Tue Jul  2 15:28:01 2024,Copiulemu,Tomeco,16.0,22.002,False,82.5075
