Fecha,From,To,Tiempo (min),Distancia (km),Real Time,Velocidad promedia
Tue Nov 12 10:37:50 2024,Tomeco,Copiulemu,18.033333333333335,23.45,True,78.02218114602587
Tue Nov 12 10:37:50 2024,Copiulemu,Tomeco,15.05,21.968,True,87.58006644518272
Tue Nov 12 10:37:50 2024,Tomeco,Copiulemu,17.633333333333333,23.45,False,79.79206049149339
Tue Nov 12 10:37:50 2024,Copiulemu,Tomeco,14.866666666666667,21.968,False,88.66008968609864
