Fecha,From,To,Tiempo (min),Distancia (km),Real Time,Velocidad promedia
Tue May 28 23:28:35 2024,Tomeco,Copiulemu,19.483333333333334,23.48,True,72.30795551753636
Tue May 28 23:28:35 2024,Copiulemu,Tomeco,16.1,22.002,True,81.99503105590061
Tue May 28 23:28:35 2024,Tomeco,Copiulemu,17.766666666666666,23.48,False,79.29455909943715
Tue May 28 23:28:35 2024,Copiulemu,Tomeco,15.616666666666667,22.002,False,84.53276414087513
