Fecha,From,To,Tiempo (min),Distancia (km),Real Time,Velocidad promedia
Tue Sep 20 15:43:08 2022,Tomeco,Copiulemu,17.2,23.39,True,81.59302325581395
Tue Sep 20 15:43:08 2022,Copiulemu,Tomeco,15.05,22.002,True,87.71561461794019
Tue Sep 20 15:43:08 2022,Tomeco,Copiulemu,16.983333333333334,23.39,False,82.63395485770363
Tue Sep 20 15:43:08 2022,Copiulemu,Tomeco,15.616666666666667,22.002,False,84.53276414087513
