Fecha,From,To,Tiempo (min),Distancia (km),Real Time,Velocidad promedia
Tue Sep 17 04:31:44 2024,Tomeco,Copiulemu,18.566666666666666,23.48,True,75.87791741472172
Tue Sep 17 04:31:44 2024,Copiulemu,Tomeco,15.733333333333333,22.002,True,83.90593220338984
Tue Sep 17 04:31:44 2024,Tomeco,Copiulemu,18.566666666666666,23.48,False,75.87791741472172
Tue Sep 17 04:31:44 2024,Copiulemu,Tomeco,15.733333333333333,22.002,False,83.90593220338984
