Fecha,From,To,Tiempo (min),Distancia (km),Real Time,Velocidad promedia
Tue Sep 17 14:32:34 2024,Tomeco,Copiulemu,18.05,23.48,True,78.04986149584488
Tue Sep 17 14:32:34 2024,Copiulemu,Tomeco,16.216666666666665,22.002,True,81.40513874614595
Tue Sep 17 14:32:34 2024,Tomeco,Copiulemu,17.766666666666666,23.48,False,79.29455909943715
Tue Sep 17 14:32:34 2024,Copiulemu,Tomeco,15.233333333333333,22.002,False,86.65995623632385
