Fecha,From,To,Tiempo (min),Distancia (km),Real Time,Velocidad promedia
Tue Oct 17 08:31:22 2023,Tomeco,Copiulemu,18.283333333333335,23.39,True,76.7584320875114
Tue Oct 17 08:31:22 2023,Copiulemu,Tomeco,15.2,22.002,True,86.85000000000001
Tue Oct 17 08:31:22 2023,Tomeco,Copiulemu,18.283333333333335,23.39,False,76.7584320875114
Tue Oct 17 08:31:22 2023,Copiulemu,Tomeco,15.2,22.002,False,86.85000000000001
