Fecha,From,To,Tiempo (min),Distancia (km),Real Time,Velocidad promedia
Tue Sep  3 14:33:56 2024,Tomeco,Copiulemu,18.15,23.48,True,77.6198347107438
Tue Sep  3 14:33:56 2024,Copiulemu,Tomeco,15.45,22.002,True,85.44466019417474
Tue Sep  3 14:33:56 2024,Tomeco,Copiulemu,17.766666666666666,23.48,False,79.29455909943715
Tue Sep  3 14:33:56 2024,Copiulemu,Tomeco,15.383333333333333,22.002,False,85.81495124593715
