Fecha,From,To,Tiempo (min),Distancia (km),Real Time,Velocidad promedia
Tue May 14 07:28:05 2024,Tomeco,Copiulemu,18.383333333333333,23.48,True,76.63463281958296
Tue May 14 07:28:05 2024,Copiulemu,Tomeco,15.766666666666667,22.002,True,83.72854122621564
Tue May 14 07:28:05 2024,Tomeco,Copiulemu,18.383333333333333,23.48,False,76.63463281958296
Tue May 14 07:28:05 2024,Copiulemu,Tomeco,15.766666666666667,22.002,False,83.72854122621564
