Fecha,From,To,Tiempo (min),Distancia (km),Real Time,Velocidad promedia
Tue Jun  7 19:28:13 2022,Tomeco,Copiulemu,16.766666666666666,23.39,True,83.70178926441352
Tue Jun  7 19:28:13 2022,Copiulemu,Tomeco,15.016666666666667,22.002,True,87.91032186459489
Tue Jun  7 19:28:13 2022,Tomeco,Copiulemu,16.766666666666666,23.39,False,83.70178926441352
Tue Jun  7 19:28:13 2022,Copiulemu,Tomeco,14.75,22.002,False,89.49966101694915
