Fecha,From,To,Tiempo (min),Distancia (km),Real Time,Velocidad promedia
Tue Mar 26 19:28:15 2024,Tomeco,Copiulemu,18.433333333333334,23.48,True,76.42676311030742
Tue Mar 26 19:28:15 2024,Copiulemu,Tomeco,15.75,22.002,True,83.81714285714285
Tue Mar 26 19:28:15 2024,Tomeco,Copiulemu,17.883333333333333,23.48,False,78.77726001863932
Tue Mar 26 19:28:15 2024,Copiulemu,Tomeco,15.366666666666667,22.002,False,85.90802603036876
