Fecha,From,To,Tiempo (min),Distancia (km),Real Time,Velocidad promedia
Tue Feb 13 05:28:40 2024,Tomeco,Copiulemu,18.616666666666667,23.48,True,75.67412712623099
Tue Feb 13 05:28:40 2024,Copiulemu,Tomeco,16.083333333333332,22.002,True,82.08
Tue Feb 13 05:28:40 2024,Tomeco,Copiulemu,18.566666666666666,23.48,False,75.87791741472172
Tue Feb 13 05:28:40 2024,Copiulemu,Tomeco,16.083333333333332,22.002,False,82.08
