Fecha,From,To,Tiempo (min),Distancia (km),Real Time,Velocidad promedia
Tue Nov 26 22:37:39 2024,Tomeco,Copiulemu,17.766666666666666,23.45,True,79.19324577861163
Tue Nov 26 22:37:39 2024,Copiulemu,Tomeco,15.85,21.968,True,83.1596214511041
Tue Nov 26 22:37:39 2024,Tomeco,Copiulemu,17.766666666666666,23.45,False,79.19324577861163
Tue Nov 26 22:37:39 2024,Copiulemu,Tomeco,15.366666666666667,21.968,False,85.77527114967462
