Fecha,From,To,Tiempo (min),Distancia (km),Real Time,Velocidad promedia
Tue Mar 29 03:09:52 2022,Tomeco,Copiulemu,18.383333333333333,23.649,True,77.18621940163192
Tue Mar 29 03:09:52 2022,Copiulemu,Tomeco,15.666666666666666,22.002,True,84.26297872340425
Tue Mar 29 03:09:52 2022,Tomeco,Copiulemu,18.383333333333333,23.649,False,77.18621940163192
Tue Mar 29 03:09:52 2022,Copiulemu,Tomeco,15.666666666666666,22.002,False,84.26297872340425
