Fecha,From,To,Tiempo (min),Distancia (km),Real Time,Velocidad promedia
Tue May 21 09:28:38 2024,Tomeco,Copiulemu,21.95,23.48,True,64.18223234624146
Tue May 21 09:28:38 2024,Copiulemu,Tomeco,15.266666666666667,22.002,True,86.47074235807858
Tue May 21 09:28:38 2024,Tomeco,Copiulemu,18.783333333333335,23.48,False,75.00266193433895
Tue May 21 09:28:38 2024,Copiulemu,Tomeco,15.283333333333333,22.002,False,86.37644492911667
