Fecha,From,To,Tiempo (min),Distancia (km),Real Time,Velocidad promedia
Tue Jan 23 06:33:21 2024,Tomeco,Copiulemu,19.733333333333334,23.48,True,71.39189189189189
Tue Jan 23 06:33:21 2024,Copiulemu,Tomeco,15.683333333333334,22.002,True,84.17343251859724
Tue Jan 23 06:33:21 2024,Tomeco,Copiulemu,18.383333333333333,23.48,False,76.63463281958296
Tue Jan 23 06:33:21 2024,Copiulemu,Tomeco,15.683333333333334,22.002,False,84.17343251859724
