Fecha,From,To,Tiempo (min),Distancia (km),Real Time,Velocidad promedia
Tue Aug 23 13:03:10 2022,Tomeco,Copiulemu,16.783333333333335,23.39,True,83.61866931479642
Tue Aug 23 13:03:10 2022,Copiulemu,Tomeco,15.533333333333333,22.002,True,84.9862660944206
Tue Aug 23 13:03:10 2022,Tomeco,Copiulemu,16.633333333333333,23.39,False,84.37274549098197
Tue Aug 23 13:03:10 2022,Copiulemu,Tomeco,14.9,22.002,False,88.59865771812079
