Fecha,From,To,Tiempo (min),Distancia (km),Real Time,Velocidad promedia
Tue Apr 30 11:28:08 2024,Tomeco,Copiulemu,17.933333333333334,23.48,True,78.55762081784387
Tue Apr 30 11:28:08 2024,Copiulemu,Tomeco,15.05,22.002,True,87.71561461794019
Tue Apr 30 11:28:08 2024,Tomeco,Copiulemu,17.733333333333334,23.48,False,79.44360902255639
Tue Apr 30 11:28:08 2024,Copiulemu,Tomeco,15.133333333333333,22.002,False,87.23259911894272
