Fecha,From,To,Tiempo (min),Distancia (km),Real Time,Velocidad promedia
Tue Oct 22 16:41:07 2024,Tomeco,Copiulemu,18.483333333333334,23.48,True,76.2200180342651
Tue Oct 22 16:41:07 2024,Copiulemu,Tomeco,15.633333333333333,22.002,True,84.44264392324094
Tue Oct 22 16:41:07 2024,Tomeco,Copiulemu,18.466666666666665,23.48,False,76.28880866425993
Tue Oct 22 16:41:07 2024,Copiulemu,Tomeco,15.616666666666667,22.002,False,84.53276414087513
