Fecha,From,To,Tiempo (min),Distancia (km),Real Time,Velocidad promedia
Tue Mar 26 12:42:59 2024,Tomeco,Copiulemu,18.55,23.48,True,75.94609164420484
Tue Mar 26 12:42:59 2024,Copiulemu,Tomeco,14.9,22.002,True,88.59865771812079
Tue Mar 26 12:42:59 2024,Tomeco,Copiulemu,17.866666666666667,23.48,False,78.8507462686567
Tue Mar 26 12:42:59 2024,Copiulemu,Tomeco,14.9,22.002,False,88.59865771812079
