Fecha,From,To,Tiempo (min),Distancia (km),Real Time,Velocidad promedia
Tue May  3 04:52:39 2022,Tomeco,Copiulemu,17.6,23.39,True,79.73863636363636
Tue May  3 04:52:39 2022,Copiulemu,Tomeco,15.316666666666666,22.002,True,86.18846572361262
Tue May  3 04:52:39 2022,Tomeco,Copiulemu,17.566666666666666,23.39,False,79.88994307400381
Tue May  3 04:52:39 2022,Copiulemu,Tomeco,15.316666666666666,22.002,False,86.18846572361262
