Fecha,From,To,Tiempo (min),Distancia (km),Real Time,Velocidad promedia
Tue Aug 13 02:47:58 2024,Tomeco,Copiulemu,18.416666666666668,23.48,True,76.49592760180995
Tue Aug 13 02:47:58 2024,Copiulemu,Tomeco,15.583333333333334,22.002,True,84.71358288770053
Tue Aug 13 02:47:58 2024,Tomeco,Copiulemu,18.416666666666668,23.48,False,76.49592760180995
Tue Aug 13 02:47:58 2024,Copiulemu,Tomeco,16.283333333333335,22.002,False,81.0718526100307
