Fecha,From,To,Tiempo (min),Distancia (km),Real Time,Velocidad promedia
Tue Dec 10 19:28:19 2024,Tomeco,Copiulemu,18.633333333333333,23.45,True,75.5098389982111
Tue Dec 10 19:28:19 2024,Copiulemu,Tomeco,15.883333333333333,21.968,True,82.98509968520463
Tue Dec 10 19:28:19 2024,Tomeco,Copiulemu,17.566666666666666,23.45,False,80.09487666034155
Tue Dec 10 19:28:19 2024,Copiulemu,Tomeco,15.316666666666666,21.968,False,86.05527747551687
