Fecha,From,To,Tiempo (min),Distancia (km),Real Time,Velocidad promedia
Tue May 14 05:30:22 2024,Tomeco,Copiulemu,18.383333333333333,23.48,True,76.63463281958296
Tue May 14 05:30:22 2024,Copiulemu,Tomeco,15.566666666666666,22.002,True,84.80428265524625
Tue May 14 05:30:22 2024,Tomeco,Copiulemu,18.383333333333333,23.48,False,76.63463281958296
Tue May 14 05:30:22 2024,Copiulemu,Tomeco,15.566666666666666,22.002,False,84.80428265524625
