Fecha,From,To,Tiempo (min),Distancia (km),Real Time,Velocidad promedia
Tue Mar 15 06:40:43 2022,Tomeco,Copiulemu,18.333333333333332,23.649,True,77.39672727272729
Tue Mar 15 06:40:43 2022,Copiulemu,Tomeco,15.35,22.002,True,86.0013029315961
Tue Mar 15 06:40:43 2022,Tomeco,Copiulemu,18.333333333333332,23.649,False,77.39672727272729
Tue Mar 15 06:40:43 2022,Copiulemu,Tomeco,15.35,22.002,False,86.0013029315961
