Fecha,From,To,Tiempo (min),Distancia (km),Real Time,Velocidad promedia
Tue Apr 16 18:28:03 2024,Tomeco,Copiulemu,18.416666666666668,23.48,True,76.49592760180995
Tue Apr 16 18:28:03 2024,Copiulemu,Tomeco,15.033333333333333,22.002,True,87.81286031042129
Tue Apr 16 18:28:03 2024,Tomeco,Copiulemu,18.55,23.48,False,75.94609164420484
Tue Apr 16 18:28:03 2024,Copiulemu,Tomeco,14.9,22.002,False,88.59865771812079
