Fecha,From,To,Tiempo (min),Distancia (km),Real Time,Velocidad promedia
Tue Jul 30 17:29:43 2024,Tomeco,Copiulemu,18.316666666666666,23.48,True,76.91355777979983
Tue Jul 30 17:29:43 2024,Copiulemu,Tomeco,15.733333333333333,22.002,True,83.90593220338984
Tue Jul 30 17:29:43 2024,Tomeco,Copiulemu,18.283333333333335,23.48,False,77.05378304466727
Tue Jul 30 17:29:43 2024,Copiulemu,Tomeco,15.683333333333334,22.002,False,84.17343251859724
