Fecha,From,To,Tiempo (min),Distancia (km),Real Time,Velocidad promedia
Tue Nov 21 08:32:02 2023,Tomeco,Copiulemu,17.7,23.39,True,79.28813559322035
Tue Nov 21 08:32:02 2023,Copiulemu,Tomeco,14.95,22.002,True,88.30234113712375
Tue Nov 21 08:32:02 2023,Tomeco,Copiulemu,17.7,23.39,False,79.28813559322035
Tue Nov 21 08:32:02 2023,Copiulemu,Tomeco,15.133333333333333,22.002,False,87.23259911894272
