Fecha,From,To,Tiempo (min),Distancia (km),Real Time,Velocidad promedia
Tue Apr 30 16:34:35 2024,Tomeco,Copiulemu,18.15,23.48,True,77.6198347107438
Tue Apr 30 16:34:35 2024,Copiulemu,Tomeco,15.466666666666667,22.002,True,85.35258620689655
Tue Apr 30 16:34:35 2024,Tomeco,Copiulemu,18.15,23.48,False,77.6198347107438
Tue Apr 30 16:34:35 2024,Copiulemu,Tomeco,15.466666666666667,22.002,False,85.35258620689655
