Fecha,From,To,Tiempo (min),Distancia (km),Real Time,Velocidad promedia
Tue Mar  5 05:28:00 2024,Tomeco,Copiulemu,18.133333333333333,23.48,True,77.69117647058823
Tue Mar  5 05:28:00 2024,Copiulemu,Tomeco,16.75,22.002,True,78.8131343283582
Tue Mar  5 05:28:00 2024,Tomeco,Copiulemu,18.05,23.48,False,78.04986149584488
Tue Mar  5 05:28:00 2024,Copiulemu,Tomeco,15.466666666666667,22.002,False,85.35258620689655
