Fecha,From,To,Tiempo (min),Distancia (km),Real Time,Velocidad promedia
Tue Jul 23 12:48:52 2024,Tomeco,Copiulemu,18.133333333333333,23.48,True,77.69117647058823
Tue Jul 23 12:48:52 2024,Copiulemu,Tomeco,15.383333333333333,22.002,True,85.81495124593715
Tue Jul 23 12:48:52 2024,Tomeco,Copiulemu,18.133333333333333,23.48,False,77.69117647058823
Tue Jul 23 12:48:52 2024,Copiulemu,Tomeco,15.383333333333333,22.002,False,85.81495124593715
