Fecha,From,To,Tiempo (min),Distancia (km),Real Time,Velocidad promedia
Tue Sep 24 14:35:48 2024,Tomeco,Copiulemu,17.75,23.48,True,79.36901408450704
Tue Sep 24 14:35:48 2024,Copiulemu,Tomeco,15.283333333333333,22.002,True,86.37644492911667
Tue Sep 24 14:35:48 2024,Tomeco,Copiulemu,17.766666666666666,23.48,False,79.29455909943715
Tue Sep 24 14:35:48 2024,Copiulemu,Tomeco,15.233333333333333,22.002,False,86.65995623632385
