Fecha,From,To,Tiempo (min),Distancia (km),Real Time,Velocidad promedia
Tue Aug 13 14:32:08 2024,Tomeco,Copiulemu,17.966666666666665,23.48,True,78.41187384044528
Tue Aug 13 14:32:08 2024,Copiulemu,Tomeco,15.3,22.002,True,86.28235294117647
Tue Aug 13 14:32:08 2024,Tomeco,Copiulemu,17.95,23.48,False,78.48467966573817
Tue Aug 13 14:32:08 2024,Copiulemu,Tomeco,15.3,22.002,False,86.28235294117647
