Fecha,From,To,Tiempo (min),Distancia (km),Real Time,Velocidad promedia
Tue Nov 12 09:32:30 2024,Tomeco,Copiulemu,18.333333333333332,23.45,True,76.74545454545455
Tue Nov 12 09:32:30 2024,Copiulemu,Tomeco,15.366666666666667,21.968,True,85.77527114967462
Tue Nov 12 09:32:30 2024,Tomeco,Copiulemu,18.266666666666666,23.45,False,77.02554744525548
Tue Nov 12 09:32:30 2024,Copiulemu,Tomeco,15.366666666666667,21.968,False,85.77527114967462
