Fecha,From,To,Tiempo (min),Distancia (km),Real Time,Velocidad promedia
Tue Aug 23 11:31:42 2022,Tomeco,Copiulemu,16.866666666666667,23.39,True,83.20553359683794
Tue Aug 23 11:31:42 2022,Copiulemu,Tomeco,15.116666666666667,22.002,True,87.328776185226
Tue Aug 23 11:31:42 2022,Tomeco,Copiulemu,16.866666666666667,23.39,False,83.20553359683794
Tue Aug 23 11:31:42 2022,Copiulemu,Tomeco,15.033333333333333,22.002,False,87.81286031042129
