Fecha,From,To,Tiempo (min),Distancia (km),Real Time,Velocidad promedia
Tue Sep 13 10:42:20 2022,Tomeco,Copiulemu,16.516666666666666,23.39,True,84.96871846619577
Tue Sep 13 10:42:20 2022,Copiulemu,Tomeco,14.883333333333333,22.002,True,88.69787234042553
Tue Sep 13 10:42:20 2022,Tomeco,Copiulemu,16.416666666666668,23.39,False,85.48629441624365
Tue Sep 13 10:42:20 2022,Copiulemu,Tomeco,14.783333333333333,22.002,False,89.2978579481398
