Fecha,From,To,Tiempo (min),Distancia (km),Real Time,Velocidad promedia
Tue Oct  3 16:35:32 2023,Tomeco,Copiulemu,17.216666666666665,23.39,True,81.51403678606003
Tue Oct  3 16:35:32 2023,Copiulemu,Tomeco,15.483333333333333,22.002,True,85.26071044133477
Tue Oct  3 16:35:32 2023,Tomeco,Copiulemu,17.183333333333334,23.39,False,81.6721629485936
Tue Oct  3 16:35:32 2023,Copiulemu,Tomeco,14.95,22.002,False,88.30234113712375
