Fecha,From,To,Tiempo (min),Distancia (km),Real Time,Velocidad promedia
Tue Jul 19 19:28:37 2022,Tomeco,Copiulemu,16.666666666666668,23.39,True,84.204
Tue Jul 19 19:28:37 2022,Copiulemu,Tomeco,14.816666666666666,21.461,True,86.90618672665916
Tue Jul 19 19:28:37 2022,Tomeco,Copiulemu,16.666666666666668,23.39,False,84.204
Tue Jul 19 19:28:37 2022,Copiulemu,Tomeco,14.8,21.461,False,87.00405405405405
