Fecha,From,To,Tiempo (min),Distancia (km),Real Time,Velocidad promedia
Tue Jun 11 09:29:56 2024,Tomeco,Copiulemu,19.85,23.48,True,70.97229219143576
Tue Jun 11 09:29:56 2024,Copiulemu,Tomeco,15.833333333333334,22.002,True,83.37599999999999
Tue Jun 11 09:29:56 2024,Tomeco,Copiulemu,19.666666666666668,23.48,False,71.63389830508474
Tue Jun 11 09:29:56 2024,Copiulemu,Tomeco,15.833333333333334,22.002,False,83.37599999999999
