Fecha,From,To,Tiempo (min),Distancia (km),Real Time,Velocidad promedia
Tue Jul 12 18:43:10 2022,Tomeco,Copiulemu,18.0,23.39,True,77.96666666666667
Tue Jul 12 18:43:10 2022,Copiulemu,Tomeco,15.366666666666667,22.002,True,85.90802603036876
Tue Jul 12 18:43:10 2022,Tomeco,Copiulemu,17.083333333333332,23.39,False,82.15024390243903
Tue Jul 12 18:43:10 2022,Copiulemu,Tomeco,14.866666666666667,22.002,False,88.79730941704035
