Fecha,From,To,Tiempo (min),Distancia (km),Real Time,Velocidad promedia
Tue Jun 21 04:56:26 2022,Tomeco,Copiulemu,17.383333333333333,23.39,True,80.73250239693193
Tue Jun 21 04:56:26 2022,Copiulemu,Tomeco,15.45,22.002,True,85.44466019417474
Tue Jun 21 04:56:26 2022,Tomeco,Copiulemu,17.383333333333333,23.39,False,80.73250239693193
Tue Jun 21 04:56:26 2022,Copiulemu,Tomeco,15.45,22.002,False,85.44466019417474
