Fecha,From,To,Tiempo (min),Distancia (km),Real Time,Velocidad promedia
Tue Sep  6 20:37:35 2022,Tomeco,Copiulemu,17.433333333333334,23.39,True,80.50095602294455
Tue Sep  6 20:37:35 2022,Copiulemu,Tomeco,15.3,22.002,True,86.28235294117647
Tue Sep  6 20:37:35 2022,Tomeco,Copiulemu,17.016666666666666,23.39,False,82.4720861900098
Tue Sep  6 20:37:35 2022,Copiulemu,Tomeco,14.8,22.002,False,89.1972972972973
