Fecha,From,To,Tiempo (min),Distancia (km),Real Time,Velocidad promedia
Tue Jul  5 14:04:31 2022,Tomeco,Copiulemu,17.366666666666667,23.39,True,80.80998080614204
Tue Jul  5 14:04:31 2022,Copiulemu,Tomeco,15.533333333333333,22.002,True,84.9862660944206
Tue Jul  5 14:04:31 2022,Tomeco,Copiulemu,17.133333333333333,23.39,False,81.91050583657588
Tue Jul  5 14:04:31 2022,Copiulemu,Tomeco,14.983333333333333,22.002,False,88.1058954393771
