Fecha,From,To,Tiempo (min),Distancia (km),Real Time,Velocidad promedia
Tue Oct 10 22:29:24 2023,Tomeco,Copiulemu,17.683333333333334,23.39,True,79.36286522148916
Tue Oct 10 22:29:24 2023,Copiulemu,Tomeco,15.233333333333333,22.002,True,86.65995623632385
Tue Oct 10 22:29:24 2023,Tomeco,Copiulemu,17.416666666666668,23.39,False,80.57799043062201
Tue Oct 10 22:29:24 2023,Copiulemu,Tomeco,15.233333333333333,22.002,False,86.65995623632385
