Fecha,From,To,Tiempo (min),Distancia (km),Real Time,Velocidad promedia
Tue Sep 10 02:54:33 2024,Tomeco,Copiulemu,18.3,23.48,True,76.98360655737706
Tue Sep 10 02:54:33 2024,Copiulemu,Tomeco,16.033333333333335,22.002,True,82.33596673596672
Tue Sep 10 02:54:33 2024,Tomeco,Copiulemu,18.3,23.48,False,76.98360655737706
Tue Sep 10 02:54:33 2024,Copiulemu,Tomeco,16.033333333333335,22.002,False,82.33596673596672
