Fecha,From,To,Tiempo (min),Distancia (km),Real Time,Velocidad promedia
Tue May 14 15:31:05 2024,Tomeco,Copiulemu,18.133333333333333,23.48,True,77.69117647058823
Tue May 14 15:31:05 2024,Copiulemu,Tomeco,15.666666666666666,22.002,True,84.26297872340425
Tue May 14 15:31:05 2024,Tomeco,Copiulemu,18.1,23.48,False,77.8342541436464
Tue May 14 15:31:05 2024,Copiulemu,Tomeco,15.666666666666666,22.002,False,84.26297872340425
