Fecha,From,To,Tiempo (min),Distancia (km),Real Time,Velocidad promedia
Tue Apr  2 17:29:39 2024,Tomeco,Copiulemu,19.6,23.48,True,71.87755102040815
Tue Apr  2 17:29:39 2024,Copiulemu,Tomeco,15.633333333333333,22.002,True,84.44264392324094
Tue Apr  2 17:29:39 2024,Tomeco,Copiulemu,18.366666666666667,23.48,False,76.70417422867514
Tue Apr  2 17:29:39 2024,Copiulemu,Tomeco,14.983333333333333,22.002,False,88.1058954393771
