Fecha,From,To,Tiempo (min),Distancia (km),Real Time,Velocidad promedia
Tue Jul 12 08:43:07 2022,Tomeco,Copiulemu,17.483333333333334,23.39,True,80.27073403241181
Tue Jul 12 08:43:07 2022,Copiulemu,Tomeco,15.133333333333333,22.002,True,87.23259911894272
Tue Jul 12 08:43:07 2022,Tomeco,Copiulemu,17.483333333333334,23.39,False,80.27073403241181
Tue Jul 12 08:43:07 2022,Copiulemu,Tomeco,15.133333333333333,22.002,False,87.23259911894272
