Fecha,From,To,Tiempo (min),Distancia (km),Real Time,Velocidad promedia
Tue May 17 18:40:32 2022,Tomeco,Copiulemu,18.45,23.39,True,76.0650406504065
Tue May 17 18:40:32 2022,Copiulemu,Tomeco,14.783333333333333,22.002,True,89.2978579481398
Tue May 17 18:40:32 2022,Tomeco,Copiulemu,16.733333333333334,23.39,False,83.86852589641434
Tue May 17 18:40:32 2022,Copiulemu,Tomeco,14.533333333333333,22.002,False,90.83394495412843
