Fecha,From,To,Tiempo (min),Distancia (km),Real Time,Velocidad promedia
Tue Oct  8 08:39:25 2024,Tomeco,Copiulemu,19.533333333333335,23.48,True,72.12286689419794
Tue Oct  8 08:39:25 2024,Copiulemu,Tomeco,15.016666666666667,22.002,True,87.91032186459489
Tue Oct  8 08:39:25 2024,Tomeco,Copiulemu,19.533333333333335,23.48,False,72.12286689419794
Tue Oct  8 08:39:25 2024,Copiulemu,Tomeco,14.983333333333333,22.002,False,88.1058954393771
