Fecha,From,To,Tiempo (min),Distancia (km),Real Time,Velocidad promedia
Tue Jun 14 09:37:07 2022,Tomeco,Copiulemu,18.083333333333332,23.39,True,77.6073732718894
Tue Jun 14 09:37:07 2022,Copiulemu,Tomeco,14.65,22.002,True,90.11058020477815
Tue Jun 14 09:37:07 2022,Tomeco,Copiulemu,17.583333333333332,23.39,False,79.81421800947868
Tue Jun 14 09:37:07 2022,Copiulemu,Tomeco,14.65,22.002,False,90.11058020477815
