Fecha,From,To,Tiempo (min),Distancia (km),Real Time,Velocidad promedia
Tue Jul 16 04:32:23 2024,Tomeco,Copiulemu,19.35,23.48,True,72.8062015503876
Tue Jul 16 04:32:23 2024,Copiulemu,Tomeco,16.533333333333335,22.002,True,79.84596774193547
Tue Jul 16 04:32:23 2024,Tomeco,Copiulemu,18.65,23.48,False,75.53887399463808
Tue Jul 16 04:32:23 2024,Copiulemu,Tomeco,16.533333333333335,22.002,False,79.84596774193547
