Fecha,From,To,Tiempo (min),Distancia (km),Real Time,Velocidad promedia
Tue Sep 27 14:09:23 2022,Tomeco,Copiulemu,16.8,23.39,True,83.53571428571428
Tue Sep 27 14:09:23 2022,Copiulemu,Tomeco,15.383333333333333,22.002,True,85.81495124593715
Tue Sep 27 14:09:23 2022,Tomeco,Copiulemu,16.783333333333335,23.39,False,83.61866931479642
Tue Sep 27 14:09:23 2022,Copiulemu,Tomeco,15.3,22.002,False,86.28235294117647
