Fecha,From,To,Tiempo (min),Distancia (km),Real Time,Velocidad promedia
Tue Dec 19 05:29:32 2023,Tomeco,Copiulemu,17.666666666666668,23.39,True,79.43773584905661
Tue Dec 19 05:29:32 2023,Copiulemu,Tomeco,15.45,22.002,True,85.44466019417474
Tue Dec 19 05:29:32 2023,Tomeco,Copiulemu,17.666666666666668,23.39,False,79.43773584905661
Tue Dec 19 05:29:32 2023,Copiulemu,Tomeco,15.083333333333334,22.002,False,87.5217679558011
