Fecha,From,To,Tiempo (min),Distancia (km),Real Time,Velocidad promedia
Tue Aug 30 22:36:57 2022,Tomeco,Copiulemu,17.266666666666666,23.39,True,81.27799227799228
Tue Aug 30 22:36:57 2022,Copiulemu,Tomeco,15.116666666666667,22.002,True,87.328776185226
Tue Aug 30 22:36:57 2022,Tomeco,Copiulemu,17.25,23.39,False,81.35652173913044
Tue Aug 30 22:36:57 2022,Copiulemu,Tomeco,15.3,22.002,False,86.28235294117647
