Fecha,From,To,Tiempo (min),Distancia (km),Real Time,Velocidad promedia
Tue Dec 12 15:28:47 2023,Tomeco,Copiulemu,17.466666666666665,23.39,True,80.34732824427482
Tue Dec 12 15:28:47 2023,Copiulemu,Tomeco,15.3,22.002,True,86.28235294117647
Tue Dec 12 15:28:47 2023,Tomeco,Copiulemu,17.466666666666665,23.39,False,80.34732824427482
Tue Dec 12 15:28:47 2023,Copiulemu,Tomeco,15.016666666666667,22.002,False,87.91032186459489
