Fecha,From,To,Tiempo (min),Distancia (km),Real Time,Velocidad promedia
Tue Apr  2 05:28:03 2024,Tomeco,Copiulemu,18.666666666666668,23.48,True,75.47142857142858
Tue Apr  2 05:28:03 2024,Copiulemu,Tomeco,18.216666666666665,22.002,True,72.46770356816103
Tue Apr  2 05:28:03 2024,Tomeco,Copiulemu,18.7,23.48,False,75.33689839572193
Tue Apr  2 05:28:03 2024,Copiulemu,Tomeco,15.633333333333333,22.002,False,84.44264392324094
