Fecha,From,To,Tiempo (min),Distancia (km),Real Time,Velocidad promedia
Tue Apr  2 23:28:04 2024,Tomeco,Copiulemu,18.483333333333334,23.48,True,76.2200180342651
Tue Apr  2 23:28:04 2024,Copiulemu,Tomeco,15.933333333333334,22.002,True,82.85271966527196
Tue Apr  2 23:28:04 2024,Tomeco,Copiulemu,18.266666666666666,23.48,False,77.1240875912409
Tue Apr  2 23:28:04 2024,Copiulemu,Tomeco,15.4,22.002,False,85.72207792207791
