Fecha,From,To,Tiempo (min),Distancia (km),Real Time,Velocidad promedia
Tue Oct 31 05:28:22 2023,Tomeco,Copiulemu,17.716666666666665,23.39,True,79.21354656632174
Tue Oct 31 05:28:22 2023,Copiulemu,Tomeco,15.616666666666667,22.002,True,84.53276414087513
Tue Oct 31 05:28:22 2023,Tomeco,Copiulemu,17.716666666666665,23.39,False,79.21354656632174
Tue Oct 31 05:28:22 2023,Copiulemu,Tomeco,15.616666666666667,22.002,False,84.53276414087513
