Fecha,From,To,Tiempo (min),Distancia (km),Real Time,Velocidad promedia
Tue Sep  5 15:28:05 2023,Tomeco,Copiulemu,17.283333333333335,23.39,True,81.19961427193829
Tue Sep  5 15:28:05 2023,Copiulemu,Tomeco,15.333333333333334,22.002,True,86.09478260869564
Tue Sep  5 15:28:05 2023,Tomeco,Copiulemu,17.266666666666666,23.39,False,81.27799227799228
Tue Sep  5 15:28:05 2023,Copiulemu,Tomeco,15.15,22.002,False,87.13663366336633
