Fecha,From,To,Tiempo (min),Distancia (km),Real Time,Velocidad promedia
Tue Jul 16 08:34:08 2024,Tomeco,Copiulemu,19.366666666666667,23.48,True,72.74354561101549
Tue Jul 16 08:34:08 2024,Copiulemu,Tomeco,15.833333333333334,22.002,True,83.37599999999999
Tue Jul 16 08:34:08 2024,Tomeco,Copiulemu,18.716666666666665,23.48,False,75.26981300089048
Tue Jul 16 08:34:08 2024,Copiulemu,Tomeco,15.816666666666666,22.002,False,83.46385669125394
