Fecha,From,To,Tiempo (min),Distancia (km),Real Time,Velocidad promedia
Tue Oct 29 10:39:17 2024,Tomeco,Copiulemu,17.766666666666666,23.498,True,79.35534709193246
Tue Oct 29 10:39:17 2024,Copiulemu,Tomeco,15.033333333333333,21.968,True,87.67716186252773
Tue Oct 29 10:39:17 2024,Tomeco,Copiulemu,17.65,23.498,False,79.87988668555242
Tue Oct 29 10:39:17 2024,Copiulemu,Tomeco,14.666666666666666,21.968,False,89.86909090909091
