Fecha,From,To,Tiempo (min),Distancia (km),Real Time,Velocidad promedia
Tue Dec  5 05:29:50 2023,Tomeco,Copiulemu,17.533333333333335,23.39,True,80.04182509505702
Tue Dec  5 05:29:50 2023,Copiulemu,Tomeco,15.916666666666666,22.002,True,82.93947643979057
Tue Dec  5 05:29:50 2023,Tomeco,Copiulemu,17.866666666666667,23.39,False,78.54850746268656
Tue Dec  5 05:29:50 2023,Copiulemu,Tomeco,14.966666666666667,22.002,False,88.20400890868596
