Fecha,From,To,Tiempo (min),Distancia (km),Real Time,Velocidad promedia
Tue May 28 17:28:14 2024,Tomeco,Copiulemu,18.283333333333335,23.48,True,77.05378304466727
Tue May 28 17:28:14 2024,Copiulemu,Tomeco,15.216666666666667,22.002,True,86.75487404162102
Tue May 28 17:28:14 2024,Tomeco,Copiulemu,18.283333333333335,23.48,False,77.05378304466727
Tue May 28 17:28:14 2024,Copiulemu,Tomeco,15.216666666666667,22.002,False,86.75487404162102
