Fecha,From,To,Tiempo (min),Distancia (km),Real Time,Velocidad promedia
Tue Aug  9 17:37:18 2022,Tomeco,Copiulemu,17.1,23.39,True,82.07017543859648
Tue Aug  9 17:37:18 2022,Copiulemu,Tomeco,15.75,22.002,True,83.81714285714285
Tue Aug  9 17:37:18 2022,Tomeco,Copiulemu,16.933333333333334,23.39,False,82.87795275590551
Tue Aug  9 17:37:18 2022,Copiulemu,Tomeco,14.883333333333333,22.002,False,88.69787234042553
