Fecha,From,To,Tiempo (min),Distancia (km),Real Time,Velocidad promedia
Tue Feb 20 02:28:46 2024,Tomeco,Copiulemu,20.3,23.48,True,69.39901477832512
Tue Feb 20 02:28:46 2024,Copiulemu,Tomeco,15.783333333333333,22.002,True,83.64012671594509
Tue Feb 20 02:28:46 2024,Tomeco,Copiulemu,18.633333333333333,23.48,False,75.60644007155636
Tue Feb 20 02:28:46 2024,Copiulemu,Tomeco,15.716666666666667,22.002,False,83.99490986214211
