Fecha,From,To,Tiempo (min),Distancia (km),Real Time,Velocidad promedia
Tue Mar 15 05:30:10 2022,Tomeco,Copiulemu,18.25,23.39,True,76.89863013698631
Tue Mar 15 05:30:10 2022,Copiulemu,Tomeco,15.583333333333334,22.002,True,84.71358288770053
Tue Mar 15 05:30:10 2022,Tomeco,Copiulemu,18.25,23.39,False,76.89863013698631
Tue Mar 15 05:30:10 2022,Copiulemu,Tomeco,15.583333333333334,22.002,False,84.71358288770053
