Fecha,From,To,Tiempo (min),Distancia (km),Real Time,Velocidad promedia
Tue Jan 30 04:28:25 2024,Tomeco,Copiulemu,18.883333333333333,23.48,True,74.60547219770521
Tue Jan 30 04:28:25 2024,Copiulemu,Tomeco,16.383333333333333,22.002,True,80.57700915564598
Tue Jan 30 04:28:25 2024,Tomeco,Copiulemu,18.733333333333334,23.48,False,75.20284697508896
Tue Jan 30 04:28:25 2024,Copiulemu,Tomeco,16.383333333333333,22.002,False,80.57700915564598
