Fecha,From,To,Tiempo (min),Distancia (km),Real Time,Velocidad promedia
Tue Sep  3 04:35:00 2024,Tomeco,Copiulemu,18.633333333333333,23.48,True,75.60644007155636
Tue Sep  3 04:35:00 2024,Copiulemu,Tomeco,15.866666666666667,22.002,True,83.20084033613446
Tue Sep  3 04:35:00 2024,Tomeco,Copiulemu,18.633333333333333,23.48,False,75.60644007155636
Tue Sep  3 04:35:00 2024,Copiulemu,Tomeco,15.866666666666667,22.002,False,83.20084033613446
