Fecha,From,To,Tiempo (min),Distancia (km),Real Time,Velocidad promedia
Tue Dec 10 23:31:20 2024,Tomeco,Copiulemu,17.916666666666668,23.45,True,78.53023255813953
Tue Dec 10 23:31:20 2024,Copiulemu,Tomeco,15.333333333333334,21.968,True,85.96173913043476
Tue Dec 10 23:31:20 2024,Tomeco,Copiulemu,17.633333333333333,23.45,False,79.79206049149339
Tue Dec 10 23:31:20 2024,Copiulemu,Tomeco,15.0,21.968,False,87.872
