Fecha,From,To,Tiempo (min),Distancia (km),Real Time,Velocidad promedia
Tue Apr 30 12:44:20 2024,Tomeco,Copiulemu,18.333333333333332,23.48,True,76.84363636363638
Tue Apr 30 12:44:20 2024,Copiulemu,Tomeco,15.016666666666667,22.002,True,87.91032186459489
Tue Apr 30 12:44:20 2024,Tomeco,Copiulemu,17.483333333333334,23.48,False,80.57959961868445
Tue Apr 30 12:44:20 2024,Copiulemu,Tomeco,14.916666666666666,22.002,False,88.49966480446928
