Fecha,From,To,Tiempo (min),Distancia (km),Real Time,Velocidad promedia
Tue Oct 29 22:35:23 2024,Tomeco,Copiulemu,18.0,23.45,True,78.16666666666667
Tue Oct 29 22:35:23 2024,Copiulemu,Tomeco,15.583333333333334,21.968,True,84.58267379679144
Tue Oct 29 22:35:23 2024,Tomeco,Copiulemu,17.983333333333334,23.45,False,78.23911028730305
Tue Oct 29 22:35:23 2024,Copiulemu,Tomeco,15.366666666666667,21.968,False,85.77527114967462
