Fecha,From,To,Tiempo (min),Distancia (km),Real Time,Velocidad promedia
Tue Jul 30 09:29:42 2024,Tomeco,Copiulemu,19.283333333333335,23.48,True,73.05790838375108
Tue Jul 30 09:29:42 2024,Copiulemu,Tomeco,16.233333333333334,22.002,True,81.32156057494866
Tue Jul 30 09:29:42 2024,Tomeco,Copiulemu,19.283333333333335,23.48,False,73.05790838375108
Tue Jul 30 09:29:42 2024,Copiulemu,Tomeco,16.233333333333334,22.002,False,81.32156057494866
