Fecha,From,To,Tiempo (min),Distancia (km),Real Time,Velocidad promedia
Tue Aug 23 17:37:51 2022,Tomeco,Copiulemu,17.016666666666666,23.39,True,82.4720861900098
Tue Aug 23 17:37:51 2022,Copiulemu,Tomeco,14.783333333333333,22.002,True,89.2978579481398
Tue Aug 23 17:37:51 2022,Tomeco,Copiulemu,16.933333333333334,23.39,False,82.87795275590551
Tue Aug 23 17:37:51 2022,Copiulemu,Tomeco,14.766666666666667,22.002,False,89.39864559819412
