Fecha,From,To,Tiempo (min),Distancia (km),Real Time,Velocidad promedia
Tue May  3 11:32:58 2022,Tomeco,Copiulemu,16.833333333333332,23.39,True,83.37029702970297
Tue May  3 11:32:58 2022,Copiulemu,Tomeco,14.416666666666666,22.002,True,91.56901734104046
Tue May  3 11:32:58 2022,Tomeco,Copiulemu,16.833333333333332,23.39,False,83.37029702970297
Tue May  3 11:32:58 2022,Copiulemu,Tomeco,14.383333333333333,22.002,False,91.78122827346465
