Fecha,From,To,Tiempo (min),Distancia (km),Real Time,Velocidad promedia
Tue Aug 27 13:31:11 2024,Tomeco,Copiulemu,18.216666666666665,23.48,True,77.33577310155536
Tue Aug 27 13:31:11 2024,Copiulemu,Tomeco,16.5,22.002,True,80.00727272727272
Tue Aug 27 13:31:11 2024,Tomeco,Copiulemu,17.966666666666665,23.48,False,78.41187384044528
Tue Aug 27 13:31:11 2024,Copiulemu,Tomeco,15.666666666666666,22.002,False,84.26297872340425
