Fecha,From,To,Tiempo (min),Distancia (km),Real Time,Velocidad promedia
Tue Jun 11 21:28:21 2024,Tomeco,Copiulemu,19.666666666666668,23.48,True,71.63389830508474
Tue Jun 11 21:28:21 2024,Copiulemu,Tomeco,15.816666666666666,22.002,True,83.46385669125394
Tue Jun 11 21:28:21 2024,Tomeco,Copiulemu,18.033333333333335,23.48,False,78.12199630314232
Tue Jun 11 21:28:21 2024,Copiulemu,Tomeco,15.7,22.002,False,84.08407643312101
