Fecha,From,To,Tiempo (min),Distancia (km),Real Time,Velocidad promedia
Tue Feb 20 16:32:34 2024,Tomeco,Copiulemu,19.55,23.48,True,72.06138107416879
Tue Feb 20 16:32:34 2024,Copiulemu,Tomeco,15.866666666666667,22.002,True,83.20084033613446
Tue Feb 20 16:32:34 2024,Tomeco,Copiulemu,18.366666666666667,23.48,False,76.70417422867514
Tue Feb 20 16:32:34 2024,Copiulemu,Tomeco,15.533333333333333,22.002,False,84.9862660944206
