Fecha,From,To,Tiempo (min),Distancia (km),Real Time,Velocidad promedia
Tue Mar 15 13:35:56 2022,Tomeco,Copiulemu,17.616666666666667,23.649,True,80.54531693472092
Tue Mar 15 13:35:56 2022,Copiulemu,Tomeco,15.366666666666667,22.002,True,85.90802603036876
Tue Mar 15 13:35:56 2022,Tomeco,Copiulemu,17.616666666666667,23.649,False,80.54531693472092
Tue Mar 15 13:35:56 2022,Copiulemu,Tomeco,15.8,22.002,False,83.5518987341772
