Fecha,From,To,Tiempo (min),Distancia (km),Real Time,Velocidad promedia
Tue Oct 31 22:28:57 2023,Tomeco,Copiulemu,17.666666666666668,23.39,True,79.43773584905661
Tue Oct 31 22:28:57 2023,Copiulemu,Tomeco,16.1,22.002,True,81.99503105590061
Tue Oct 31 22:28:57 2023,Tomeco,Copiulemu,17.65,23.39,False,79.51274787535412
Tue Oct 31 22:28:57 2023,Copiulemu,Tomeco,15.866666666666667,22.002,False,83.20084033613446
