Fecha,From,To,Tiempo (min),Distancia (km),Real Time,Velocidad promedia
Tue Jan 30 13:28:07 2024,Tomeco,Copiulemu,18.45,23.48,True,76.35772357723577
Tue Jan 30 13:28:07 2024,Copiulemu,Tomeco,15.833333333333334,22.002,True,83.37599999999999
Tue Jan 30 13:28:07 2024,Tomeco,Copiulemu,18.316666666666666,23.48,False,76.91355777979983
Tue Jan 30 13:28:07 2024,Copiulemu,Tomeco,16.983333333333334,22.002,False,77.73032384690873
