Fecha,From,To,Tiempo (min),Distancia (km),Real Time,Velocidad promedia
Tue Jun 21 19:28:54 2022,Tomeco,Copiulemu,18.933333333333334,23.39,True,74.12323943661973
Tue Jun 21 19:28:54 2022,Copiulemu,Tomeco,14.733333333333333,22.002,True,89.60090497737556
Tue Jun 21 19:28:54 2022,Tomeco,Copiulemu,16.65,23.39,False,84.2882882882883
Tue Jun 21 19:28:54 2022,Copiulemu,Tomeco,14.7,22.002,False,89.80408163265305
