Fecha,From,To,Tiempo (min),Distancia (km),Real Time,Velocidad promedia
Tue Mar 22 17:38:07 2022,Tomeco,Copiulemu,19.133333333333333,23.649,True,74.16062717770035
Tue Mar 22 17:38:07 2022,Copiulemu,Tomeco,15.15,22.002,True,87.13663366336633
Tue Mar 22 17:38:07 2022,Tomeco,Copiulemu,18.05,23.649,False,78.61163434903047
Tue Mar 22 17:38:07 2022,Copiulemu,Tomeco,15.133333333333333,22.002,False,87.23259911894272
