Fecha,From,To,Tiempo (min),Distancia (km),Real Time,Velocidad promedia
Tue Apr  9 04:30:33 2024,Tomeco,Copiulemu,18.5,23.48,True,76.15135135135135
Tue Apr  9 04:30:33 2024,Copiulemu,Tomeco,16.05,22.002,True,82.25046728971962
Tue Apr  9 04:30:33 2024,Tomeco,Copiulemu,18.5,23.48,False,76.15135135135135
Tue Apr  9 04:30:33 2024,Copiulemu,Tomeco,16.066666666666666,22.002,False,82.16514522821576
