Fecha,From,To,Tiempo (min),Distancia (km),Real Time,Velocidad promedia
Tue Jun 28 02:40:15 2022,Tomeco,Copiulemu,17.516666666666666,23.39,True,80.11798287345385
Tue Jun 28 02:40:15 2022,Copiulemu,Tomeco,15.583333333333334,22.002,True,84.71358288770053
Tue Jun 28 02:40:15 2022,Tomeco,Copiulemu,16.9,23.39,False,83.04142011834321
Tue Jun 28 02:40:15 2022,Copiulemu,Tomeco,15.483333333333333,22.002,False,85.26071044133477
