Fecha,From,To,Tiempo (min),Distancia (km),Real Time,Velocidad promedia
Tue Sep 19 03:28:06 2023,Tomeco,Copiulemu,17.933333333333334,23.39,True,78.25650557620818
Tue Sep 19 03:28:06 2023,Copiulemu,Tomeco,15.633333333333333,22.002,True,84.44264392324094
Tue Sep 19 03:28:06 2023,Tomeco,Copiulemu,17.65,23.39,False,79.51274787535412
Tue Sep 19 03:28:06 2023,Copiulemu,Tomeco,15.516666666666667,22.002,False,85.07755102040815
