Fecha,From,To,Tiempo (min),Distancia (km),Real Time,Velocidad promedia
Tue Sep 10 06:39:50 2024,Tomeco,Copiulemu,18.283333333333335,23.48,True,77.05378304466727
Tue Sep 10 06:39:50 2024,Copiulemu,Tomeco,15.716666666666667,22.002,True,83.99490986214211
Tue Sep 10 06:39:50 2024,Tomeco,Copiulemu,18.283333333333335,23.48,False,77.05378304466727
Tue Sep 10 06:39:50 2024,Copiulemu,Tomeco,15.616666666666667,22.002,False,84.53276414087513
