Fecha,From,To,Tiempo (min),Distancia (km),Real Time,Velocidad promedia
Tue Sep 24 03:38:34 2024,Tomeco,Copiulemu,18.583333333333332,23.48,True,75.80986547085203
Tue Sep 24 03:38:34 2024,Copiulemu,Tomeco,16.416666666666668,22.002,True,80.41340101522842
Tue Sep 24 03:38:34 2024,Tomeco,Copiulemu,18.583333333333332,23.48,False,75.80986547085203
Tue Sep 24 03:38:34 2024,Copiulemu,Tomeco,16.416666666666668,22.002,False,80.41340101522842
