Fecha,From,To,Tiempo (min),Distancia (km),Real Time,Velocidad promedia
Tue Aug 27 01:47:02 2024,Tomeco,Copiulemu,18.45,23.48,True,76.35772357723577
Tue Aug 27 01:47:02 2024,Copiulemu,Tomeco,16.083333333333332,22.002,True,82.08
Tue Aug 27 01:47:02 2024,Tomeco,Copiulemu,18.116666666666667,23.48,False,77.76264949402024
Tue Aug 27 01:47:02 2024,Copiulemu,Tomeco,16.083333333333332,22.002,False,82.08
