Fecha,From,To,Tiempo (min),Distancia (km),Real Time,Velocidad promedia
Tue Aug 27 09:30:20 2024,Tomeco,Copiulemu,19.066666666666666,23.48,True,73.8881118881119
Tue Aug 27 09:30:20 2024,Copiulemu,Tomeco,16.5,22.002,True,80.00727272727272
Tue Aug 27 09:30:20 2024,Tomeco,Copiulemu,19.066666666666666,23.48,False,73.8881118881119
Tue Aug 27 09:30:20 2024,Copiulemu,Tomeco,15.583333333333334,22.002,False,84.71358288770053
