Fecha,From,To,Tiempo (min),Distancia (km),Real Time,Velocidad promedia
Tue Mar 26 11:28:15 2024,Tomeco,Copiulemu,20.166666666666668,23.48,True,69.85785123966942
Tue Mar 26 11:28:15 2024,Copiulemu,Tomeco,14.816666666666666,22.002,True,89.09696287964005
Tue Mar 26 11:28:15 2024,Tomeco,Copiulemu,17.766666666666666,23.48,False,79.29455909943715
Tue Mar 26 11:28:15 2024,Copiulemu,Tomeco,14.8,22.002,False,89.1972972972973
