Fecha,From,To,Tiempo (min),Distancia (km),Real Time,Velocidad promedia
Tue Oct  8 16:41:31 2024,Tomeco,Copiulemu,18.316666666666666,23.48,True,76.91355777979983
Tue Oct  8 16:41:31 2024,Copiulemu,Tomeco,15.183333333333334,22.002,True,86.94533479692646
Tue Oct  8 16:41:31 2024,Tomeco,Copiulemu,18.316666666666666,23.48,False,76.91355777979983
Tue Oct  8 16:41:31 2024,Copiulemu,Tomeco,15.183333333333334,22.002,False,86.94533479692646
