Fecha,From,To,Tiempo (min),Distancia (km),Real Time,Velocidad promedia
Tue Mar 19 11:28:07 2024,Tomeco,Copiulemu,17.833333333333332,23.48,True,78.9981308411215
Tue Mar 19 11:28:07 2024,Copiulemu,Tomeco,14.716666666666667,22.002,True,89.70237825594563
Tue Mar 19 11:28:07 2024,Tomeco,Copiulemu,17.833333333333332,23.48,False,78.9981308411215
Tue Mar 19 11:28:07 2024,Copiulemu,Tomeco,14.716666666666667,22.002,False,89.70237825594563
