Fecha,From,To,Tiempo (min),Distancia (km),Real Time,Velocidad promedia
Tue Oct 22 01:57:36 2024,Tomeco,Copiulemu,18.933333333333334,23.48,True,74.40845070422536
Tue Oct 22 01:57:36 2024,Copiulemu,Tomeco,16.433333333333334,22.002,True,80.33184584178498
Tue Oct 22 01:57:36 2024,Tomeco,Copiulemu,18.616666666666667,23.48,False,75.67412712623099
Tue Oct 22 01:57:36 2024,Copiulemu,Tomeco,15.9,22.002,False,83.02641509433961
