Fecha,From,To,Tiempo (min),Distancia (km),Real Time,Velocidad promedia
Tue Apr  5 13:40:01 2022,Tomeco,Copiulemu,17.25,23.39,True,81.35652173913044
Tue Apr  5 13:40:01 2022,Copiulemu,Tomeco,15.033333333333333,22.002,True,87.81286031042129
Tue Apr  5 13:40:01 2022,Tomeco,Copiulemu,17.183333333333334,23.39,False,81.6721629485936
Tue Apr  5 13:40:01 2022,Copiulemu,Tomeco,14.983333333333333,22.002,False,88.1058954393771
