Fecha,From,To,Tiempo (min),Distancia (km),Real Time,Velocidad promedia
Tue Apr 23 17:29:45 2024,Tomeco,Copiulemu,17.966666666666665,23.48,True,78.41187384044528
Tue Apr 23 17:29:45 2024,Copiulemu,Tomeco,15.616666666666667,22.002,True,84.53276414087513
Tue Apr 23 17:29:45 2024,Tomeco,Copiulemu,17.916666666666668,23.48,False,78.63069767441861
Tue Apr 23 17:29:45 2024,Copiulemu,Tomeco,15.283333333333333,22.002,False,86.37644492911667
