Fecha,From,To,Tiempo (min),Distancia (km),Real Time,Velocidad promedia
Tue Sep 19 17:28:22 2023,Tomeco,Copiulemu,17.116666666666667,23.39,True,81.9902629016553
Tue Sep 19 17:28:22 2023,Copiulemu,Tomeco,14.533333333333333,22.002,True,90.83394495412843
Tue Sep 19 17:28:22 2023,Tomeco,Copiulemu,17.116666666666667,23.39,False,81.9902629016553
Tue Sep 19 17:28:22 2023,Copiulemu,Tomeco,15.433333333333334,22.002,False,85.53693304535636
