Fecha,From,To,Tiempo (min),Distancia (km),Real Time,Velocidad promedia
Tue Mar 15 04:43:10 2022,Tomeco,Copiulemu,17.8,23.39,True,78.84269662921348
Tue Mar 15 04:43:10 2022,Copiulemu,Tomeco,15.6,22.002,True,84.62307692307692
Tue Mar 15 04:43:10 2022,Tomeco,Copiulemu,17.8,23.39,False,78.84269662921348
Tue Mar 15 04:43:10 2022,Copiulemu,Tomeco,15.6,22.002,False,84.62307692307692
