Fecha,From,To,Tiempo (min),Distancia (km),Real Time,Velocidad promedia
Tue Sep 17 12:53:36 2024,Tomeco,Copiulemu,18.083333333333332,23.48,True,77.90599078341015
Tue Sep 17 12:53:36 2024,Copiulemu,Tomeco,15.616666666666667,22.002,True,84.53276414087513
Tue Sep 17 12:53:36 2024,Tomeco,Copiulemu,17.566666666666666,23.48,False,80.19734345351044
Tue Sep 17 12:53:36 2024,Copiulemu,Tomeco,15.416666666666666,22.002,False,85.62940540540541
