Fecha,From,To,Tiempo (min),Distancia (km),Real Time,Velocidad promedia
Tue Nov  7 09:28:11 2023,Tomeco,Copiulemu,16.883333333333333,23.39,True,83.12339585389932
Tue Nov  7 09:28:11 2023,Copiulemu,Tomeco,15.066666666666666,22.002,True,87.61858407079646
Tue Nov  7 09:28:11 2023,Tomeco,Copiulemu,16.883333333333333,23.39,False,83.12339585389932
Tue Nov  7 09:28:11 2023,Copiulemu,Tomeco,15.066666666666666,22.002,False,87.61858407079646
