Fecha,From,To,Tiempo (min),Distancia (km),Real Time,Velocidad promedia
Tue Oct 10 07:28:21 2023,Tomeco,Copiulemu,17.65,23.39,True,79.51274787535412
Tue Oct 10 07:28:21 2023,Copiulemu,Tomeco,15.316666666666666,22.002,True,86.18846572361262
Tue Oct 10 07:28:21 2023,Tomeco,Copiulemu,17.65,23.39,False,79.51274787535412
Tue Oct 10 07:28:21 2023,Copiulemu,Tomeco,15.316666666666666,22.002,False,86.18846572361262
