Fecha,From,To,Tiempo (min),Distancia (km),Real Time,Velocidad promedia
Tue Jun  4 01:38:18 2024,Tomeco,Copiulemu,18.283333333333335,23.48,True,77.05378304466727
Tue Jun  4 01:38:18 2024,Copiulemu,Tomeco,16.966666666666665,22.002,True,77.80667976424363
Tue Jun  4 01:38:18 2024,Tomeco,Copiulemu,18.083333333333332,23.48,False,77.90599078341015
Tue Jun  4 01:38:18 2024,Copiulemu,Tomeco,15.766666666666667,22.002,False,83.72854122621564
