Fecha,From,To,Tiempo (min),Distancia (km),Real Time,Velocidad promedia
Tue Jul  2 05:31:12 2024,Tomeco,Copiulemu,18.05,23.48,True,78.04986149584488
Tue Jul  2 05:31:12 2024,Copiulemu,Tomeco,15.866666666666667,22.002,True,83.20084033613446
Tue Jul  2 05:31:12 2024,Tomeco,Copiulemu,18.05,23.48,False,78.04986149584488
Tue Jul  2 05:31:12 2024,Copiulemu,Tomeco,15.866666666666667,22.002,False,83.20084033613446
