Fecha,From,To,Tiempo (min),Distancia (km),Real Time,Velocidad promedia
Tue Sep 19 13:29:19 2023,Tomeco,Copiulemu,17.283333333333335,23.39,True,81.19961427193829
Tue Sep 19 13:29:19 2023,Copiulemu,Tomeco,15.766666666666667,22.002,True,83.72854122621564
Tue Sep 19 13:29:19 2023,Tomeco,Copiulemu,17.2,23.39,False,81.59302325581395
Tue Sep 19 13:29:19 2023,Copiulemu,Tomeco,15.75,22.002,False,83.81714285714285
