Fecha,From,To,Tiempo (min),Distancia (km),Real Time,Velocidad promedia
Tue Aug 30 07:40:38 2022,Tomeco,Copiulemu,17.6,23.39,True,79.73863636363636
Tue Aug 30 07:40:38 2022,Copiulemu,Tomeco,15.483333333333333,22.002,True,85.26071044133477
Tue Aug 30 07:40:38 2022,Tomeco,Copiulemu,17.6,23.39,False,79.73863636363636
Tue Aug 30 07:40:38 2022,Copiulemu,Tomeco,15.483333333333333,22.002,False,85.26071044133477
