Fecha,From,To,Tiempo (min),Distancia (km),Real Time,Velocidad promedia
Tue Aug 16 09:30:02 2022,Tomeco,Copiulemu,18.133333333333333,23.39,True,77.39338235294117
Tue Aug 16 09:30:02 2022,Copiulemu,Tomeco,14.666666666666666,22.002,True,90.00818181818181
Tue Aug 16 09:30:02 2022,Tomeco,Copiulemu,18.133333333333333,23.39,False,77.39338235294117
Tue Aug 16 09:30:02 2022,Copiulemu,Tomeco,14.666666666666666,22.002,False,90.00818181818181
