Fecha,From,To,Tiempo (min),Distancia (km),Real Time,Velocidad promedia
Tue Sep 12 14:30:08 2023,Tomeco,Copiulemu,17.066666666666666,23.39,True,82.23046875
Tue Sep 12 14:30:08 2023,Copiulemu,Tomeco,15.333333333333334,22.002,True,86.09478260869564
Tue Sep 12 14:30:08 2023,Tomeco,Copiulemu,17.0,23.39,False,82.5529411764706
Tue Sep 12 14:30:08 2023,Copiulemu,Tomeco,15.25,22.002,False,86.56524590163934
