Fecha,From,To,Tiempo (min),Distancia (km),Real Time,Velocidad promedia
Tue Dec 19 12:45:16 2023,Tomeco,Copiulemu,17.816666666666666,23.39,True,78.7689429373246
Tue Dec 19 12:45:16 2023,Copiulemu,Tomeco,14.883333333333333,22.002,True,88.69787234042553
Tue Dec 19 12:45:16 2023,Tomeco,Copiulemu,17.3,23.39,False,81.121387283237
Tue Dec 19 12:45:16 2023,Copiulemu,Tomeco,14.816666666666666,22.002,False,89.09696287964005
