Fecha,From,To,Tiempo (min),Distancia (km),Real Time,Velocidad promedia
Tue Oct  3 23:28:21 2023,Tomeco,Copiulemu,17.583333333333332,23.39,True,79.81421800947868
Tue Oct  3 23:28:21 2023,Copiulemu,Tomeco,15.233333333333333,22.002,True,86.65995623632385
Tue Oct  3 23:28:21 2023,Tomeco,Copiulemu,17.483333333333334,23.39,False,80.27073403241181
Tue Oct  3 23:28:21 2023,Copiulemu,Tomeco,15.216666666666667,22.002,False,86.75487404162102
