Fecha,From,To,Tiempo (min),Distancia (km),Real Time,Velocidad promedia
Tue Jul 30 21:28:08 2024,Tomeco,Copiulemu,19.35,23.48,True,72.8062015503876
Tue Jul 30 21:28:08 2024,Copiulemu,Tomeco,16.283333333333335,22.002,True,81.0718526100307
Tue Jul 30 21:28:08 2024,Tomeco,Copiulemu,18.25,23.48,False,77.19452054794522
Tue Jul 30 21:28:08 2024,Copiulemu,Tomeco,15.733333333333333,22.002,False,83.90593220338984
