Fecha,From,To,Tiempo (min),Distancia (km),Real Time,Velocidad promedia
Tue Apr  5 08:38:36 2022,Tomeco,Copiulemu,18.183333333333334,23.39,True,77.18056828597616
Tue Apr  5 08:38:36 2022,Copiulemu,Tomeco,14.883333333333333,22.002,True,88.69787234042553
Tue Apr  5 08:38:36 2022,Tomeco,Copiulemu,18.183333333333334,23.39,False,77.18056828597616
Tue Apr  5 08:38:36 2022,Copiulemu,Tomeco,15.183333333333334,22.002,False,86.94533479692646
