Fecha,From,To,Tiempo (min),Distancia (km),Real Time,Velocidad promedia
Tue Jun 25 18:35:25 2024,Tomeco,Copiulemu,19.666666666666668,23.48,True,71.63389830508474
Tue Jun 25 18:35:25 2024,Copiulemu,Tomeco,15.816666666666666,22.002,True,83.46385669125394
Tue Jun 25 18:35:25 2024,Tomeco,Copiulemu,18.133333333333333,23.48,False,77.69117647058823
Tue Jun 25 18:35:25 2024,Copiulemu,Tomeco,15.566666666666666,22.002,False,84.80428265524625
