Fecha,From,To,Tiempo (min),Distancia (km),Real Time,Velocidad promedia
Tue Oct  4 06:00:16 2022,Tomeco,Copiulemu,17.55,23.39,True,79.96581196581195
Tue Oct  4 06:00:16 2022,Copiulemu,Tomeco,15.566666666666666,22.002,True,84.80428265524625
Tue Oct  4 06:00:16 2022,Tomeco,Copiulemu,17.55,23.39,False,79.96581196581195
Tue Oct  4 06:00:16 2022,Copiulemu,Tomeco,15.566666666666666,22.002,False,84.80428265524625
