Fecha,From,To,Tiempo (min),Distancia (km),Real Time,Velocidad promedia
Tue May 10 13:58:56 2022,Tomeco,Copiulemu,16.866666666666667,23.39,True,83.20553359683794
Tue May 10 13:58:56 2022,Copiulemu,Tomeco,15.133333333333333,22.002,True,87.23259911894272
Tue May 10 13:58:56 2022,Tomeco,Copiulemu,16.8,23.39,False,83.53571428571428
Tue May 10 13:58:56 2022,Copiulemu,Tomeco,14.85,22.002,False,88.89696969696969
