Fecha,From,To,Tiempo (min),Distancia (km),Real Time,Velocidad promedia
Tue Mar  5 08:29:34 2024,Tomeco,Copiulemu,18.35,23.48,True,76.77384196185285
Tue Mar  5 08:29:34 2024,Copiulemu,Tomeco,15.383333333333333,22.002,True,85.81495124593715
Tue Mar  5 08:29:34 2024,Tomeco,Copiulemu,18.35,23.48,False,76.77384196185285
Tue Mar  5 08:29:34 2024,Copiulemu,Tomeco,15.366666666666667,22.002,False,85.90802603036876
