Fecha,From,To,Tiempo (min),Distancia (km),Real Time,Velocidad promedia
Tue Jun 21 17:46:25 2022,Tomeco,Copiulemu,16.983333333333334,23.39,True,82.63395485770363
Tue Jun 21 17:46:25 2022,Copiulemu,Tomeco,15.066666666666666,22.002,True,87.61858407079646
Tue Jun 21 17:46:25 2022,Tomeco,Copiulemu,16.816666666666666,23.39,False,83.45292368681864
Tue Jun 21 17:46:25 2022,Copiulemu,Tomeco,14.866666666666667,22.002,False,88.79730941704035
