Fecha,From,To,Tiempo (min),Distancia (km),Real Time,Velocidad promedia
Tue Apr  5 05:30:54 2022,Tomeco,Copiulemu,18.5,23.649,True,76.69945945945946
Tue Apr  5 05:30:54 2022,Copiulemu,Tomeco,15.366666666666667,22.002,True,85.90802603036876
Tue Apr  5 05:30:54 2022,Tomeco,Copiulemu,18.5,23.649,False,76.69945945945946
Tue Apr  5 05:30:54 2022,Copiulemu,Tomeco,15.366666666666667,22.002,False,85.90802603036876
