Fecha,From,To,Tiempo (min),Distancia (km),Real Time,Velocidad promedia
Tue Mar 22 04:42:25 2022,Tomeco,Copiulemu,17.966666666666665,23.39,True,78.11131725417441
Tue Mar 22 04:42:25 2022,Copiulemu,Tomeco,15.533333333333333,22.002,True,84.9862660944206
Tue Mar 22 04:42:25 2022,Tomeco,Copiulemu,17.966666666666665,23.39,False,78.11131725417441
Tue Mar 22 04:42:25 2022,Copiulemu,Tomeco,15.533333333333333,22.002,False,84.9862660944206
