Fecha,From,To,Tiempo (min),Distancia (km),Real Time,Velocidad promedia
Tue Dec 19 01:34:17 2023,Tomeco,Copiulemu,20.033333333333335,23.39,True,70.05324459234609
Tue Dec 19 01:34:17 2023,Copiulemu,Tomeco,15.45,22.002,True,85.44466019417474
Tue Dec 19 01:34:17 2023,Tomeco,Copiulemu,17.966666666666665,23.39,False,78.11131725417441
Tue Dec 19 01:34:17 2023,Copiulemu,Tomeco,15.433333333333334,22.002,False,85.53693304535636
