Fecha,From,To,Tiempo (min),Distancia (km),Real Time,Velocidad promedia
Tue May 14 01:34:32 2024,Tomeco,Copiulemu,18.083333333333332,23.48,True,77.90599078341015
Tue May 14 01:34:32 2024,Copiulemu,Tomeco,15.7,22.002,True,84.08407643312101
Tue May 14 01:34:32 2024,Tomeco,Copiulemu,18.083333333333332,23.48,False,77.90599078341015
Tue May 14 01:34:32 2024,Copiulemu,Tomeco,15.7,22.002,False,84.08407643312101
