Fecha,From,To,Tiempo (min),Distancia (km),Real Time,Velocidad promedia
Tue Sep  5 02:28:45 2023,Tomeco,Copiulemu,18.166666666666668,23.39,True,77.25137614678899
Tue Sep  5 02:28:45 2023,Copiulemu,Tomeco,15.683333333333334,22.002,True,84.17343251859724
Tue Sep  5 02:28:45 2023,Tomeco,Copiulemu,18.216666666666665,23.39,False,77.03934126258005
Tue Sep  5 02:28:45 2023,Copiulemu,Tomeco,15.683333333333334,22.002,False,84.17343251859724
