Fecha,From,To,Tiempo (min),Distancia (km),Real Time,Velocidad promedia
Tue Jan  2 12:44:38 2024,Tomeco,Copiulemu,17.583333333333332,23.39,True,79.81421800947868
Tue Jan  2 12:44:38 2024,Copiulemu,Tomeco,16.016666666666666,21.461,True,80.39500520291364
Tue Jan  2 12:44:38 2024,Tomeco,Copiulemu,17.583333333333332,23.39,False,79.81421800947868
Tue Jan  2 12:44:38 2024,Copiulemu,Tomeco,15.616666666666667,21.461,False,82.45421558164354
