Fecha,From,To,Tiempo (min),Distancia (km),Real Time,Velocidad promedia
Tue Apr  5 17:36:16 2022,Tomeco,Copiulemu,18.733333333333334,23.39,True,74.91459074733096
Tue Apr  5 17:36:16 2022,Copiulemu,Tomeco,14.6,22.002,True,90.41917808219178
Tue Apr  5 17:36:16 2022,Tomeco,Copiulemu,18.35,23.39,False,76.47956403269755
Tue Apr  5 17:36:16 2022,Copiulemu,Tomeco,15.216666666666667,22.002,False,86.75487404162102
