Fecha,From,To,Tiempo (min),Distancia (km),Real Time,Velocidad promedia
Tue Apr 26 13:05:58 2022,Tomeco,Copiulemu,16.966666666666665,23.39,True,82.71512770137525
Tue Apr 26 13:05:58 2022,Copiulemu,Tomeco,14.366666666666667,22.002,True,91.88770301624129
Tue Apr 26 13:05:58 2022,Tomeco,Copiulemu,16.266666666666666,23.39,False,86.27459016393443
Tue Apr 26 13:05:58 2022,Copiulemu,Tomeco,14.366666666666667,22.002,False,91.88770301624129
