Fecha,From,To,Tiempo (min),Distancia (km),Real Time,Velocidad promedia
Tue Nov 19 21:31:13 2024,Tomeco,Copiulemu,18.016666666666666,23.45,True,78.09435707678077
Tue Nov 19 21:31:13 2024,Copiulemu,Tomeco,15.166666666666666,21.968,True,86.90637362637364
Tue Nov 19 21:31:13 2024,Tomeco,Copiulemu,17.783333333333335,23.45,False,79.1190253045923
Tue Nov 19 21:31:13 2024,Copiulemu,Tomeco,15.116666666666667,21.968,False,87.19382579933847
