Fecha,From,To,Tiempo (min),Distancia (km),Real Time,Velocidad promedia
Tue Sep  3 02:50:04 2024,Tomeco,Copiulemu,18.116666666666667,23.48,True,77.76264949402024
Tue Sep  3 02:50:04 2024,Copiulemu,Tomeco,16.016666666666666,22.002,True,82.4216441207076
Tue Sep  3 02:50:04 2024,Tomeco,Copiulemu,18.116666666666667,23.48,False,77.76264949402024
Tue Sep  3 02:50:04 2024,Copiulemu,Tomeco,16.016666666666666,22.002,False,82.4216441207076
