Fecha,From,To,Tiempo (min),Distancia (km),Real Time,Velocidad promedia
Tue Jul  5 04:54:27 2022,Tomeco,Copiulemu,17.566666666666666,23.39,True,79.88994307400381
Tue Jul  5 04:54:27 2022,Copiulemu,Tomeco,15.433333333333334,22.002,True,85.53693304535636
Tue Jul  5 04:54:27 2022,Tomeco,Copiulemu,17.566666666666666,23.39,False,79.88994307400381
Tue Jul  5 04:54:27 2022,Copiulemu,Tomeco,15.433333333333334,22.002,False,85.53693304535636
