Fecha,From,To,Tiempo (min),Distancia (km),Real Time,Velocidad promedia
Tue Jul 12 16:54:12 2022,Tomeco,Copiulemu,17.4,23.39,True,80.65517241379311
Tue Jul 12 16:54:12 2022,Copiulemu,Tomeco,15.1,22.002,True,87.4251655629139
Tue Jul 12 16:54:12 2022,Tomeco,Copiulemu,16.733333333333334,23.39,False,83.86852589641434
Tue Jul 12 16:54:12 2022,Copiulemu,Tomeco,14.566666666666666,22.002,False,90.62608695652173
