Fecha,From,To,Tiempo (min),Distancia (km),Real Time,Velocidad promedia
Tue Dec  5 13:29:34 2023,Tomeco,Copiulemu,17.083333333333332,23.39,True,82.15024390243903
Tue Dec  5 13:29:34 2023,Copiulemu,Tomeco,14.933333333333334,22.002,True,88.40089285714285
Tue Dec  5 13:29:34 2023,Tomeco,Copiulemu,16.983333333333334,23.39,False,82.63395485770363
Tue Dec  5 13:29:34 2023,Copiulemu,Tomeco,14.933333333333334,22.002,False,88.40089285714285
