Fecha,From,To,Tiempo (min),Distancia (km),Real Time,Velocidad promedia
Tue Feb 20 12:41:08 2024,Tomeco,Copiulemu,18.25,23.48,True,77.19452054794522
Tue Feb 20 12:41:08 2024,Copiulemu,Tomeco,15.55,22.002,True,84.8951768488746
Tue Feb 20 12:41:08 2024,Tomeco,Copiulemu,18.066666666666666,23.48,False,77.97785977859779
Tue Feb 20 12:41:08 2024,Copiulemu,Tomeco,16.283333333333335,22.002,False,81.0718526100307
