Fecha,From,To,Tiempo (min),Distancia (km),Real Time,Velocidad promedia
Tue Nov 26 17:35:41 2024,Tomeco,Copiulemu,18.183333333333334,23.45,True,77.37855178735104
Tue Nov 26 17:35:41 2024,Copiulemu,Tomeco,14.95,21.968,True,88.16588628762543
Tue Nov 26 17:35:41 2024,Tomeco,Copiulemu,18.166666666666668,23.45,False,77.44954128440367
Tue Nov 26 17:35:41 2024,Copiulemu,Tomeco,14.9,21.968,False,88.46174496644295
