Fecha,From,To,Tiempo (min),Distancia (km),Real Time,Velocidad promedia
Tue Jun 18 03:32:32 2024,Tomeco,Copiulemu,18.633333333333333,23.48,True,75.60644007155636
Tue Jun 18 03:32:32 2024,Copiulemu,Tomeco,17.25,22.002,True,76.52869565217391
Tue Jun 18 03:32:32 2024,Tomeco,Copiulemu,18.633333333333333,23.48,False,75.60644007155636
Tue Jun 18 03:32:32 2024,Copiulemu,Tomeco,16.266666666666666,22.002,False,81.1549180327869
