Fecha,From,To,Tiempo (min),Distancia (km),Real Time,Velocidad promedia
Tue Aug 30 03:13:27 2022,Tomeco,Copiulemu,17.616666666666667,23.39,True,79.6631977294229
Tue Aug 30 03:13:27 2022,Copiulemu,Tomeco,15.933333333333334,22.002,True,82.85271966527196
Tue Aug 30 03:13:27 2022,Tomeco,Copiulemu,17.566666666666666,23.39,False,79.88994307400381
Tue Aug 30 03:13:27 2022,Copiulemu,Tomeco,15.933333333333334,22.002,False,82.85271966527196
