Fecha,From,To,Tiempo (min),Distancia (km),Real Time,Velocidad promedia
Tue Nov 19 09:34:37 2024,Tomeco,Copiulemu,18.133333333333333,23.45,True,77.59191176470588
Tue Nov 19 09:34:37 2024,Copiulemu,Tomeco,15.45,21.968,True,85.3126213592233
Tue Nov 19 09:34:37 2024,Tomeco,Copiulemu,18.116666666666667,23.45,False,77.66329346826126
Tue Nov 19 09:34:37 2024,Copiulemu,Tomeco,15.45,21.968,False,85.3126213592233
