Fecha,From,To,Tiempo (min),Distancia (km),Real Time,Velocidad promedia
Tue Apr 30 01:31:43 2024,Tomeco,Copiulemu,18.383333333333333,23.48,True,76.63463281958296
Tue Apr 30 01:31:43 2024,Copiulemu,Tomeco,15.85,22.002,True,83.28832807570977
Tue Apr 30 01:31:43 2024,Tomeco,Copiulemu,18.383333333333333,23.48,False,76.63463281958296
Tue Apr 30 01:31:43 2024,Copiulemu,Tomeco,15.85,22.002,False,83.28832807570977
