Fecha,From,To,Tiempo (min),Distancia (km),Real Time,Velocidad promedia
Tue Feb  6 09:28:13 2024,Tomeco,Copiulemu,18.116666666666667,23.48,True,77.76264949402024
Tue Feb  6 09:28:13 2024,Copiulemu,Tomeco,15.15,22.002,True,87.13663366336633
Tue Feb  6 09:28:13 2024,Tomeco,Copiulemu,18.116666666666667,23.48,False,77.76264949402024
Tue Feb  6 09:28:13 2024,Copiulemu,Tomeco,15.033333333333333,22.002,False,87.81286031042129
