Fecha,From,To,Tiempo (min),Distancia (km),Real Time,Velocidad promedia
Tue May 24 11:32:01 2022,Tomeco,Copiulemu,16.55,23.39,True,84.797583081571
Tue May 24 11:32:01 2022,Copiulemu,Tomeco,14.483333333333333,22.002,True,91.14752589182969
Tue May 24 11:32:01 2022,Tomeco,Copiulemu,16.55,23.39,False,84.797583081571
Tue May 24 11:32:01 2022,Copiulemu,Tomeco,14.616666666666667,22.002,False,90.31607753705815
