Fecha,From,To,Tiempo (min),Distancia (km),Real Time,Velocidad promedia
Tue Jul 26 17:39:12 2022,Tomeco,Copiulemu,17.566666666666666,23.39,True,79.88994307400381
Tue Jul 26 17:39:12 2022,Copiulemu,Tomeco,16.366666666666667,22.002,True,80.65906313645621
Tue Jul 26 17:39:12 2022,Tomeco,Copiulemu,17.233333333333334,23.39,False,81.43520309477756
Tue Jul 26 17:39:12 2022,Copiulemu,Tomeco,15.683333333333334,22.002,False,84.17343251859724
