Fecha,From,To,Tiempo (min),Distancia (km),Real Time,Velocidad promedia
Tue Jun 14 08:40:06 2022,Tomeco,Copiulemu,17.466666666666665,23.39,True,80.34732824427482
Tue Jun 14 08:40:06 2022,Copiulemu,Tomeco,15.166666666666666,22.002,True,87.04087912087913
Tue Jun 14 08:40:06 2022,Tomeco,Copiulemu,17.466666666666665,23.39,False,80.34732824427482
Tue Jun 14 08:40:06 2022,Copiulemu,Tomeco,15.166666666666666,22.002,False,87.04087912087913
