Fecha,From,To,Tiempo (min),Distancia (km),Real Time,Velocidad promedia
Tue Apr 26 06:43:09 2022,Tomeco,Copiulemu,17.683333333333334,23.39,True,79.36286522148916
Tue Apr 26 06:43:09 2022,Copiulemu,Tomeco,15.55,22.002,True,84.8951768488746
Tue Apr 26 06:43:09 2022,Tomeco,Copiulemu,17.683333333333334,23.39,False,79.36286522148916
Tue Apr 26 06:43:09 2022,Copiulemu,Tomeco,14.983333333333333,22.002,False,88.1058954393771
