Fecha,From,To,Tiempo (min),Distancia (km),Real Time,Velocidad promedia
Tue Sep 26 13:29:15 2023,Tomeco,Copiulemu,17.15,23.39,True,81.83090379008746
Tue Sep 26 13:29:15 2023,Copiulemu,Tomeco,15.383333333333333,22.002,True,85.81495124593715
Tue Sep 26 13:29:15 2023,Tomeco,Copiulemu,17.15,23.39,False,81.83090379008746
Tue Sep 26 13:29:15 2023,Copiulemu,Tomeco,15.15,22.002,False,87.13663366336633
