Fecha,From,To,Tiempo (min),Distancia (km),Real Time,Velocidad promedia
Tue Mar 22 15:37:05 2022,Tomeco,Copiulemu,18.266666666666666,23.649,True,77.67919708029198
Tue Mar 22 15:37:05 2022,Copiulemu,Tomeco,15.766666666666667,22.002,True,83.72854122621564
Tue Mar 22 15:37:05 2022,Tomeco,Copiulemu,18.266666666666666,23.649,False,77.67919708029198
Tue Mar 22 15:37:05 2022,Copiulemu,Tomeco,16.0,22.002,False,82.5075
