Fecha,From,To,Tiempo (min),Distancia (km),Real Time,Velocidad promedia
Tue Jun  7 17:39:16 2022,Tomeco,Copiulemu,16.916666666666668,23.39,True,82.95960591133006
Tue Jun  7 17:39:16 2022,Copiulemu,Tomeco,15.65,22.002,True,84.35271565495206
Tue Jun  7 17:39:16 2022,Tomeco,Copiulemu,16.85,23.39,False,83.28783382789317
Tue Jun  7 17:39:16 2022,Copiulemu,Tomeco,14.816666666666666,22.002,False,89.09696287964005
