Fecha,From,To,Tiempo (min),Distancia (km),Real Time,Velocidad promedia
Tue Jun 28 21:31:59 2022,Tomeco,Copiulemu,18.2,23.39,True,77.1098901098901
Tue Jun 28 21:31:59 2022,Copiulemu,Tomeco,15.016666666666667,22.002,True,87.91032186459489
Tue Jun 28 21:31:59 2022,Tomeco,Copiulemu,16.533333333333335,23.39,False,84.88306451612902
Tue Jun 28 21:31:59 2022,Copiulemu,Tomeco,15.0,22.002,False,88.008
