Fecha,From,To,Tiempo (min),Distancia (km),Real Time,Velocidad promedia
Tue Aug  2 05:53:01 2022,Tomeco,Copiulemu,17.383333333333333,23.39,True,80.73250239693193
Tue Aug  2 05:53:01 2022,Copiulemu,Tomeco,15.35,22.002,True,86.0013029315961
Tue Aug  2 05:53:01 2022,Tomeco,Copiulemu,17.383333333333333,23.39,False,80.73250239693193
Tue Aug  2 05:53:01 2022,Copiulemu,Tomeco,15.35,22.002,False,86.0013029315961
