Fecha,From,To,Tiempo (min),Distancia (km),Real Time,Velocidad promedia
Tue Jul 23 13:29:43 2024,Tomeco,Copiulemu,18.283333333333335,23.48,True,77.05378304466727
Tue Jul 23 13:29:43 2024,Copiulemu,Tomeco,15.533333333333333,22.002,True,84.9862660944206
Tue Jul 23 13:29:43 2024,Tomeco,Copiulemu,18.266666666666666,23.48,False,77.1240875912409
Tue Jul 23 13:29:43 2024,Copiulemu,Tomeco,15.6,22.002,False,84.62307692307692
