Fecha,From,To,Tiempo (min),Distancia (km),Real Time,Velocidad promedia
Tue Oct 22 11:28:05 2024,Tomeco,Copiulemu,18.016666666666666,23.48,True,78.19426456984274
Tue Oct 22 11:28:05 2024,Copiulemu,Tomeco,14.85,22.002,True,88.89696969696969
Tue Oct 22 11:28:05 2024,Tomeco,Copiulemu,17.983333333333334,23.48,False,78.33920296570899
Tue Oct 22 11:28:05 2024,Copiulemu,Tomeco,14.766666666666667,22.002,False,89.39864559819412
