Fecha,From,To,Tiempo (min),Distancia (km),Real Time,Velocidad promedia
Tue Aug 27 08:35:42 2024,Tomeco,Copiulemu,18.75,23.48,True,75.136
Tue Aug 27 08:35:42 2024,Copiulemu,Tomeco,15.833333333333334,22.002,True,83.37599999999999
Tue Aug 27 08:35:42 2024,Tomeco,Copiulemu,18.75,23.48,False,75.136
Tue Aug 27 08:35:42 2024,Copiulemu,Tomeco,15.833333333333334,22.002,False,83.37599999999999
