Fecha,From,To,Tiempo (min),Distancia (km),Real Time,Velocidad promedia
Tue May 17 13:04:04 2022,Tomeco,Copiulemu,16.65,23.39,True,84.2882882882883
Tue May 17 13:04:04 2022,Copiulemu,Tomeco,14.416666666666666,22.002,True,91.56901734104046
Tue May 17 13:04:04 2022,Tomeco,Copiulemu,16.533333333333335,23.39,False,84.88306451612902
Tue May 17 13:04:04 2022,Copiulemu,Tomeco,14.383333333333333,22.002,False,91.78122827346465
