Fecha,From,To,Tiempo (min),Distancia (km),Real Time,Velocidad promedia
Tue Jun 25 03:31:20 2024,Tomeco,Copiulemu,18.866666666666667,23.48,True,74.67137809187278
Tue Jun 25 03:31:20 2024,Copiulemu,Tomeco,16.3,22.002,True,80.98895705521473
Tue Jun 25 03:31:20 2024,Tomeco,Copiulemu,18.866666666666667,23.48,False,74.67137809187278
Tue Jun 25 03:31:20 2024,Copiulemu,Tomeco,16.3,22.002,False,80.98895705521473
