Fecha,From,To,Tiempo (min),Distancia (km),Real Time,Velocidad promedia
Tue Oct  3 19:28:08 2023,Tomeco,Copiulemu,17.566666666666666,23.39,True,79.88994307400381
Tue Oct  3 19:28:08 2023,Copiulemu,Tomeco,15.566666666666666,22.002,True,84.80428265524625
Tue Oct  3 19:28:08 2023,Tomeco,Copiulemu,17.466666666666665,23.39,False,80.34732824427482
Tue Oct  3 19:28:08 2023,Copiulemu,Tomeco,15.466666666666667,22.002,False,85.35258620689655
