Fecha,From,To,Tiempo (min),Distancia (km),Real Time,Velocidad promedia
Tue Nov 21 23:28:11 2023,Tomeco,Copiulemu,17.833333333333332,23.39,True,78.69532710280374
Tue Nov 21 23:28:11 2023,Copiulemu,Tomeco,15.016666666666667,22.002,True,87.91032186459489
Tue Nov 21 23:28:11 2023,Tomeco,Copiulemu,17.333333333333332,23.39,False,80.96538461538462
Tue Nov 21 23:28:11 2023,Copiulemu,Tomeco,15.016666666666667,22.002,False,87.91032186459489
