Fecha,From,To,Tiempo (min),Distancia (km),Real Time,Velocidad promedia
Tue Aug  9 20:36:57 2022,Tomeco,Copiulemu,16.966666666666665,23.39,True,82.71512770137525
Tue Aug  9 20:36:57 2022,Copiulemu,Tomeco,15.016666666666667,21.461,True,85.74872364039956
Tue Aug  9 20:36:57 2022,Tomeco,Copiulemu,16.966666666666665,23.39,False,82.71512770137525
Tue Aug  9 20:36:57 2022,Copiulemu,Tomeco,15.016666666666667,21.461,False,85.74872364039956
