Fecha,From,To,Tiempo (min),Distancia (km),Real Time,Velocidad promedia
Tue May 10 09:36:46 2022,Tomeco,Copiulemu,17.483333333333334,23.39,True,80.27073403241181
Tue May 10 09:36:46 2022,Copiulemu,Tomeco,14.65,22.002,True,90.11058020477815
Tue May 10 09:36:46 2022,Tomeco,Copiulemu,17.483333333333334,23.39,False,80.27073403241181
Tue May 10 09:36:46 2022,Copiulemu,Tomeco,14.65,22.002,False,90.11058020477815
