Fecha,From,To,Tiempo (min),Distancia (km),Real Time,Velocidad promedia
Tue Sep 27 22:43:18 2022,Tomeco,Copiulemu,16.833333333333332,23.39,True,83.37029702970297
Tue Sep 27 22:43:18 2022,Copiulemu,Tomeco,15.333333333333334,22.002,True,86.09478260869564
Tue Sep 27 22:43:18 2022,Tomeco,Copiulemu,16.6,23.39,False,84.5421686746988
Tue Sep 27 22:43:18 2022,Copiulemu,Tomeco,15.316666666666666,22.002,False,86.18846572361262
