Fecha,From,To,Tiempo (min),Distancia (km),Real Time,Velocidad promedia
Tue Jul  5 18:41:24 2022,Tomeco,Copiulemu,17.916666666666668,23.39,True,78.3293023255814
Tue Jul  5 18:41:24 2022,Copiulemu,Tomeco,15.066666666666666,22.002,True,87.61858407079646
Tue Jul  5 18:41:24 2022,Tomeco,Copiulemu,17.066666666666666,23.39,False,82.23046875
Tue Jul  5 18:41:24 2022,Copiulemu,Tomeco,14.85,22.002,False,88.89696969696969
