Fecha,From,To,Tiempo (min),Distancia (km),Real Time,Velocidad promedia
Tue Mar 12 03:29:28 2024,Tomeco,Copiulemu,18.416666666666668,23.48,True,76.49592760180995
Tue Mar 12 03:29:28 2024,Copiulemu,Tomeco,15.383333333333333,22.002,True,85.81495124593715
Tue Mar 12 03:29:28 2024,Tomeco,Copiulemu,18.416666666666668,23.48,False,76.49592760180995
Tue Mar 12 03:29:28 2024,Copiulemu,Tomeco,15.4,22.002,False,85.72207792207791
