Fecha,From,To,Tiempo (min),Distancia (km),Real Time,Velocidad promedia
Tue Mar 29 05:31:11 2022,Tomeco,Copiulemu,18.316666666666666,23.649,True,77.46715195632395
Tue Mar 29 05:31:11 2022,Copiulemu,Tomeco,15.516666666666667,22.002,True,85.07755102040815
Tue Mar 29 05:31:11 2022,Tomeco,Copiulemu,18.316666666666666,23.649,False,77.46715195632395
Tue Mar 29 05:31:11 2022,Copiulemu,Tomeco,15.516666666666667,22.002,False,85.07755102040815
