Fecha,From,To,Tiempo (min),Distancia (km),Real Time,Velocidad promedia
Tue Aug 13 18:37:13 2024,Tomeco,Copiulemu,17.75,23.48,True,79.36901408450704
Tue Aug 13 18:37:13 2024,Copiulemu,Tomeco,15.383333333333333,22.002,True,85.81495124593715
Tue Aug 13 18:37:13 2024,Tomeco,Copiulemu,17.75,23.48,False,79.36901408450704
Tue Aug 13 18:37:13 2024,Copiulemu,Tomeco,15.316666666666666,22.002,False,86.18846572361262
