Fecha,From,To,Tiempo (min),Distancia (km),Real Time,Velocidad promedia
Tue Apr 26 13:50:25 2022,Tomeco,Copiulemu,17.65,23.39,True,79.51274787535412
Tue Apr 26 13:50:25 2022,Copiulemu,Tomeco,14.766666666666667,22.002,True,89.39864559819412
Tue Apr 26 13:50:25 2022,Tomeco,Copiulemu,16.6,23.39,False,84.5421686746988
Tue Apr 26 13:50:25 2022,Copiulemu,Tomeco,14.5,22.002,False,91.04275862068965
