Fecha,From,To,Tiempo (min),Distancia (km),Real Time,Velocidad promedia
Tue Jun 21 14:32:55 2022,Tomeco,Copiulemu,16.783333333333335,23.39,True,83.61866931479642
Tue Jun 21 14:32:55 2022,Copiulemu,Tomeco,14.966666666666667,21.461,True,86.03518930957684
Tue Jun 21 14:32:55 2022,Tomeco,Copiulemu,16.783333333333335,23.39,False,83.61866931479642
Tue Jun 21 14:32:55 2022,Copiulemu,Tomeco,14.95,21.461,False,86.13110367892976
