Fecha,From,To,Tiempo (min),Distancia (km),Real Time,Velocidad promedia
Tue Apr 16 09:28:07 2024,Tomeco,Copiulemu,21.566666666666666,23.48,True,65.32302936630603
Tue Apr 16 09:28:07 2024,Copiulemu,Tomeco,15.366666666666667,22.002,True,85.90802603036876
Tue Apr 16 09:28:07 2024,Tomeco,Copiulemu,18.933333333333334,23.48,False,74.40845070422536
Tue Apr 16 09:28:07 2024,Copiulemu,Tomeco,15.366666666666667,22.002,False,85.90802603036876
