Fecha,From,To,Tiempo (min),Distancia (km),Real Time,Velocidad promedia
Tue Oct 31 21:28:08 2023,Tomeco,Copiulemu,17.716666666666665,23.39,True,79.21354656632174
Tue Oct 31 21:28:08 2023,Copiulemu,Tomeco,15.3,22.002,True,86.28235294117647
Tue Oct 31 21:28:08 2023,Tomeco,Copiulemu,17.716666666666665,23.39,False,79.21354656632174
Tue Oct 31 21:28:08 2023,Copiulemu,Tomeco,15.266666666666667,22.002,False,86.47074235807858
