Fecha,From,To,Tiempo (min),Distancia (km),Real Time,Velocidad promedia
Tue Nov  7 20:28:03 2023,Tomeco,Copiulemu,17.116666666666667,23.39,True,81.9902629016553
Tue Nov  7 20:28:03 2023,Copiulemu,Tomeco,15.383333333333333,22.002,True,85.81495124593715
Tue Nov  7 20:28:03 2023,Tomeco,Copiulemu,17.183333333333334,23.39,False,81.6721629485936
Tue Nov  7 20:28:03 2023,Copiulemu,Tomeco,15.2,22.002,False,86.85000000000001
