Fecha,From,To,Tiempo (min),Distancia (km),Real Time,Velocidad promedia
Tue Sep  3 10:36:14 2024,Tomeco,Copiulemu,18.583333333333332,23.48,True,75.80986547085203
Tue Sep  3 10:36:14 2024,Copiulemu,Tomeco,15.333333333333334,22.002,True,86.09478260869564
Tue Sep  3 10:36:14 2024,Tomeco,Copiulemu,18.566666666666666,23.48,False,75.87791741472172
Tue Sep  3 10:36:14 2024,Copiulemu,Tomeco,15.333333333333334,22.002,False,86.09478260869564
