Fecha,From,To,Tiempo (min),Distancia (km),Real Time,Velocidad promedia
Tue Aug 30 10:39:04 2022,Tomeco,Copiulemu,16.75,23.39,True,83.78507462686566
Tue Aug 30 10:39:04 2022,Copiulemu,Tomeco,14.85,22.002,True,88.89696969696969
Tue Aug 30 10:39:04 2022,Tomeco,Copiulemu,16.75,23.39,False,83.78507462686566
Tue Aug 30 10:39:04 2022,Copiulemu,Tomeco,14.85,22.002,False,88.89696969696969
