Fecha,From,To,Tiempo (min),Distancia (km),Real Time,Velocidad promedia
Tue Jul  5 05:36:23 2022,Tomeco,Copiulemu,20.483333333333334,23.39,True,68.51423921887714
Tue Jul  5 05:36:23 2022,Copiulemu,Tomeco,15.633333333333333,22.002,True,84.44264392324094
Tue Jul  5 05:36:23 2022,Tomeco,Copiulemu,17.6,23.39,False,79.73863636363636
Tue Jul  5 05:36:23 2022,Copiulemu,Tomeco,15.633333333333333,22.002,False,84.44264392324094
