Fecha,From,To,Tiempo (min),Distancia (km),Real Time,Velocidad promedia
Tue Nov 19 20:34:22 2024,Tomeco,Copiulemu,18.083333333333332,23.45,True,77.80645161290323
Tue Nov 19 20:34:22 2024,Copiulemu,Tomeco,15.4,21.968,True,85.5896103896104
Tue Nov 19 20:34:22 2024,Tomeco,Copiulemu,17.666666666666668,23.45,False,79.64150943396226
Tue Nov 19 20:34:22 2024,Copiulemu,Tomeco,15.283333333333333,21.968,False,86.24296619411123
