Fecha,From,To,Tiempo (min),Distancia (km),Real Time,Velocidad promedia
Tue May 31 19:30:05 2022,Tomeco,Copiulemu,17.15,23.39,True,81.83090379008746
Tue May 31 19:30:05 2022,Copiulemu,Tomeco,14.783333333333333,22.002,True,89.2978579481398
Tue May 31 19:30:05 2022,Tomeco,Copiulemu,16.716666666666665,23.39,False,83.95214356929213
Tue May 31 19:30:05 2022,Copiulemu,Tomeco,14.733333333333333,22.002,False,89.60090497737556
