Fecha,From,To,Tiempo (min),Distancia (km),Real Time,Velocidad promedia
Tue Jul 12 14:31:57 2022,Tomeco,Copiulemu,17.35,23.39,True,80.88760806916426
Tue Jul 12 14:31:57 2022,Copiulemu,Tomeco,15.45,21.461,True,83.34368932038834
Tue Jul 12 14:31:57 2022,Tomeco,Copiulemu,16.783333333333335,23.39,False,83.61866931479642
Tue Jul 12 14:31:57 2022,Copiulemu,Tomeco,14.966666666666667,21.461,False,86.03518930957684
