Fecha,From,To,Tiempo (min),Distancia (km),Real Time,Velocidad promedia
Tue Apr 23 01:31:59 2024,Tomeco,Copiulemu,18.983333333333334,23.48,True,74.2124670763828
Tue Apr 23 01:31:59 2024,Copiulemu,Tomeco,15.75,22.002,True,83.81714285714285
Tue Apr 23 01:31:59 2024,Tomeco,Copiulemu,18.266666666666666,23.48,False,77.1240875912409
Tue Apr 23 01:31:59 2024,Copiulemu,Tomeco,15.75,22.002,False,83.81714285714285
