Fecha,From,To,Tiempo (min),Distancia (km),Real Time,Velocidad promedia
Tue Sep  5 20:28:15 2023,Tomeco,Copiulemu,17.816666666666666,23.39,True,78.7689429373246
Tue Sep  5 20:28:15 2023,Copiulemu,Tomeco,16.233333333333334,22.002,True,81.32156057494866
Tue Sep  5 20:28:15 2023,Tomeco,Copiulemu,17.533333333333335,23.39,False,80.04182509505702
Tue Sep  5 20:28:15 2023,Copiulemu,Tomeco,14.916666666666666,22.002,False,88.49966480446928
