Fecha,From,To,Tiempo (min),Distancia (km),Real Time,Velocidad promedia
Tue Feb  6 17:28:06 2024,Tomeco,Copiulemu,18.8,23.48,True,74.93617021276596
Tue Feb  6 17:28:06 2024,Copiulemu,Tomeco,15.383333333333333,22.002,True,85.81495124593715
Tue Feb  6 17:28:06 2024,Tomeco,Copiulemu,18.4,23.48,False,76.56521739130436
Tue Feb  6 17:28:06 2024,Copiulemu,Tomeco,15.833333333333334,22.002,False,83.37599999999999
