Fecha,From,To,Tiempo (min),Distancia (km),Real Time,Velocidad promedia
Tue Jun 25 09:28:38 2024,Tomeco,Copiulemu,19.366666666666667,23.48,True,72.74354561101549
Tue Jun 25 09:28:38 2024,Copiulemu,Tomeco,16.116666666666667,22.002,True,81.91023784901756
Tue Jun 25 09:28:38 2024,Tomeco,Copiulemu,19.366666666666667,23.48,False,72.74354561101549
Tue Jun 25 09:28:38 2024,Copiulemu,Tomeco,16.116666666666667,22.002,False,81.91023784901756
