Fecha,From,To,Tiempo (min),Distancia (km),Real Time,Velocidad promedia
Tue Apr 26 11:31:23 2022,Tomeco,Copiulemu,18.016666666666666,23.39,True,77.89454209065681
Tue Apr 26 11:31:23 2022,Copiulemu,Tomeco,15.05,22.002,True,87.71561461794019
Tue Apr 26 11:31:23 2022,Tomeco,Copiulemu,16.9,23.39,False,83.04142011834321
Tue Apr 26 11:31:23 2022,Copiulemu,Tomeco,14.25,22.002,False,92.64
