Fecha,From,To,Tiempo (min),Distancia (km),Real Time,Velocidad promedia
Tue Aug  9 04:11:26 2022,Tomeco,Copiulemu,18.233333333333334,23.39,True,76.9689213893967
Tue Aug  9 04:11:26 2022,Copiulemu,Tomeco,15.516666666666667,22.002,True,85.07755102040815
Tue Aug  9 04:11:26 2022,Tomeco,Copiulemu,17.683333333333334,23.39,False,79.36286522148916
Tue Aug  9 04:11:26 2022,Copiulemu,Tomeco,15.516666666666667,22.002,False,85.07755102040815
