Fecha,From,To,Tiempo (min),Distancia (km),Real Time,Velocidad promedia
Tue Dec 19 07:28:07 2023,Tomeco,Copiulemu,17.933333333333334,23.39,True,78.25650557620818
Tue Dec 19 07:28:07 2023,Copiulemu,Tomeco,15.566666666666666,22.002,True,84.80428265524625
Tue Dec 19 07:28:07 2023,Tomeco,Copiulemu,17.933333333333334,23.39,False,78.25650557620818
Tue Dec 19 07:28:07 2023,Copiulemu,Tomeco,15.566666666666666,22.002,False,84.80428265524625
