Fecha,From,To,Tiempo (min),Distancia (km),Real Time,Velocidad promedia
Tue Jan 16 16:36:39 2024,Tomeco,Copiulemu,18.133333333333333,23.48,True,77.69117647058823
Tue Jan 16 16:36:39 2024,Copiulemu,Tomeco,14.983333333333333,22.002,True,88.1058954393771
Tue Jan 16 16:36:39 2024,Tomeco,Copiulemu,18.066666666666666,23.48,False,77.97785977859779
Tue Jan 16 16:36:39 2024,Copiulemu,Tomeco,14.883333333333333,22.002,False,88.69787234042553
