Fecha,From,To,Tiempo (min),Distancia (km),Real Time,Velocidad promedia
Tue Nov 14 04:29:41 2023,Tomeco,Copiulemu,18.133333333333333,23.39,True,77.39338235294117
Tue Nov 14 04:29:41 2023,Copiulemu,Tomeco,14.95,22.002,True,88.30234113712375
Tue Nov 14 04:29:41 2023,Tomeco,Copiulemu,18.133333333333333,23.39,False,77.39338235294117
Tue Nov 14 04:29:41 2023,Copiulemu,Tomeco,14.95,22.002,False,88.30234113712375
