Fecha,From,To,Tiempo (min),Distancia (km),Real Time,Velocidad promedia
Tue Jul 23 08:34:58 2024,Tomeco,Copiulemu,19.216666666666665,23.48,True,73.31136166522117
Tue Jul 23 08:34:58 2024,Copiulemu,Tomeco,15.866666666666667,22.002,True,83.20084033613446
Tue Jul 23 08:34:58 2024,Tomeco,Copiulemu,19.216666666666665,23.48,False,73.31136166522117
Tue Jul 23 08:34:58 2024,Copiulemu,Tomeco,15.866666666666667,22.002,False,83.20084033613446
