Fecha,From,To,Tiempo (min),Distancia (km),Real Time,Velocidad promedia
Tue Jul 23 09:29:46 2024,Tomeco,Copiulemu,19.333333333333332,23.48,True,72.86896551724139
Tue Jul 23 09:29:46 2024,Copiulemu,Tomeco,16.25,22.002,True,81.23815384615385
Tue Jul 23 09:29:46 2024,Tomeco,Copiulemu,19.333333333333332,23.48,False,72.86896551724139
Tue Jul 23 09:29:46 2024,Copiulemu,Tomeco,16.25,22.002,False,81.23815384615385
