Fecha,From,To,Tiempo (min),Distancia (km),Real Time,Velocidad promedia
Tue Sep 10 15:31:34 2024,Tomeco,Copiulemu,18.283333333333335,23.48,True,77.05378304466727
Tue Sep 10 15:31:34 2024,Copiulemu,Tomeco,15.783333333333333,22.002,True,83.64012671594509
Tue Sep 10 15:31:34 2024,Tomeco,Copiulemu,18.033333333333335,23.48,False,78.12199630314232
Tue Sep 10 15:31:34 2024,Copiulemu,Tomeco,15.1,22.002,False,87.4251655629139
