Fecha,From,To,Tiempo (min),Distancia (km),Real Time,Velocidad promedia
Tue Jun 14 11:29:57 2022,Tomeco,Copiulemu,16.95,23.39,True,82.79646017699116
Tue Jun 14 11:29:57 2022,Copiulemu,Tomeco,15.083333333333334,21.461,True,85.36972375690607
Tue Jun 14 11:29:57 2022,Tomeco,Copiulemu,16.95,23.39,False,82.79646017699116
Tue Jun 14 11:29:57 2022,Copiulemu,Tomeco,14.85,21.461,False,86.71111111111111
