Fecha,From,To,Tiempo (min),Distancia (km),Real Time,Velocidad promedia
Tue Nov 19 13:39:48 2024,Tomeco,Copiulemu,19.183333333333334,23.498,True,73.49504778453519
Tue Nov 19 13:39:48 2024,Copiulemu,Tomeco,15.733333333333333,21.968,True,83.7762711864407
Tue Nov 19 13:39:48 2024,Tomeco,Copiulemu,18.433333333333334,23.498,False,76.48535262206148
Tue Nov 19 13:39:48 2024,Copiulemu,Tomeco,15.333333333333334,21.968,False,85.96173913043476
