Fecha,From,To,Tiempo (min),Distancia (km),Real Time,Velocidad promedia
Tue Mar 29 21:31:28 2022,Tomeco,Copiulemu,18.466666666666665,23.39,True,75.99638989169675
Tue Mar 29 21:31:28 2022,Copiulemu,Tomeco,14.866666666666667,22.002,True,88.79730941704035
Tue Mar 29 21:31:28 2022,Tomeco,Copiulemu,18.266666666666666,23.39,False,76.82846715328468
Tue Mar 29 21:31:28 2022,Copiulemu,Tomeco,14.966666666666667,22.002,False,88.20400890868596
