Fecha,From,To,Tiempo (min),Distancia (km),Real Time,Velocidad promedia
Tue Sep 26 11:28:25 2023,Tomeco,Copiulemu,17.433333333333334,23.39,True,80.50095602294455
Tue Sep 26 11:28:25 2023,Copiulemu,Tomeco,14.683333333333334,21.461,True,87.69534619750283
Tue Sep 26 11:28:25 2023,Tomeco,Copiulemu,17.183333333333334,23.39,False,81.6721629485936
Tue Sep 26 11:28:25 2023,Copiulemu,Tomeco,14.666666666666666,21.461,False,87.795
