Fecha,From,To,Tiempo (min),Distancia (km),Real Time,Velocidad promedia
Tue Nov 14 01:32:01 2023,Tomeco,Copiulemu,17.933333333333334,23.39,True,78.25650557620818
Tue Nov 14 01:32:01 2023,Copiulemu,Tomeco,15.333333333333334,22.002,True,86.09478260869564
Tue Nov 14 01:32:01 2023,Tomeco,Copiulemu,17.933333333333334,23.39,False,78.25650557620818
Tue Nov 14 01:32:01 2023,Copiulemu,Tomeco,15.333333333333334,22.002,False,86.09478260869564
