Fecha,From,To,Tiempo (min),Distancia (km),Real Time,Velocidad promedia
Tue Jun  4 22:32:24 2024,Tomeco,Copiulemu,18.366666666666667,23.48,True,76.70417422867514
Tue Jun  4 22:32:24 2024,Copiulemu,Tomeco,15.45,22.002,True,85.44466019417474
Tue Jun  4 22:32:24 2024,Tomeco,Copiulemu,17.866666666666667,23.48,False,78.8507462686567
Tue Jun  4 22:32:24 2024,Copiulemu,Tomeco,15.3,22.002,False,86.28235294117647
