Fecha,From,To,Tiempo (min),Distancia (km),Real Time,Velocidad promedia
Tue Aug 20 21:28:45 2024,Tomeco,Copiulemu,21.416666666666668,23.48,True,65.7805447470817
Tue Aug 20 21:28:45 2024,Copiulemu,Tomeco,15.283333333333333,22.002,True,86.37644492911667
Tue Aug 20 21:28:45 2024,Tomeco,Copiulemu,17.683333333333334,23.48,False,79.66823751178134
Tue Aug 20 21:28:45 2024,Copiulemu,Tomeco,15.2,22.002,False,86.85000000000001
