Fecha,From,To,Tiempo (min),Distancia (km),Real Time,Velocidad promedia
Tue Nov  7 11:28:12 2023,Tomeco,Copiulemu,17.116666666666667,23.39,True,81.9902629016553
Tue Nov  7 11:28:12 2023,Copiulemu,Tomeco,14.716666666666667,22.002,True,89.70237825594563
Tue Nov  7 11:28:12 2023,Tomeco,Copiulemu,17.15,23.39,False,81.83090379008746
Tue Nov  7 11:28:12 2023,Copiulemu,Tomeco,14.583333333333334,22.002,False,90.52251428571428
