Fecha,From,To,Tiempo (min),Distancia (km),Real Time,Velocidad promedia
Tue Oct 22 17:32:57 2024,Tomeco,Copiulemu,18.016666666666666,23.48,True,78.19426456984274
Tue Oct 22 17:32:57 2024,Copiulemu,Tomeco,15.516666666666667,22.002,True,85.07755102040815
Tue Oct 22 17:32:57 2024,Tomeco,Copiulemu,18.033333333333335,23.48,False,78.12199630314232
Tue Oct 22 17:32:57 2024,Copiulemu,Tomeco,15.216666666666667,22.002,False,86.75487404162102
