Fecha,From,To,Tiempo (min),Distancia (km),Real Time,Velocidad promedia
Tue Oct 22 13:37:33 2024,Tomeco,Copiulemu,18.3,23.512,True,77.08852459016394
Tue Oct 22 13:37:33 2024,Copiulemu,Tomeco,15.183333333333334,22.002,True,86.94533479692646
Tue Oct 22 13:37:33 2024,Tomeco,Copiulemu,18.216666666666665,23.512,False,77.44117108874657
Tue Oct 22 13:37:33 2024,Copiulemu,Tomeco,15.133333333333333,22.002,False,87.23259911894272
