Fecha,From,To,Tiempo (min),Distancia (km),Real Time,Velocidad promedia
Tue Mar  5 14:28:08 2024,Tomeco,Copiulemu,18.716666666666665,23.48,True,75.26981300089048
Tue Mar  5 14:28:08 2024,Copiulemu,Tomeco,15.35,22.002,True,86.0013029315961
Tue Mar  5 14:28:08 2024,Tomeco,Copiulemu,17.883333333333333,23.48,False,78.77726001863932
Tue Mar  5 14:28:08 2024,Copiulemu,Tomeco,15.233333333333333,22.002,False,86.65995623632385
