Fecha,From,To,Tiempo (min),Distancia (km),Real Time,Velocidad promedia
Tue Apr  9 20:28:13 2024,Tomeco,Copiulemu,17.933333333333334,23.48,True,78.55762081784387
Tue Apr  9 20:28:13 2024,Copiulemu,Tomeco,15.416666666666666,22.002,True,85.62940540540541
Tue Apr  9 20:28:13 2024,Tomeco,Copiulemu,17.916666666666668,23.48,False,78.63069767441861
Tue Apr  9 20:28:13 2024,Copiulemu,Tomeco,15.383333333333333,22.002,False,85.81495124593715
