Fecha,From,To,Tiempo (min),Distancia (km),Real Time,Velocidad promedia
Tue Dec 10 15:37:35 2024,Tomeco,Copiulemu,19.2,23.45,True,73.28125
Tue Dec 10 15:37:35 2024,Copiulemu,Tomeco,15.35,21.968,True,85.8684039087948
Tue Dec 10 15:37:35 2024,Tomeco,Copiulemu,17.8,23.45,False,79.04494382022472
Tue Dec 10 15:37:35 2024,Copiulemu,Tomeco,15.233333333333333,21.968,False,86.52603938730853
