Fecha,From,To,Tiempo (min),Distancia (km),Real Time,Velocidad promedia
Tue Oct 24 08:30:38 2023,Tomeco,Copiulemu,18.133333333333333,23.39,True,77.39338235294117
Tue Oct 24 08:30:38 2023,Copiulemu,Tomeco,15.35,22.002,True,86.0013029315961
Tue Oct 24 08:30:38 2023,Tomeco,Copiulemu,18.133333333333333,23.39,False,77.39338235294117
Tue Oct 24 08:30:38 2023,Copiulemu,Tomeco,15.35,22.002,False,86.0013029315961
