Fecha,From,To,Tiempo (min),Distancia (km),Real Time,Velocidad promedia
Tue Dec 19 10:32:56 2023,Tomeco,Copiulemu,16.916666666666668,23.39,True,82.95960591133006
Tue Dec 19 10:32:56 2023,Copiulemu,Tomeco,14.833333333333334,21.461,True,86.80853932584269
Tue Dec 19 10:32:56 2023,Tomeco,Copiulemu,16.916666666666668,23.39,False,82.95960591133006
Tue Dec 19 10:32:56 2023,Copiulemu,Tomeco,14.416666666666666,21.461,False,89.31745664739884
