Fecha,From,To,Tiempo (min),Distancia (km),Real Time,Velocidad promedia
Tue Nov 12 06:40:09 2024,Tomeco,Copiulemu,18.683333333333334,23.45,True,75.30776092774309
Tue Nov 12 06:40:09 2024,Copiulemu,Tomeco,15.9,21.968,True,82.89811320754717
Tue Nov 12 06:40:09 2024,Tomeco,Copiulemu,18.666666666666668,23.45,False,75.375
Tue Nov 12 06:40:09 2024,Copiulemu,Tomeco,15.9,21.968,False,82.89811320754717
