Fecha,From,To,Tiempo (min),Distancia (km),Real Time,Velocidad promedia
Tue Oct 29 20:33:24 2024,Tomeco,Copiulemu,17.933333333333334,23.498,True,78.61784386617101
Tue Oct 29 20:33:24 2024,Copiulemu,Tomeco,15.266666666666667,21.968,True,86.33711790393012
Tue Oct 29 20:33:24 2024,Tomeco,Copiulemu,17.916666666666668,23.498,False,78.69097674418605
Tue Oct 29 20:33:24 2024,Copiulemu,Tomeco,15.1,21.968,False,87.29006622516557
