Fecha,From,To,Tiempo (min),Distancia (km),Real Time,Velocidad promedia
Tue Apr 19 22:37:11 2022,Tomeco,Copiulemu,18.083333333333332,23.39,True,77.6073732718894
Tue Apr 19 22:37:11 2022,Copiulemu,Tomeco,14.633333333333333,22.002,True,90.2132118451025
Tue Apr 19 22:37:11 2022,Tomeco,Copiulemu,17.766666666666666,23.39,False,78.9906191369606
Tue Apr 19 22:37:11 2022,Copiulemu,Tomeco,14.533333333333333,22.002,False,90.83394495412843
