Fecha,From,To,Tiempo (min),Distancia (km),Real Time,Velocidad promedia
Tue Jun 11 19:28:11 2024,Tomeco,Copiulemu,18.316666666666666,23.48,True,76.91355777979983
Tue Jun 11 19:28:11 2024,Copiulemu,Tomeco,15.266666666666667,22.002,True,86.47074235807858
Tue Jun 11 19:28:11 2024,Tomeco,Copiulemu,17.933333333333334,23.48,False,78.55762081784387
Tue Jun 11 19:28:11 2024,Copiulemu,Tomeco,15.15,22.002,False,87.13663366336633
