Fecha,From,To,Tiempo (min),Distancia (km),Real Time,Velocidad promedia
Tue Sep 17 18:38:58 2024,Tomeco,Copiulemu,18.316666666666666,23.48,True,76.91355777979983
Tue Sep 17 18:38:58 2024,Copiulemu,Tomeco,15.966666666666667,22.002,True,82.67974947807932
Tue Sep 17 18:38:58 2024,Tomeco,Copiulemu,18.083333333333332,23.48,False,77.90599078341015
Tue Sep 17 18:38:58 2024,Copiulemu,Tomeco,15.266666666666667,22.002,False,86.47074235807858
