Fecha,From,To,Tiempo (min),Distancia (km),Real Time,Velocidad promedia
Tue Jun 18 21:28:06 2024,Tomeco,Copiulemu,18.283333333333335,23.48,True,77.05378304466727
Tue Jun 18 21:28:06 2024,Copiulemu,Tomeco,15.85,22.002,True,83.28832807570977
Tue Jun 18 21:28:06 2024,Tomeco,Copiulemu,18.216666666666665,23.48,False,77.33577310155536
Tue Jun 18 21:28:06 2024,Copiulemu,Tomeco,15.85,22.002,False,83.28832807570977
