Fecha,From,To,Tiempo (min),Distancia (km),Real Time,Velocidad promedia
Tue Apr 16 19:27:59 2024,Tomeco,Copiulemu,18.033333333333335,23.48,True,78.12199630314232
Tue Apr 16 19:27:59 2024,Copiulemu,Tomeco,15.016666666666667,22.002,True,87.91032186459489
Tue Apr 16 19:27:59 2024,Tomeco,Copiulemu,18.033333333333335,23.48,False,78.12199630314232
Tue Apr 16 19:27:59 2024,Copiulemu,Tomeco,14.766666666666667,22.002,False,89.39864559819412
