Fecha,From,To,Tiempo (min),Distancia (km),Real Time,Velocidad promedia
Tue Apr 19 17:41:15 2022,Tomeco,Copiulemu,18.133333333333333,23.39,True,77.39338235294117
Tue Apr 19 17:41:15 2022,Copiulemu,Tomeco,14.966666666666667,22.002,True,88.20400890868596
Tue Apr 19 17:41:15 2022,Tomeco,Copiulemu,18.1,23.39,False,77.53591160220994
Tue Apr 19 17:41:15 2022,Copiulemu,Tomeco,14.9,22.002,False,88.59865771812079
