Fecha,From,To,Tiempo (min),Distancia (km),Real Time,Velocidad promedia
Tue Sep 12 15:28:07 2023,Tomeco,Copiulemu,17.933333333333334,23.39,True,78.25650557620818
Tue Sep 12 15:28:07 2023,Copiulemu,Tomeco,15.15,22.002,True,87.13663366336633
Tue Sep 12 15:28:07 2023,Tomeco,Copiulemu,17.166666666666668,23.39,False,81.7514563106796
Tue Sep 12 15:28:07 2023,Copiulemu,Tomeco,15.15,22.002,False,87.13663366336633
