Fecha,From,To,Tiempo (min),Distancia (km),Real Time,Velocidad promedia
Tue May 10 11:32:32 2022,Tomeco,Copiulemu,16.65,23.39,True,84.2882882882883
Tue May 10 11:32:32 2022,Copiulemu,Tomeco,15.0,22.002,True,88.008
Tue May 10 11:32:32 2022,Tomeco,Copiulemu,16.65,23.39,False,84.2882882882883
Tue May 10 11:32:32 2022,Copiulemu,Tomeco,14.816666666666666,22.002,False,89.09696287964005
