Fecha,From,To,Tiempo (min),Distancia (km),Real Time,Velocidad promedia
Tue Sep 27 08:57:39 2022,Tomeco,Copiulemu,17.3,23.39,True,81.121387283237
Tue Sep 27 08:57:39 2022,Copiulemu,Tomeco,14.833333333333334,22.002,True,88.99685393258426
Tue Sep 27 08:57:39 2022,Tomeco,Copiulemu,17.3,23.39,False,81.121387283237
Tue Sep 27 08:57:39 2022,Copiulemu,Tomeco,14.833333333333334,22.002,False,88.99685393258426
