Fecha,From,To,Tiempo (min),Distancia (km),Real Time,Velocidad promedia
Tue Sep 10 19:28:01 2024,Tomeco,Copiulemu,17.933333333333334,23.48,True,78.55762081784387
Tue Sep 10 19:28:01 2024,Copiulemu,Tomeco,15.683333333333334,22.002,True,84.17343251859724
Tue Sep 10 19:28:01 2024,Tomeco,Copiulemu,17.916666666666668,23.48,False,78.63069767441861
Tue Sep 10 19:28:01 2024,Copiulemu,Tomeco,15.283333333333333,22.002,False,86.37644492911667
