Fecha,From,To,Tiempo (min),Distancia (km),Real Time,Velocidad promedia
Tue Oct 29 19:28:03 2024,Tomeco,Copiulemu,18.4,23.498,True,76.62391304347827
Tue Oct 29 19:28:03 2024,Copiulemu,Tomeco,15.566666666666666,21.968,True,84.67323340471093
Tue Oct 29 19:28:03 2024,Tomeco,Copiulemu,18.366666666666667,23.498,False,76.76297640653358
Tue Oct 29 19:28:03 2024,Copiulemu,Tomeco,15.3,21.968,False,86.14901960784313
