Fecha,From,To,Tiempo (min),Distancia (km),Real Time,Velocidad promedia
Tue Oct  1 11:29:20 2024,Tomeco,Copiulemu,17.566666666666666,23.48,True,80.19734345351044
Tue Oct  1 11:29:20 2024,Copiulemu,Tomeco,14.65,22.002,True,90.11058020477815
Tue Oct  1 11:29:20 2024,Tomeco,Copiulemu,17.55,23.48,False,80.27350427350426
Tue Oct  1 11:29:20 2024,Copiulemu,Tomeco,14.6,22.002,False,90.41917808219178
