Fecha,From,To,Tiempo (min),Distancia (km),Real Time,Velocidad promedia
Tue Sep 26 19:28:04 2023,Tomeco,Copiulemu,17.533333333333335,23.39,True,80.04182509505702
Tue Sep 26 19:28:04 2023,Copiulemu,Tomeco,15.583333333333334,22.002,True,84.71358288770053
Tue Sep 26 19:28:04 2023,Tomeco,Copiulemu,17.466666666666665,23.39,False,80.34732824427482
Tue Sep 26 19:28:04 2023,Copiulemu,Tomeco,15.466666666666667,22.002,False,85.35258620689655
