Fecha,From,To,Tiempo (min),Distancia (km),Real Time,Velocidad promedia
Tue May 28 11:28:07 2024,Tomeco,Copiulemu,18.2,23.48,True,77.4065934065934
Tue May 28 11:28:07 2024,Copiulemu,Tomeco,15.2,22.002,True,86.85000000000001
Tue May 28 11:28:07 2024,Tomeco,Copiulemu,17.683333333333334,23.48,False,79.66823751178134
Tue May 28 11:28:07 2024,Copiulemu,Tomeco,14.983333333333333,22.002,False,88.1058954393771
