Fecha,From,To,Tiempo (min),Distancia (km),Real Time,Velocidad promedia
Tue Jan  2 07:28:10 2024,Tomeco,Copiulemu,17.733333333333334,23.39,True,79.1390977443609
Tue Jan  2 07:28:10 2024,Copiulemu,Tomeco,15.933333333333334,21.461,True,80.81548117154811
Tue Jan  2 07:28:10 2024,Tomeco,Copiulemu,18.033333333333335,23.39,False,77.82255083179297
Tue Jan  2 07:28:10 2024,Copiulemu,Tomeco,15.933333333333334,21.461,False,80.81548117154811
