Fecha,From,To,Tiempo (min),Distancia (km),Real Time,Velocidad promedia
Tue Oct 17 06:32:33 2023,Tomeco,Copiulemu,17.65,23.39,True,79.51274787535412
Tue Oct 17 06:32:33 2023,Copiulemu,Tomeco,15.35,22.002,True,86.0013029315961
Tue Oct 17 06:32:33 2023,Tomeco,Copiulemu,17.65,23.39,False,79.51274787535412
Tue Oct 17 06:32:33 2023,Copiulemu,Tomeco,15.35,22.002,False,86.0013029315961
