Fecha,From,To,Tiempo (min),Distancia (km),Real Time,Velocidad promedia
Tue Dec  3 11:29:39 2024,Tomeco,Copiulemu,18.183333333333334,23.45,True,77.37855178735104
Tue Dec  3 11:29:39 2024,Copiulemu,Tomeco,14.733333333333333,21.968,True,89.46244343891402
Tue Dec  3 11:29:39 2024,Tomeco,Copiulemu,17.8,23.45,False,79.04494382022472
Tue Dec  3 11:29:39 2024,Copiulemu,Tomeco,14.483333333333333,21.968,False,91.00667433831991
