Fecha,From,To,Tiempo (min),Distancia (km),Real Time,Velocidad promedia
Tue Jul 26 05:51:40 2022,Tomeco,Copiulemu,17.716666666666665,23.39,True,79.21354656632174
Tue Jul 26 05:51:40 2022,Copiulemu,Tomeco,15.633333333333333,22.002,True,84.44264392324094
Tue Jul 26 05:51:40 2022,Tomeco,Copiulemu,17.683333333333334,23.39,False,79.36286522148916
Tue Jul 26 05:51:40 2022,Copiulemu,Tomeco,15.616666666666667,22.002,False,84.53276414087513
