Fecha,From,To,Tiempo (min),Distancia (km),Real Time,Velocidad promedia
Tue Apr 23 02:35:31 2024,Tomeco,Copiulemu,18.583333333333332,23.48,True,75.80986547085203
Tue Apr 23 02:35:31 2024,Copiulemu,Tomeco,15.816666666666666,22.002,True,83.46385669125394
Tue Apr 23 02:35:31 2024,Tomeco,Copiulemu,18.583333333333332,23.48,False,75.80986547085203
Tue Apr 23 02:35:31 2024,Copiulemu,Tomeco,15.816666666666666,22.002,False,83.46385669125394
