Fecha,From,To,Tiempo (min),Distancia (km),Real Time,Velocidad promedia
Tue Sep 20 23:42:02 2022,Tomeco,Copiulemu,17.583333333333332,23.39,True,79.81421800947868
Tue Sep 20 23:42:02 2022,Copiulemu,Tomeco,15.283333333333333,22.002,True,86.37644492911667
Tue Sep 20 23:42:02 2022,Tomeco,Copiulemu,17.55,23.39,False,79.96581196581195
Tue Sep 20 23:42:02 2022,Copiulemu,Tomeco,15.066666666666666,22.002,False,87.61858407079646
