Fecha,From,To,Tiempo (min),Distancia (km),Real Time,Velocidad promedia
Tue Nov 28 04:31:07 2023,Tomeco,Copiulemu,17.85,23.39,True,78.62184873949579
Tue Nov 28 04:31:07 2023,Copiulemu,Tomeco,15.15,22.002,True,87.13663366336633
Tue Nov 28 04:31:07 2023,Tomeco,Copiulemu,17.85,23.39,False,78.62184873949579
Tue Nov 28 04:31:07 2023,Copiulemu,Tomeco,15.15,22.002,False,87.13663366336633
