Fecha,From,To,Tiempo (min),Distancia (km),Real Time,Velocidad promedia
Wed Aug  7 07:28:02 2024,Tomeco,Copiulemu,18.483333333333334,23.48,True,76.2200180342651
Wed Aug  7 07:28:02 2024,Copiulemu,Tomeco,16.05,22.002,True,82.25046728971962
Wed Aug  7 07:28:02 2024,Tomeco,Copiulemu,18.483333333333334,23.48,False,76.2200180342651
Wed Aug  7 07:28:02 2024,Copiulemu,Tomeco,16.05,22.002,False,82.25046728971962
