Fecha,From,To,Tiempo (min),Distancia (km),Real Time,Velocidad promedia
Wed Oct 16 17:36:34 2024,Tomeco,Copiulemu,19.75,23.48,True,71.33164556962025
Wed Oct 16 17:36:34 2024,Copiulemu,Tomeco,15.566666666666666,22.002,True,84.80428265524625
Wed Oct 16 17:36:34 2024,Tomeco,Copiulemu,18.166666666666668,23.48,False,77.548623853211
Wed Oct 16 17:36:34 2024,Copiulemu,Tomeco,15.333333333333334,22.002,False,86.09478260869564
