Fecha,From,To,Tiempo (min),Distancia (km),Real Time,Velocidad promedia
Wed Oct 30 15:34:44 2024,Tomeco,Copiulemu,18.283333333333335,23.45,True,76.9553327256153
Wed Oct 30 15:34:44 2024,Copiulemu,Tomeco,15.3,21.968,True,86.14901960784313
Wed Oct 30 15:34:44 2024,Tomeco,Copiulemu,18.15,23.45,False,77.52066115702479
Wed Oct 30 15:34:44 2024,Copiulemu,Tomeco,15.216666666666667,21.968,False,86.62081051478641
