Fecha,From,To,Tiempo (min),Distancia (km),Real Time,Velocidad promedia
Wed Sep 14 03:11:52 2022,Tomeco,Copiulemu,17.316666666666666,23.39,True,81.04331087584217
Wed Sep 14 03:11:52 2022,Copiulemu,Tomeco,14.75,22.002,True,89.49966101694915
Wed Sep 14 03:11:52 2022,Tomeco,Copiulemu,17.316666666666666,23.39,False,81.04331087584217
Wed Sep 14 03:11:52 2022,Copiulemu,Tomeco,15.116666666666667,22.002,False,87.328776185226
