Fecha,From,To,Tiempo (min),Distancia (km),Real Time,Velocidad promedia
Wed Apr 24 16:32:51 2024,Tomeco,Copiulemu,18.25,23.739,True,78.04602739726029
Wed Apr 24 16:32:51 2024,Copiulemu,Tomeco,16.233333333333334,22.002,True,81.32156057494866
Wed Apr 24 16:32:51 2024,Tomeco,Copiulemu,18.25,23.739,False,78.04602739726029
Wed Apr 24 16:32:51 2024,Copiulemu,Tomeco,16.233333333333334,22.002,False,81.32156057494866
