Fecha,From,To,Tiempo (min),Distancia (km),Real Time,Velocidad promedia
Wed Oct 18 02:31:20 2023,Tomeco,Copiulemu,18.066666666666666,23.39,True,77.6789667896679
Wed Oct 18 02:31:20 2023,Copiulemu,Tomeco,15.4,22.002,True,85.72207792207791
Wed Oct 18 02:31:20 2023,Tomeco,Copiulemu,17.766666666666666,23.39,False,78.9906191369606
Wed Oct 18 02:31:20 2023,Copiulemu,Tomeco,15.4,22.002,False,85.72207792207791
