Fecha,From,To,Tiempo (min),Distancia (km),Real Time,Velocidad promedia
Wed Nov 13 07:30:23 2024,Tomeco,Copiulemu,18.566666666666666,23.45,True,75.78096947935367
Wed Nov 13 07:30:23 2024,Copiulemu,Tomeco,15.766666666666667,21.968,True,83.59915433403806
Wed Nov 13 07:30:23 2024,Tomeco,Copiulemu,18.55,23.45,False,75.84905660377358
Wed Nov 13 07:30:23 2024,Copiulemu,Tomeco,15.766666666666667,21.968,False,83.59915433403806
