Fecha,From,To,Tiempo (min),Distancia (km),Real Time,Velocidad promedia
Wed Nov  6 10:37:57 2024,Tomeco,Copiulemu,18.233333333333334,23.45,True,77.16636197440583
Wed Nov  6 10:37:57 2024,Copiulemu,Tomeco,14.85,21.968,True,88.75959595959596
Wed Nov  6 10:37:57 2024,Tomeco,Copiulemu,17.45,23.45,False,80.63037249283667
Wed Nov  6 10:37:57 2024,Copiulemu,Tomeco,14.716666666666667,21.968,False,89.56375990939976
