Fecha,From,To,Tiempo (min),Distancia (km),Real Time,Velocidad promedia
Wed Mar  6 09:28:03 2024,Tomeco,Copiulemu,18.1,23.739,True,78.692817679558
Wed Mar  6 09:28:03 2024,Copiulemu,Tomeco,14.783333333333333,22.002,True,89.2978579481398
Wed Mar  6 09:28:03 2024,Tomeco,Copiulemu,17.3,23.739,False,82.33179190751446
Wed Mar  6 09:28:03 2024,Copiulemu,Tomeco,14.783333333333333,22.002,False,89.2978579481398
