Fecha,From,To,Tiempo (min),Distancia (km),Real Time,Velocidad promedia
Wed Jun  5 07:28:12 2024,Tomeco,Copiulemu,18.55,23.48,True,75.94609164420484
Wed Jun  5 07:28:12 2024,Copiulemu,Tomeco,15.483333333333333,22.002,True,85.26071044133477
Wed Jun  5 07:28:12 2024,Tomeco,Copiulemu,18.55,23.48,False,75.94609164420484
Wed Jun  5 07:28:12 2024,Copiulemu,Tomeco,15.483333333333333,22.002,False,85.26071044133477
