Fecha,From,To,Tiempo (min),Distancia (km),Real Time,Velocidad promedia
Wed Sep 18 01:51:10 2024,Tomeco,Copiulemu,18.433333333333334,23.48,True,76.42676311030742
Wed Sep 18 01:51:10 2024,Copiulemu,Tomeco,16.183333333333334,22.002,True,81.5728115345005
Wed Sep 18 01:51:10 2024,Tomeco,Copiulemu,18.45,23.48,False,76.35772357723577
Wed Sep 18 01:51:10 2024,Copiulemu,Tomeco,16.083333333333332,22.002,False,82.08
