Fecha,From,To,Tiempo (min),Distancia (km),Real Time,Velocidad promedia
Wed Mar 13 04:28:39 2024,Tomeco,Copiulemu,19.283333333333335,23.48,True,73.05790838375108
Wed Mar 13 04:28:39 2024,Copiulemu,Tomeco,15.383333333333333,22.002,True,85.81495124593715
Wed Mar 13 04:28:39 2024,Tomeco,Copiulemu,19.283333333333335,23.48,False,73.05790838375108
Wed Mar 13 04:28:39 2024,Copiulemu,Tomeco,15.35,22.002,False,86.0013029315961
