Fecha,From,To,Tiempo (min),Distancia (km),Real Time,Velocidad promedia
Wed May 29 03:30:38 2024,Tomeco,Copiulemu,19.583333333333332,23.48,True,71.93872340425531
Wed May 29 03:30:38 2024,Copiulemu,Tomeco,15.75,22.002,True,83.81714285714285
Wed May 29 03:30:38 2024,Tomeco,Copiulemu,18.7,23.48,False,75.33689839572193
Wed May 29 03:30:38 2024,Copiulemu,Tomeco,16.066666666666666,22.002,False,82.16514522821576
