Fecha,From,To,Tiempo (min),Distancia (km),Real Time,Velocidad promedia
Wed May  8 01:13:10 2024,Tomeco,Copiulemu,18.033333333333335,23.48,True,78.12199630314232
Wed May  8 01:13:10 2024,Copiulemu,Tomeco,16.383333333333333,22.002,True,80.57700915564598
Wed May  8 01:13:10 2024,Tomeco,Copiulemu,17.966666666666665,23.48,False,78.41187384044528
Wed May  8 01:13:10 2024,Copiulemu,Tomeco,15.833333333333334,22.002,False,83.37599999999999
