Fecha,From,To,Tiempo (min),Distancia (km),Real Time,Velocidad promedia
Wed Aug 28 16:39:53 2024,Tomeco,Copiulemu,18.033333333333335,23.48,True,78.12199630314232
Wed Aug 28 16:39:53 2024,Copiulemu,Tomeco,15.483333333333333,22.002,True,85.26071044133477
Wed Aug 28 16:39:53 2024,Tomeco,Copiulemu,17.816666666666666,23.48,False,79.07202993451824
Wed Aug 28 16:39:53 2024,Copiulemu,Tomeco,15.316666666666666,22.002,False,86.18846572361262
