Fecha,From,To,Tiempo (min),Distancia (km),Real Time,Velocidad promedia
Wed Sep 28 17:55:58 2022,Tomeco,Copiulemu,17.666666666666668,23.39,True,79.43773584905661
Wed Sep 28 17:55:58 2022,Copiulemu,Tomeco,14.5,22.002,True,91.04275862068965
Wed Sep 28 17:55:58 2022,Tomeco,Copiulemu,16.516666666666666,23.39,False,84.96871846619577
Wed Sep 28 17:55:58 2022,Copiulemu,Tomeco,14.5,22.002,False,91.04275862068965
