Fecha,From,To,Tiempo (min),Distancia (km),Real Time,Velocidad promedia
Wed Sep 21 17:48:01 2022,Tomeco,Copiulemu,17.016666666666666,23.39,True,82.4720861900098
Wed Sep 21 17:48:01 2022,Copiulemu,Tomeco,15.233333333333333,21.461,True,84.52910284463894
Wed Sep 21 17:48:01 2022,Tomeco,Copiulemu,16.716666666666665,23.39,False,83.95214356929213
Wed Sep 21 17:48:01 2022,Copiulemu,Tomeco,15.033333333333333,21.461,False,85.65365853658537
