Fecha,From,To,Tiempo (min),Distancia (km),Real Time,Velocidad promedia
Wed Apr 24 21:28:14 2024,Tomeco,Copiulemu,18.566666666666666,23.739,True,76.71490125673249
Wed Apr 24 21:28:14 2024,Copiulemu,Tomeco,17.4,21.581,True,74.41724137931035
Wed Apr 24 21:28:14 2024,Tomeco,Copiulemu,18.533333333333335,23.739,False,76.85287769784172
Wed Apr 24 21:28:14 2024,Copiulemu,Tomeco,15.583333333333334,21.581,False,83.0926203208556
