Fecha,From,To,Tiempo (min),Distancia (km),Real Time,Velocidad promedia
Wed Jan 10 20:28:01 2024,Tomeco,Copiulemu,18.4,23.48,True,76.56521739130436
Wed Jan 10 20:28:01 2024,Copiulemu,Tomeco,15.35,22.002,True,86.0013029315961
Wed Jan 10 20:28:01 2024,Tomeco,Copiulemu,18.65,23.48,False,75.53887399463808
Wed Jan 10 20:28:01 2024,Copiulemu,Tomeco,15.283333333333333,22.002,False,86.37644492911667
