Fecha,From,To,Tiempo (min),Distancia (km),Real Time,Velocidad promedia
Wed Jun 15 17:35:25 2022,Tomeco,Copiulemu,16.833333333333332,23.39,True,83.37029702970297
Wed Jun 15 17:35:25 2022,Copiulemu,Tomeco,15.133333333333333,22.002,True,87.23259911894272
Wed Jun 15 17:35:25 2022,Tomeco,Copiulemu,16.8,23.39,False,83.53571428571428
Wed Jun 15 17:35:25 2022,Copiulemu,Tomeco,14.916666666666666,22.002,False,88.49966480446928
