Fecha,From,To,Tiempo (min),Distancia (km),Real Time,Velocidad promedia
Wed Sep  6 19:28:06 2023,Tomeco,Copiulemu,17.433333333333334,23.649,True,81.3923518164436
Wed Sep  6 19:28:06 2023,Copiulemu,Tomeco,15.666666666666666,22.002,True,84.26297872340425
Wed Sep  6 19:28:06 2023,Tomeco,Copiulemu,17.383333333333333,23.649,False,81.62646212847555
Wed Sep  6 19:28:06 2023,Copiulemu,Tomeco,15.616666666666667,22.002,False,84.53276414087513
