Fecha,From,To,Tiempo (min),Distancia (km),Real Time,Velocidad promedia
Wed Sep 25 14:36:43 2024,Tomeco,Copiulemu,17.833333333333332,23.48,True,78.9981308411215
Wed Sep 25 14:36:43 2024,Copiulemu,Tomeco,15.4,22.002,True,85.72207792207791
Wed Sep 25 14:36:43 2024,Tomeco,Copiulemu,17.75,23.48,False,79.36901408450704
Wed Sep 25 14:36:43 2024,Copiulemu,Tomeco,15.333333333333334,22.002,False,86.09478260869564
