Fecha,From,To,Tiempo (min),Distancia (km),Real Time,Velocidad promedia
Wed Jan 17 01:36:39 2024,Tomeco,Copiulemu,19.033333333333335,23.48,True,74.01751313485114
Wed Jan 17 01:36:39 2024,Copiulemu,Tomeco,15.55,22.002,True,84.8951768488746
Wed Jan 17 01:36:39 2024,Tomeco,Copiulemu,20.85,23.48,False,67.568345323741
Wed Jan 17 01:36:39 2024,Copiulemu,Tomeco,16.533333333333335,22.002,False,79.84596774193547
