Fecha,From,To,Tiempo (min),Distancia (km),Real Time,Velocidad promedia
Wed Jan 10 14:30:50 2024,Tomeco,Copiulemu,20.466666666666665,23.48,True,68.83387622149837
Wed Jan 10 14:30:50 2024,Copiulemu,Tomeco,15.733333333333333,22.002,True,83.90593220338984
Wed Jan 10 14:30:50 2024,Tomeco,Copiulemu,18.75,23.48,False,75.136
Wed Jan 10 14:30:50 2024,Copiulemu,Tomeco,15.683333333333334,22.002,False,84.17343251859724
