Fecha,From,To,Tiempo (min),Distancia (km),Real Time,Velocidad promedia
Wed Feb 14 11:27:58 2024,Tomeco,Copiulemu,17.266666666666666,23.48,True,81.5907335907336
Wed Feb 14 11:27:58 2024,Copiulemu,Tomeco,15.633333333333333,22.002,True,84.44264392324094
Wed Feb 14 11:27:58 2024,Tomeco,Copiulemu,17.283333333333335,23.48,False,81.51205400192863
Wed Feb 14 11:27:58 2024,Copiulemu,Tomeco,15.383333333333333,22.002,False,85.81495124593715
