Fecha,From,To,Tiempo (min),Distancia (km),Real Time,Velocidad promedia
Wed Aug 28 21:28:40 2024,Tomeco,Copiulemu,17.8,23.48,True,79.14606741573033
Wed Aug 28 21:28:40 2024,Copiulemu,Tomeco,15.333333333333334,22.002,True,86.09478260869564
Wed Aug 28 21:28:40 2024,Tomeco,Copiulemu,17.783333333333335,23.48,False,79.22024367385191
Wed Aug 28 21:28:40 2024,Copiulemu,Tomeco,15.283333333333333,22.002,False,86.37644492911667
