Fecha,From,To,Tiempo (min),Distancia (km),Real Time,Velocidad promedia
Wed Dec 11 09:35:56 2024,Tomeco,Copiulemu,17.933333333333334,23.45,True,78.45724907063197
Wed Dec 11 09:35:56 2024,Copiulemu,Tomeco,15.2,21.968,True,86.71578947368423
Wed Dec 11 09:35:56 2024,Tomeco,Copiulemu,17.916666666666668,23.45,False,78.53023255813953
Wed Dec 11 09:35:56 2024,Copiulemu,Tomeco,15.2,21.968,False,86.71578947368423
