Fecha,From,To,Tiempo (min),Distancia (km),Real Time,Velocidad promedia
Wed Jun 15 15:38:51 2022,Tomeco,Copiulemu,17.116666666666667,23.39,True,81.9902629016553
Wed Jun 15 15:38:51 2022,Copiulemu,Tomeco,15.2,22.002,True,86.85000000000001
Wed Jun 15 15:38:51 2022,Tomeco,Copiulemu,16.766666666666666,23.39,False,83.70178926441352
Wed Jun 15 15:38:51 2022,Copiulemu,Tomeco,15.183333333333334,22.002,False,86.94533479692646
