Fecha,From,To,Tiempo (min),Distancia (km),Real Time,Velocidad promedia
Wed May 15 11:28:12 2024,Tomeco,Copiulemu,19.233333333333334,23.739,True,74.05580589254765
Wed May 15 11:28:12 2024,Copiulemu,Tomeco,15.083333333333334,22.002,True,87.5217679558011
Wed May 15 11:28:12 2024,Tomeco,Copiulemu,17.716666666666665,23.739,False,80.39548447789277
Wed May 15 11:28:12 2024,Copiulemu,Tomeco,14.95,22.002,False,88.30234113712375
