Fecha,From,To,Tiempo (min),Distancia (km),Real Time,Velocidad promedia
Wed May 11 14:31:28 2022,Tomeco,Copiulemu,16.616666666666667,23.39,True,84.45737211634905
Wed May 11 14:31:28 2022,Copiulemu,Tomeco,15.783333333333333,22.002,True,83.64012671594509
Wed May 11 14:31:28 2022,Tomeco,Copiulemu,16.616666666666667,23.39,False,84.45737211634905
Wed May 11 14:31:28 2022,Copiulemu,Tomeco,15.166666666666666,22.002,False,87.04087912087913
