Fecha,From,To,Tiempo (min),Distancia (km),Real Time,Velocidad promedia
Wed Jun  8 17:36:21 2022,Tomeco,Copiulemu,16.916666666666668,23.39,True,82.95960591133006
Wed Jun  8 17:36:21 2022,Copiulemu,Tomeco,15.016666666666667,22.002,True,87.91032186459489
Wed Jun  8 17:36:21 2022,Tomeco,Copiulemu,16.8,23.39,False,83.53571428571428
Wed Jun  8 17:36:21 2022,Copiulemu,Tomeco,14.866666666666667,22.002,False,88.79730941704035
