Fecha,From,To,Tiempo (min),Distancia (km),Real Time,Velocidad promedia
Wed Mar 20 09:28:14 2024,Tomeco,Copiulemu,19.666666666666668,23.739,True,72.42406779661017
Wed Mar 20 09:28:14 2024,Copiulemu,Tomeco,14.866666666666667,22.002,True,88.79730941704035
Wed Mar 20 09:28:14 2024,Tomeco,Copiulemu,17.483333333333334,23.739,False,81.46844613918016
Wed Mar 20 09:28:14 2024,Copiulemu,Tomeco,14.866666666666667,22.002,False,88.79730941704035
