Fecha,From,To,Tiempo (min),Distancia (km),Real Time,Velocidad promedia
Wed Sep  6 13:28:30 2023,Tomeco,Copiulemu,17.65,23.649,True,80.39320113314449
Wed Sep  6 13:28:30 2023,Copiulemu,Tomeco,16.133333333333333,22.002,True,81.82561983471074
Wed Sep  6 13:28:30 2023,Tomeco,Copiulemu,17.5,23.649,False,81.08228571428572
Wed Sep  6 13:28:30 2023,Copiulemu,Tomeco,15.65,22.002,False,84.35271565495206
