Fecha,From,To,Tiempo (min),Distancia (km),Real Time,Velocidad promedia
Wed Apr 24 04:29:41 2024,Tomeco,Copiulemu,18.433333333333334,23.48,True,76.42676311030742
Wed Apr 24 04:29:41 2024,Copiulemu,Tomeco,15.85,22.002,True,83.28832807570977
Wed Apr 24 04:29:41 2024,Tomeco,Copiulemu,18.433333333333334,23.48,False,76.42676311030742
Wed Apr 24 04:29:41 2024,Copiulemu,Tomeco,15.85,22.002,False,83.28832807570977
