Fecha,From,To,Tiempo (min),Distancia (km),Real Time,Velocidad promedia
Wed Nov 27 12:58:06 2024,Tomeco,Copiulemu,18.166666666666668,23.45,True,77.44954128440367
Wed Nov 27 12:58:06 2024,Copiulemu,Tomeco,15.816666666666666,21.968,True,83.33487881981033
Wed Nov 27 12:58:06 2024,Tomeco,Copiulemu,17.833333333333332,23.45,False,78.89719626168224
Wed Nov 27 12:58:06 2024,Copiulemu,Tomeco,15.783333333333333,21.968,False,83.51087645195354
