Fecha,From,To,Tiempo (min),Distancia (km),Real Time,Velocidad promedia
Wed Jul  6 15:41:44 2022,Tomeco,Copiulemu,17.65,23.39,True,79.51274787535412
Wed Jul  6 15:41:44 2022,Copiulemu,Tomeco,15.116666666666667,21.461,True,85.18147739801542
Wed Jul  6 15:41:44 2022,Tomeco,Copiulemu,16.633333333333333,23.39,False,84.37274549098197
Wed Jul  6 15:41:44 2022,Copiulemu,Tomeco,15.0,21.461,False,85.844
