Fecha,From,To,Tiempo (min),Distancia (km),Real Time,Velocidad promedia
Wed Sep 13 08:30:32 2023,Tomeco,Copiulemu,18.683333333333334,23.649,True,75.94683318465655
Wed Sep 13 08:30:32 2023,Copiulemu,Tomeco,16.483333333333334,22.002,True,80.08816986855408
Wed Sep 13 08:30:32 2023,Tomeco,Copiulemu,18.683333333333334,23.649,False,75.94683318465655
Wed Sep 13 08:30:32 2023,Copiulemu,Tomeco,16.466666666666665,22.002,False,80.16923076923077
