Fecha,From,To,Tiempo (min),Distancia (km),Real Time,Velocidad promedia
Wed Jun 26 03:32:52 2024,Tomeco,Copiulemu,19.05,23.48,True,73.95275590551181
Wed Jun 26 03:32:52 2024,Copiulemu,Tomeco,16.65,22.002,True,79.2864864864865
Wed Jun 26 03:32:52 2024,Tomeco,Copiulemu,18.833333333333332,23.48,False,74.80353982300885
Wed Jun 26 03:32:52 2024,Copiulemu,Tomeco,16.65,22.002,False,79.2864864864865
