Fecha,From,To,Tiempo (min),Distancia (km),Real Time,Velocidad promedia
Wed Sep 18 09:32:58 2024,Tomeco,Copiulemu,18.2,23.48,True,77.4065934065934
Wed Sep 18 09:32:58 2024,Copiulemu,Tomeco,15.733333333333333,22.002,True,83.90593220338984
Wed Sep 18 09:32:58 2024,Tomeco,Copiulemu,18.2,23.48,False,77.4065934065934
Wed Sep 18 09:32:58 2024,Copiulemu,Tomeco,15.45,22.002,False,85.44466019417474
