Fecha,From,To,Tiempo (min),Distancia (km),Real Time,Velocidad promedia
Wed Jun 22 18:44:05 2022,Tomeco,Copiulemu,16.85,23.39,True,83.28783382789317
Wed Jun 22 18:44:05 2022,Copiulemu,Tomeco,15.266666666666667,22.002,True,86.47074235807858
Wed Jun 22 18:44:05 2022,Tomeco,Copiulemu,16.666666666666668,23.39,False,84.204
Wed Jun 22 18:44:05 2022,Copiulemu,Tomeco,15.266666666666667,22.002,False,86.47074235807858
