Fecha,From,To,Tiempo (min),Distancia (km),Real Time,Velocidad promedia
Wed Dec  4 21:32:09 2024,Tomeco,Copiulemu,18.316666666666666,23.45,True,76.81528662420382
Wed Dec  4 21:32:09 2024,Copiulemu,Tomeco,15.466666666666667,21.968,True,85.22068965517242
Wed Dec  4 21:32:09 2024,Tomeco,Copiulemu,17.6,23.45,False,79.94318181818181
Wed Dec  4 21:32:09 2024,Copiulemu,Tomeco,15.4,21.968,False,85.5896103896104
