Fecha,From,To,Tiempo (min),Distancia (km),Real Time,Velocidad promedia
Wed Sep 13 15:28:10 2023,Tomeco,Copiulemu,17.35,23.649,True,81.78328530259365
Wed Sep 13 15:28:10 2023,Copiulemu,Tomeco,16.783333333333335,22.002,True,78.65660377358489
Wed Sep 13 15:28:10 2023,Tomeco,Copiulemu,17.316666666666666,23.649,False,81.94071222329164
Wed Sep 13 15:28:10 2023,Copiulemu,Tomeco,15.733333333333333,22.002,False,83.90593220338984
