Fecha,From,To,Tiempo (min),Distancia (km),Real Time,Velocidad promedia
Wed Nov 29 01:35:25 2023,Tomeco,Copiulemu,17.8,23.39,True,78.84269662921348
Wed Nov 29 01:35:25 2023,Copiulemu,Tomeco,15.7,22.002,True,84.08407643312101
Wed Nov 29 01:35:25 2023,Tomeco,Copiulemu,17.8,23.39,False,78.84269662921348
Wed Nov 29 01:35:25 2023,Copiulemu,Tomeco,15.65,22.002,False,84.35271565495206
