Fecha,From,To,Tiempo (min),Distancia (km),Real Time,Velocidad promedia
Wed May  4 04:02:10 2022,Tomeco,Copiulemu,17.283333333333335,23.39,True,81.19961427193829
Wed May  4 04:02:10 2022,Copiulemu,Tomeco,15.316666666666666,22.002,True,86.18846572361262
Wed May  4 04:02:10 2022,Tomeco,Copiulemu,17.283333333333335,23.39,False,81.19961427193829
Wed May  4 04:02:10 2022,Copiulemu,Tomeco,15.316666666666666,22.002,False,86.18846572361262
