Fecha,From,To,Tiempo (min),Distancia (km),Real Time,Velocidad promedia
Wed Jun 15 07:33:57 2022,Tomeco,Copiulemu,17.216666666666665,23.39,True,81.51403678606003
Wed Jun 15 07:33:57 2022,Copiulemu,Tomeco,15.516666666666667,22.002,True,85.07755102040815
Wed Jun 15 07:33:57 2022,Tomeco,Copiulemu,17.216666666666665,23.39,False,81.51403678606003
Wed Jun 15 07:33:57 2022,Copiulemu,Tomeco,15.516666666666667,22.002,False,85.07755102040815
