Fecha,From,To,Tiempo (min),Distancia (km),Real Time,Velocidad promedia
Wed Oct  9 15:33:50 2024,Tomeco,Copiulemu,17.583333333333332,23.712,True,80.91298578199053
Wed Oct  9 15:33:50 2024,Copiulemu,Tomeco,15.4,22.002,True,85.72207792207791
Wed Oct  9 15:33:50 2024,Tomeco,Copiulemu,18.2,23.712,False,78.17142857142856
Wed Oct  9 15:33:50 2024,Copiulemu,Tomeco,15.366666666666667,22.002,False,85.90802603036876
