Fecha,From,To,Tiempo (min),Distancia (km),Real Time,Velocidad promedia
Wed May  1 12:45:11 2024,Tomeco,Copiulemu,17.816666666666666,23.48,True,79.07202993451824
Wed May  1 12:45:11 2024,Copiulemu,Tomeco,15.183333333333334,22.002,True,86.94533479692646
Wed May  1 12:45:11 2024,Tomeco,Copiulemu,17.816666666666666,23.48,False,79.07202993451824
Wed May  1 12:45:11 2024,Copiulemu,Tomeco,15.183333333333334,22.002,False,86.94533479692646
