Fecha,From,To,Tiempo (min),Distancia (km),Real Time,Velocidad promedia
Wed Nov 27 16:43:00 2024,Tomeco,Copiulemu,18.3,23.45,True,76.88524590163934
Wed Nov 27 16:43:00 2024,Copiulemu,Tomeco,15.466666666666667,21.968,True,85.22068965517242
Wed Nov 27 16:43:00 2024,Tomeco,Copiulemu,18.15,23.45,False,77.52066115702479
Wed Nov 27 16:43:00 2024,Copiulemu,Tomeco,15.3,21.968,False,86.14901960784313
