Fecha,From,To,Tiempo (min),Distancia (km),Real Time,Velocidad promedia
Wed Sep  7 14:42:42 2022,Tomeco,Copiulemu,16.783333333333335,23.39,True,83.61866931479642
Wed Sep  7 14:42:42 2022,Copiulemu,Tomeco,14.75,22.002,True,89.49966101694915
Wed Sep  7 14:42:42 2022,Tomeco,Copiulemu,16.766666666666666,23.39,False,83.70178926441352
Wed Sep  7 14:42:42 2022,Copiulemu,Tomeco,14.633333333333333,22.002,False,90.2132118451025
