Fecha,From,To,Tiempo (min),Distancia (km),Real Time,Velocidad promedia
Wed Apr  6 13:42:31 2022,Tomeco,Copiulemu,17.5,23.39,True,80.19428571428571
Wed Apr  6 13:42:31 2022,Copiulemu,Tomeco,15.466666666666667,22.002,True,85.35258620689655
Wed Apr  6 13:42:31 2022,Tomeco,Copiulemu,17.5,23.39,False,80.19428571428571
Wed Apr  6 13:42:31 2022,Copiulemu,Tomeco,15.183333333333334,22.002,False,86.94533479692646
