Fecha,From,To,Tiempo (min),Distancia (km),Real Time,Velocidad promedia
Wed Aug 14 12:50:17 2024,Tomeco,Copiulemu,18.4,23.48,True,76.56521739130436
Wed Aug 14 12:50:17 2024,Copiulemu,Tomeco,14.85,22.002,True,88.89696969696969
Wed Aug 14 12:50:17 2024,Tomeco,Copiulemu,17.85,23.48,False,78.92436974789915
Wed Aug 14 12:50:17 2024,Copiulemu,Tomeco,15.05,22.002,False,87.71561461794019
