Fecha,From,To,Tiempo (min),Distancia (km),Real Time,Velocidad promedia
Wed Aug 17 18:43:11 2022,Tomeco,Copiulemu,17.516666666666666,23.39,True,80.11798287345385
Wed Aug 17 18:43:11 2022,Copiulemu,Tomeco,14.583333333333334,22.002,True,90.52251428571428
Wed Aug 17 18:43:11 2022,Tomeco,Copiulemu,16.833333333333332,23.39,False,83.37029702970297
Wed Aug 17 18:43:11 2022,Copiulemu,Tomeco,14.7,22.002,False,89.80408163265305
