Fecha,From,To,Tiempo (min),Distancia (km),Real Time,Velocidad promedia
Wed Apr 10 02:36:19 2024,Tomeco,Copiulemu,18.966666666666665,23.48,True,74.27768014059755
Wed Apr 10 02:36:19 2024,Copiulemu,Tomeco,16.516666666666666,22.002,True,79.92653884964682
Wed Apr 10 02:36:19 2024,Tomeco,Copiulemu,18.333333333333332,23.48,False,76.84363636363638
Wed Apr 10 02:36:19 2024,Copiulemu,Tomeco,15.933333333333334,22.002,False,82.85271966527196
