Fecha,From,To,Tiempo (min),Distancia (km),Real Time,Velocidad promedia
Wed Jun 26 02:42:06 2024,Tomeco,Copiulemu,18.416666666666668,23.48,True,76.49592760180995
Wed Jun 26 02:42:06 2024,Copiulemu,Tomeco,16.933333333333334,22.002,True,77.95984251968504
Wed Jun 26 02:42:06 2024,Tomeco,Copiulemu,18.133333333333333,23.48,False,77.69117647058823
Wed Jun 26 02:42:06 2024,Copiulemu,Tomeco,16.6,22.002,False,79.52530120481927
