Fecha,From,To,Tiempo (min),Distancia (km),Real Time,Velocidad promedia
Wed May 22 07:28:12 2024,Tomeco,Copiulemu,18.483333333333334,23.48,True,76.2200180342651
Wed May 22 07:28:12 2024,Copiulemu,Tomeco,15.516666666666667,22.002,True,85.07755102040815
Wed May 22 07:28:12 2024,Tomeco,Copiulemu,18.483333333333334,23.48,False,76.2200180342651
Wed May 22 07:28:12 2024,Copiulemu,Tomeco,15.516666666666667,22.002,False,85.07755102040815
