Fecha,From,To,Tiempo (min),Distancia (km),Real Time,Velocidad promedia
Wed Aug 10 10:38:11 2022,Tomeco,Copiulemu,16.8,23.39,True,83.53571428571428
Wed Aug 10 10:38:11 2022,Copiulemu,Tomeco,16.733333333333334,22.002,True,78.89163346613545
Wed Aug 10 10:38:11 2022,Tomeco,Copiulemu,16.8,23.39,False,83.53571428571428
Wed Aug 10 10:38:11 2022,Copiulemu,Tomeco,15.333333333333334,22.002,False,86.09478260869564
