Fecha,From,To,Tiempo (min),Distancia (km),Real Time,Velocidad promedia
Wed May 15 22:33:47 2024,Tomeco,Copiulemu,18.666666666666668,23.739,True,76.30392857142857
Wed May 15 22:33:47 2024,Copiulemu,Tomeco,15.183333333333334,22.002,True,86.94533479692646
Wed May 15 22:33:47 2024,Tomeco,Copiulemu,18.616666666666667,23.739,False,76.5088630259624
Wed May 15 22:33:47 2024,Copiulemu,Tomeco,14.933333333333334,22.002,False,88.40089285714285
