Fecha,From,To,Tiempo (min),Distancia (km),Real Time,Velocidad promedia
Wed Sep 20 16:34:55 2023,Tomeco,Copiulemu,18.333333333333332,23.649,True,77.39672727272729
Wed Sep 20 16:34:55 2023,Copiulemu,Tomeco,16.216666666666665,22.002,True,81.40513874614595
Wed Sep 20 16:34:55 2023,Tomeco,Copiulemu,17.516666666666666,23.649,False,81.00513796384396
Wed Sep 20 16:34:55 2023,Copiulemu,Tomeco,15.85,22.002,False,83.28832807570977
