Fecha,From,To,Tiempo (min),Distancia (km),Real Time,Velocidad promedia
Wed May  1 18:31:21 2024,Tomeco,Copiulemu,18.466666666666665,23.48,True,76.28880866425993
Wed May  1 18:31:21 2024,Copiulemu,Tomeco,15.533333333333333,22.002,True,84.9862660944206
Wed May  1 18:31:21 2024,Tomeco,Copiulemu,18.466666666666665,23.48,False,76.28880866425993
Wed May  1 18:31:21 2024,Copiulemu,Tomeco,16.0,22.002,False,82.5075
