Fecha,From,To,Tiempo (min),Distancia (km),Real Time,Velocidad promedia
Wed Oct 18 12:46:39 2023,Tomeco,Copiulemu,17.4,23.649,True,81.54827586206898
Wed Oct 18 12:46:39 2023,Copiulemu,Tomeco,14.583333333333334,22.002,True,90.52251428571428
Wed Oct 18 12:46:39 2023,Tomeco,Copiulemu,17.4,23.649,False,81.54827586206898
Wed Oct 18 12:46:39 2023,Copiulemu,Tomeco,14.566666666666666,22.002,False,90.62608695652173
