Fecha,From,To,Tiempo (min),Distancia (km),Real Time,Velocidad promedia
Wed May 15 23:28:08 2024,Tomeco,Copiulemu,18.966666666666665,23.739,True,75.09701230228472
Wed May 15 23:28:08 2024,Copiulemu,Tomeco,15.666666666666666,22.002,True,84.26297872340425
Wed May 15 23:28:08 2024,Tomeco,Copiulemu,18.083333333333332,23.739,False,78.76534562211982
Wed May 15 23:28:08 2024,Copiulemu,Tomeco,15.466666666666667,22.002,False,85.35258620689655
