Fecha,From,To,Tiempo (min),Distancia (km),Real Time,Velocidad promedia
Wed Aug 21 16:38:18 2024,Tomeco,Copiulemu,17.866666666666667,23.48,True,78.8507462686567
Wed Aug 21 16:38:18 2024,Copiulemu,Tomeco,15.383333333333333,22.002,True,85.81495124593715
Wed Aug 21 16:38:18 2024,Tomeco,Copiulemu,17.816666666666666,23.48,False,79.07202993451824
Wed Aug 21 16:38:18 2024,Copiulemu,Tomeco,15.216666666666667,22.002,False,86.75487404162102
