Fecha,From,To,Tiempo (min),Distancia (km),Real Time,Velocidad promedia
Wed Jun 15 13:04:29 2022,Tomeco,Copiulemu,16.516666666666666,23.39,True,84.96871846619577
Wed Jun 15 13:04:29 2022,Copiulemu,Tomeco,14.833333333333334,22.002,True,88.99685393258426
Wed Jun 15 13:04:29 2022,Tomeco,Copiulemu,16.516666666666666,23.39,False,84.96871846619577
Wed Jun 15 13:04:29 2022,Copiulemu,Tomeco,14.8,22.002,False,89.1972972972973
