Fecha,From,To,Tiempo (min),Distancia (km),Real Time,Velocidad promedia
Wed Nov 27 02:24:12 2024,Tomeco,Copiulemu,19.316666666666666,23.45,True,72.83865401207939
Wed Nov 27 02:24:12 2024,Copiulemu,Tomeco,15.766666666666667,21.968,True,83.59915433403806
Wed Nov 27 02:24:12 2024,Tomeco,Copiulemu,18.75,23.45,False,75.03999999999999
Wed Nov 27 02:24:12 2024,Copiulemu,Tomeco,15.766666666666667,21.968,False,83.59915433403806
