Fecha,From,To,Tiempo (min),Distancia (km),Real Time,Velocidad promedia
Wed Sep 27 01:30:03 2023,Tomeco,Copiulemu,17.783333333333335,23.39,True,78.91658856607309
Wed Sep 27 01:30:03 2023,Copiulemu,Tomeco,16.116666666666667,22.002,True,81.91023784901756
Wed Sep 27 01:30:03 2023,Tomeco,Copiulemu,17.783333333333335,23.39,False,78.91658856607309
Wed Sep 27 01:30:03 2023,Copiulemu,Tomeco,15.983333333333333,22.002,False,82.59353493222106
