Fecha,From,To,Tiempo (min),Distancia (km),Real Time,Velocidad promedia
Wed Jan  3 18:31:04 2024,Tomeco,Copiulemu,18.316666666666666,23.48,True,76.91355777979983
Wed Jan  3 18:31:04 2024,Copiulemu,Tomeco,15.883333333333333,22.002,True,83.11353620146905
Wed Jan  3 18:31:04 2024,Tomeco,Copiulemu,17.75,23.48,False,79.36901408450704
Wed Jan  3 18:31:04 2024,Copiulemu,Tomeco,15.8,22.002,False,83.5518987341772
