Fecha,From,To,Tiempo (min),Distancia (km),Real Time,Velocidad promedia
Wed Nov 15 06:32:20 2023,Tomeco,Copiulemu,17.733333333333334,23.649,True,80.01541353383459
Wed Nov 15 06:32:20 2023,Copiulemu,Tomeco,15.466666666666667,22.002,True,85.35258620689655
Wed Nov 15 06:32:20 2023,Tomeco,Copiulemu,17.733333333333334,23.649,False,80.01541353383459
Wed Nov 15 06:32:20 2023,Copiulemu,Tomeco,15.466666666666667,22.002,False,85.35258620689655
