Fecha,From,To,Tiempo (min),Distancia (km),Real Time,Velocidad promedia
Wed Apr 20 07:33:36 2022,Tomeco,Copiulemu,17.833333333333332,23.39,True,78.69532710280374
Wed Apr 20 07:33:36 2022,Copiulemu,Tomeco,15.366666666666667,22.002,True,85.90802603036876
Wed Apr 20 07:33:36 2022,Tomeco,Copiulemu,17.833333333333332,23.39,False,78.69532710280374
Wed Apr 20 07:33:36 2022,Copiulemu,Tomeco,15.366666666666667,22.002,False,85.90802603036876
