Fecha,From,To,Tiempo (min),Distancia (km),Real Time,Velocidad promedia
Wed Jul 24 19:28:02 2024,Tomeco,Copiulemu,18.45,23.48,True,76.35772357723577
Wed Jul 24 19:28:02 2024,Copiulemu,Tomeco,14.966666666666667,22.002,True,88.20400890868596
Wed Jul 24 19:28:02 2024,Tomeco,Copiulemu,18.45,23.48,False,76.35772357723577
Wed Jul 24 19:28:02 2024,Copiulemu,Tomeco,14.9,22.002,False,88.59865771812079
