Fecha,From,To,Tiempo (min),Distancia (km),Real Time,Velocidad promedia
Wed Jun 22 06:42:23 2022,Tomeco,Copiulemu,17.283333333333335,23.39,True,81.19961427193829
Wed Jun 22 06:42:23 2022,Copiulemu,Tomeco,15.55,22.002,True,84.8951768488746
Wed Jun 22 06:42:23 2022,Tomeco,Copiulemu,17.283333333333335,23.39,False,81.19961427193829
Wed Jun 22 06:42:23 2022,Copiulemu,Tomeco,15.55,22.002,False,84.8951768488746
