Fecha,From,To,Tiempo (min),Distancia (km),Real Time,Velocidad promedia
Wed Apr 20 18:39:59 2022,Tomeco,Copiulemu,17.6,23.39,True,79.73863636363636
Wed Apr 20 18:39:59 2022,Copiulemu,Tomeco,14.866666666666667,22.002,True,88.79730941704035
Wed Apr 20 18:39:59 2022,Tomeco,Copiulemu,17.583333333333332,23.39,False,79.81421800947868
Wed Apr 20 18:39:59 2022,Copiulemu,Tomeco,14.766666666666667,22.002,False,89.39864559819412
