Fecha,From,To,Tiempo (min),Distancia (km),Real Time,Velocidad promedia
Wed Jun 26 16:36:01 2024,Tomeco,Copiulemu,18.266666666666666,23.48,True,77.1240875912409
Wed Jun 26 16:36:01 2024,Copiulemu,Tomeco,15.583333333333334,22.002,True,84.71358288770053
Wed Jun 26 16:36:01 2024,Tomeco,Copiulemu,18.25,23.48,False,77.19452054794522
Wed Jun 26 16:36:01 2024,Copiulemu,Tomeco,15.583333333333334,22.002,False,84.71358288770053
