Fecha,From,To,Tiempo (min),Distancia (km),Real Time,Velocidad promedia
Wed Oct  9 12:54:25 2024,Tomeco,Copiulemu,18.266666666666666,23.48,True,77.1240875912409
Wed Oct  9 12:54:25 2024,Copiulemu,Tomeco,15.65,22.002,True,84.35271565495206
Wed Oct  9 12:54:25 2024,Tomeco,Copiulemu,18.016666666666666,23.48,False,78.19426456984274
Wed Oct  9 12:54:25 2024,Copiulemu,Tomeco,15.516666666666667,22.002,False,85.07755102040815
