Fecha,From,To,Tiempo (min),Distancia (km),Real Time,Velocidad promedia
Wed Nov 29 22:30:40 2023,Tomeco,Copiulemu,17.133333333333333,23.649,True,82.81750972762646
Wed Nov 29 22:30:40 2023,Copiulemu,Tomeco,14.7,22.002,True,89.80408163265305
Wed Nov 29 22:30:40 2023,Tomeco,Copiulemu,16.983333333333334,23.649,False,83.54896957801766
Wed Nov 29 22:30:40 2023,Copiulemu,Tomeco,14.683333333333334,22.002,False,89.90601589103291
