Fecha,From,To,Tiempo (min),Distancia (km),Real Time,Velocidad promedia
Wed Feb  7 11:28:00 2024,Tomeco,Copiulemu,17.55,23.48,True,80.27350427350426
Wed Feb  7 11:28:00 2024,Copiulemu,Tomeco,15.366666666666667,22.002,True,85.90802603036876
Wed Feb  7 11:28:00 2024,Tomeco,Copiulemu,17.533333333333335,23.48,False,80.34980988593155
Wed Feb  7 11:28:00 2024,Copiulemu,Tomeco,15.183333333333334,22.002,False,86.94533479692646
