Fecha,From,To,Tiempo (min),Distancia (km),Real Time,Velocidad promedia
Wed Aug 14 17:30:00 2024,Tomeco,Copiulemu,17.9,23.48,True,78.70391061452516
Wed Aug 14 17:30:00 2024,Copiulemu,Tomeco,15.866666666666667,22.002,True,83.20084033613446
Wed Aug 14 17:30:00 2024,Tomeco,Copiulemu,17.916666666666668,23.48,False,78.63069767441861
Wed Aug 14 17:30:00 2024,Copiulemu,Tomeco,15.35,22.002,False,86.0013029315961
