Fecha,From,To,Tiempo (min),Distancia (km),Real Time,Velocidad promedia
Wed Dec  4 10:41:07 2024,Tomeco,Copiulemu,17.983333333333334,23.45,True,78.23911028730305
Wed Dec  4 10:41:07 2024,Copiulemu,Tomeco,14.833333333333334,21.968,True,88.85932584269662
Wed Dec  4 10:41:07 2024,Tomeco,Copiulemu,17.433333333333334,23.45,False,80.70745697896749
Wed Dec  4 10:41:07 2024,Copiulemu,Tomeco,14.883333333333333,21.968,False,88.56080627099664
