Fecha,From,To,Tiempo (min),Distancia (km),Real Time,Velocidad promedia
Wed Jan 31 18:28:02 2024,Tomeco,Copiulemu,18.916666666666668,23.48,True,74.47400881057268
Wed Jan 31 18:28:02 2024,Copiulemu,Tomeco,15.85,22.002,True,83.28832807570977
Wed Jan 31 18:28:02 2024,Tomeco,Copiulemu,18.916666666666668,23.48,False,74.47400881057268
Wed Jan 31 18:28:02 2024,Copiulemu,Tomeco,15.15,22.002,False,87.13663366336633
