Fecha,From,To,Tiempo (min),Distancia (km),Real Time,Velocidad promedia
Wed Dec  4 20:36:13 2024,Tomeco,Copiulemu,17.75,23.45,True,79.26760563380282
Wed Dec  4 20:36:13 2024,Copiulemu,Tomeco,15.533333333333333,21.968,True,84.8549356223176
Wed Dec  4 20:36:13 2024,Tomeco,Copiulemu,17.416666666666668,23.45,False,80.7846889952153
Wed Dec  4 20:36:13 2024,Copiulemu,Tomeco,15.45,21.968,False,85.3126213592233
