Fecha,From,To,Tiempo (min),Distancia (km),Real Time,Velocidad promedia
Wed Mar 16 18:39:09 2022,Tomeco,Copiulemu,18.8,23.39,True,74.64893617021276
Wed Mar 16 18:39:09 2022,Copiulemu,Tomeco,15.366666666666667,22.002,True,85.90802603036876
Wed Mar 16 18:39:09 2022,Tomeco,Copiulemu,18.066666666666666,23.39,False,77.6789667896679
Wed Mar 16 18:39:09 2022,Copiulemu,Tomeco,15.35,22.002,False,86.0013029315961
