Fecha,From,To,Tiempo (min),Distancia (km),Real Time,Velocidad promedia
Wed Mar 30 13:40:04 2022,Tomeco,Copiulemu,17.633333333333333,23.39,True,79.58790170132326
Wed Mar 30 13:40:04 2022,Copiulemu,Tomeco,15.283333333333333,22.002,True,86.37644492911667
Wed Mar 30 13:40:04 2022,Tomeco,Copiulemu,17.6,23.39,False,79.73863636363636
Wed Mar 30 13:40:04 2022,Copiulemu,Tomeco,15.266666666666667,22.002,False,86.47074235807858
