Fecha,From,To,Tiempo (min),Distancia (km),Real Time,Velocidad promedia
Wed Dec  6 17:28:18 2023,Tomeco,Copiulemu,17.216666666666665,23.649,True,82.41665053242984
Wed Dec  6 17:28:18 2023,Copiulemu,Tomeco,15.016666666666667,21.461,True,85.74872364039956
Wed Dec  6 17:28:18 2023,Tomeco,Copiulemu,17.216666666666665,23.649,False,82.41665053242984
Wed Dec  6 17:28:18 2023,Copiulemu,Tomeco,14.933333333333334,21.461,False,86.22723214285713
