Fecha,From,To,Tiempo (min),Distancia (km),Real Time,Velocidad promedia
Wed Dec 13 09:28:06 2023,Tomeco,Copiulemu,16.766666666666666,23.649,True,84.6286282306163
Wed Dec 13 09:28:06 2023,Copiulemu,Tomeco,14.65,21.461,True,87.89488054607507
Wed Dec 13 09:28:06 2023,Tomeco,Copiulemu,16.766666666666666,23.649,False,84.6286282306163
Wed Dec 13 09:28:06 2023,Copiulemu,Tomeco,14.65,21.461,False,87.89488054607507
