Fecha,From,To,Tiempo (min),Distancia (km),Real Time,Velocidad promedia
Wed Aug 17 16:56:53 2022,Tomeco,Copiulemu,16.95,23.39,True,82.79646017699116
Wed Aug 17 16:56:53 2022,Copiulemu,Tomeco,14.916666666666666,22.002,True,88.49966480446928
Wed Aug 17 16:56:53 2022,Tomeco,Copiulemu,16.883333333333333,23.39,False,83.12339585389932
Wed Aug 17 16:56:53 2022,Copiulemu,Tomeco,14.616666666666667,22.002,False,90.31607753705815
