Fecha,From,To,Tiempo (min),Distancia (km),Real Time,Velocidad promedia
Wed Aug 14 11:28:11 2024,Tomeco,Copiulemu,17.533333333333335,23.48,True,80.34980988593155
Wed Aug 14 11:28:11 2024,Copiulemu,Tomeco,15.2,22.002,True,86.85000000000001
Wed Aug 14 11:28:11 2024,Tomeco,Copiulemu,17.533333333333335,23.48,False,80.34980988593155
Wed Aug 14 11:28:11 2024,Copiulemu,Tomeco,14.983333333333333,22.002,False,88.1058954393771
