Fecha,From,To,Tiempo (min),Distancia (km),Real Time,Velocidad promedia
Wed Jul 10 17:29:32 2024,Tomeco,Copiulemu,18.033333333333335,23.48,True,78.12199630314232
Wed Jul 10 17:29:32 2024,Copiulemu,Tomeco,15.216666666666667,22.002,True,86.75487404162102
Wed Jul 10 17:29:32 2024,Tomeco,Copiulemu,18.033333333333335,23.48,False,78.12199630314232
Wed Jul 10 17:29:32 2024,Copiulemu,Tomeco,15.383333333333333,22.002,False,85.81495124593715
