Fecha,From,To,Tiempo (min),Distancia (km),Real Time,Velocidad promedia
Wed Nov  6 02:56:12 2024,Tomeco,Copiulemu,18.75,23.45,True,75.03999999999999
Wed Nov  6 02:56:12 2024,Copiulemu,Tomeco,15.933333333333334,21.968,True,82.72468619246862
Wed Nov  6 02:56:12 2024,Tomeco,Copiulemu,18.7,23.45,False,75.24064171122996
Wed Nov  6 02:56:12 2024,Copiulemu,Tomeco,15.933333333333334,21.968,False,82.72468619246862
