Fecha,From,To,Tiempo (min),Distancia (km),Real Time,Velocidad promedia
Wed Aug 10 18:42:01 2022,Tomeco,Copiulemu,17.05,23.39,True,82.3108504398827
Wed Aug 10 18:42:01 2022,Copiulemu,Tomeco,15.05,22.002,True,87.71561461794019
Wed Aug 10 18:42:01 2022,Tomeco,Copiulemu,16.7,23.39,False,84.03592814371258
Wed Aug 10 18:42:01 2022,Copiulemu,Tomeco,14.85,22.002,False,88.89696969696969
