Fecha,From,To,Tiempo (min),Distancia (km),Real Time,Velocidad promedia
Wed Mar 20 02:29:32 2024,Tomeco,Copiulemu,18.483333333333334,23.48,True,76.2200180342651
Wed Mar 20 02:29:32 2024,Copiulemu,Tomeco,15.933333333333334,22.002,True,82.85271966527196
Wed Mar 20 02:29:32 2024,Tomeco,Copiulemu,18.416666666666668,23.48,False,76.49592760180995
Wed Mar 20 02:29:32 2024,Copiulemu,Tomeco,15.933333333333334,22.002,False,82.85271966527196
