Fecha,From,To,Tiempo (min),Distancia (km),Real Time,Velocidad promedia
Wed Feb 21 09:28:00 2024,Tomeco,Copiulemu,17.816666666666666,23.48,True,79.07202993451824
Wed Feb 21 09:28:00 2024,Copiulemu,Tomeco,15.683333333333334,22.002,True,84.17343251859724
Wed Feb 21 09:28:00 2024,Tomeco,Copiulemu,17.8,23.48,False,79.14606741573033
Wed Feb 21 09:28:00 2024,Copiulemu,Tomeco,15.65,22.002,False,84.35271565495206
