Fecha,From,To,Tiempo (min),Distancia (km),Real Time,Velocidad promedia
Wed Aug 21 14:33:42 2024,Tomeco,Copiulemu,17.933333333333334,23.48,True,78.55762081784387
Wed Aug 21 14:33:42 2024,Copiulemu,Tomeco,15.5,22.002,True,85.1690322580645
Wed Aug 21 14:33:42 2024,Tomeco,Copiulemu,17.733333333333334,23.48,False,79.44360902255639
Wed Aug 21 14:33:42 2024,Copiulemu,Tomeco,15.35,22.002,False,86.0013029315961
