Fecha,From,To,Tiempo (min),Distancia (km),Real Time,Velocidad promedia
Wed Oct 23 10:37:55 2024,Tomeco,Copiulemu,18.316666666666666,23.48,True,76.91355777979983
Wed Oct 23 10:37:55 2024,Copiulemu,Tomeco,15.133333333333333,22.002,True,87.23259911894272
Wed Oct 23 10:37:55 2024,Tomeco,Copiulemu,17.583333333333332,23.48,False,80.12132701421802
Wed Oct 23 10:37:55 2024,Copiulemu,Tomeco,14.933333333333334,22.002,False,88.40089285714285
