Fecha,From,To,Tiempo (min),Distancia (km),Real Time,Velocidad promedia
Wed Sep 18 21:28:59 2024,Tomeco,Copiulemu,18.833333333333332,23.48,True,74.80353982300885
Wed Sep 18 21:28:59 2024,Copiulemu,Tomeco,15.4,22.002,True,85.72207792207791
Wed Sep 18 21:28:59 2024,Tomeco,Copiulemu,18.733333333333334,23.48,False,75.20284697508896
Wed Sep 18 21:28:59 2024,Copiulemu,Tomeco,15.266666666666667,22.002,False,86.47074235807858
