Fecha,From,To,Tiempo (min),Distancia (km),Real Time,Velocidad promedia
Wed Jul 24 18:38:25 2024,Tomeco,Copiulemu,18.25,23.48,True,77.19452054794522
Wed Jul 24 18:38:25 2024,Copiulemu,Tomeco,15.116666666666667,22.002,True,87.328776185226
Wed Jul 24 18:38:25 2024,Tomeco,Copiulemu,18.266666666666666,23.48,False,77.1240875912409
Wed Jul 24 18:38:25 2024,Copiulemu,Tomeco,15.183333333333334,22.002,False,86.94533479692646
