Fecha,From,To,Tiempo (min),Distancia (km),Real Time,Velocidad promedia
Wed May 25 13:54:15 2022,Tomeco,Copiulemu,17.183333333333334,23.39,True,81.6721629485936
Wed May 25 13:54:15 2022,Copiulemu,Tomeco,15.05,22.002,True,87.71561461794019
Wed May 25 13:54:15 2022,Tomeco,Copiulemu,16.566666666666666,23.39,False,84.71227364185111
Wed May 25 13:54:15 2022,Copiulemu,Tomeco,14.983333333333333,22.002,False,88.1058954393771
