Fecha,From,To,Tiempo (min),Distancia (km),Real Time,Velocidad promedia
Wed Jun 15 02:43:05 2022,Tomeco,Copiulemu,19.083333333333332,23.39,True,73.5406113537118
Wed Jun 15 02:43:05 2022,Copiulemu,Tomeco,15.516666666666667,22.002,True,85.07755102040815
Wed Jun 15 02:43:05 2022,Tomeco,Copiulemu,17.533333333333335,23.39,False,80.04182509505702
Wed Jun 15 02:43:05 2022,Copiulemu,Tomeco,15.516666666666667,22.002,False,85.07755102040815
