Fecha,From,To,Tiempo (min),Distancia (km),Real Time,Velocidad promedia
Wed Oct 11 09:28:11 2023,Tomeco,Copiulemu,17.633333333333333,23.649,True,80.46918714555767
Wed Oct 11 09:28:11 2023,Copiulemu,Tomeco,15.033333333333333,22.002,True,87.81286031042129
Wed Oct 11 09:28:11 2023,Tomeco,Copiulemu,17.366666666666667,23.649,False,81.70479846449136
Wed Oct 11 09:28:11 2023,Copiulemu,Tomeco,15.033333333333333,22.002,False,87.81286031042129
