Fecha,From,To,Tiempo (min),Distancia (km),Real Time,Velocidad promedia
Wed Aug 28 22:32:09 2024,Tomeco,Copiulemu,18.233333333333334,23.48,True,77.26508226691041
Wed Aug 28 22:32:09 2024,Copiulemu,Tomeco,15.666666666666666,22.002,True,84.26297872340425
Wed Aug 28 22:32:09 2024,Tomeco,Copiulemu,18.233333333333334,23.48,False,77.26508226691041
Wed Aug 28 22:32:09 2024,Copiulemu,Tomeco,15.666666666666666,22.002,False,84.26297872340425
