Fecha,From,To,Tiempo (min),Distancia (km),Real Time,Velocidad promedia
Wed Jul 13 09:35:18 2022,Tomeco,Copiulemu,17.9,23.39,True,78.40223463687153
Wed Jul 13 09:35:18 2022,Copiulemu,Tomeco,14.95,22.002,True,88.30234113712375
Wed Jul 13 09:35:18 2022,Tomeco,Copiulemu,17.9,23.39,False,78.40223463687153
Wed Jul 13 09:35:18 2022,Copiulemu,Tomeco,14.95,22.002,False,88.30234113712375
