Fecha,From,To,Tiempo (min),Distancia (km),Real Time,Velocidad promedia
Wed Nov 27 21:31:20 2024,Tomeco,Copiulemu,17.866666666666667,23.45,True,78.74999999999999
Wed Nov 27 21:31:20 2024,Copiulemu,Tomeco,15.65,21.957,True,84.18019169329072
Wed Nov 27 21:31:20 2024,Tomeco,Copiulemu,17.733333333333334,23.45,False,79.34210526315789
Wed Nov 27 21:31:20 2024,Copiulemu,Tomeco,15.4,21.957,False,85.54675324675325
