Fecha,From,To,Tiempo (min),Distancia (km),Real Time,Velocidad promedia
Wed Jun 29 02:41:56 2022,Tomeco,Copiulemu,18.433333333333334,23.39,True,76.13381555153707
Wed Jun 29 02:41:56 2022,Copiulemu,Tomeco,16.0,22.002,True,82.5075
Wed Jun 29 02:41:56 2022,Tomeco,Copiulemu,17.633333333333333,23.39,False,79.58790170132326
Wed Jun 29 02:41:56 2022,Copiulemu,Tomeco,15.366666666666667,22.002,False,85.90802603036876
