Fecha,From,To,Tiempo (min),Distancia (km),Real Time,Velocidad promedia
Wed Aug 28 01:47:56 2024,Tomeco,Copiulemu,18.033333333333335,23.48,True,78.12199630314232
Wed Aug 28 01:47:56 2024,Copiulemu,Tomeco,15.933333333333334,22.002,True,82.85271966527196
Wed Aug 28 01:47:56 2024,Tomeco,Copiulemu,18.033333333333335,23.48,False,78.12199630314232
Wed Aug 28 01:47:56 2024,Copiulemu,Tomeco,15.783333333333333,22.002,False,83.64012671594509
