Fecha,From,To,Tiempo (min),Distancia (km),Real Time,Velocidad promedia
Wed Nov 15 02:37:19 2023,Tomeco,Copiulemu,17.85,23.39,True,78.62184873949579
Wed Nov 15 02:37:19 2023,Copiulemu,Tomeco,15.416666666666666,22.002,True,85.62940540540541
Wed Nov 15 02:37:19 2023,Tomeco,Copiulemu,17.766666666666666,23.39,False,78.9906191369606
Wed Nov 15 02:37:19 2023,Copiulemu,Tomeco,15.383333333333333,22.002,False,85.81495124593715
