Fecha,From,To,Tiempo (min),Distancia (km),Real Time,Velocidad promedia
Wed Nov 27 03:46:00 2024,Tomeco,Copiulemu,19.166666666666668,23.45,True,73.4086956521739
Wed Nov 27 03:46:00 2024,Copiulemu,Tomeco,15.966666666666667,21.968,True,82.55198329853862
Wed Nov 27 03:46:00 2024,Tomeco,Copiulemu,19.133333333333333,23.45,False,73.53658536585365
Wed Nov 27 03:46:00 2024,Copiulemu,Tomeco,15.966666666666667,21.968,False,82.55198329853862
