Fecha,From,To,Tiempo (min),Distancia (km),Real Time,Velocidad promedia
Wed Sep  6 17:28:08 2023,Tomeco,Copiulemu,17.65,23.649,True,80.39320113314449
Wed Sep  6 17:28:08 2023,Copiulemu,Tomeco,15.783333333333333,22.002,True,83.64012671594509
Wed Sep  6 17:28:08 2023,Tomeco,Copiulemu,17.5,23.649,False,81.08228571428572
Wed Sep  6 17:28:08 2023,Copiulemu,Tomeco,15.75,22.002,False,83.81714285714285
