Fecha,From,To,Tiempo (min),Distancia (km),Real Time,Velocidad promedia
Wed Jul 13 19:28:42 2022,Tomeco,Copiulemu,17.3,23.39,True,81.121387283237
Wed Jul 13 19:28:42 2022,Copiulemu,Tomeco,15.316666666666666,22.002,True,86.18846572361262
Wed Jul 13 19:28:42 2022,Tomeco,Copiulemu,17.3,23.39,False,81.121387283237
Wed Jul 13 19:28:42 2022,Copiulemu,Tomeco,15.3,22.002,False,86.28235294117647
