Fecha,From,To,Tiempo (min),Distancia (km),Real Time,Velocidad promedia
Wed Dec 11 22:38:51 2024,Tomeco,Copiulemu,20.183333333333334,23.45,True,69.71098265895954
Wed Dec 11 22:38:51 2024,Copiulemu,Tomeco,15.466666666666667,21.968,True,85.22068965517242
Wed Dec 11 22:38:51 2024,Tomeco,Copiulemu,17.616666666666667,23.45,False,79.86754966887418
Wed Dec 11 22:38:51 2024,Copiulemu,Tomeco,15.383333333333333,21.968,False,85.68234019501625
