Fecha,From,To,Tiempo (min),Distancia (km),Real Time,Velocidad promedia
Wed Oct  2 21:33:03 2024,Tomeco,Copiulemu,18.716666666666665,23.48,True,75.26981300089048
Wed Oct  2 21:33:03 2024,Copiulemu,Tomeco,15.766666666666667,22.002,True,83.72854122621564
Wed Oct  2 21:33:03 2024,Tomeco,Copiulemu,18.283333333333335,23.48,False,77.05378304466727
Wed Oct  2 21:33:03 2024,Copiulemu,Tomeco,15.733333333333333,22.002,False,83.90593220338984
