Fecha,From,To,Tiempo (min),Distancia (km),Real Time,Velocidad promedia
Wed Apr 10 10:33:19 2024,Tomeco,Copiulemu,18.183333333333334,23.739,True,78.33217231897342
Wed Apr 10 10:33:19 2024,Copiulemu,Tomeco,15.516666666666667,22.002,True,85.07755102040815
Wed Apr 10 10:33:19 2024,Tomeco,Copiulemu,18.183333333333334,23.739,False,78.33217231897342
Wed Apr 10 10:33:19 2024,Copiulemu,Tomeco,15.516666666666667,22.002,False,85.07755102040815
