Fecha,From,To,Tiempo (min),Distancia (km),Real Time,Velocidad promedia
Wed Aug  3 09:36:02 2022,Tomeco,Copiulemu,17.566666666666666,23.39,True,79.88994307400381
Wed Aug  3 09:36:02 2022,Copiulemu,Tomeco,14.95,21.461,True,86.13110367892976
Wed Aug  3 09:36:02 2022,Tomeco,Copiulemu,17.566666666666666,23.39,False,79.88994307400381
Wed Aug  3 09:36:02 2022,Copiulemu,Tomeco,14.933333333333334,21.461,False,86.22723214285713
