Fecha,From,To,Tiempo (min),Distancia (km),Real Time,Velocidad promedia
Wed Jun 26 12:49:00 2024,Tomeco,Copiulemu,18.183333333333334,23.48,True,77.47754353803849
Wed Jun 26 12:49:00 2024,Copiulemu,Tomeco,15.133333333333333,22.002,True,87.23259911894272
Wed Jun 26 12:49:00 2024,Tomeco,Copiulemu,18.0,23.48,False,78.26666666666667
Wed Jun 26 12:49:00 2024,Copiulemu,Tomeco,14.75,22.002,False,89.49966101694915
