Fecha,From,To,Tiempo (min),Distancia (km),Real Time,Velocidad promedia
Wed Jul 20 22:33:58 2022,Tomeco,Copiulemu,20.1,23.39,True,69.82089552238806
Wed Jul 20 22:33:58 2022,Copiulemu,Tomeco,16.016666666666666,22.002,True,82.4216441207076
Wed Jul 20 22:33:58 2022,Tomeco,Copiulemu,18.333333333333332,23.39,False,76.54909090909092
Wed Jul 20 22:33:58 2022,Copiulemu,Tomeco,15.616666666666667,22.002,False,84.53276414087513
