Fecha,From,To,Tiempo (min),Distancia (km),Real Time,Velocidad promedia
Wed Sep 20 10:32:01 2023,Tomeco,Copiulemu,16.933333333333334,23.649,True,83.79566929133858
Wed Sep 20 10:32:01 2023,Copiulemu,Tomeco,15.45,22.002,True,85.44466019417474
Wed Sep 20 10:32:01 2023,Tomeco,Copiulemu,16.933333333333334,23.649,False,83.79566929133858
Wed Sep 20 10:32:01 2023,Copiulemu,Tomeco,15.283333333333333,22.002,False,86.37644492911667
