Fecha,From,To,Tiempo (min),Distancia (km),Real Time,Velocidad promedia
Wed Feb 14 22:29:08 2024,Tomeco,Copiulemu,18.833333333333332,23.48,True,74.80353982300885
Wed Feb 14 22:29:08 2024,Copiulemu,Tomeco,17.083333333333332,22.002,True,77.27531707317073
Wed Feb 14 22:29:08 2024,Tomeco,Copiulemu,18.833333333333332,23.48,False,74.80353982300885
Wed Feb 14 22:29:08 2024,Copiulemu,Tomeco,16.233333333333334,22.002,False,81.32156057494866
