Fecha,From,To,Tiempo (min),Distancia (km),Real Time,Velocidad promedia
Wed Sep 14 22:40:02 2022,Tomeco,Copiulemu,16.883333333333333,23.39,True,83.12339585389932
Wed Sep 14 22:40:02 2022,Copiulemu,Tomeco,15.5,22.002,True,85.1690322580645
Wed Sep 14 22:40:02 2022,Tomeco,Copiulemu,16.866666666666667,23.39,False,83.20553359683794
Wed Sep 14 22:40:02 2022,Copiulemu,Tomeco,15.2,22.002,False,86.85000000000001
