Fecha,From,To,Tiempo (min),Distancia (km),Real Time,Velocidad promedia
Wed May 25 22:37:20 2022,Tomeco,Copiulemu,18.05,23.39,True,77.75069252077563
Wed May 25 22:37:20 2022,Copiulemu,Tomeco,14.783333333333333,21.461,True,87.1021420518602
Wed May 25 22:37:20 2022,Tomeco,Copiulemu,17.9,23.39,False,78.40223463687153
Wed May 25 22:37:20 2022,Copiulemu,Tomeco,15.25,22.002,False,86.56524590163934
