Fecha,From,To,Tiempo (min),Distancia (km),Real Time,Velocidad promedia
Wed Jan 31 19:28:03 2024,Tomeco,Copiulemu,18.833333333333332,23.48,True,74.80353982300885
Wed Jan 31 19:28:03 2024,Copiulemu,Tomeco,15.916666666666666,22.002,True,82.93947643979057
Wed Jan 31 19:28:03 2024,Tomeco,Copiulemu,18.166666666666668,23.48,False,77.548623853211
Wed Jan 31 19:28:03 2024,Copiulemu,Tomeco,15.4,22.002,False,85.72207792207791
