Fecha,From,To,Tiempo (min),Distancia (km),Real Time,Velocidad promedia
Wed Oct 23 09:33:04 2024,Tomeco,Copiulemu,18.616666666666667,23.48,True,75.67412712623099
Wed Oct 23 09:33:04 2024,Copiulemu,Tomeco,15.05,22.002,True,87.71561461794019
Wed Oct 23 09:33:04 2024,Tomeco,Copiulemu,18.6,23.48,False,75.74193548387098
Wed Oct 23 09:33:04 2024,Copiulemu,Tomeco,15.016666666666667,22.002,False,87.91032186459489
