Fecha,From,To,Tiempo (min),Distancia (km),Real Time,Velocidad promedia
Wed Sep 20 19:28:19 2023,Tomeco,Copiulemu,17.5,23.649,True,81.08228571428572
Wed Sep 20 19:28:19 2023,Copiulemu,Tomeco,15.65,22.002,True,84.35271565495206
Wed Sep 20 19:28:19 2023,Tomeco,Copiulemu,17.5,23.649,False,81.08228571428572
Wed Sep 20 19:28:19 2023,Copiulemu,Tomeco,15.533333333333333,22.002,False,84.9862660944206
