Fecha,From,To,Tiempo (min),Distancia (km),Real Time,Velocidad promedia
Wed Aug 14 07:28:01 2024,Tomeco,Copiulemu,18.433333333333334,23.48,True,76.42676311030742
Wed Aug 14 07:28:01 2024,Copiulemu,Tomeco,15.933333333333334,22.002,True,82.85271966527196
Wed Aug 14 07:28:01 2024,Tomeco,Copiulemu,18.433333333333334,23.48,False,76.42676311030742
Wed Aug 14 07:28:01 2024,Copiulemu,Tomeco,15.933333333333334,22.002,False,82.85271966527196
