Fecha,From,To,Tiempo (min),Distancia (km),Real Time,Velocidad promedia
Wed Jun  8 18:39:59 2022,Tomeco,Copiulemu,16.733333333333334,23.39,True,83.86852589641434
Wed Jun  8 18:39:59 2022,Copiulemu,Tomeco,15.066666666666666,22.002,True,87.61858407079646
Wed Jun  8 18:39:59 2022,Tomeco,Copiulemu,16.866666666666667,23.39,False,83.20553359683794
Wed Jun  8 18:39:59 2022,Copiulemu,Tomeco,15.133333333333333,22.002,False,87.23259911894272
