Fecha,From,To,Tiempo (min),Distancia (km),Real Time,Velocidad promedia
Wed Sep  6 05:28:15 2023,Tomeco,Copiulemu,17.783333333333335,23.649,True,79.7904404873477
Wed Sep  6 05:28:15 2023,Copiulemu,Tomeco,15.65,22.002,True,84.35271565495206
Wed Sep  6 05:28:15 2023,Tomeco,Copiulemu,18.033333333333335,23.39,False,77.82255083179297
Wed Sep  6 05:28:15 2023,Copiulemu,Tomeco,15.65,22.002,False,84.35271565495206
