Fecha,From,To,Tiempo (min),Distancia (km),Real Time,Velocidad promedia
Wed Nov  6 12:54:05 2024,Tomeco,Copiulemu,18.266666666666666,23.45,True,77.02554744525548
Wed Nov  6 12:54:05 2024,Copiulemu,Tomeco,15.366666666666667,21.968,True,85.77527114967462
Wed Nov  6 12:54:05 2024,Tomeco,Copiulemu,18.066666666666666,23.45,False,77.87822878228782
Wed Nov  6 12:54:05 2024,Copiulemu,Tomeco,15.333333333333334,21.968,False,85.96173913043476
