Fecha,From,To,Tiempo (min),Distancia (km),Real Time,Velocidad promedia
Wed Sep 18 03:34:23 2024,Tomeco,Copiulemu,18.4,23.48,True,76.56521739130436
Wed Sep 18 03:34:23 2024,Copiulemu,Tomeco,16.383333333333333,22.002,True,80.57700915564598
Wed Sep 18 03:34:23 2024,Tomeco,Copiulemu,18.083333333333332,23.48,False,77.90599078341015
Wed Sep 18 03:34:23 2024,Copiulemu,Tomeco,15.916666666666666,22.002,False,82.93947643979057
