Fecha,From,To,Tiempo (min),Distancia (km),Real Time,Velocidad promedia
Wed Nov  1 19:28:07 2023,Tomeco,Copiulemu,17.666666666666668,23.39,True,79.43773584905661
Wed Nov  1 19:28:07 2023,Copiulemu,Tomeco,15.733333333333333,22.002,True,83.90593220338984
Wed Nov  1 19:28:07 2023,Tomeco,Copiulemu,17.666666666666668,23.39,False,79.43773584905661
Wed Nov  1 19:28:07 2023,Copiulemu,Tomeco,15.733333333333333,22.002,False,83.90593220338984
