Fecha,From,To,Tiempo (min),Distancia (km),Real Time,Velocidad promedia
Wed Jun 22 15:38:02 2022,Tomeco,Copiulemu,17.016666666666666,23.39,True,82.4720861900098
Wed Jun 22 15:38:02 2022,Copiulemu,Tomeco,15.4,22.002,True,85.72207792207791
Wed Jun 22 15:38:02 2022,Tomeco,Copiulemu,16.983333333333334,23.39,False,82.63395485770363
Wed Jun 22 15:38:02 2022,Copiulemu,Tomeco,15.1,22.002,False,87.4251655629139
