Fecha,From,To,Tiempo (min),Distancia (km),Real Time,Velocidad promedia
Wed Aug 17 10:39:14 2022,Tomeco,Copiulemu,17.0,23.39,True,82.5529411764706
Wed Aug 17 10:39:14 2022,Copiulemu,Tomeco,15.283333333333333,22.002,True,86.37644492911667
Wed Aug 17 10:39:14 2022,Tomeco,Copiulemu,17.0,23.39,False,82.5529411764706
Wed Aug 17 10:39:14 2022,Copiulemu,Tomeco,15.283333333333333,22.002,False,86.37644492911667
