Fecha,From,To,Tiempo (min),Distancia (km),Real Time,Velocidad promedia
Wed Oct 25 06:31:32 2023,Tomeco,Copiulemu,17.966666666666665,23.649,True,78.97625231910948
Wed Oct 25 06:31:32 2023,Copiulemu,Tomeco,15.166666666666666,22.002,True,87.04087912087913
Wed Oct 25 06:31:32 2023,Tomeco,Copiulemu,17.966666666666665,23.649,False,78.97625231910948
Wed Oct 25 06:31:32 2023,Copiulemu,Tomeco,15.166666666666666,22.002,False,87.04087912087913
