Fecha,From,To,Tiempo (min),Distancia (km),Real Time,Velocidad promedia
Wed Mar 23 06:41:12 2022,Tomeco,Copiulemu,17.983333333333334,23.39,True,78.03892493049119
Wed Mar 23 06:41:12 2022,Copiulemu,Tomeco,15.25,22.002,True,86.56524590163934
Wed Mar 23 06:41:12 2022,Tomeco,Copiulemu,17.983333333333334,23.39,False,78.03892493049119
Wed Mar 23 06:41:12 2022,Copiulemu,Tomeco,15.25,22.002,False,86.56524590163934
