Fecha,From,To,Tiempo (min),Distancia (km),Real Time,Velocidad promedia
Wed Nov 29 09:28:00 2023,Tomeco,Copiulemu,16.933333333333334,23.649,True,83.79566929133858
Wed Nov 29 09:28:00 2023,Copiulemu,Tomeco,15.283333333333333,22.002,True,86.37644492911667
Wed Nov 29 09:28:00 2023,Tomeco,Copiulemu,16.933333333333334,23.649,False,83.79566929133858
Wed Nov 29 09:28:00 2023,Copiulemu,Tomeco,14.666666666666666,22.002,False,90.00818181818181
