Fecha,From,To,Tiempo (min),Distancia (km),Real Time,Velocidad promedia
Wed Oct 23 12:54:51 2024,Tomeco,Copiulemu,18.416666666666668,23.48,True,76.49592760180995
Wed Oct 23 12:54:51 2024,Copiulemu,Tomeco,15.533333333333333,22.002,True,84.9862660944206
Wed Oct 23 12:54:51 2024,Tomeco,Copiulemu,17.966666666666665,23.48,False,78.41187384044528
Wed Oct 23 12:54:51 2024,Copiulemu,Tomeco,15.45,22.002,False,85.44466019417474
