Fecha,From,To,Tiempo (min),Distancia (km),Real Time,Velocidad promedia
Wed Aug 21 10:34:09 2024,Tomeco,Copiulemu,18.116666666666667,23.48,True,77.76264949402024
Wed Aug 21 10:34:09 2024,Copiulemu,Tomeco,15.5,22.002,True,85.1690322580645
Wed Aug 21 10:34:09 2024,Tomeco,Copiulemu,18.116666666666667,23.48,False,77.76264949402024
Wed Aug 21 10:34:09 2024,Copiulemu,Tomeco,15.15,22.002,False,87.13663366336633
