Fecha,From,To,Tiempo (min),Distancia (km),Real Time,Velocidad promedia
Wed Sep  7 07:54:18 2022,Tomeco,Copiulemu,17.633333333333333,23.39,True,79.58790170132326
Wed Sep  7 07:54:18 2022,Copiulemu,Tomeco,14.916666666666666,22.002,True,88.49966480446928
Wed Sep  7 07:54:18 2022,Tomeco,Copiulemu,17.633333333333333,23.39,False,79.58790170132326
Wed Sep  7 07:54:18 2022,Copiulemu,Tomeco,14.916666666666666,22.002,False,88.49966480446928
