Fecha,From,To,Tiempo (min),Distancia (km),Real Time,Velocidad promedia
Wed Nov  6 23:29:10 2024,Tomeco,Copiulemu,18.35,23.45,True,76.67574931880108
Wed Nov  6 23:29:10 2024,Copiulemu,Tomeco,15.333333333333334,21.968,True,85.96173913043476
Wed Nov  6 23:29:10 2024,Tomeco,Copiulemu,18.333333333333332,23.45,False,76.74545454545455
Wed Nov  6 23:29:10 2024,Copiulemu,Tomeco,15.333333333333334,21.968,False,85.96173913043476
