Fecha,From,To,Tiempo (min),Distancia (km),Real Time,Velocidad promedia
Wed Oct 30 10:39:15 2024,Tomeco,Copiulemu,17.616666666666667,23.45,True,79.86754966887418
Wed Oct 30 10:39:15 2024,Copiulemu,Tomeco,14.933333333333334,21.968,True,88.26428571428572
Wed Oct 30 10:39:15 2024,Tomeco,Copiulemu,17.566666666666666,23.45,False,80.09487666034155
Wed Oct 30 10:39:15 2024,Copiulemu,Tomeco,14.916666666666666,21.968,False,88.36290502793297
