Fecha,From,To,Tiempo (min),Distancia (km),Real Time,Velocidad promedia
Wed Jul 13 06:44:05 2022,Tomeco,Copiulemu,17.333333333333332,23.39,True,80.96538461538462
Wed Jul 13 06:44:05 2022,Copiulemu,Tomeco,15.716666666666667,22.002,True,83.99490986214211
Wed Jul 13 06:44:05 2022,Tomeco,Copiulemu,17.333333333333332,23.39,False,80.96538461538462
Wed Jul 13 06:44:05 2022,Copiulemu,Tomeco,15.716666666666667,22.002,False,83.99490986214211
