Fecha,From,To,Tiempo (min),Distancia (km),Real Time,Velocidad promedia
Wed Dec 20 06:28:04 2023,Tomeco,Copiulemu,19.433333333333334,23.39,True,72.21612349914237
Wed Dec 20 06:28:04 2023,Copiulemu,Tomeco,16.85,22.002,True,78.3454005934718
Wed Dec 20 06:28:04 2023,Tomeco,Copiulemu,18.033333333333335,23.39,False,77.82255083179297
Wed Dec 20 06:28:04 2023,Copiulemu,Tomeco,16.85,22.002,False,78.3454005934718
