Fecha,From,To,Tiempo (min),Distancia (km),Real Time,Velocidad promedia
Wed Sep 21 14:45:03 2022,Tomeco,Copiulemu,17.433333333333334,23.39,True,80.50095602294455
Wed Sep 21 14:45:03 2022,Copiulemu,Tomeco,15.65,22.002,True,84.35271565495206
Wed Sep 21 14:45:03 2022,Tomeco,Copiulemu,17.016666666666666,23.39,False,82.4720861900098
Wed Sep 21 14:45:03 2022,Copiulemu,Tomeco,15.9,22.002,False,83.02641509433961
