Fecha,From,To,Tiempo (min),Distancia (km),Real Time,Velocidad promedia
Wed Aug 24 10:40:13 2022,Tomeco,Copiulemu,17.05,23.39,True,82.3108504398827
Wed Aug 24 10:40:13 2022,Copiulemu,Tomeco,15.266666666666667,22.002,True,86.47074235807858
Wed Aug 24 10:40:13 2022,Tomeco,Copiulemu,17.05,23.39,False,82.3108504398827
Wed Aug 24 10:40:13 2022,Copiulemu,Tomeco,15.266666666666667,22.002,False,86.47074235807858
