Fecha,From,To,Tiempo (min),Distancia (km),Real Time,Velocidad promedia
Wed Nov 13 06:40:41 2024,Tomeco,Copiulemu,20.916666666666668,23.45,True,67.26693227091633
Wed Nov 13 06:40:41 2024,Copiulemu,Tomeco,15.666666666666666,21.968,True,84.13276595744681
Wed Nov 13 06:40:41 2024,Tomeco,Copiulemu,19.0,23.45,False,74.05263157894737
Wed Nov 13 06:40:41 2024,Copiulemu,Tomeco,15.666666666666666,21.968,False,84.13276595744681
