Fecha,From,To,Tiempo (min),Distancia (km),Real Time,Velocidad promedia
Wed May 18 23:35:31 2022,Tomeco,Copiulemu,17.516666666666666,23.39,True,80.11798287345385
Wed May 18 23:35:31 2022,Copiulemu,Tomeco,15.816666666666666,22.002,True,83.46385669125394
Wed May 18 23:35:31 2022,Tomeco,Copiulemu,16.716666666666665,23.39,False,83.95214356929213
Wed May 18 23:35:31 2022,Copiulemu,Tomeco,15.666666666666666,22.002,False,84.26297872340425
