Fecha,From,To,Tiempo (min),Distancia (km),Real Time,Velocidad promedia
Wed Mar 20 16:34:54 2024,Tomeco,Copiulemu,18.4,23.739,True,77.40978260869566
Wed Mar 20 16:34:54 2024,Copiulemu,Tomeco,16.35,22.002,True,80.74128440366971
Wed Mar 20 16:34:54 2024,Tomeco,Copiulemu,17.75,23.739,False,80.24450704225352
Wed Mar 20 16:34:54 2024,Copiulemu,Tomeco,15.05,22.002,False,87.71561461794019
