Fecha,From,To,Tiempo (min),Distancia (km),Real Time,Velocidad promedia
Wed Aug  7 17:31:55 2024,Tomeco,Copiulemu,17.833333333333332,23.48,True,78.9981308411215
Wed Aug  7 17:31:55 2024,Copiulemu,Tomeco,15.366666666666667,22.002,True,85.90802603036876
Wed Aug  7 17:31:55 2024,Tomeco,Copiulemu,17.833333333333332,23.48,False,78.9981308411215
Wed Aug  7 17:31:55 2024,Copiulemu,Tomeco,15.366666666666667,22.002,False,85.90802603036876
