Fecha,From,To,Tiempo (min),Distancia (km),Real Time,Velocidad promedia
Wed Jun 26 15:30:07 2024,Tomeco,Copiulemu,17.95,23.48,True,78.48467966573817
Wed Jun 26 15:30:07 2024,Copiulemu,Tomeco,15.15,22.002,True,87.13663366336633
Wed Jun 26 15:30:07 2024,Tomeco,Copiulemu,17.716666666666665,23.48,False,79.51834430856069
Wed Jun 26 15:30:07 2024,Copiulemu,Tomeco,14.983333333333333,22.002,False,88.1058954393771
