Fecha,From,To,Tiempo (min),Distancia (km),Real Time,Velocidad promedia
Wed Jul 13 10:41:47 2022,Tomeco,Copiulemu,17.4,23.39,True,80.65517241379311
Wed Jul 13 10:41:47 2022,Copiulemu,Tomeco,15.35,22.002,True,86.0013029315961
Wed Jul 13 10:41:47 2022,Tomeco,Copiulemu,17.4,23.39,False,80.65517241379311
Wed Jul 13 10:41:47 2022,Copiulemu,Tomeco,15.266666666666667,22.002,False,86.47074235807858
