Fecha,From,To,Tiempo (min),Distancia (km),Real Time,Velocidad promedia
Wed Sep 21 22:42:11 2022,Tomeco,Copiulemu,17.333333333333332,23.39,True,80.96538461538462
Wed Sep 21 22:42:11 2022,Copiulemu,Tomeco,15.233333333333333,22.002,True,86.65995623632385
Wed Sep 21 22:42:11 2022,Tomeco,Copiulemu,17.35,23.39,False,80.88760806916426
Wed Sep 21 22:42:11 2022,Copiulemu,Tomeco,15.25,22.002,False,86.56524590163934
