Fecha,From,To,Tiempo (min),Distancia (km),Real Time,Velocidad promedia
Wed Jul 31 17:32:01 2024,Tomeco,Copiulemu,18.233333333333334,23.48,True,77.26508226691041
Wed Jul 31 17:32:01 2024,Copiulemu,Tomeco,15.483333333333333,22.002,True,85.26071044133477
Wed Jul 31 17:32:01 2024,Tomeco,Copiulemu,18.066666666666666,23.48,False,77.97785977859779
Wed Jul 31 17:32:01 2024,Copiulemu,Tomeco,15.433333333333334,22.002,False,85.53693304535636
