Fecha,From,To,Tiempo (min),Distancia (km),Real Time,Velocidad promedia
Wed Jul 31 08:29:33 2024,Tomeco,Copiulemu,19.016666666666666,23.48,True,74.08238387379492
Wed Jul 31 08:29:33 2024,Copiulemu,Tomeco,15.8,22.002,True,83.5518987341772
Wed Jul 31 08:29:33 2024,Tomeco,Copiulemu,19.016666666666666,23.48,False,74.08238387379492
Wed Jul 31 08:29:33 2024,Copiulemu,Tomeco,15.8,22.002,False,83.5518987341772
