Fecha,From,To,Tiempo (min),Distancia (km),Real Time,Velocidad promedia
Wed Mar 30 16:48:22 2022,Tomeco,Copiulemu,19.516666666666666,23.39,True,71.90777113578139
Wed Mar 30 16:48:22 2022,Copiulemu,Tomeco,15.5,22.002,True,85.1690322580645
Wed Mar 30 16:48:22 2022,Tomeco,Copiulemu,18.483333333333334,23.39,False,75.92786293958521
Wed Mar 30 16:48:22 2022,Copiulemu,Tomeco,15.266666666666667,22.002,False,86.47074235807858
