Fecha,From,To,Tiempo (min),Distancia (km),Real Time,Velocidad promedia
Wed Oct 30 06:41:52 2024,Tomeco,Copiulemu,19.066666666666666,23.45,True,73.7937062937063
Wed Oct 30 06:41:52 2024,Copiulemu,Tomeco,15.733333333333333,21.968,True,83.7762711864407
Wed Oct 30 06:41:52 2024,Tomeco,Copiulemu,19.116666666666667,23.45,False,73.60069747166521
Wed Oct 30 06:41:52 2024,Copiulemu,Tomeco,15.733333333333333,21.968,False,83.7762711864407
