Fecha,From,To,Tiempo (min),Distancia (km),Real Time,Velocidad promedia
Wed Oct  9 16:39:51 2024,Tomeco,Copiulemu,18.366666666666667,23.48,True,76.70417422867514
Wed Oct  9 16:39:51 2024,Copiulemu,Tomeco,15.733333333333333,22.002,True,83.90593220338984
Wed Oct  9 16:39:51 2024,Tomeco,Copiulemu,18.333333333333332,23.48,False,76.84363636363638
Wed Oct  9 16:39:51 2024,Copiulemu,Tomeco,15.6,22.002,False,84.62307692307692
