Fecha,From,To,Tiempo (min),Distancia (km),Real Time,Velocidad promedia
Wed Apr 20 14:32:30 2022,Tomeco,Copiulemu,17.3,23.39,True,81.121387283237
Wed Apr 20 14:32:30 2022,Copiulemu,Tomeco,15.133333333333333,22.002,True,87.23259911894272
Wed Apr 20 14:32:30 2022,Tomeco,Copiulemu,16.95,23.39,False,82.79646017699116
Wed Apr 20 14:32:30 2022,Copiulemu,Tomeco,15.05,22.002,False,87.71561461794019
