Fecha,From,To,Tiempo (min),Distancia (km),Real Time,Velocidad promedia
Wed Jun 22 13:04:41 2022,Tomeco,Copiulemu,16.333333333333332,23.39,True,85.92244897959185
Wed Jun 22 13:04:41 2022,Copiulemu,Tomeco,14.866666666666667,22.002,True,88.79730941704035
Wed Jun 22 13:04:41 2022,Tomeco,Copiulemu,16.333333333333332,23.39,False,85.92244897959185
Wed Jun 22 13:04:41 2022,Copiulemu,Tomeco,14.683333333333334,22.002,False,89.90601589103291
