Fecha,From,To,Tiempo (min),Distancia (km),Real Time,Velocidad promedia
Wed Mar 13 19:28:09 2024,Tomeco,Copiulemu,18.366666666666667,23.739,True,77.5502722323049
Wed Mar 13 19:28:09 2024,Copiulemu,Tomeco,15.216666666666667,22.002,True,86.75487404162102
Wed Mar 13 19:28:09 2024,Tomeco,Copiulemu,17.883333333333333,23.739,False,79.6462255358807
Wed Mar 13 19:28:09 2024,Copiulemu,Tomeco,14.966666666666667,22.002,False,88.20400890868596
