Fecha,From,To,Tiempo (min),Distancia (km),Real Time,Velocidad promedia
Wed Jul 31 20:29:05 2024,Tomeco,Copiulemu,18.383333333333333,23.48,True,76.63463281958296
Wed Jul 31 20:29:05 2024,Copiulemu,Tomeco,15.816666666666666,22.002,True,83.46385669125394
Wed Jul 31 20:29:05 2024,Tomeco,Copiulemu,17.95,23.48,False,78.48467966573817
Wed Jul 31 20:29:05 2024,Copiulemu,Tomeco,15.483333333333333,22.002,False,85.26071044133477
