Fecha,From,To,Tiempo (min),Distancia (km),Real Time,Velocidad promedia
Wed Apr 10 23:28:02 2024,Tomeco,Copiulemu,18.316666666666666,23.739,True,77.76196542311193
Wed Apr 10 23:28:02 2024,Copiulemu,Tomeco,15.6,22.002,True,84.62307692307692
Wed Apr 10 23:28:02 2024,Tomeco,Copiulemu,18.6,23.739,False,76.57741935483871
Wed Apr 10 23:28:02 2024,Copiulemu,Tomeco,15.6,22.002,False,84.62307692307692
