Fecha,From,To,Tiempo (min),Distancia (km),Real Time,Velocidad promedia
Wed Dec 13 20:28:07 2023,Tomeco,Copiulemu,17.083333333333332,23.649,True,83.0599024390244
Wed Dec 13 20:28:07 2023,Copiulemu,Tomeco,15.066666666666666,21.461,True,85.46415929203539
Wed Dec 13 20:28:07 2023,Tomeco,Copiulemu,17.066666666666666,23.649,False,83.14101562500001
Wed Dec 13 20:28:07 2023,Copiulemu,Tomeco,14.533333333333333,21.461,False,88.60045871559632
