Fecha,From,To,Tiempo (min),Distancia (km),Real Time,Velocidad promedia
Wed Aug 28 02:48:36 2024,Tomeco,Copiulemu,18.616666666666667,23.48,True,75.67412712623099
Wed Aug 28 02:48:36 2024,Copiulemu,Tomeco,16.216666666666665,22.002,True,81.40513874614595
Wed Aug 28 02:48:36 2024,Tomeco,Copiulemu,18.616666666666667,23.48,False,75.67412712623099
Wed Aug 28 02:48:36 2024,Copiulemu,Tomeco,16.083333333333332,22.002,False,82.08
