Fecha,From,To,Tiempo (min),Distancia (km),Real Time,Velocidad promedia
Wed Dec 20 11:28:01 2023,Tomeco,Copiulemu,17.233333333333334,23.39,True,81.43520309477756
Wed Dec 20 11:28:01 2023,Copiulemu,Tomeco,15.416666666666666,21.461,True,83.52389189189189
Wed Dec 20 11:28:01 2023,Tomeco,Copiulemu,17.183333333333334,23.39,False,81.6721629485936
Wed Dec 20 11:28:01 2023,Copiulemu,Tomeco,15.4,21.461,False,83.61428571428571
