Fecha,From,To,Tiempo (min),Distancia (km),Real Time,Velocidad promedia
Wed May 11 21:33:25 2022,Tomeco,Copiulemu,17.083333333333332,23.39,True,82.15024390243903
Wed May 11 21:33:25 2022,Copiulemu,Tomeco,15.266666666666667,22.002,True,86.47074235807858
Wed May 11 21:33:25 2022,Tomeco,Copiulemu,17.05,23.39,False,82.3108504398827
Wed May 11 21:33:25 2022,Copiulemu,Tomeco,15.25,22.002,False,86.56524590163934
