Fecha,From,To,Tiempo (min),Distancia (km),Real Time,Velocidad promedia
Wed Jul 17 02:45:04 2024,Tomeco,Copiulemu,18.45,23.48,True,76.35772357723577
Wed Jul 17 02:45:04 2024,Copiulemu,Tomeco,15.45,22.002,True,85.44466019417474
Wed Jul 17 02:45:04 2024,Tomeco,Copiulemu,18.3,23.48,False,76.98360655737706
Wed Jul 17 02:45:04 2024,Copiulemu,Tomeco,15.433333333333334,22.002,False,85.53693304535636
