Fecha,From,To,Tiempo (min),Distancia (km),Real Time,Velocidad promedia
Wed Aug 17 23:34:10 2022,Tomeco,Copiulemu,17.183333333333334,23.39,True,81.6721629485936
Wed Aug 17 23:34:10 2022,Copiulemu,Tomeco,15.283333333333333,22.002,True,86.37644492911667
Wed Aug 17 23:34:10 2022,Tomeco,Copiulemu,17.133333333333333,23.39,False,81.91050583657588
Wed Aug 17 23:34:10 2022,Copiulemu,Tomeco,15.05,22.002,False,87.71561461794019
