Fecha,From,To,Tiempo (min),Distancia (km),Real Time,Velocidad promedia
Wed Nov  8 09:28:19 2023,Tomeco,Copiulemu,17.35,23.649,True,81.78328530259365
Wed Nov  8 09:28:19 2023,Copiulemu,Tomeco,14.966666666666667,22.002,True,88.20400890868596
Wed Nov  8 09:28:19 2023,Tomeco,Copiulemu,17.35,23.649,False,81.78328530259365
Wed Nov  8 09:28:19 2023,Copiulemu,Tomeco,14.966666666666667,22.002,False,88.20400890868596
