Fecha,From,To,Tiempo (min),Distancia (km),Real Time,Velocidad promedia
Wed Jun 19 12:48:25 2024,Tomeco,Copiulemu,18.2,23.48,True,77.4065934065934
Wed Jun 19 12:48:25 2024,Copiulemu,Tomeco,14.9,22.002,True,88.59865771812079
Wed Jun 19 12:48:25 2024,Tomeco,Copiulemu,17.916666666666668,23.48,False,78.63069767441861
Wed Jun 19 12:48:25 2024,Copiulemu,Tomeco,14.783333333333333,22.002,False,89.2978579481398
