Fecha,From,To,Tiempo (min),Distancia (km),Real Time,Velocidad promedia
Wed Jul 10 03:32:39 2024,Tomeco,Copiulemu,19.166666666666668,23.48,True,73.50260869565217
Wed Jul 10 03:32:39 2024,Copiulemu,Tomeco,16.633333333333333,22.002,True,79.36593186372745
Wed Jul 10 03:32:39 2024,Tomeco,Copiulemu,18.95,23.48,False,74.3430079155673
Wed Jul 10 03:32:39 2024,Copiulemu,Tomeco,16.616666666666667,22.002,False,79.44553660982949
