Fecha,From,To,Tiempo (min),Distancia (km),Real Time,Velocidad promedia
Wed Aug 24 20:36:12 2022,Tomeco,Copiulemu,16.983333333333334,23.39,True,82.63395485770363
Wed Aug 24 20:36:12 2022,Copiulemu,Tomeco,15.066666666666666,22.002,True,87.61858407079646
Wed Aug 24 20:36:12 2022,Tomeco,Copiulemu,16.95,23.39,False,82.79646017699116
Wed Aug 24 20:36:12 2022,Copiulemu,Tomeco,15.066666666666666,22.002,False,87.61858407079646
