Fecha,From,To,Tiempo (min),Distancia (km),Real Time,Velocidad promedia
Wed Oct  4 08:31:27 2023,Tomeco,Copiulemu,18.433333333333334,23.649,True,76.97685352622062
Wed Oct  4 08:31:27 2023,Copiulemu,Tomeco,15.516666666666667,22.002,True,85.07755102040815
Wed Oct  4 08:31:27 2023,Tomeco,Copiulemu,18.433333333333334,23.649,False,76.97685352622062
Wed Oct  4 08:31:27 2023,Copiulemu,Tomeco,15.516666666666667,22.002,False,85.07755102040815
