Fecha,From,To,Tiempo (min),Distancia (km),Real Time,Velocidad promedia
Wed Jul 31 23:28:28 2024,Tomeco,Copiulemu,18.833333333333332,23.48,True,74.80353982300885
Wed Jul 31 23:28:28 2024,Copiulemu,Tomeco,16.133333333333333,22.002,True,81.82561983471074
Wed Jul 31 23:28:28 2024,Tomeco,Copiulemu,18.25,23.48,False,77.19452054794522
Wed Jul 31 23:28:28 2024,Copiulemu,Tomeco,16.083333333333332,22.002,False,82.08
