Fecha,From,To,Tiempo (min),Distancia (km),Real Time,Velocidad promedia
Wed Jul 31 07:28:09 2024,Tomeco,Copiulemu,18.7,23.48,True,75.33689839572193
Wed Jul 31 07:28:09 2024,Copiulemu,Tomeco,15.966666666666667,22.002,True,82.67974947807932
Wed Jul 31 07:28:09 2024,Tomeco,Copiulemu,18.7,23.48,False,75.33689839572193
Wed Jul 31 07:28:09 2024,Copiulemu,Tomeco,15.966666666666667,22.002,False,82.67974947807932
