Fecha,From,To,Tiempo (min),Distancia (km),Real Time,Velocidad promedia
Wed May 29 23:28:07 2024,Tomeco,Copiulemu,19.0,23.48,True,74.14736842105263
Wed May 29 23:28:07 2024,Copiulemu,Tomeco,16.616666666666667,22.002,True,79.44553660982949
Wed May 29 23:28:07 2024,Tomeco,Copiulemu,17.683333333333334,23.48,False,79.66823751178134
Wed May 29 23:28:07 2024,Copiulemu,Tomeco,16.033333333333335,22.002,False,82.33596673596672
