Fecha,From,To,Tiempo (min),Distancia (km),Real Time,Velocidad promedia
Wed Dec 20 13:28:15 2023,Tomeco,Copiulemu,19.566666666666666,23.39,True,71.72402044293015
Wed Dec 20 13:28:15 2023,Copiulemu,Tomeco,16.4,22.002,True,80.49512195121952
Wed Dec 20 13:28:15 2023,Tomeco,Copiulemu,17.416666666666668,23.39,False,80.57799043062201
Wed Dec 20 13:28:15 2023,Copiulemu,Tomeco,16.133333333333333,22.002,False,81.82561983471074
