Fecha,From,To,Tiempo (min),Distancia (km),Real Time,Velocidad promedia
Wed Oct 11 06:32:54 2023,Tomeco,Copiulemu,17.7,23.649,True,80.16610169491526
Wed Oct 11 06:32:54 2023,Copiulemu,Tomeco,15.083333333333334,22.002,True,87.5217679558011
Wed Oct 11 06:32:54 2023,Tomeco,Copiulemu,17.7,23.649,False,80.16610169491526
Wed Oct 11 06:32:54 2023,Copiulemu,Tomeco,15.083333333333334,22.002,False,87.5217679558011
