Fecha,From,To,Tiempo (min),Distancia (km),Real Time,Velocidad promedia
Wed Feb  7 23:28:08 2024,Tomeco,Copiulemu,20.216666666666665,23.48,True,69.6850783182193
Wed Feb  7 23:28:08 2024,Copiulemu,Tomeco,16.066666666666666,22.002,True,82.16514522821576
Wed Feb  7 23:28:08 2024,Tomeco,Copiulemu,18.7,23.48,False,75.33689839572193
Wed Feb  7 23:28:08 2024,Copiulemu,Tomeco,18.716666666666665,22.002,False,70.53178984861977
