Fecha,From,To,Tiempo (min),Distancia (km),Real Time,Velocidad promedia
Wed May 15 04:31:19 2024,Tomeco,Copiulemu,18.283333333333335,23.48,True,77.05378304466727
Wed May 15 04:31:19 2024,Copiulemu,Tomeco,16.0,22.002,True,82.5075
Wed May 15 04:31:19 2024,Tomeco,Copiulemu,18.366666666666667,23.48,False,76.70417422867514
Wed May 15 04:31:19 2024,Copiulemu,Tomeco,15.983333333333333,22.002,False,82.59353493222106
