Fecha,From,To,Tiempo (min),Distancia (km),Real Time,Velocidad promedia
Wed Apr 10 19:28:12 2024,Tomeco,Copiulemu,18.133333333333333,23.739,True,78.54816176470588
Wed Apr 10 19:28:12 2024,Copiulemu,Tomeco,15.283333333333333,21.581,True,84.7236641221374
Wed Apr 10 19:28:12 2024,Tomeco,Copiulemu,18.133333333333333,23.739,False,78.54816176470588
Wed Apr 10 19:28:12 2024,Copiulemu,Tomeco,15.166666666666666,21.581,False,85.37538461538462
