Fecha,From,To,Tiempo (min),Distancia (km),Real Time,Velocidad promedia
Wed Nov  6 16:39:55 2024,Tomeco,Copiulemu,18.15,23.45,True,77.52066115702479
Wed Nov  6 16:39:55 2024,Copiulemu,Tomeco,15.116666666666667,21.968,True,87.19382579933847
Wed Nov  6 16:39:55 2024,Tomeco,Copiulemu,18.133333333333333,23.45,False,77.59191176470588
Wed Nov  6 16:39:55 2024,Copiulemu,Tomeco,15.116666666666667,21.968,False,87.19382579933847
