Fecha,From,To,Tiempo (min),Distancia (km),Real Time,Velocidad promedia
Wed Dec 11 15:37:33 2024,Tomeco,Copiulemu,17.933333333333334,23.45,True,78.45724907063197
Wed Dec 11 15:37:33 2024,Copiulemu,Tomeco,15.616666666666667,21.968,True,84.40213447171826
Wed Dec 11 15:37:33 2024,Tomeco,Copiulemu,17.933333333333334,23.45,False,78.45724907063197
Wed Dec 11 15:37:33 2024,Copiulemu,Tomeco,15.45,21.968,False,85.3126213592233
