Fecha,From,To,Tiempo (min),Distancia (km),Real Time,Velocidad promedia
Wed Aug 17 05:50:29 2022,Tomeco,Copiulemu,17.566666666666666,23.39,True,79.88994307400381
Wed Aug 17 05:50:29 2022,Copiulemu,Tomeco,15.483333333333333,22.002,True,85.26071044133477
Wed Aug 17 05:50:29 2022,Tomeco,Copiulemu,17.566666666666666,23.39,False,79.88994307400381
Wed Aug 17 05:50:29 2022,Copiulemu,Tomeco,15.483333333333333,22.002,False,85.26071044133477
