Fecha,From,To,Tiempo (min),Distancia (km),Real Time,Velocidad promedia
Wed Apr 27 20:37:39 2022,Tomeco,Copiulemu,16.783333333333335,23.39,True,83.61866931479642
Wed Apr 27 20:37:39 2022,Copiulemu,Tomeco,14.883333333333333,22.002,True,88.69787234042553
Wed Apr 27 20:37:39 2022,Tomeco,Copiulemu,16.666666666666668,23.39,False,84.204
Wed Apr 27 20:37:39 2022,Copiulemu,Tomeco,14.883333333333333,22.002,False,88.69787234042553
