Fecha,From,To,Tiempo (min),Distancia (km),Real Time,Velocidad promedia
Wed Oct 18 07:28:13 2023,Tomeco,Copiulemu,18.566666666666666,23.649,True,76.42405745062837
Wed Oct 18 07:28:13 2023,Copiulemu,Tomeco,15.016666666666667,22.002,True,87.91032186459489
Wed Oct 18 07:28:13 2023,Tomeco,Copiulemu,18.566666666666666,23.649,False,76.42405745062837
Wed Oct 18 07:28:13 2023,Copiulemu,Tomeco,15.016666666666667,22.002,False,87.91032186459489
