Fecha,From,To,Tiempo (min),Distancia (km),Real Time,Velocidad promedia
Wed Apr 24 13:31:21 2024,Tomeco,Copiulemu,18.066666666666666,23.739,True,78.8380073800738
Wed Apr 24 13:31:21 2024,Copiulemu,Tomeco,15.55,21.581,True,83.27073954983923
Wed Apr 24 13:31:21 2024,Tomeco,Copiulemu,17.916666666666668,23.739,False,79.4980465116279
Wed Apr 24 13:31:21 2024,Copiulemu,Tomeco,15.383333333333333,21.581,False,84.17291440953413
