Fecha,From,To,Tiempo (min),Distancia (km),Real Time,Velocidad promedia
Wed Mar 23 12:55:14 2022,Tomeco,Copiulemu,17.183333333333334,23.39,True,81.6721629485936
Wed Mar 23 12:55:14 2022,Copiulemu,Tomeco,15.05,22.002,True,87.71561461794019
Wed Mar 23 12:55:14 2022,Tomeco,Copiulemu,17.15,23.39,False,81.83090379008746
Wed Mar 23 12:55:14 2022,Copiulemu,Tomeco,15.266666666666667,22.002,False,86.47074235807858
