Fecha,From,To,Tiempo (min),Distancia (km),Real Time,Velocidad promedia
Wed Mar 16 04:41:53 2022,Tomeco,Copiulemu,18.833333333333332,23.649,True,75.34194690265487
Wed Mar 16 04:41:53 2022,Copiulemu,Tomeco,15.25,22.002,True,86.56524590163934
Wed Mar 16 04:41:53 2022,Tomeco,Copiulemu,18.233333333333334,23.649,False,77.82120658135283
Wed Mar 16 04:41:53 2022,Copiulemu,Tomeco,15.25,22.002,False,86.56524590163934
