Fecha,From,To,Tiempo (min),Distancia (km),Real Time,Velocidad promedia
Wed Aug 10 20:35:40 2022,Tomeco,Copiulemu,17.05,23.39,True,82.3108504398827
Wed Aug 10 20:35:40 2022,Copiulemu,Tomeco,15.15,22.002,True,87.13663366336633
Wed Aug 10 20:35:40 2022,Tomeco,Copiulemu,16.866666666666667,23.39,False,83.20553359683794
Wed Aug 10 20:35:40 2022,Copiulemu,Tomeco,15.066666666666666,22.002,False,87.61858407079646
