Fecha,From,To,Tiempo (min),Distancia (km),Real Time,Velocidad promedia
Wed Apr 27 07:35:25 2022,Tomeco,Copiulemu,17.2,23.39,True,81.59302325581395
Wed Apr 27 07:35:25 2022,Copiulemu,Tomeco,15.05,22.002,True,87.71561461794019
Wed Apr 27 07:35:25 2022,Tomeco,Copiulemu,17.2,23.39,False,81.59302325581395
Wed Apr 27 07:35:25 2022,Copiulemu,Tomeco,15.05,22.002,False,87.71561461794019
