Fecha,From,To,Tiempo (min),Distancia (km),Real Time,Velocidad promedia
Wed Nov 20 11:29:02 2024,Tomeco,Copiulemu,18.3,23.45,True,76.88524590163934
Wed Nov 20 11:29:02 2024,Copiulemu,Tomeco,14.783333333333333,21.968,True,89.15986471251409
Wed Nov 20 11:29:02 2024,Tomeco,Copiulemu,18.15,23.45,False,77.52066115702479
Wed Nov 20 11:29:02 2024,Copiulemu,Tomeco,14.65,21.968,False,89.97133105802048
