Fecha,From,To,Tiempo (min),Distancia (km),Real Time,Velocidad promedia
Wed Aug 21 15:30:03 2024,Tomeco,Copiulemu,18.2,23.48,True,77.4065934065934
Wed Aug 21 15:30:03 2024,Copiulemu,Tomeco,15.933333333333334,22.002,True,82.85271966527196
Wed Aug 21 15:30:03 2024,Tomeco,Copiulemu,17.483333333333334,23.48,False,80.57959961868445
Wed Aug 21 15:30:03 2024,Copiulemu,Tomeco,15.35,22.002,False,86.0013029315961
