Fecha,From,To,Tiempo (min),Distancia (km),Real Time,Velocidad promedia
Wed Nov  8 06:31:34 2023,Tomeco,Copiulemu,20.183333333333334,23.649,True,70.30255986787779
Wed Nov  8 06:31:34 2023,Copiulemu,Tomeco,15.35,22.002,True,86.0013029315961
Wed Nov  8 06:31:34 2023,Tomeco,Copiulemu,17.716666666666665,23.649,False,80.09068673565382
Wed Nov  8 06:31:34 2023,Copiulemu,Tomeco,15.35,22.002,False,86.0013029315961
