Fecha,From,To,Tiempo (min),Distancia (km),Real Time,Velocidad promedia
Wed Jan 17 08:31:55 2024,Tomeco,Copiulemu,18.716666666666665,23.48,True,75.26981300089048
Wed Jan 17 08:31:55 2024,Copiulemu,Tomeco,15.416666666666666,22.002,True,85.62940540540541
Wed Jan 17 08:31:55 2024,Tomeco,Copiulemu,18.866666666666667,23.48,False,74.67137809187278
Wed Jan 17 08:31:55 2024,Copiulemu,Tomeco,15.416666666666666,22.002,False,85.62940540540541
