Fecha,From,To,Tiempo (min),Distancia (km),Real Time,Velocidad promedia
Wed Nov 15 19:27:59 2023,Tomeco,Copiulemu,17.716666666666665,23.649,True,80.09068673565382
Wed Nov 15 19:27:59 2023,Copiulemu,Tomeco,14.9,22.002,True,88.59865771812079
Wed Nov 15 19:27:59 2023,Tomeco,Copiulemu,17.216666666666665,23.649,False,82.41665053242984
Wed Nov 15 19:27:59 2023,Copiulemu,Tomeco,14.65,22.002,False,90.11058020477815
