Fecha,From,To,Tiempo (min),Distancia (km),Real Time,Velocidad promedia
Wed Mar 20 19:28:00 2024,Tomeco,Copiulemu,18.483333333333334,23.739,True,77.06077547339946
Wed Mar 20 19:28:00 2024,Copiulemu,Tomeco,15.416666666666666,22.002,True,85.62940540540541
Wed Mar 20 19:28:00 2024,Tomeco,Copiulemu,18.266666666666666,23.739,False,77.97481751824819
Wed Mar 20 19:28:00 2024,Copiulemu,Tomeco,15.133333333333333,22.002,False,87.23259911894272
