Fecha,From,To,Tiempo (min),Distancia (km),Real Time,Velocidad promedia
Wed Jul 24 05:31:42 2024,Tomeco,Copiulemu,18.783333333333335,23.48,True,75.00266193433895
Wed Jul 24 05:31:42 2024,Copiulemu,Tomeco,16.65,22.002,True,79.2864864864865
Wed Jul 24 05:31:42 2024,Tomeco,Copiulemu,18.783333333333335,23.48,False,75.00266193433895
Wed Jul 24 05:31:42 2024,Copiulemu,Tomeco,16.65,22.002,False,79.2864864864865
