Fecha,From,To,Tiempo (min),Distancia (km),Real Time,Velocidad promedia
Wed Nov 27 19:28:08 2024,Tomeco,Copiulemu,18.066666666666666,23.45,True,77.87822878228782
Wed Nov 27 19:28:08 2024,Copiulemu,Tomeco,15.666666666666666,21.968,True,84.13276595744681
Wed Nov 27 19:28:08 2024,Tomeco,Copiulemu,17.616666666666667,23.45,False,79.86754966887418
Wed Nov 27 19:28:08 2024,Copiulemu,Tomeco,15.65,21.968,False,84.22236421725239
