Fecha,From,To,Tiempo (min),Distancia (km),Real Time,Velocidad promedia
Wed May 25 15:40:50 2022,Tomeco,Copiulemu,17.5,23.39,True,80.19428571428571
Wed May 25 15:40:50 2022,Copiulemu,Tomeco,15.2,22.002,True,86.85000000000001
Wed May 25 15:40:50 2022,Tomeco,Copiulemu,16.7,23.39,False,84.03592814371258
Wed May 25 15:40:50 2022,Copiulemu,Tomeco,14.916666666666666,22.002,False,88.49966480446928
