Fecha,From,To,Tiempo (min),Distancia (km),Real Time,Velocidad promedia
Wed Feb 14 13:28:16 2024,Tomeco,Copiulemu,18.15,23.48,True,77.6198347107438
Wed Feb 14 13:28:16 2024,Copiulemu,Tomeco,17.0,22.002,True,77.65411764705883
Wed Feb 14 13:28:16 2024,Tomeco,Copiulemu,18.15,23.48,False,77.6198347107438
Wed Feb 14 13:28:16 2024,Copiulemu,Tomeco,16.983333333333334,22.002,False,77.73032384690873
