Fecha,From,To,Tiempo (min),Distancia (km),Real Time,Velocidad promedia
Wed Aug 21 06:37:35 2024,Tomeco,Copiulemu,18.2,23.48,True,77.4065934065934
Wed Aug 21 06:37:35 2024,Copiulemu,Tomeco,15.533333333333333,22.002,True,84.9862660944206
Wed Aug 21 06:37:35 2024,Tomeco,Copiulemu,18.2,23.48,False,77.4065934065934
Wed Aug 21 06:37:35 2024,Copiulemu,Tomeco,15.55,22.002,False,84.8951768488746
