Fecha,From,To,Tiempo (min),Distancia (km),Real Time,Velocidad promedia
Wed May 29 01:40:15 2024,Tomeco,Copiulemu,18.85,23.48,True,74.73740053050398
Wed May 29 01:40:15 2024,Copiulemu,Tomeco,16.016666666666666,22.002,True,82.4216441207076
Wed May 29 01:40:15 2024,Tomeco,Copiulemu,18.25,23.48,False,77.19452054794522
Wed May 29 01:40:15 2024,Copiulemu,Tomeco,15.85,22.002,False,83.28832807570977
