Fecha,From,To,Tiempo (min),Distancia (km),Real Time,Velocidad promedia
Wed Nov  8 16:35:17 2023,Tomeco,Copiulemu,17.6,23.649,True,80.62159090909091
Wed Nov  8 16:35:17 2023,Copiulemu,Tomeco,15.233333333333333,22.002,True,86.65995623632385
Wed Nov  8 16:35:17 2023,Tomeco,Copiulemu,17.333333333333332,23.649,False,81.86192307692309
Wed Nov  8 16:35:17 2023,Copiulemu,Tomeco,15.083333333333334,22.002,False,87.5217679558011
