Fecha,From,To,Tiempo (min),Distancia (km),Real Time,Velocidad promedia
Wed Apr 24 02:33:57 2024,Tomeco,Copiulemu,18.383333333333333,23.48,True,76.63463281958296
Wed Apr 24 02:33:57 2024,Copiulemu,Tomeco,16.066666666666666,22.002,True,82.16514522821576
Wed Apr 24 02:33:57 2024,Tomeco,Copiulemu,18.383333333333333,23.48,False,76.63463281958296
Wed Apr 24 02:33:57 2024,Copiulemu,Tomeco,16.066666666666666,22.002,False,82.16514522821576
