Fecha,From,To,Tiempo (min),Distancia (km),Real Time,Velocidad promedia
Wed Jul 13 05:36:22 2022,Tomeco,Copiulemu,17.5,23.39,True,80.19428571428571
Wed Jul 13 05:36:22 2022,Copiulemu,Tomeco,15.35,22.002,True,86.0013029315961
Wed Jul 13 05:36:22 2022,Tomeco,Copiulemu,17.5,23.39,False,80.19428571428571
Wed Jul 13 05:36:22 2022,Copiulemu,Tomeco,15.35,22.002,False,86.0013029315961
