Fecha,From,To,Tiempo (min),Distancia (km),Real Time,Velocidad promedia
Wed Aug 28 17:31:38 2024,Tomeco,Copiulemu,17.666666666666668,23.48,True,79.74339622641509
Wed Aug 28 17:31:38 2024,Copiulemu,Tomeco,15.266666666666667,22.002,True,86.47074235807858
Wed Aug 28 17:31:38 2024,Tomeco,Copiulemu,17.65,23.48,False,79.8186968838527
Wed Aug 28 17:31:38 2024,Copiulemu,Tomeco,15.066666666666666,22.002,False,87.61858407079646
