Fecha,From,To,Tiempo (min),Distancia (km),Real Time,Velocidad promedia
Wed Jul  3 18:32:36 2024,Tomeco,Copiulemu,18.066666666666666,23.48,True,77.97785977859779
Wed Jul  3 18:32:36 2024,Copiulemu,Tomeco,15.816666666666666,22.002,True,83.46385669125394
Wed Jul  3 18:32:36 2024,Tomeco,Copiulemu,17.9,23.48,False,78.70391061452516
Wed Jul  3 18:32:36 2024,Copiulemu,Tomeco,15.65,22.002,False,84.35271565495206
