Fecha,From,To,Tiempo (min),Distancia (km),Real Time,Velocidad promedia
Wed Jul 20 10:39:39 2022,Tomeco,Copiulemu,17.966666666666665,23.39,True,78.11131725417441
Wed Jul 20 10:39:39 2022,Copiulemu,Tomeco,15.783333333333333,22.002,True,83.64012671594509
Wed Jul 20 10:39:39 2022,Tomeco,Copiulemu,17.966666666666665,23.39,False,78.11131725417441
Wed Jul 20 10:39:39 2022,Copiulemu,Tomeco,15.35,22.002,False,86.0013029315961
