Fecha,From,To,Tiempo (min),Distancia (km),Real Time,Velocidad promedia
Wed Aug 14 21:28:08 2024,Tomeco,Copiulemu,25.916666666666668,23.48,True,54.358842443729905
Wed Aug 14 21:28:08 2024,Copiulemu,Tomeco,15.35,22.002,True,86.0013029315961
Wed Aug 14 21:28:08 2024,Tomeco,Copiulemu,17.8,23.48,False,79.14606741573033
Wed Aug 14 21:28:08 2024,Copiulemu,Tomeco,15.35,22.002,False,86.0013029315961
