Fecha,From,To,Tiempo (min),Distancia (km),Real Time,Velocidad promedia
Wed Jul  3 19:28:12 2024,Tomeco,Copiulemu,17.716666666666665,23.48,True,79.51834430856069
Wed Jul  3 19:28:12 2024,Copiulemu,Tomeco,15.533333333333333,22.002,True,84.9862660944206
Wed Jul  3 19:28:12 2024,Tomeco,Copiulemu,17.716666666666665,23.48,False,79.51834430856069
Wed Jul  3 19:28:12 2024,Copiulemu,Tomeco,15.383333333333333,22.002,False,85.81495124593715
