Fecha,From,To,Tiempo (min),Distancia (km),Real Time,Velocidad promedia
Wed May 15 21:28:03 2024,Tomeco,Copiulemu,18.683333333333334,23.739,True,76.23586083853702
Wed May 15 21:28:03 2024,Copiulemu,Tomeco,15.25,22.002,True,86.56524590163934
Wed May 15 21:28:03 2024,Tomeco,Copiulemu,18.65,23.739,False,76.3721179624665
Wed May 15 21:28:03 2024,Copiulemu,Tomeco,15.183333333333334,22.002,False,86.94533479692646
