Fecha,From,To,Tiempo (min),Distancia (km),Real Time,Velocidad promedia
Wed Oct 25 01:29:46 2023,Tomeco,Copiulemu,18.183333333333334,23.39,True,77.18056828597616
Wed Oct 25 01:29:46 2023,Copiulemu,Tomeco,15.516666666666667,22.002,True,85.07755102040815
Wed Oct 25 01:29:46 2023,Tomeco,Copiulemu,18.183333333333334,23.39,False,77.18056828597616
Wed Oct 25 01:29:46 2023,Copiulemu,Tomeco,15.9,22.002,False,83.02641509433961
