Fecha,From,To,Tiempo (min),Distancia (km),Real Time,Velocidad promedia
Wed Oct 18 17:28:27 2023,Tomeco,Copiulemu,17.4,23.649,True,81.54827586206898
Wed Oct 18 17:28:27 2023,Copiulemu,Tomeco,14.933333333333334,22.002,True,88.40089285714285
Wed Oct 18 17:28:27 2023,Tomeco,Copiulemu,17.383333333333333,23.649,False,81.62646212847555
Wed Oct 18 17:28:27 2023,Copiulemu,Tomeco,14.783333333333333,22.002,False,89.2978579481398
