Fecha,From,To,Tiempo (min),Distancia (km),Real Time,Velocidad promedia
Wed Sep 25 20:31:24 2024,Tomeco,Copiulemu,18.266666666666666,23.48,True,77.1240875912409
Wed Sep 25 20:31:24 2024,Copiulemu,Tomeco,15.4,22.002,True,85.72207792207791
Wed Sep 25 20:31:24 2024,Tomeco,Copiulemu,17.85,23.48,False,78.92436974789915
Wed Sep 25 20:31:24 2024,Copiulemu,Tomeco,15.4,22.002,False,85.72207792207791
