Fecha,From,To,Tiempo (min),Distancia (km),Real Time,Velocidad promedia
Wed May 18 07:33:53 2022,Tomeco,Copiulemu,17.166666666666668,23.39,True,81.7514563106796
Wed May 18 07:33:53 2022,Copiulemu,Tomeco,15.183333333333334,22.002,True,86.94533479692646
Wed May 18 07:33:53 2022,Tomeco,Copiulemu,17.166666666666668,23.39,False,81.7514563106796
Wed May 18 07:33:53 2022,Copiulemu,Tomeco,15.183333333333334,22.002,False,86.94533479692646
