Fecha,From,To,Tiempo (min),Distancia (km),Real Time,Velocidad promedia
Wed Mar 30 10:36:44 2022,Tomeco,Copiulemu,17.5,23.39,True,80.19428571428571
Wed Mar 30 10:36:44 2022,Copiulemu,Tomeco,15.233333333333333,22.002,True,86.65995623632385
Wed Mar 30 10:36:44 2022,Tomeco,Copiulemu,17.5,23.39,False,80.19428571428571
Wed Mar 30 10:36:44 2022,Copiulemu,Tomeco,14.683333333333334,22.002,False,89.90601589103291
