Fecha,From,To,Tiempo (min),Distancia (km),Real Time,Velocidad promedia
Wed Sep 21 23:41:03 2022,Tomeco,Copiulemu,17.25,23.39,True,81.35652173913044
Wed Sep 21 23:41:03 2022,Copiulemu,Tomeco,15.183333333333334,22.002,True,86.94533479692646
Wed Sep 21 23:41:03 2022,Tomeco,Copiulemu,17.283333333333335,23.39,False,81.19961427193829
Wed Sep 21 23:41:03 2022,Copiulemu,Tomeco,15.05,22.002,False,87.71561461794019
