Fecha,From,To,Tiempo (min),Distancia (km),Real Time,Velocidad promedia
Wed Jun 29 22:34:59 2022,Tomeco,Copiulemu,18.5,23.39,True,75.85945945945946
Wed Jun 29 22:34:59 2022,Copiulemu,Tomeco,15.583333333333334,21.461,True,82.6305882352941
Wed Jun 29 22:34:59 2022,Tomeco,Copiulemu,17.816666666666666,23.39,False,78.7689429373246
Wed Jun 29 22:34:59 2022,Copiulemu,Tomeco,15.616666666666667,21.461,False,82.45421558164354
