Fecha,From,To,Tiempo (min),Distancia (km),Real Time,Velocidad promedia
Wed Apr 24 20:28:13 2024,Tomeco,Copiulemu,18.233333333333334,23.48,True,77.26508226691041
Wed Apr 24 20:28:13 2024,Copiulemu,Tomeco,15.95,22.002,True,82.76614420062697
Wed Apr 24 20:28:13 2024,Tomeco,Copiulemu,18.166666666666668,23.48,False,77.548623853211
Wed Apr 24 20:28:13 2024,Copiulemu,Tomeco,16.0,22.002,False,82.5075
