Fecha,From,To,Tiempo (min),Distancia (km),Real Time,Velocidad promedia
Wed Feb 14 07:28:05 2024,Tomeco,Copiulemu,18.766666666666666,23.48,True,75.06927175843695
Wed Feb 14 07:28:05 2024,Copiulemu,Tomeco,15.933333333333334,22.002,True,82.85271966527196
Wed Feb 14 07:28:05 2024,Tomeco,Copiulemu,18.766666666666666,23.48,False,75.06927175843695
Wed Feb 14 07:28:05 2024,Copiulemu,Tomeco,15.95,22.002,False,82.76614420062697
