Fecha,From,To,Tiempo (min),Distancia (km),Real Time,Velocidad promedia
Wed Nov 15 07:28:04 2023,Tomeco,Copiulemu,18.583333333333332,23.649,True,76.35551569506728
Wed Nov 15 07:28:04 2023,Copiulemu,Tomeco,15.233333333333333,22.002,True,86.65995623632385
Wed Nov 15 07:28:04 2023,Tomeco,Copiulemu,18.583333333333332,23.649,False,76.35551569506728
Wed Nov 15 07:28:04 2023,Copiulemu,Tomeco,15.233333333333333,22.002,False,86.65995623632385
