Fecha,From,To,Tiempo (min),Distancia (km),Real Time,Velocidad promedia
Wed Jul  3 17:29:12 2024,Tomeco,Copiulemu,17.4,23.48,True,80.96551724137932
Wed Jul  3 17:29:12 2024,Copiulemu,Tomeco,15.7,22.002,True,84.08407643312101
Wed Jul  3 17:29:12 2024,Tomeco,Copiulemu,17.4,23.48,False,80.96551724137932
Wed Jul  3 17:29:12 2024,Copiulemu,Tomeco,15.666666666666666,22.002,False,84.26297872340425
