Fecha,From,To,Tiempo (min),Distancia (km),Real Time,Velocidad promedia
Wed Jun 29 10:38:48 2022,Tomeco,Copiulemu,16.716666666666665,23.39,True,83.95214356929213
Wed Jun 29 10:38:48 2022,Copiulemu,Tomeco,15.833333333333334,22.002,True,83.37599999999999
Wed Jun 29 10:38:48 2022,Tomeco,Copiulemu,16.716666666666665,23.39,False,83.95214356929213
Wed Jun 29 10:38:48 2022,Copiulemu,Tomeco,15.483333333333333,22.002,False,85.26071044133477
