Fecha,From,To,Tiempo (min),Distancia (km),Real Time,Velocidad promedia
Wed Apr 27 13:56:56 2022,Tomeco,Copiulemu,17.033333333333335,23.39,True,82.39138943248531
Wed Apr 27 13:56:56 2022,Copiulemu,Tomeco,15.366666666666667,22.002,True,85.90802603036876
Wed Apr 27 13:56:56 2022,Tomeco,Copiulemu,16.65,23.39,False,84.2882882882883
Wed Apr 27 13:56:56 2022,Copiulemu,Tomeco,14.883333333333333,22.002,False,88.69787234042553
