Fecha,From,To,Tiempo (min),Distancia (km),Real Time,Velocidad promedia
Wed Nov 13 01:55:31 2024,Tomeco,Copiulemu,18.883333333333333,23.45,True,74.51015004413063
Wed Nov 13 01:55:31 2024,Copiulemu,Tomeco,16.016666666666666,21.968,True,82.2942767950052
Wed Nov 13 01:55:31 2024,Tomeco,Copiulemu,18.866666666666667,23.45,False,74.57597173144876
Wed Nov 13 01:55:31 2024,Copiulemu,Tomeco,16.0,21.968,False,82.38
