Fecha,From,To,Tiempo (min),Distancia (km),Real Time,Velocidad promedia
Wed Jun  1 19:30:48 2022,Tomeco,Copiulemu,16.866666666666667,23.39,True,83.20553359683794
Wed Jun  1 19:30:48 2022,Copiulemu,Tomeco,15.0,22.002,True,88.008
Wed Jun  1 19:30:48 2022,Tomeco,Copiulemu,16.766666666666666,23.39,False,83.70178926441352
Wed Jun  1 19:30:48 2022,Copiulemu,Tomeco,15.0,22.002,False,88.008
