Fecha,From,To,Tiempo (min),Distancia (km),Real Time,Velocidad promedia
Wed Aug  3 13:52:54 2022,Tomeco,Copiulemu,16.883333333333333,23.39,True,83.12339585389932
Wed Aug  3 13:52:54 2022,Copiulemu,Tomeco,14.9,22.002,True,88.59865771812079
Wed Aug  3 13:52:54 2022,Tomeco,Copiulemu,16.866666666666667,23.39,False,83.20553359683794
Wed Aug  3 13:52:54 2022,Copiulemu,Tomeco,14.716666666666667,22.002,False,89.70237825594563
