Fecha,From,To,Tiempo (min),Distancia (km),Real Time,Velocidad promedia
Wed Jul 24 04:31:42 2024,Tomeco,Copiulemu,18.833333333333332,23.48,True,74.80353982300885
Wed Jul 24 04:31:42 2024,Copiulemu,Tomeco,16.783333333333335,22.002,True,78.65660377358489
Wed Jul 24 04:31:42 2024,Tomeco,Copiulemu,18.833333333333332,23.48,False,74.80353982300885
Wed Jul 24 04:31:42 2024,Copiulemu,Tomeco,16.783333333333335,22.002,False,78.65660377358489
