Fecha,From,To,Tiempo (min),Distancia (km),Real Time,Velocidad promedia
Wed Mar 27 21:28:14 2024,Tomeco,Copiulemu,18.25,23.48,True,77.19452054794522
Wed Mar 27 21:28:14 2024,Copiulemu,Tomeco,15.183333333333334,22.002,True,86.94533479692646
Wed Mar 27 21:28:14 2024,Tomeco,Copiulemu,18.25,23.48,False,77.19452054794522
Wed Mar 27 21:28:14 2024,Copiulemu,Tomeco,15.016666666666667,22.002,False,87.91032186459489
