Fecha,From,To,Tiempo (min),Distancia (km),Real Time,Velocidad promedia
Wed Nov 15 03:28:19 2023,Tomeco,Copiulemu,18.283333333333335,23.39,True,76.7584320875114
Wed Nov 15 03:28:19 2023,Copiulemu,Tomeco,15.733333333333333,22.002,True,83.90593220338984
Wed Nov 15 03:28:19 2023,Tomeco,Copiulemu,18.1,23.39,False,77.53591160220994
Wed Nov 15 03:28:19 2023,Copiulemu,Tomeco,15.733333333333333,22.002,False,83.90593220338984
