Fecha,From,To,Tiempo (min),Distancia (km),Real Time,Velocidad promedia
Wed Jan 17 11:28:12 2024,Tomeco,Copiulemu,17.316666666666666,23.48,True,81.35514918190569
Wed Jan 17 11:28:12 2024,Copiulemu,Tomeco,14.983333333333333,22.002,True,88.1058954393771
Wed Jan 17 11:28:12 2024,Tomeco,Copiulemu,17.25,23.48,False,81.66956521739131
Wed Jan 17 11:28:12 2024,Copiulemu,Tomeco,14.883333333333333,22.002,False,88.69787234042553
