Fecha,From,To,Tiempo (min),Distancia (km),Real Time,Velocidad promedia
Wed Oct 11 07:28:13 2023,Tomeco,Copiulemu,18.25,23.649,True,77.75013698630138
Wed Oct 11 07:28:13 2023,Copiulemu,Tomeco,14.8,22.002,True,89.1972972972973
Wed Oct 11 07:28:13 2023,Tomeco,Copiulemu,18.25,23.649,False,77.75013698630138
Wed Oct 11 07:28:13 2023,Copiulemu,Tomeco,15.016666666666667,22.002,False,87.91032186459489
