Fecha,From,To,Tiempo (min),Distancia (km),Real Time,Velocidad promedia
Wed Mar 23 05:30:19 2022,Tomeco,Copiulemu,18.133333333333333,23.39,True,77.39338235294117
Wed Mar 23 05:30:19 2022,Copiulemu,Tomeco,15.233333333333333,22.002,True,86.65995623632385
Wed Mar 23 05:30:19 2022,Tomeco,Copiulemu,18.133333333333333,23.39,False,77.39338235294117
Wed Mar 23 05:30:19 2022,Copiulemu,Tomeco,15.233333333333333,22.002,False,86.65995623632385
