Fecha,From,To,Tiempo (min),Distancia (km),Real Time,Velocidad promedia
Wed Apr 24 03:28:04 2024,Tomeco,Copiulemu,18.466666666666665,23.48,True,76.28880866425993
Wed Apr 24 03:28:04 2024,Copiulemu,Tomeco,15.883333333333333,22.002,True,83.11353620146905
Wed Apr 24 03:28:04 2024,Tomeco,Copiulemu,18.4,23.48,False,76.56521739130436
Wed Apr 24 03:28:04 2024,Copiulemu,Tomeco,15.883333333333333,22.002,False,83.11353620146905
