Fecha,From,To,Tiempo (min),Distancia (km),Real Time,Velocidad promedia
Wed Apr 17 12:44:09 2024,Tomeco,Copiulemu,17.833333333333332,23.739,True,79.86953271028038
Wed Apr 17 12:44:09 2024,Copiulemu,Tomeco,15.183333333333334,22.002,True,86.94533479692646
Wed Apr 17 12:44:09 2024,Tomeco,Copiulemu,17.833333333333332,23.739,False,79.86953271028038
Wed Apr 17 12:44:09 2024,Copiulemu,Tomeco,15.083333333333334,22.002,False,87.5217679558011
