Fecha,From,To,Tiempo (min),Distancia (km),Real Time,Velocidad promedia
Wed Oct 11 03:28:10 2023,Tomeco,Copiulemu,18.266666666666666,23.39,True,76.82846715328468
Wed Oct 11 03:28:10 2023,Copiulemu,Tomeco,15.5,22.002,True,85.1690322580645
Wed Oct 11 03:28:10 2023,Tomeco,Copiulemu,18.266666666666666,23.39,False,76.82846715328468
Wed Oct 11 03:28:10 2023,Copiulemu,Tomeco,15.5,22.002,False,85.1690322580645
