Fecha,From,To,Tiempo (min),Distancia (km),Real Time,Velocidad promedia
Wed Aug 14 13:30:46 2024,Tomeco,Copiulemu,18.133333333333333,23.48,True,77.69117647058823
Wed Aug 14 13:30:46 2024,Copiulemu,Tomeco,15.05,22.002,True,87.71561461794019
Wed Aug 14 13:30:46 2024,Tomeco,Copiulemu,18.15,23.48,False,77.6198347107438
Wed Aug 14 13:30:46 2024,Copiulemu,Tomeco,15.216666666666667,22.002,False,86.75487404162102
