Fecha,From,To,Tiempo (min),Distancia (km),Real Time,Velocidad promedia
Wed Oct  2 14:34:36 2024,Tomeco,Copiulemu,17.75,23.48,True,79.36901408450704
Wed Oct  2 14:34:36 2024,Copiulemu,Tomeco,15.583333333333334,22.002,True,84.71358288770053
Wed Oct  2 14:34:36 2024,Tomeco,Copiulemu,17.75,23.48,False,79.36901408450704
Wed Oct  2 14:34:36 2024,Copiulemu,Tomeco,15.333333333333334,22.002,False,86.09478260869564
