Fecha,From,To,Tiempo (min),Distancia (km),Real Time,Velocidad promedia
Wed Nov 13 16:40:19 2024,Tomeco,Copiulemu,18.55,23.45,True,75.84905660377358
Wed Nov 13 16:40:19 2024,Copiulemu,Tomeco,15.183333333333334,21.968,True,86.81097694840835
Wed Nov 13 16:40:19 2024,Tomeco,Copiulemu,18.15,23.45,False,77.52066115702479
Wed Nov 13 16:40:19 2024,Copiulemu,Tomeco,15.183333333333334,21.968,False,86.81097694840835
