Fecha,From,To,Tiempo (min),Distancia (km),Real Time,Velocidad promedia
Wed Feb 28 03:28:05 2024,Tomeco,Copiulemu,18.266666666666666,23.48,True,77.1240875912409
Wed Feb 28 03:28:05 2024,Copiulemu,Tomeco,16.55,22.002,True,79.76555891238671
Wed Feb 28 03:28:05 2024,Tomeco,Copiulemu,18.266666666666666,23.48,False,77.1240875912409
Wed Feb 28 03:28:05 2024,Copiulemu,Tomeco,16.55,22.002,False,79.76555891238671
