Fecha,From,To,Tiempo (min),Distancia (km),Real Time,Velocidad promedia
Wed Sep  6 11:28:05 2023,Tomeco,Copiulemu,17.383333333333333,23.649,True,81.62646212847555
Wed Sep  6 11:28:05 2023,Copiulemu,Tomeco,15.016666666666667,22.002,True,87.91032186459489
Wed Sep  6 11:28:05 2023,Tomeco,Copiulemu,17.4,23.649,False,81.54827586206898
Wed Sep  6 11:28:05 2023,Copiulemu,Tomeco,15.016666666666667,22.002,False,87.91032186459489
