Fecha,From,To,Tiempo (min),Distancia (km),Real Time,Velocidad promedia
Wed Jul 20 04:11:36 2022,Tomeco,Copiulemu,17.966666666666665,23.39,True,78.11131725417441
Wed Jul 20 04:11:36 2022,Copiulemu,Tomeco,15.883333333333333,22.002,True,83.11353620146905
Wed Jul 20 04:11:36 2022,Tomeco,Copiulemu,17.966666666666665,23.39,False,78.11131725417441
Wed Jul 20 04:11:36 2022,Copiulemu,Tomeco,15.85,22.002,False,83.28832807570977
