Fecha,From,To,Tiempo (min),Distancia (km),Real Time,Velocidad promedia
Wed Jan 10 17:28:36 2024,Tomeco,Copiulemu,18.433333333333334,23.48,True,76.42676311030742
Wed Jan 10 17:28:36 2024,Copiulemu,Tomeco,15.95,22.002,True,82.76614420062697
Wed Jan 10 17:28:36 2024,Tomeco,Copiulemu,18.4,23.48,False,76.56521739130436
Wed Jan 10 17:28:36 2024,Copiulemu,Tomeco,15.2,22.002,False,86.85000000000001
