Fecha,From,To,Tiempo (min),Distancia (km),Real Time,Velocidad promedia
Wed Nov  1 21:28:11 2023,Tomeco,Copiulemu,17.75,23.39,True,79.06478873239436
Wed Nov  1 21:28:11 2023,Copiulemu,Tomeco,15.333333333333334,22.002,True,86.09478260869564
Wed Nov  1 21:28:11 2023,Tomeco,Copiulemu,17.716666666666665,23.39,False,79.21354656632174
Wed Nov  1 21:28:11 2023,Copiulemu,Tomeco,15.266666666666667,22.002,False,86.47074235807858
