Fecha,From,To,Tiempo (min),Distancia (km),Real Time,Velocidad promedia
Wed Nov 29 23:28:10 2023,Tomeco,Copiulemu,17.7,23.649,True,80.16610169491526
Wed Nov 29 23:28:10 2023,Copiulemu,Tomeco,15.233333333333333,22.002,True,86.65995623632385
Wed Nov 29 23:28:10 2023,Tomeco,Copiulemu,17.65,23.649,False,80.39320113314449
Wed Nov 29 23:28:10 2023,Copiulemu,Tomeco,14.9,22.002,False,88.59865771812079
