Fecha,From,To,Tiempo (min),Distancia (km),Real Time,Velocidad promedia
Wed Oct 25 08:31:27 2023,Tomeco,Copiulemu,18.8,23.649,True,75.47553191489362
Wed Oct 25 08:31:27 2023,Copiulemu,Tomeco,15.3,22.002,True,86.28235294117647
Wed Oct 25 08:31:27 2023,Tomeco,Copiulemu,18.666666666666668,23.649,False,76.01464285714286
Wed Oct 25 08:31:27 2023,Copiulemu,Tomeco,15.3,22.002,False,86.28235294117647
