Fecha,From,To,Tiempo (min),Distancia (km),Real Time,Velocidad promedia
Wed Jun  8 07:32:26 2022,Tomeco,Copiulemu,17.416666666666668,23.39,True,80.57799043062201
Wed Jun  8 07:32:26 2022,Copiulemu,Tomeco,15.383333333333333,22.002,True,85.81495124593715
Wed Jun  8 07:32:26 2022,Tomeco,Copiulemu,17.25,23.39,False,81.35652173913044
Wed Jun  8 07:32:26 2022,Copiulemu,Tomeco,15.383333333333333,22.002,False,85.81495124593715
