Fecha,From,To,Tiempo (min),Distancia (km),Real Time,Velocidad promedia
Wed Jun  8 06:41:10 2022,Tomeco,Copiulemu,17.183333333333334,23.39,True,81.6721629485936
Wed Jun  8 06:41:10 2022,Copiulemu,Tomeco,15.616666666666667,22.002,True,84.53276414087513
Wed Jun  8 06:41:10 2022,Tomeco,Copiulemu,17.183333333333334,23.39,False,81.6721629485936
Wed Jun  8 06:41:10 2022,Copiulemu,Tomeco,15.616666666666667,22.002,False,84.53276414087513
