Fecha,From,To,Tiempo (min),Distancia (km),Real Time,Velocidad promedia
Wed Feb  7 12:42:16 2024,Tomeco,Copiulemu,17.9,23.48,True,78.70391061452516
Wed Feb  7 12:42:16 2024,Copiulemu,Tomeco,15.583333333333334,22.002,True,84.71358288770053
Wed Feb  7 12:42:16 2024,Tomeco,Copiulemu,17.85,23.48,False,78.92436974789915
Wed Feb  7 12:42:16 2024,Copiulemu,Tomeco,15.866666666666667,22.002,False,83.20084033613446
