Fecha,From,To,Tiempo (min),Distancia (km),Real Time,Velocidad promedia
Wed Sep 18 04:36:30 2024,Tomeco,Copiulemu,18.483333333333334,23.48,True,76.2200180342651
Wed Sep 18 04:36:30 2024,Copiulemu,Tomeco,16.366666666666667,22.002,True,80.65906313645621
Wed Sep 18 04:36:30 2024,Tomeco,Copiulemu,18.483333333333334,23.48,False,76.2200180342651
Wed Sep 18 04:36:30 2024,Copiulemu,Tomeco,16.233333333333334,22.002,False,81.32156057494866
