Fecha,From,To,Tiempo (min),Distancia (km),Real Time,Velocidad promedia
Wed Oct 25 13:28:09 2023,Tomeco,Copiulemu,17.483333333333334,23.649,True,81.15958055290753
Wed Oct 25 13:28:09 2023,Copiulemu,Tomeco,15.016666666666667,22.002,True,87.91032186459489
Wed Oct 25 13:28:09 2023,Tomeco,Copiulemu,17.483333333333334,23.649,False,81.15958055290753
Wed Oct 25 13:28:09 2023,Copiulemu,Tomeco,14.7,22.002,False,89.80408163265305
