Fecha,From,To,Tiempo (min),Distancia (km),Real Time,Velocidad promedia
Wed May  8 02:28:13 2024,Tomeco,Copiulemu,18.333333333333332,23.48,True,76.84363636363638
Wed May  8 02:28:13 2024,Copiulemu,Tomeco,16.05,22.002,True,82.25046728971962
Wed May  8 02:28:13 2024,Tomeco,Copiulemu,18.333333333333332,23.48,False,76.84363636363638
Wed May  8 02:28:13 2024,Copiulemu,Tomeco,16.05,22.002,False,82.25046728971962
