Fecha,From,To,Tiempo (min),Distancia (km),Real Time,Velocidad promedia
Wed May 22 19:28:05 2024,Tomeco,Copiulemu,17.95,23.48,True,78.48467966573817
Wed May 22 19:28:05 2024,Copiulemu,Tomeco,15.033333333333333,22.002,True,87.81286031042129
Wed May 22 19:28:05 2024,Tomeco,Copiulemu,17.816666666666666,23.48,False,79.07202993451824
Wed May 22 19:28:05 2024,Copiulemu,Tomeco,14.933333333333334,22.002,False,88.40089285714285
