Fecha,From,To,Tiempo (min),Distancia (km),Real Time,Velocidad promedia
Wed Jun  8 19:28:18 2022,Tomeco,Copiulemu,17.033333333333335,23.39,True,82.39138943248531
Wed Jun  8 19:28:18 2022,Copiulemu,Tomeco,15.316666666666666,22.002,True,86.18846572361262
Wed Jun  8 19:28:18 2022,Tomeco,Copiulemu,16.966666666666665,23.39,False,82.71512770137525
Wed Jun  8 19:28:18 2022,Copiulemu,Tomeco,15.233333333333333,22.002,False,86.65995623632385
