Fecha,From,To,Tiempo (min),Distancia (km),Real Time,Velocidad promedia
Wed Apr 10 01:29:14 2024,Tomeco,Copiulemu,18.333333333333332,23.48,True,76.84363636363638
Wed Apr 10 01:29:14 2024,Copiulemu,Tomeco,15.9,22.002,True,83.02641509433961
Wed Apr 10 01:29:14 2024,Tomeco,Copiulemu,18.333333333333332,23.48,False,76.84363636363638
Wed Apr 10 01:29:14 2024,Copiulemu,Tomeco,15.55,22.002,False,84.8951768488746
