Fecha,From,To,Tiempo (min),Distancia (km),Real Time,Velocidad promedia
Wed Sep  7 06:37:22 2022,Tomeco,Copiulemu,17.366666666666667,23.39,True,80.80998080614204
Wed Sep  7 06:37:22 2022,Copiulemu,Tomeco,15.283333333333333,22.002,True,86.37644492911667
Wed Sep  7 06:37:22 2022,Tomeco,Copiulemu,17.366666666666667,23.39,False,80.80998080614204
Wed Sep  7 06:37:22 2022,Copiulemu,Tomeco,15.283333333333333,22.002,False,86.37644492911667
