Fecha,From,To,Tiempo (min),Distancia (km),Real Time,Velocidad promedia
Wed Oct 25 22:28:55 2023,Tomeco,Copiulemu,17.916666666666668,23.649,True,79.1966511627907
Wed Oct 25 22:28:55 2023,Copiulemu,Tomeco,14.933333333333334,22.002,True,88.40089285714285
Wed Oct 25 22:28:55 2023,Tomeco,Copiulemu,17.683333333333334,23.649,False,80.2416588124411
Wed Oct 25 22:28:55 2023,Copiulemu,Tomeco,14.933333333333334,22.002,False,88.40089285714285
