Fecha,From,To,Tiempo (min),Distancia (km),Real Time,Velocidad promedia
Wed Sep 13 22:28:22 2023,Tomeco,Copiulemu,18.083333333333332,23.649,True,78.46672811059909
Wed Sep 13 22:28:22 2023,Copiulemu,Tomeco,16.383333333333333,22.002,True,80.57700915564598
Wed Sep 13 22:28:22 2023,Tomeco,Copiulemu,17.966666666666665,23.649,False,78.97625231910948
Wed Sep 13 22:28:22 2023,Copiulemu,Tomeco,16.066666666666666,22.002,False,82.16514522821576
