Fecha,From,To,Tiempo (min),Distancia (km),Real Time,Velocidad promedia
Wed Aug 14 03:33:50 2024,Tomeco,Copiulemu,18.716666666666665,23.48,True,75.26981300089048
Wed Aug 14 03:33:50 2024,Copiulemu,Tomeco,16.216666666666665,22.002,True,81.40513874614595
Wed Aug 14 03:33:50 2024,Tomeco,Copiulemu,18.716666666666665,23.48,False,75.26981300089048
Wed Aug 14 03:33:50 2024,Copiulemu,Tomeco,16.216666666666665,22.002,False,81.40513874614595
