Fecha,From,To,Tiempo (min),Distancia (km),Real Time,Velocidad promedia
Wed Aug 14 10:34:47 2024,Tomeco,Copiulemu,18.766666666666666,23.48,True,75.06927175843695
Wed Aug 14 10:34:47 2024,Copiulemu,Tomeco,15.75,21.581,True,82.21333333333332
Wed Aug 14 10:34:47 2024,Tomeco,Copiulemu,18.216666666666665,23.48,False,77.33577310155536
Wed Aug 14 10:34:47 2024,Copiulemu,Tomeco,15.616666666666667,21.581,False,82.91526147278549
