Fecha,From,To,Tiempo (min),Distancia (km),Real Time,Velocidad promedia
Wed Sep 20 03:28:06 2023,Tomeco,Copiulemu,18.116666666666667,23.39,True,77.46458141674333
Wed Sep 20 03:28:06 2023,Copiulemu,Tomeco,15.6,22.002,True,84.62307692307692
Wed Sep 20 03:28:06 2023,Tomeco,Copiulemu,17.866666666666667,23.39,False,78.54850746268656
Wed Sep 20 03:28:06 2023,Copiulemu,Tomeco,15.6,22.002,False,84.62307692307692
