Fecha,From,To,Tiempo (min),Distancia (km),Real Time,Velocidad promedia
Wed May 22 22:29:47 2024,Tomeco,Copiulemu,18.283333333333335,23.48,True,77.05378304466727
Wed May 22 22:29:47 2024,Copiulemu,Tomeco,15.1,22.002,True,87.4251655629139
Wed May 22 22:29:47 2024,Tomeco,Copiulemu,18.266666666666666,23.48,False,77.1240875912409
Wed May 22 22:29:47 2024,Copiulemu,Tomeco,15.033333333333333,22.002,False,87.81286031042129
