Fecha,From,To,Tiempo (min),Distancia (km),Real Time,Velocidad promedia
Wed Sep 13 13:28:50 2023,Tomeco,Copiulemu,17.75,23.649,True,79.94028169014085
Wed Sep 13 13:28:50 2023,Copiulemu,Tomeco,15.766666666666667,22.002,True,83.72854122621564
Wed Sep 13 13:28:50 2023,Tomeco,Copiulemu,17.616666666666667,23.649,False,80.54531693472092
Wed Sep 13 13:28:50 2023,Copiulemu,Tomeco,15.716666666666667,22.002,False,83.99490986214211
