Fecha,From,To,Tiempo (min),Distancia (km),Real Time,Velocidad promedia
Wed Jul 27 23:34:11 2022,Tomeco,Copiulemu,17.916666666666668,23.39,True,78.3293023255814
Wed Jul 27 23:34:11 2022,Copiulemu,Tomeco,15.5,22.002,True,85.1690322580645
Wed Jul 27 23:34:11 2022,Tomeco,Copiulemu,16.866666666666667,23.39,False,83.20553359683794
Wed Jul 27 23:34:11 2022,Copiulemu,Tomeco,15.416666666666666,22.002,False,85.62940540540541
