Fecha,From,To,Tiempo (min),Distancia (km),Real Time,Velocidad promedia
Wed Apr  3 04:30:36 2024,Tomeco,Copiulemu,18.666666666666668,23.48,True,75.47142857142858
Wed Apr  3 04:30:36 2024,Copiulemu,Tomeco,15.783333333333333,22.002,True,83.64012671594509
Wed Apr  3 04:30:36 2024,Tomeco,Copiulemu,18.666666666666668,23.48,False,75.47142857142858
Wed Apr  3 04:30:36 2024,Copiulemu,Tomeco,15.783333333333333,22.002,False,83.64012671594509
