Fecha,From,To,Tiempo (min),Distancia (km),Real Time,Velocidad promedia
Wed Jul 27 22:37:31 2022,Tomeco,Copiulemu,17.6,23.39,True,79.73863636363636
Wed Jul 27 22:37:31 2022,Copiulemu,Tomeco,15.233333333333333,21.461,True,84.52910284463894
Wed Jul 27 22:37:31 2022,Tomeco,Copiulemu,17.716666666666665,23.39,False,79.21354656632174
Wed Jul 27 22:37:31 2022,Copiulemu,Tomeco,15.233333333333333,21.461,False,84.52910284463894
