Fecha,From,To,Tiempo (min),Distancia (km),Real Time,Velocidad promedia
Wed Feb 14 16:32:27 2024,Tomeco,Copiulemu,17.966666666666665,23.48,True,78.41187384044528
Wed Feb 14 16:32:27 2024,Copiulemu,Tomeco,18.683333333333334,22.002,True,70.65762711864407
Wed Feb 14 16:32:27 2024,Tomeco,Copiulemu,17.966666666666665,23.48,False,78.41187384044528
Wed Feb 14 16:32:27 2024,Copiulemu,Tomeco,16.466666666666665,22.002,False,80.16923076923077
