Fecha,From,To,Tiempo (min),Distancia (km),Real Time,Velocidad promedia
Wed Oct 11 04:29:43 2023,Tomeco,Copiulemu,17.716666666666665,23.39,True,79.21354656632174
Wed Oct 11 04:29:43 2023,Copiulemu,Tomeco,15.883333333333333,22.002,True,83.11353620146905
Wed Oct 11 04:29:43 2023,Tomeco,Copiulemu,17.716666666666665,23.39,False,79.21354656632174
Wed Oct 11 04:29:43 2023,Copiulemu,Tomeco,15.883333333333333,22.002,False,83.11353620146905
