Fecha,From,To,Tiempo (min),Distancia (km),Real Time,Velocidad promedia
Wed Sep 18 19:28:04 2024,Tomeco,Copiulemu,17.9,23.48,True,78.70391061452516
Wed Sep 18 19:28:04 2024,Copiulemu,Tomeco,15.45,22.002,True,85.44466019417474
Wed Sep 18 19:28:04 2024,Tomeco,Copiulemu,17.7,23.48,False,79.59322033898306
Wed Sep 18 19:28:04 2024,Copiulemu,Tomeco,15.466666666666667,22.002,False,85.35258620689655
