Fecha,From,To,Tiempo (min),Distancia (km),Real Time,Velocidad promedia
Wed Aug 31 10:39:54 2022,Tomeco,Copiulemu,16.983333333333334,23.39,True,82.63395485770363
Wed Aug 31 10:39:54 2022,Copiulemu,Tomeco,15.116666666666667,22.002,True,87.328776185226
Wed Aug 31 10:39:54 2022,Tomeco,Copiulemu,16.983333333333334,23.39,False,82.63395485770363
Wed Aug 31 10:39:54 2022,Copiulemu,Tomeco,15.116666666666667,22.002,False,87.328776185226
