Fecha,From,To,Tiempo (min),Distancia (km),Real Time,Velocidad promedia
Wed Mar 23 10:37:59 2022,Tomeco,Copiulemu,17.733333333333334,23.39,True,79.1390977443609
Wed Mar 23 10:37:59 2022,Copiulemu,Tomeco,15.483333333333333,22.002,True,85.26071044133477
Wed Mar 23 10:37:59 2022,Tomeco,Copiulemu,17.266666666666666,23.39,False,81.27799227799228
Wed Mar 23 10:37:59 2022,Copiulemu,Tomeco,14.533333333333333,22.002,False,90.83394495412843
