Fecha,From,To,Tiempo (min),Distancia (km),Real Time,Velocidad promedia
Wed Oct  5 07:02:17 2022,Tomeco,Copiulemu,17.35,23.39,True,80.88760806916426
Wed Oct  5 07:02:17 2022,Copiulemu,Tomeco,15.05,22.002,True,87.71561461794019
Wed Oct  5 07:02:17 2022,Tomeco,Copiulemu,17.35,23.39,False,80.88760806916426
Wed Oct  5 07:02:17 2022,Copiulemu,Tomeco,15.05,22.002,False,87.71561461794019
