Fecha,From,To,Tiempo (min),Distancia (km),Real Time,Velocidad promedia
Wed Mar 20 11:28:14 2024,Tomeco,Copiulemu,17.633333333333333,23.739,True,80.77542533081287
Wed Mar 20 11:28:14 2024,Copiulemu,Tomeco,14.85,22.002,True,88.89696969696969
Wed Mar 20 11:28:14 2024,Tomeco,Copiulemu,17.5,23.739,False,81.39085714285714
Wed Mar 20 11:28:14 2024,Copiulemu,Tomeco,14.683333333333334,22.002,False,89.90601589103291
