Fecha,From,To,Tiempo (min),Distancia (km),Real Time,Velocidad promedia
Wed Sep 14 08:46:53 2022,Tomeco,Copiulemu,17.533333333333335,23.39,True,80.04182509505702
Wed Sep 14 08:46:53 2022,Copiulemu,Tomeco,15.166666666666666,22.002,True,87.04087912087913
Wed Sep 14 08:46:53 2022,Tomeco,Copiulemu,17.533333333333335,23.39,False,80.04182509505702
Wed Sep 14 08:46:53 2022,Copiulemu,Tomeco,15.166666666666666,22.002,False,87.04087912087913
