Fecha,From,To,Tiempo (min),Distancia (km),Real Time,Velocidad promedia
Wed Nov 27 17:35:38 2024,Tomeco,Copiulemu,18.016666666666666,23.45,True,78.09435707678077
Wed Nov 27 17:35:38 2024,Copiulemu,Tomeco,15.666666666666666,21.968,True,84.13276595744681
Wed Nov 27 17:35:38 2024,Tomeco,Copiulemu,17.933333333333334,23.45,False,78.45724907063197
Wed Nov 27 17:35:38 2024,Copiulemu,Tomeco,15.466666666666667,21.968,False,85.22068965517242
