Fecha,From,To,Tiempo (min),Distancia (km),Real Time,Velocidad promedia
Wed Apr 20 06:44:03 2022,Tomeco,Copiulemu,18.1,23.39,True,77.53591160220994
Wed Apr 20 06:44:03 2022,Copiulemu,Tomeco,15.266666666666667,22.002,True,86.47074235807858
Wed Apr 20 06:44:03 2022,Tomeco,Copiulemu,18.1,23.39,False,77.53591160220994
Wed Apr 20 06:44:03 2022,Copiulemu,Tomeco,15.266666666666667,22.002,False,86.47074235807858
