Fecha,From,To,Tiempo (min),Distancia (km),Real Time,Velocidad promedia
Wed May 11 19:30:22 2022,Tomeco,Copiulemu,17.083333333333332,23.39,True,82.15024390243903
Wed May 11 19:30:22 2022,Copiulemu,Tomeco,15.466666666666667,22.002,True,85.35258620689655
Wed May 11 19:30:22 2022,Tomeco,Copiulemu,16.733333333333334,23.39,False,83.86852589641434
Wed May 11 19:30:22 2022,Copiulemu,Tomeco,15.033333333333333,22.002,False,87.81286031042129
