Fecha,From,To,Tiempo (min),Distancia (km),Real Time,Velocidad promedia
Wed Dec  4 22:38:23 2024,Tomeco,Copiulemu,18.783333333333335,23.45,True,74.90683229813664
Wed Dec  4 22:38:23 2024,Copiulemu,Tomeco,15.733333333333333,21.968,True,83.7762711864407
Wed Dec  4 22:38:23 2024,Tomeco,Copiulemu,17.633333333333333,23.45,False,79.79206049149339
Wed Dec  4 22:38:23 2024,Copiulemu,Tomeco,15.516666666666667,21.968,False,84.94607948442534
