Fecha,From,To,Tiempo (min),Distancia (km),Real Time,Velocidad promedia
Wed Nov 29 07:28:05 2023,Tomeco,Copiulemu,18.283333333333335,23.649,True,77.60838650865999
Wed Nov 29 07:28:05 2023,Copiulemu,Tomeco,15.233333333333333,22.002,True,86.65995623632385
Wed Nov 29 07:28:05 2023,Tomeco,Copiulemu,18.283333333333335,23.649,False,77.60838650865999
Wed Nov 29 07:28:05 2023,Copiulemu,Tomeco,15.233333333333333,22.002,False,86.65995623632385
