Fecha,From,To,Tiempo (min),Distancia (km),Real Time,Velocidad promedia
Wed Apr 24 22:31:03 2024,Tomeco,Copiulemu,17.983333333333334,23.739,True,79.20333642261353
Wed Apr 24 22:31:03 2024,Copiulemu,Tomeco,15.266666666666667,22.002,True,86.47074235807858
Wed Apr 24 22:31:03 2024,Tomeco,Copiulemu,18.6,23.739,False,76.57741935483871
Wed Apr 24 22:31:03 2024,Copiulemu,Tomeco,15.533333333333333,22.002,False,84.9862660944206
