Fecha,From,To,Tiempo (min),Distancia (km),Real Time,Velocidad promedia
Wed Sep  4 11:28:08 2024,Tomeco,Copiulemu,17.483333333333334,23.48,True,80.57959961868445
Wed Sep  4 11:28:08 2024,Copiulemu,Tomeco,15.0,22.002,True,88.008
Wed Sep  4 11:28:08 2024,Tomeco,Copiulemu,17.483333333333334,23.48,False,80.57959961868445
Wed Sep  4 11:28:08 2024,Copiulemu,Tomeco,14.966666666666667,22.002,False,88.20400890868596
