Fecha,From,To,Tiempo (min),Distancia (km),Real Time,Velocidad promedia
Wed May 15 13:28:07 2024,Tomeco,Copiulemu,17.933333333333334,23.739,True,79.42416356877324
Wed May 15 13:28:07 2024,Copiulemu,Tomeco,15.116666666666667,22.002,True,87.328776185226
Wed May 15 13:28:07 2024,Tomeco,Copiulemu,17.933333333333334,23.739,False,79.42416356877324
Wed May 15 13:28:07 2024,Copiulemu,Tomeco,15.133333333333333,22.002,False,87.23259911894272
