Fecha,From,To,Tiempo (min),Distancia (km),Real Time,Velocidad promedia
Wed Sep 18 18:38:49 2024,Tomeco,Copiulemu,17.733333333333334,23.48,True,79.44360902255639
Wed Sep 18 18:38:49 2024,Copiulemu,Tomeco,15.366666666666667,22.002,True,85.90802603036876
Wed Sep 18 18:38:49 2024,Tomeco,Copiulemu,17.616666666666667,23.48,False,79.96972563859981
Wed Sep 18 18:38:49 2024,Copiulemu,Tomeco,15.316666666666666,22.002,False,86.18846572361262
