Fecha,From,To,Tiempo (min),Distancia (km),Real Time,Velocidad promedia
Wed Oct 30 16:42:46 2024,Tomeco,Copiulemu,18.233333333333334,23.45,True,77.16636197440583
Wed Oct 30 16:42:46 2024,Copiulemu,Tomeco,15.4,21.968,True,85.5896103896104
Wed Oct 30 16:42:46 2024,Tomeco,Copiulemu,18.216666666666665,23.45,False,77.23696248856359
Wed Oct 30 16:42:46 2024,Copiulemu,Tomeco,15.25,21.968,False,86.43147540983607
