Fecha,From,To,Tiempo (min),Distancia (km),Real Time,Velocidad promedia
Wed Jul 27 07:34:49 2022,Tomeco,Copiulemu,17.366666666666667,23.39,True,80.80998080614204
Wed Jul 27 07:34:49 2022,Copiulemu,Tomeco,15.283333333333333,21.461,True,84.25256270447109
Wed Jul 27 07:34:49 2022,Tomeco,Copiulemu,17.366666666666667,23.39,False,80.80998080614204
Wed Jul 27 07:34:49 2022,Copiulemu,Tomeco,15.283333333333333,21.461,False,84.25256270447109
