Fecha,From,To,Tiempo (min),Distancia (km),Real Time,Velocidad promedia
Wed Nov  8 22:29:30 2023,Tomeco,Copiulemu,17.366666666666667,23.649,True,81.70479846449136
Wed Nov  8 22:29:30 2023,Copiulemu,Tomeco,14.9,22.002,True,88.59865771812079
Wed Nov  8 22:29:30 2023,Tomeco,Copiulemu,17.383333333333333,23.649,False,81.62646212847555
Wed Nov  8 22:29:30 2023,Copiulemu,Tomeco,14.883333333333333,22.002,False,88.69787234042553
