Fecha,From,To,Tiempo (min),Distancia (km),Real Time,Velocidad promedia
Wed Jun 26 11:28:01 2024,Tomeco,Copiulemu,17.9,23.48,True,78.70391061452516
Wed Jun 26 11:28:01 2024,Copiulemu,Tomeco,15.016666666666667,22.002,True,87.91032186459489
Wed Jun 26 11:28:01 2024,Tomeco,Copiulemu,17.883333333333333,23.48,False,78.77726001863932
Wed Jun 26 11:28:01 2024,Copiulemu,Tomeco,15.016666666666667,22.002,False,87.91032186459489
