Fecha,From,To,Tiempo (min),Distancia (km),Real Time,Velocidad promedia
Wed Aug 10 14:32:34 2022,Tomeco,Copiulemu,16.766666666666666,23.39,True,83.70178926441352
Wed Aug 10 14:32:34 2022,Copiulemu,Tomeco,16.266666666666666,22.002,True,81.1549180327869
Wed Aug 10 14:32:34 2022,Tomeco,Copiulemu,16.75,23.39,False,83.78507462686566
Wed Aug 10 14:32:34 2022,Copiulemu,Tomeco,14.85,22.002,False,88.89696969696969
