Fecha,From,To,Tiempo (min),Distancia (km),Real Time,Velocidad promedia
Wed Sep 25 04:37:47 2024,Tomeco,Copiulemu,18.483333333333334,23.48,True,76.2200180342651
Wed Sep 25 04:37:47 2024,Copiulemu,Tomeco,16.166666666666668,22.002,True,81.65690721649483
Wed Sep 25 04:37:47 2024,Tomeco,Copiulemu,18.483333333333334,23.48,False,76.2200180342651
Wed Sep 25 04:37:47 2024,Copiulemu,Tomeco,16.233333333333334,22.002,False,81.32156057494866
