Fecha,From,To,Tiempo (min),Distancia (km),Real Time,Velocidad promedia
Wed Apr 20 08:42:26 2022,Tomeco,Copiulemu,17.916666666666668,23.39,True,78.3293023255814
Wed Apr 20 08:42:26 2022,Copiulemu,Tomeco,15.3,22.002,True,86.28235294117647
Wed Apr 20 08:42:26 2022,Tomeco,Copiulemu,17.916666666666668,23.39,False,78.3293023255814
Wed Apr 20 08:42:26 2022,Copiulemu,Tomeco,15.3,22.002,False,86.28235294117647
