Fecha,From,To,Tiempo (min),Distancia (km),Real Time,Velocidad promedia
Wed Oct 25 02:30:47 2023,Tomeco,Copiulemu,18.1,23.39,True,77.53591160220994
Wed Oct 25 02:30:47 2023,Copiulemu,Tomeco,15.866666666666667,22.002,True,83.20084033613446
Wed Oct 25 02:30:47 2023,Tomeco,Copiulemu,18.1,23.39,False,77.53591160220994
Wed Oct 25 02:30:47 2023,Copiulemu,Tomeco,15.333333333333334,22.002,False,86.09478260869564
