Fecha,From,To,Tiempo (min),Distancia (km),Real Time,Velocidad promedia
Wed Oct 18 22:29:17 2023,Tomeco,Copiulemu,17.916666666666668,23.649,True,79.1966511627907
Wed Oct 18 22:29:17 2023,Copiulemu,Tomeco,15.15,22.002,True,87.13663366336633
Wed Oct 18 22:29:17 2023,Tomeco,Copiulemu,17.916666666666668,23.649,False,79.1966511627907
Wed Oct 18 22:29:17 2023,Copiulemu,Tomeco,15.15,22.002,False,87.13663366336633
