Fecha,From,To,Tiempo (min),Distancia (km),Real Time,Velocidad promedia
Wed Apr  3 19:28:16 2024,Tomeco,Copiulemu,18.6,23.739,True,76.57741935483871
Wed Apr  3 19:28:16 2024,Copiulemu,Tomeco,15.916666666666666,22.002,True,82.93947643979057
Wed Apr  3 19:28:16 2024,Tomeco,Copiulemu,18.633333333333333,23.739,False,76.44042933810377
Wed Apr  3 19:28:16 2024,Copiulemu,Tomeco,15.266666666666667,22.002,False,86.47074235807858
