Fecha,From,To,Tiempo (min),Distancia (km),Real Time,Velocidad promedia
Wed Dec  4 18:43:50 2024,Tomeco,Copiulemu,18.75,23.45,True,75.03999999999999
Wed Dec  4 18:43:50 2024,Copiulemu,Tomeco,15.75,21.968,True,83.68761904761904
Wed Dec  4 18:43:50 2024,Tomeco,Copiulemu,17.916666666666668,23.45,False,78.53023255813953
Wed Dec  4 18:43:50 2024,Copiulemu,Tomeco,15.516666666666667,21.968,False,84.94607948442534
