Fecha,From,To,Tiempo (min),Distancia (km),Real Time,Velocidad promedia
Wed Jan  3 07:28:04 2024,Tomeco,Copiulemu,18.5,23.48,True,76.15135135135135
Wed Jan  3 07:28:04 2024,Copiulemu,Tomeco,16.083333333333332,22.002,True,82.08
Wed Jan  3 07:28:04 2024,Tomeco,Copiulemu,18.5,23.48,False,76.15135135135135
Wed Jan  3 07:28:04 2024,Copiulemu,Tomeco,16.083333333333332,22.002,False,82.08
