Fecha,From,To,Tiempo (min),Distancia (km),Real Time,Velocidad promedia
Wed Oct  4 09:28:26 2023,Tomeco,Copiulemu,17.483333333333334,23.649,True,81.15958055290753
Wed Oct  4 09:28:26 2023,Copiulemu,Tomeco,15.566666666666666,22.002,True,84.80428265524625
Wed Oct  4 09:28:26 2023,Tomeco,Copiulemu,17.483333333333334,23.649,False,81.15958055290753
Wed Oct  4 09:28:26 2023,Copiulemu,Tomeco,15.233333333333333,22.002,False,86.65995623632385
