Fecha,From,To,Tiempo (min),Distancia (km),Real Time,Velocidad promedia
Wed Jul 20 08:42:22 2022,Tomeco,Copiulemu,17.983333333333334,23.39,True,78.03892493049119
Wed Jul 20 08:42:22 2022,Copiulemu,Tomeco,15.383333333333333,22.002,True,85.81495124593715
Wed Jul 20 08:42:22 2022,Tomeco,Copiulemu,17.983333333333334,23.39,False,78.03892493049119
Wed Jul 20 08:42:22 2022,Copiulemu,Tomeco,15.366666666666667,22.002,False,85.90802603036876
