Fecha,From,To,Tiempo (min),Distancia (km),Real Time,Velocidad promedia
Wed Jun 19 02:43:11 2024,Tomeco,Copiulemu,18.4,23.48,True,76.56521739130436
Wed Jun 19 02:43:11 2024,Copiulemu,Tomeco,16.716666666666665,22.002,True,78.97028913260219
Wed Jun 19 02:43:11 2024,Tomeco,Copiulemu,18.316666666666666,23.48,False,76.91355777979983
Wed Jun 19 02:43:11 2024,Copiulemu,Tomeco,16.716666666666665,22.002,False,78.97028913260219
