Fecha,From,To,Tiempo (min),Distancia (km),Real Time,Velocidad promedia
Wed Jun 15 14:31:25 2022,Tomeco,Copiulemu,16.633333333333333,23.39,True,84.37274549098197
Wed Jun 15 14:31:25 2022,Copiulemu,Tomeco,15.65,22.002,True,84.35271565495206
Wed Jun 15 14:31:25 2022,Tomeco,Copiulemu,16.616666666666667,23.39,False,84.45737211634905
Wed Jun 15 14:31:25 2022,Copiulemu,Tomeco,15.283333333333333,22.002,False,86.37644492911667
