Fecha,From,To,Tiempo (min),Distancia (km),Real Time,Velocidad promedia
Wed Mar 23 11:29:01 2022,Tomeco,Copiulemu,17.516666666666666,23.39,True,80.11798287345385
Wed Mar 23 11:29:01 2022,Copiulemu,Tomeco,14.75,22.002,True,89.49966101694915
Wed Mar 23 11:29:01 2022,Tomeco,Copiulemu,17.0,23.39,False,82.5529411764706
Wed Mar 23 11:29:01 2022,Copiulemu,Tomeco,14.483333333333333,22.002,False,91.14752589182969
