Fecha,From,To,Tiempo (min),Distancia (km),Real Time,Velocidad promedia
Wed Sep 13 19:28:06 2023,Tomeco,Copiulemu,17.566666666666666,23.649,True,80.77457305502847
Wed Sep 13 19:28:06 2023,Copiulemu,Tomeco,16.183333333333334,22.002,True,81.5728115345005
Wed Sep 13 19:28:06 2023,Tomeco,Copiulemu,17.566666666666666,23.649,False,80.77457305502847
Wed Sep 13 19:28:06 2023,Copiulemu,Tomeco,15.7,22.002,False,84.08407643312101
