Fecha,From,To,Tiempo (min),Distancia (km),Real Time,Velocidad promedia
Wed Jan  3 17:29:05 2024,Tomeco,Copiulemu,18.45,23.48,True,76.35772357723577
Wed Jan  3 17:29:05 2024,Copiulemu,Tomeco,15.866666666666667,22.002,True,83.20084033613446
Wed Jan  3 17:29:05 2024,Tomeco,Copiulemu,18.466666666666665,23.48,False,76.28880866425993
Wed Jan  3 17:29:05 2024,Copiulemu,Tomeco,15.616666666666667,22.002,False,84.53276414087513
