Fecha,From,To,Tiempo (min),Distancia (km),Real Time,Velocidad promedia
Wed Jul 20 13:06:10 2022,Tomeco,Copiulemu,16.933333333333334,23.39,True,82.87795275590551
Wed Jul 20 13:06:10 2022,Copiulemu,Tomeco,15.15,22.002,True,87.13663366336633
Wed Jul 20 13:06:10 2022,Tomeco,Copiulemu,16.4,23.39,False,85.57317073170732
Wed Jul 20 13:06:10 2022,Copiulemu,Tomeco,15.083333333333334,22.002,False,87.5217679558011
