Fecha,From,To,Tiempo (min),Distancia (km),Real Time,Velocidad promedia
Wed Mar 13 16:31:35 2024,Tomeco,Copiulemu,18.616666666666667,23.739,True,76.5088630259624
Wed Mar 13 16:31:35 2024,Copiulemu,Tomeco,15.316666666666666,22.002,True,86.18846572361262
Wed Mar 13 16:31:35 2024,Tomeco,Copiulemu,17.55,23.739,False,81.15897435897435
Wed Mar 13 16:31:35 2024,Copiulemu,Tomeco,15.016666666666667,22.002,False,87.91032186459489
