Fecha,From,To,Tiempo (min),Distancia (km),Real Time,Velocidad promedia
Wed Dec 27 23:28:00 2023,Tomeco,Copiulemu,17.533333333333335,23.39,True,80.04182509505702
Wed Dec 27 23:28:00 2023,Copiulemu,Tomeco,16.633333333333333,22.002,True,79.36593186372745
Wed Dec 27 23:28:00 2023,Tomeco,Copiulemu,17.316666666666666,23.39,False,81.04331087584217
Wed Dec 27 23:28:00 2023,Copiulemu,Tomeco,16.166666666666668,22.002,False,81.65690721649483
