Fecha,From,To,Tiempo (min),Distancia (km),Real Time,Velocidad promedia
Wed Aug 28 19:28:05 2024,Tomeco,Copiulemu,17.95,23.48,True,78.48467966573817
Wed Aug 28 19:28:05 2024,Copiulemu,Tomeco,15.333333333333334,22.002,True,86.09478260869564
Wed Aug 28 19:28:05 2024,Tomeco,Copiulemu,17.866666666666667,23.48,False,78.8507462686567
Wed Aug 28 19:28:05 2024,Copiulemu,Tomeco,15.083333333333334,22.002,False,87.5217679558011
