Fecha,From,To,Tiempo (min),Distancia (km),Real Time,Velocidad promedia
Wed Oct 18 16:35:12 2023,Tomeco,Copiulemu,17.783333333333335,23.649,True,79.7904404873477
Wed Oct 18 16:35:12 2023,Copiulemu,Tomeco,15.033333333333333,22.002,True,87.81286031042129
Wed Oct 18 16:35:12 2023,Tomeco,Copiulemu,17.783333333333335,23.649,False,79.7904404873477
Wed Oct 18 16:35:12 2023,Copiulemu,Tomeco,15.033333333333333,22.002,False,87.81286031042129
