Fecha,From,To,Tiempo (min),Distancia (km),Real Time,Velocidad promedia
Wed Jun 15 23:34:23 2022,Tomeco,Copiulemu,17.016666666666666,23.39,True,82.4720861900098
Wed Jun 15 23:34:23 2022,Copiulemu,Tomeco,15.483333333333333,22.002,True,85.26071044133477
Wed Jun 15 23:34:23 2022,Tomeco,Copiulemu,16.833333333333332,23.39,False,83.37029702970297
Wed Jun 15 23:34:23 2022,Copiulemu,Tomeco,15.45,22.002,False,85.44466019417474
