Fecha,From,To,Tiempo (min),Distancia (km),Real Time,Velocidad promedia
Wed Jun 26 04:34:32 2024,Tomeco,Copiulemu,19.233333333333334,23.48,True,73.2478336221837
Wed Jun 26 04:34:32 2024,Copiulemu,Tomeco,16.183333333333334,22.002,True,81.5728115345005
Wed Jun 26 04:34:32 2024,Tomeco,Copiulemu,18.6,23.48,False,75.74193548387098
Wed Jun 26 04:34:32 2024,Copiulemu,Tomeco,16.416666666666668,22.002,False,80.41340101522842
