Fecha,From,To,Tiempo (min),Distancia (km),Real Time,Velocidad promedia
Wed Jul 13 13:55:53 2022,Tomeco,Copiulemu,17.5,23.39,True,80.19428571428571
Wed Jul 13 13:55:53 2022,Copiulemu,Tomeco,15.833333333333334,22.002,True,83.37599999999999
Wed Jul 13 13:55:53 2022,Tomeco,Copiulemu,17.633333333333333,23.39,False,79.58790170132326
Wed Jul 13 13:55:53 2022,Copiulemu,Tomeco,15.783333333333333,22.002,False,83.64012671594509
