Fecha,From,To,Tiempo (min),Distancia (km),Real Time,Velocidad promedia
Wed Apr  6 10:38:01 2022,Tomeco,Copiulemu,17.75,23.39,True,79.06478873239436
Wed Apr  6 10:38:01 2022,Copiulemu,Tomeco,14.683333333333334,22.002,True,89.90601589103291
Wed Apr  6 10:38:01 2022,Tomeco,Copiulemu,17.75,23.39,False,79.06478873239436
Wed Apr  6 10:38:01 2022,Copiulemu,Tomeco,14.683333333333334,22.002,False,89.90601589103291
