Fecha,From,To,Tiempo (min),Distancia (km),Real Time,Velocidad promedia
Wed Jul 10 14:29:51 2024,Tomeco,Copiulemu,18.283333333333335,23.48,True,77.05378304466727
Wed Jul 10 14:29:51 2024,Copiulemu,Tomeco,15.6,22.002,True,84.62307692307692
Wed Jul 10 14:29:51 2024,Tomeco,Copiulemu,18.116666666666667,23.48,False,77.76264949402024
Wed Jul 10 14:29:51 2024,Copiulemu,Tomeco,15.483333333333333,22.002,False,85.26071044133477
