Fecha,From,To,Tiempo (min),Distancia (km),Real Time,Velocidad promedia
Wed Apr 13 03:47:36 2022,Tomeco,Copiulemu,17.85,23.39,True,78.62184873949579
Wed Apr 13 03:47:36 2022,Copiulemu,Tomeco,16.016666666666666,22.002,True,82.4216441207076
Wed Apr 13 03:47:36 2022,Tomeco,Copiulemu,17.85,23.39,False,78.62184873949579
Wed Apr 13 03:47:36 2022,Copiulemu,Tomeco,15.766666666666667,22.002,False,83.72854122621564
