Fecha,From,To,Tiempo (min),Distancia (km),Real Time,Velocidad promedia
Wed Jul 20 23:35:38 2022,Tomeco,Copiulemu,17.866666666666667,23.39,True,78.54850746268656
Wed Jul 20 23:35:38 2022,Copiulemu,Tomeco,15.8,22.002,True,83.5518987341772
Wed Jul 20 23:35:38 2022,Tomeco,Copiulemu,17.783333333333335,23.39,False,78.91658856607309
Wed Jul 20 23:35:38 2022,Copiulemu,Tomeco,15.733333333333333,22.002,False,83.90593220338984
