Fecha,From,To,Tiempo (min),Distancia (km),Real Time,Velocidad promedia
Wed Mar 16 10:35:18 2022,Tomeco,Copiulemu,17.65,23.39,True,79.51274787535412
Wed Mar 16 10:35:18 2022,Copiulemu,Tomeco,15.3,22.002,True,86.28235294117647
Wed Mar 16 10:35:18 2022,Tomeco,Copiulemu,17.25,23.39,False,81.35652173913044
Wed Mar 16 10:35:18 2022,Copiulemu,Tomeco,14.866666666666667,22.002,False,88.79730941704035
