Fecha,From,To,Tiempo (min),Distancia (km),Real Time,Velocidad promedia
Wed Oct 25 20:28:08 2023,Tomeco,Copiulemu,17.316666666666666,23.649,True,81.94071222329164
Wed Oct 25 20:28:08 2023,Copiulemu,Tomeco,14.566666666666666,22.002,True,90.62608695652173
Wed Oct 25 20:28:08 2023,Tomeco,Copiulemu,17.283333333333335,23.649,False,82.09874638379942
Wed Oct 25 20:28:08 2023,Copiulemu,Tomeco,14.533333333333333,22.002,False,90.83394495412843
