Fecha,From,To,Tiempo (min),Distancia (km),Real Time,Velocidad promedia
Wed Mar 30 21:31:23 2022,Tomeco,Copiulemu,18.2,23.39,True,77.1098901098901
Wed Mar 30 21:31:23 2022,Copiulemu,Tomeco,15.466666666666667,22.002,True,85.35258620689655
Wed Mar 30 21:31:23 2022,Tomeco,Copiulemu,18.316666666666666,23.39,False,76.61874431301183
Wed Mar 30 21:31:23 2022,Copiulemu,Tomeco,15.466666666666667,22.002,False,85.35258620689655
