Fecha,From,To,Tiempo (min),Distancia (km),Real Time,Velocidad promedia
Wed Jul 13 13:10:38 2022,Tomeco,Copiulemu,17.133333333333333,23.39,True,81.91050583657588
Wed Jul 13 13:10:38 2022,Copiulemu,Tomeco,15.216666666666667,22.002,True,86.75487404162102
Wed Jul 13 13:10:38 2022,Tomeco,Copiulemu,16.45,23.39,False,85.3130699088146
Wed Jul 13 13:10:38 2022,Copiulemu,Tomeco,15.216666666666667,22.002,False,86.75487404162102
