Fecha,From,To,Tiempo (min),Distancia (km),Real Time,Velocidad promedia
Wed Jul 10 12:48:55 2024,Tomeco,Copiulemu,18.366666666666667,23.48,True,76.70417422867514
Wed Jul 10 12:48:55 2024,Copiulemu,Tomeco,15.533333333333333,21.581,True,83.36008583690987
Wed Jul 10 12:48:55 2024,Tomeco,Copiulemu,18.116666666666667,23.48,False,77.76264949402024
Wed Jul 10 12:48:55 2024,Copiulemu,Tomeco,15.166666666666666,21.581,False,85.37538461538462
