Fecha,From,To,Tiempo (min),Distancia (km),Real Time,Velocidad promedia
Wed Aug 21 12:46:07 2024,Tomeco,Copiulemu,17.683333333333334,23.48,True,79.66823751178134
Wed Aug 21 12:46:07 2024,Copiulemu,Tomeco,14.883333333333333,22.002,True,88.69787234042553
Wed Aug 21 12:46:07 2024,Tomeco,Copiulemu,17.616666666666667,23.48,False,79.96972563859981
Wed Aug 21 12:46:07 2024,Copiulemu,Tomeco,14.866666666666667,22.002,False,88.79730941704035
