Fecha,From,To,Tiempo (min),Distancia (km),Real Time,Velocidad promedia
Wed Oct  2 19:28:15 2024,Tomeco,Copiulemu,17.766666666666666,23.48,True,79.29455909943715
Wed Oct  2 19:28:15 2024,Copiulemu,Tomeco,15.183333333333334,22.002,True,86.94533479692646
Wed Oct  2 19:28:15 2024,Tomeco,Copiulemu,17.716666666666665,23.48,False,79.51834430856069
Wed Oct  2 19:28:15 2024,Copiulemu,Tomeco,15.0,22.002,False,88.008
