Fecha,From,To,Tiempo (min),Distancia (km),Real Time,Velocidad promedia
Wed Sep  6 12:45:57 2023,Tomeco,Copiulemu,17.433333333333334,23.649,True,81.3923518164436
Wed Sep  6 12:45:57 2023,Copiulemu,Tomeco,15.85,22.002,True,83.28832807570977
Wed Sep  6 12:45:57 2023,Tomeco,Copiulemu,17.25,23.649,False,82.25739130434783
Wed Sep  6 12:45:57 2023,Copiulemu,Tomeco,15.65,22.002,False,84.35271565495206
