Fecha,From,To,Tiempo (min),Distancia (km),Real Time,Velocidad promedia
Wed Nov  6 11:28:21 2024,Tomeco,Copiulemu,18.433333333333334,23.45,True,76.32911392405063
Wed Nov  6 11:28:21 2024,Copiulemu,Tomeco,14.6,21.968,True,90.27945205479453
Wed Nov  6 11:28:21 2024,Tomeco,Copiulemu,18.416666666666668,23.45,False,76.39819004524887
Wed Nov  6 11:28:21 2024,Copiulemu,Tomeco,14.55,21.968,False,90.58969072164948
