Fecha,From,To,Tiempo (min),Distancia (km),Real Time,Velocidad promedia
Wed Sep  4 15:31:49 2024,Tomeco,Copiulemu,17.8,23.48,True,79.14606741573033
Wed Sep  4 15:31:49 2024,Copiulemu,Tomeco,15.583333333333334,22.002,True,84.71358288770053
Wed Sep  4 15:31:49 2024,Tomeco,Copiulemu,17.75,23.48,False,79.36901408450704
Wed Sep  4 15:31:49 2024,Copiulemu,Tomeco,15.366666666666667,22.002,False,85.90802603036876
