Fecha,From,To,Tiempo (min),Distancia (km),Real Time,Velocidad promedia
Wed Jun  1 16:56:34 2022,Tomeco,Copiulemu,16.35,23.39,True,85.8348623853211
Wed Jun  1 16:56:34 2022,Copiulemu,Tomeco,15.316666666666666,22.002,True,86.18846572361262
Wed Jun  1 16:56:34 2022,Tomeco,Copiulemu,16.35,23.39,False,85.8348623853211
Wed Jun  1 16:56:34 2022,Copiulemu,Tomeco,15.066666666666666,22.002,False,87.61858407079646
