Fecha,From,To,Tiempo (min),Distancia (km),Real Time,Velocidad promedia
Wed Aug 14 14:32:34 2024,Tomeco,Copiulemu,17.883333333333333,23.48,True,78.77726001863932
Wed Aug 14 14:32:34 2024,Copiulemu,Tomeco,15.5,22.002,True,85.1690322580645
Wed Aug 14 14:32:34 2024,Tomeco,Copiulemu,17.833333333333332,23.48,False,78.9981308411215
Wed Aug 14 14:32:34 2024,Copiulemu,Tomeco,15.466666666666667,22.002,False,85.35258620689655
