Fecha,From,To,Tiempo (min),Distancia (km),Real Time,Velocidad promedia
Wed Jun 19 04:32:31 2024,Tomeco,Copiulemu,18.5,23.48,True,76.15135135135135
Wed Jun 19 04:32:31 2024,Copiulemu,Tomeco,16.6,22.002,True,79.52530120481927
Wed Jun 19 04:32:31 2024,Tomeco,Copiulemu,18.5,23.48,False,76.15135135135135
Wed Jun 19 04:32:31 2024,Copiulemu,Tomeco,16.416666666666668,22.002,False,80.41340101522842
