Fecha,From,To,Tiempo (min),Distancia (km),Real Time,Velocidad promedia
Wed Jan 31 08:28:42 2024,Tomeco,Copiulemu,18.816666666666666,23.48,True,74.8697962798937
Wed Jan 31 08:28:42 2024,Copiulemu,Tomeco,15.683333333333334,22.002,True,84.17343251859724
Wed Jan 31 08:28:42 2024,Tomeco,Copiulemu,18.816666666666666,23.48,False,74.8697962798937
Wed Jan 31 08:28:42 2024,Copiulemu,Tomeco,15.233333333333333,22.002,False,86.65995623632385
