Fecha,From,To,Tiempo (min),Distancia (km),Real Time,Velocidad promedia
Wed Aug 28 10:34:31 2024,Tomeco,Copiulemu,18.066666666666666,23.48,True,77.97785977859779
Wed Aug 28 10:34:31 2024,Copiulemu,Tomeco,15.45,22.002,True,85.44466019417474
Wed Aug 28 10:34:31 2024,Tomeco,Copiulemu,18.066666666666666,23.48,False,77.97785977859779
Wed Aug 28 10:34:31 2024,Copiulemu,Tomeco,15.283333333333333,22.002,False,86.37644492911667
