Fecha,From,To,Tiempo (min),Distancia (km),Real Time,Velocidad promedia
Wed Jun 26 20:30:50 2024,Tomeco,Copiulemu,18.6,23.48,True,75.74193548387098
Wed Jun 26 20:30:50 2024,Copiulemu,Tomeco,15.616666666666667,22.002,True,84.53276414087513
Wed Jun 26 20:30:50 2024,Tomeco,Copiulemu,18.3,23.48,False,76.98360655737706
Wed Jun 26 20:30:50 2024,Copiulemu,Tomeco,15.583333333333334,22.002,False,84.71358288770053
