Fecha,From,To,Tiempo (min),Distancia (km),Real Time,Velocidad promedia
Wed Jul 17 18:36:09 2024,Tomeco,Copiulemu,18.583333333333332,23.48,True,75.80986547085203
Wed Jul 17 18:36:09 2024,Copiulemu,Tomeco,15.566666666666666,22.002,True,84.80428265524625
Wed Jul 17 18:36:09 2024,Tomeco,Copiulemu,18.583333333333332,23.48,False,75.80986547085203
Wed Jul 17 18:36:09 2024,Copiulemu,Tomeco,15.283333333333333,22.002,False,86.37644492911667
