Fecha,From,To,Tiempo (min),Distancia (km),Real Time,Velocidad promedia
Wed Oct  2 07:29:10 2024,Tomeco,Copiulemu,18.566666666666666,23.48,True,75.87791741472172
Wed Oct  2 07:29:10 2024,Copiulemu,Tomeco,15.7,22.002,True,84.08407643312101
Wed Oct  2 07:29:10 2024,Tomeco,Copiulemu,18.566666666666666,23.48,False,75.87791741472172
Wed Oct  2 07:29:10 2024,Copiulemu,Tomeco,15.7,22.002,False,84.08407643312101
