Fecha,From,To,Tiempo (min),Distancia (km),Real Time,Velocidad promedia
Wed Sep 25 09:33:55 2024,Tomeco,Copiulemu,18.316666666666666,23.48,True,76.91355777979983
Wed Sep 25 09:33:55 2024,Copiulemu,Tomeco,15.783333333333333,22.002,True,83.64012671594509
Wed Sep 25 09:33:55 2024,Tomeco,Copiulemu,18.133333333333333,23.48,False,77.69117647058823
Wed Sep 25 09:33:55 2024,Copiulemu,Tomeco,15.333333333333334,22.002,False,86.09478260869564
