Fecha,From,To,Tiempo (min),Distancia (km),Real Time,Velocidad promedia
Wed Mar 13 01:31:00 2024,Tomeco,Copiulemu,18.333333333333332,23.48,True,76.84363636363638
Wed Mar 13 01:31:00 2024,Copiulemu,Tomeco,15.633333333333333,22.002,True,84.44264392324094
Wed Mar 13 01:31:00 2024,Tomeco,Copiulemu,18.316666666666666,23.48,False,76.91355777979983
Wed Mar 13 01:31:00 2024,Copiulemu,Tomeco,15.616666666666667,22.002,False,84.53276414087513
