Fecha,From,To,Tiempo (min),Distancia (km),Real Time,Velocidad promedia
Wed Jul  6 21:32:18 2022,Tomeco,Copiulemu,17.75,23.39,True,79.06478873239436
Wed Jul  6 21:32:18 2022,Copiulemu,Tomeco,15.083333333333334,22.002,True,87.5217679558011
Wed Jul  6 21:32:18 2022,Tomeco,Copiulemu,17.133333333333333,23.39,False,81.91050583657588
Wed Jul  6 21:32:18 2022,Copiulemu,Tomeco,15.083333333333334,22.002,False,87.5217679558011
