Fecha,From,To,Tiempo (min),Distancia (km),Real Time,Velocidad promedia
Wed May  8 07:28:02 2024,Tomeco,Copiulemu,18.666666666666668,23.739,True,76.30392857142857
Wed May  8 07:28:02 2024,Copiulemu,Tomeco,15.65,22.002,True,84.35271565495206
Wed May  8 07:28:02 2024,Tomeco,Copiulemu,18.666666666666668,23.739,False,76.30392857142857
Wed May  8 07:28:02 2024,Copiulemu,Tomeco,15.65,22.002,False,84.35271565495206
