Fecha,From,To,Tiempo (min),Distancia (km),Real Time,Velocidad promedia
Wed May 15 15:28:06 2024,Tomeco,Copiulemu,18.316666666666666,23.739,True,77.76196542311193
Wed May 15 15:28:06 2024,Copiulemu,Tomeco,15.766666666666667,22.002,True,83.72854122621564
Wed May 15 15:28:06 2024,Tomeco,Copiulemu,18.15,23.739,False,78.47603305785124
Wed May 15 15:28:06 2024,Copiulemu,Tomeco,15.766666666666667,22.002,False,83.72854122621564
