Fecha,From,To,Tiempo (min),Distancia (km),Real Time,Velocidad promedia
Wed Jun 22 13:52:36 2022,Tomeco,Copiulemu,17.233333333333334,23.39,True,81.43520309477756
Wed Jun 22 13:52:36 2022,Copiulemu,Tomeco,15.016666666666667,22.002,True,87.91032186459489
Wed Jun 22 13:52:36 2022,Tomeco,Copiulemu,16.666666666666668,23.39,False,84.204
Wed Jun 22 13:52:36 2022,Copiulemu,Tomeco,14.933333333333334,22.002,False,88.40089285714285
