Fecha,From,To,Tiempo (min),Distancia (km),Real Time,Velocidad promedia
Wed Sep 28 23:44:19 2022,Tomeco,Copiulemu,17.283333333333335,23.39,True,81.19961427193829
Wed Sep 28 23:44:19 2022,Copiulemu,Tomeco,14.783333333333333,22.002,True,89.2978579481398
Wed Sep 28 23:44:19 2022,Tomeco,Copiulemu,16.783333333333335,23.39,False,83.61866931479642
Wed Sep 28 23:44:19 2022,Copiulemu,Tomeco,14.783333333333333,22.002,False,89.2978579481398
