Fecha,From,To,Tiempo (min),Distancia (km),Real Time,Velocidad promedia
Wed Aug 21 17:30:10 2024,Tomeco,Copiulemu,17.733333333333334,23.48,True,79.44360902255639
Wed Aug 21 17:30:10 2024,Copiulemu,Tomeco,15.316666666666666,22.002,True,86.18846572361262
Wed Aug 21 17:30:10 2024,Tomeco,Copiulemu,17.733333333333334,23.48,False,79.44360902255639
Wed Aug 21 17:30:10 2024,Copiulemu,Tomeco,14.983333333333333,22.002,False,88.1058954393771
