Fecha,From,To,Tiempo (min),Distancia (km),Real Time,Velocidad promedia
Wed Apr 13 22:33:45 2022,Tomeco,Copiulemu,19.216666666666665,23.39,True,73.03035559410235
Wed Apr 13 22:33:45 2022,Copiulemu,Tomeco,16.216666666666665,22.002,True,81.40513874614595
Wed Apr 13 22:33:45 2022,Tomeco,Copiulemu,18.333333333333332,23.39,False,76.54909090909092
Wed Apr 13 22:33:45 2022,Copiulemu,Tomeco,15.083333333333334,22.002,False,87.5217679558011
