Fecha,From,To,Tiempo (min),Distancia (km),Real Time,Velocidad promedia
Wed May 22 16:35:55 2024,Tomeco,Copiulemu,18.116666666666667,23.48,True,77.76264949402024
Wed May 22 16:35:55 2024,Copiulemu,Tomeco,15.65,22.002,True,84.35271565495206
Wed May 22 16:35:55 2024,Tomeco,Copiulemu,18.116666666666667,23.48,False,77.76264949402024
Wed May 22 16:35:55 2024,Copiulemu,Tomeco,15.466666666666667,22.002,False,85.35258620689655
