Fecha,From,To,Tiempo (min),Distancia (km),Real Time,Velocidad promedia
Wed Sep 21 10:42:27 2022,Tomeco,Copiulemu,17.116666666666667,23.39,True,81.9902629016553
Wed Sep 21 10:42:27 2022,Copiulemu,Tomeco,14.833333333333334,22.002,True,88.99685393258426
Wed Sep 21 10:42:27 2022,Tomeco,Copiulemu,17.116666666666667,23.39,False,81.9902629016553
Wed Sep 21 10:42:27 2022,Copiulemu,Tomeco,14.733333333333333,22.002,False,89.60090497737556
