Fecha,From,To,Tiempo (min),Distancia (km),Real Time,Velocidad promedia
Wed Jul 20 17:40:38 2022,Tomeco,Copiulemu,17.433333333333334,23.39,True,80.50095602294455
Wed Jul 20 17:40:38 2022,Copiulemu,Tomeco,15.616666666666667,22.002,True,84.53276414087513
Wed Jul 20 17:40:38 2022,Tomeco,Copiulemu,16.916666666666668,23.39,False,82.95960591133006
Wed Jul 20 17:40:38 2022,Copiulemu,Tomeco,15.016666666666667,22.002,False,87.91032186459489
