Fecha,From,To,Tiempo (min),Distancia (km),Real Time,Velocidad promedia
Wed Apr 17 20:28:10 2024,Tomeco,Copiulemu,18.416666666666668,23.48,True,76.49592760180995
Wed Apr 17 20:28:10 2024,Copiulemu,Tomeco,16.6,22.002,True,79.52530120481927
Wed Apr 17 20:28:10 2024,Tomeco,Copiulemu,18.4,23.48,False,76.56521739130436
Wed Apr 17 20:28:10 2024,Copiulemu,Tomeco,15.7,22.002,False,84.08407643312101
