Fecha,From,To,Tiempo (min),Distancia (km),Real Time,Velocidad promedia
Wed Jul 24 10:33:58 2024,Tomeco,Copiulemu,18.4,23.48,True,76.56521739130436
Wed Jul 24 10:33:58 2024,Copiulemu,Tomeco,15.233333333333333,22.002,True,86.65995623632385
Wed Jul 24 10:33:58 2024,Tomeco,Copiulemu,18.366666666666667,23.48,False,76.70417422867514
Wed Jul 24 10:33:58 2024,Copiulemu,Tomeco,15.233333333333333,22.002,False,86.65995623632385
