Fecha,From,To,Tiempo (min),Distancia (km),Real Time,Velocidad promedia
Wed Dec 11 12:59:04 2024,Tomeco,Copiulemu,18.133333333333333,23.45,True,77.59191176470588
Wed Dec 11 12:59:04 2024,Copiulemu,Tomeco,15.7,21.968,True,83.95414012738854
Wed Dec 11 12:59:04 2024,Tomeco,Copiulemu,17.783333333333335,23.45,False,79.1190253045923
Wed Dec 11 12:59:04 2024,Copiulemu,Tomeco,15.633333333333333,21.968,False,84.31215351812367
