Fecha,From,To,Tiempo (min),Distancia (km),Real Time,Velocidad promedia
Wed Apr  6 04:43:16 2022,Tomeco,Copiulemu,18.066666666666666,23.39,True,77.6789667896679
Wed Apr  6 04:43:16 2022,Copiulemu,Tomeco,15.233333333333333,22.002,True,86.65995623632385
Wed Apr  6 04:43:16 2022,Tomeco,Copiulemu,18.233333333333334,23.39,False,76.9689213893967
Wed Apr  6 04:43:16 2022,Copiulemu,Tomeco,15.233333333333333,22.002,False,86.65995623632385
