Fecha,From,To,Tiempo (min),Distancia (km),Real Time,Velocidad promedia
Wed Nov 27 11:29:48 2024,Tomeco,Copiulemu,18.366666666666667,23.45,True,76.60617059891106
Wed Nov 27 11:29:48 2024,Copiulemu,Tomeco,15.166666666666666,21.968,True,86.90637362637364
Wed Nov 27 11:29:48 2024,Tomeco,Copiulemu,18.066666666666666,23.45,False,77.87822878228782
Wed Nov 27 11:29:48 2024,Copiulemu,Tomeco,15.166666666666666,21.968,False,86.90637362637364
