Fecha,From,To,Tiempo (min),Distancia (km),Real Time,Velocidad promedia
Wed Dec 27 03:28:04 2023,Tomeco,Copiulemu,17.566666666666666,23.39,True,79.88994307400381
Wed Dec 27 03:28:04 2023,Copiulemu,Tomeco,16.983333333333334,21.461,True,75.81903827281648
Wed Dec 27 03:28:04 2023,Tomeco,Copiulemu,17.183333333333334,23.39,False,81.6721629485936
Wed Dec 27 03:28:04 2023,Copiulemu,Tomeco,16.666666666666668,21.461,False,77.25959999999999
