Fecha,From,To,Tiempo (min),Distancia (km),Real Time,Velocidad promedia
Wed Feb 21 19:28:11 2024,Tomeco,Copiulemu,20.283333333333335,23.48,True,69.45603944124896
Wed Feb 21 19:28:11 2024,Copiulemu,Tomeco,15.433333333333334,22.002,True,85.53693304535636
Wed Feb 21 19:28:11 2024,Tomeco,Copiulemu,19.733333333333334,23.48,False,71.39189189189189
Wed Feb 21 19:28:11 2024,Copiulemu,Tomeco,15.533333333333333,22.002,False,84.9862660944206
