Fecha,From,To,Tiempo (min),Distancia (km),Real Time,Velocidad promedia
Wed Oct  9 21:29:55 2024,Tomeco,Copiulemu,18.316666666666666,23.48,True,76.91355777979983
Wed Oct  9 21:29:55 2024,Copiulemu,Tomeco,15.516666666666667,22.002,True,85.07755102040815
Wed Oct  9 21:29:55 2024,Tomeco,Copiulemu,18.016666666666666,23.48,False,78.19426456984274
Wed Oct  9 21:29:55 2024,Copiulemu,Tomeco,15.183333333333334,22.002,False,86.94533479692646
