Fecha,From,To,Tiempo (min),Distancia (km),Real Time,Velocidad promedia
Wed Sep 14 09:41:04 2022,Tomeco,Copiulemu,16.966666666666665,23.39,True,82.71512770137525
Wed Sep 14 09:41:04 2022,Copiulemu,Tomeco,14.65,22.002,True,90.11058020477815
Wed Sep 14 09:41:04 2022,Tomeco,Copiulemu,16.966666666666665,23.39,False,82.71512770137525
Wed Sep 14 09:41:04 2022,Copiulemu,Tomeco,14.983333333333333,22.002,False,88.1058954393771
