Fecha,From,To,Tiempo (min),Distancia (km),Real Time,Velocidad promedia
Wed Oct 16 16:40:21 2024,Tomeco,Copiulemu,18.583333333333332,23.48,True,75.80986547085203
Wed Oct 16 16:40:21 2024,Copiulemu,Tomeco,16.0,21.581,True,80.92875
Wed Oct 16 16:40:21 2024,Tomeco,Copiulemu,18.333333333333332,23.48,False,76.84363636363638
Wed Oct 16 16:40:21 2024,Copiulemu,Tomeco,15.3,21.581,False,84.6313725490196
