Fecha,From,To,Tiempo (min),Distancia (km),Real Time,Velocidad promedia
Wed Oct 16 21:30:58 2024,Tomeco,Copiulemu,18.283333333333335,23.48,True,77.05378304466727
Wed Oct 16 21:30:58 2024,Copiulemu,Tomeco,15.35,22.002,True,86.0013029315961
Wed Oct 16 21:30:58 2024,Tomeco,Copiulemu,17.85,23.48,False,78.92436974789915
Wed Oct 16 21:30:58 2024,Copiulemu,Tomeco,15.2,22.002,False,86.85000000000001
