Fecha,From,To,Tiempo (min),Distancia (km),Real Time,Velocidad promedia
Wed Aug 21 02:46:16 2024,Tomeco,Copiulemu,18.833333333333332,23.48,True,74.80353982300885
Wed Aug 21 02:46:16 2024,Copiulemu,Tomeco,16.233333333333334,22.002,True,81.32156057494866
Wed Aug 21 02:46:16 2024,Tomeco,Copiulemu,18.466666666666665,23.48,False,76.28880866425993
Wed Aug 21 02:46:16 2024,Copiulemu,Tomeco,15.933333333333334,22.002,False,82.85271966527196
