Fecha,From,To,Tiempo (min),Distancia (km),Real Time,Velocidad promedia
Wed Nov 22 05:30:12 2023,Tomeco,Copiulemu,18.616666666666667,23.649,True,76.21880035810207
Wed Nov 22 05:30:12 2023,Copiulemu,Tomeco,15.466666666666667,22.002,True,85.35258620689655
Wed Nov 22 05:30:12 2023,Tomeco,Copiulemu,18.616666666666667,23.649,False,76.21880035810207
Wed Nov 22 05:30:12 2023,Copiulemu,Tomeco,15.466666666666667,22.002,False,85.35258620689655
