Fecha,From,To,Tiempo (min),Distancia (km),Real Time,Velocidad promedia
Wed Jan  3 19:28:01 2024,Tomeco,Copiulemu,18.233333333333334,23.48,True,77.26508226691041
Wed Jan  3 19:28:01 2024,Copiulemu,Tomeco,15.85,22.002,True,83.28832807570977
Wed Jan  3 19:28:01 2024,Tomeco,Copiulemu,17.95,23.48,False,78.48467966573817
Wed Jan  3 19:28:01 2024,Copiulemu,Tomeco,15.633333333333333,22.002,False,84.44264392324094
