Fecha,From,To,Tiempo (min),Distancia (km),Real Time,Velocidad promedia
Wed Aug 14 02:46:47 2024,Tomeco,Copiulemu,18.916666666666668,23.48,True,74.47400881057268
Wed Aug 14 02:46:47 2024,Copiulemu,Tomeco,16.15,22.002,True,81.74117647058823
Wed Aug 14 02:46:47 2024,Tomeco,Copiulemu,18.616666666666667,23.48,False,75.67412712623099
Wed Aug 14 02:46:47 2024,Copiulemu,Tomeco,16.15,22.002,False,81.74117647058823
