Fecha,From,To,Tiempo (min),Distancia (km),Real Time,Velocidad promedia
Wed Jul 24 11:28:04 2024,Tomeco,Copiulemu,17.85,23.48,True,78.92436974789915
Wed Jul 24 11:28:04 2024,Copiulemu,Tomeco,15.133333333333333,22.002,True,87.23259911894272
Wed Jul 24 11:28:04 2024,Tomeco,Copiulemu,17.85,23.48,False,78.92436974789915
Wed Jul 24 11:28:04 2024,Copiulemu,Tomeco,15.2,22.002,False,86.85000000000001
