Fecha,From,To,Tiempo (min),Distancia (km),Real Time,Velocidad promedia
Wed Sep 14 16:59:04 2022,Tomeco,Copiulemu,16.833333333333332,23.39,True,83.37029702970297
Wed Sep 14 16:59:04 2022,Copiulemu,Tomeco,14.6,22.002,True,90.41917808219178
Wed Sep 14 16:59:04 2022,Tomeco,Copiulemu,16.65,23.39,False,84.2882882882883
Wed Sep 14 16:59:04 2022,Copiulemu,Tomeco,14.533333333333333,22.002,False,90.83394495412843
