Fecha,From,To,Tiempo (min),Distancia (km),Real Time,Velocidad promedia
Wed Feb 14 09:28:01 2024,Tomeco,Copiulemu,17.783333333333335,23.48,True,79.22024367385191
Wed Feb 14 09:28:01 2024,Copiulemu,Tomeco,16.15,22.002,True,81.74117647058823
Wed Feb 14 09:28:01 2024,Tomeco,Copiulemu,17.416666666666668,23.48,False,80.88803827751195
Wed Feb 14 09:28:01 2024,Copiulemu,Tomeco,15.383333333333333,22.002,False,85.81495124593715
