Fecha,From,To,Tiempo (min),Distancia (km),Real Time,Velocidad promedia
Wed Jan 24 09:28:12 2024,Tomeco,Copiulemu,17.75,23.48,True,79.36901408450704
Wed Jan 24 09:28:12 2024,Copiulemu,Tomeco,15.133333333333333,22.002,True,87.23259911894272
Wed Jan 24 09:28:12 2024,Tomeco,Copiulemu,17.766666666666666,23.48,False,79.29455909943715
Wed Jan 24 09:28:12 2024,Copiulemu,Tomeco,14.9,22.002,False,88.59865771812079
