Fecha,From,To,Tiempo (min),Distancia (km),Real Time,Velocidad promedia
Wed Jun 15 11:31:41 2022,Tomeco,Copiulemu,16.266666666666666,23.39,True,86.27459016393443
Wed Jun 15 11:31:41 2022,Copiulemu,Tomeco,15.133333333333333,22.002,True,87.23259911894272
Wed Jun 15 11:31:41 2022,Tomeco,Copiulemu,16.266666666666666,23.39,False,86.27459016393443
Wed Jun 15 11:31:41 2022,Copiulemu,Tomeco,14.866666666666667,22.002,False,88.79730941704035
