Fecha,From,To,Tiempo (min),Distancia (km),Real Time,Velocidad promedia
Wed Apr 13 15:38:10 2022,Tomeco,Copiulemu,18.283333333333335,23.39,True,76.7584320875114
Wed Apr 13 15:38:10 2022,Copiulemu,Tomeco,15.666666666666666,22.002,True,84.26297872340425
Wed Apr 13 15:38:10 2022,Tomeco,Copiulemu,17.866666666666667,23.39,False,78.54850746268656
Wed Apr 13 15:38:10 2022,Copiulemu,Tomeco,14.933333333333334,22.002,False,88.40089285714285
