Fecha,From,To,Tiempo (min),Distancia (km),Real Time,Velocidad promedia
Wed Oct 11 05:28:38 2023,Tomeco,Copiulemu,17.866666666666667,23.39,True,78.54850746268656
Wed Oct 11 05:28:38 2023,Copiulemu,Tomeco,15.883333333333333,22.002,True,83.11353620146905
Wed Oct 11 05:28:38 2023,Tomeco,Copiulemu,17.866666666666667,23.649,False,79.41828358208954
Wed Oct 11 05:28:38 2023,Copiulemu,Tomeco,15.35,22.002,False,86.0013029315961
