Fecha,From,To,Tiempo (min),Distancia (km),Real Time,Velocidad promedia
Wed Jun 29 20:37:31 2022,Tomeco,Copiulemu,16.566666666666666,23.39,True,84.71227364185111
Wed Jun 29 20:37:31 2022,Copiulemu,Tomeco,15.433333333333334,22.002,True,85.53693304535636
Wed Jun 29 20:37:31 2022,Tomeco,Copiulemu,16.566666666666666,23.39,False,84.71227364185111
Wed Jun 29 20:37:31 2022,Copiulemu,Tomeco,15.433333333333334,22.002,False,85.53693304535636
