Fecha,From,To,Tiempo (min),Distancia (km),Real Time,Velocidad promedia
Wed Dec 13 13:29:04 2023,Tomeco,Copiulemu,17.333333333333332,23.649,True,81.86192307692309
Wed Dec 13 13:29:04 2023,Copiulemu,Tomeco,14.966666666666667,21.461,True,86.03518930957684
Wed Dec 13 13:29:04 2023,Tomeco,Copiulemu,17.283333333333335,23.649,False,82.09874638379942
Wed Dec 13 13:29:04 2023,Copiulemu,Tomeco,14.883333333333333,21.461,False,86.51690929451287
