Fecha,From,To,Tiempo (min),Distancia (km),Real Time,Velocidad promedia
Wed Jun  5 10:33:32 2024,Tomeco,Copiulemu,18.283333333333335,23.48,True,77.05378304466727
Wed Jun  5 10:33:32 2024,Copiulemu,Tomeco,14.916666666666666,22.002,True,88.49966480446928
Wed Jun  5 10:33:32 2024,Tomeco,Copiulemu,18.283333333333335,23.48,False,77.05378304466727
Wed Jun  5 10:33:32 2024,Copiulemu,Tomeco,14.883333333333333,22.002,False,88.69787234042553
