Fecha,From,To,Tiempo (min),Distancia (km),Real Time,Velocidad promedia
Wed Oct 23 20:34:34 2024,Tomeco,Copiulemu,18.416666666666668,23.48,True,76.49592760180995
Wed Oct 23 20:34:34 2024,Copiulemu,Tomeco,15.466666666666667,22.002,True,85.35258620689655
Wed Oct 23 20:34:34 2024,Tomeco,Copiulemu,18.066666666666666,23.48,False,77.97785977859779
Wed Oct 23 20:34:34 2024,Copiulemu,Tomeco,15.216666666666667,22.002,False,86.75487404162102
