Fecha,From,To,Tiempo (min),Distancia (km),Real Time,Velocidad promedia
Wed Sep  6 08:30:26 2023,Tomeco,Copiulemu,18.633333333333333,23.649,True,76.15062611806799
Wed Sep  6 08:30:26 2023,Copiulemu,Tomeco,16.516666666666666,22.002,True,79.92653884964682
Wed Sep  6 08:30:26 2023,Tomeco,Copiulemu,18.633333333333333,23.649,False,76.15062611806799
Wed Sep  6 08:30:26 2023,Copiulemu,Tomeco,16.5,22.002,False,80.00727272727272
