Fecha,From,To,Tiempo (min),Distancia (km),Real Time,Velocidad promedia
Wed Nov 20 20:34:24 2024,Tomeco,Copiulemu,17.916666666666668,23.45,True,78.53023255813953
Wed Nov 20 20:34:24 2024,Copiulemu,Tomeco,15.266666666666667,21.968,True,86.33711790393012
Wed Nov 20 20:34:24 2024,Tomeco,Copiulemu,17.783333333333335,23.45,False,79.1190253045923
Wed Nov 20 20:34:24 2024,Copiulemu,Tomeco,15.25,21.968,False,86.43147540983607
