Fecha,From,To,Tiempo (min),Distancia (km),Real Time,Velocidad promedia
Wed Aug  3 02:46:29 2022,Tomeco,Copiulemu,17.666666666666668,23.39,True,79.43773584905661
Wed Aug  3 02:46:29 2022,Copiulemu,Tomeco,16.1,22.002,True,81.99503105590061
Wed Aug  3 02:46:29 2022,Tomeco,Copiulemu,17.666666666666668,23.39,False,79.43773584905661
Wed Aug  3 02:46:29 2022,Copiulemu,Tomeco,15.6,22.002,False,84.62307692307692
