Fecha,From,To,Tiempo (min),Distancia (km),Real Time,Velocidad promedia
Wed Apr  6 16:50:46 2022,Tomeco,Copiulemu,17.883333333333333,23.39,True,78.47530288909599
Wed Apr  6 16:50:46 2022,Copiulemu,Tomeco,15.25,22.002,True,86.56524590163934
Wed Apr  6 16:50:46 2022,Tomeco,Copiulemu,17.883333333333333,23.39,False,78.47530288909599
Wed Apr  6 16:50:46 2022,Copiulemu,Tomeco,15.25,22.002,False,86.56524590163934
