Fecha,From,To,Tiempo (min),Distancia (km),Real Time,Velocidad promedia
Wed May 15 05:30:12 2024,Tomeco,Copiulemu,18.533333333333335,23.48,True,76.01438848920863
Wed May 15 05:30:12 2024,Copiulemu,Tomeco,16.45,22.002,True,80.25045592705166
Wed May 15 05:30:12 2024,Tomeco,Copiulemu,18.533333333333335,23.48,False,76.01438848920863
Wed May 15 05:30:12 2024,Copiulemu,Tomeco,16.45,22.002,False,80.25045592705166
