Fecha,From,To,Tiempo (min),Distancia (km),Real Time,Velocidad promedia
Wed May 25 21:34:15 2022,Tomeco,Copiulemu,17.266666666666666,23.39,True,81.27799227799228
Wed May 25 21:34:15 2022,Copiulemu,Tomeco,15.183333333333334,22.002,True,86.94533479692646
Wed May 25 21:34:15 2022,Tomeco,Copiulemu,17.216666666666665,23.39,False,81.51403678606003
Wed May 25 21:34:15 2022,Copiulemu,Tomeco,15.166666666666666,22.002,False,87.04087912087913
