Fecha,From,To,Tiempo (min),Distancia (km),Real Time,Velocidad promedia
Wed Feb  7 04:29:19 2024,Tomeco,Copiulemu,19.116666666666667,23.48,True,73.69485614646905
Wed Feb  7 04:29:19 2024,Copiulemu,Tomeco,15.883333333333333,22.002,True,83.11353620146905
Wed Feb  7 04:29:19 2024,Tomeco,Copiulemu,19.116666666666667,23.48,False,73.69485614646905
Wed Feb  7 04:29:19 2024,Copiulemu,Tomeco,15.883333333333333,22.002,False,83.11353620146905
