Fecha,From,To,Tiempo (min),Distancia (km),Real Time,Velocidad promedia
Wed Aug 21 19:28:10 2024,Tomeco,Copiulemu,18.0,23.48,True,78.26666666666667
Wed Aug 21 19:28:10 2024,Copiulemu,Tomeco,15.333333333333334,22.002,True,86.09478260869564
Wed Aug 21 19:28:10 2024,Tomeco,Copiulemu,17.583333333333332,23.48,False,80.12132701421802
Wed Aug 21 19:28:10 2024,Copiulemu,Tomeco,14.95,22.002,False,88.30234113712375
