Fecha,From,To,Tiempo (min),Distancia (km),Real Time,Velocidad promedia
Wed Jul 17 14:32:43 2024,Tomeco,Copiulemu,18.333333333333332,23.48,True,76.84363636363638
Wed Jul 17 14:32:43 2024,Copiulemu,Tomeco,15.5,22.002,True,85.1690322580645
Wed Jul 17 14:32:43 2024,Tomeco,Copiulemu,18.116666666666667,23.48,False,77.76264949402024
Wed Jul 17 14:32:43 2024,Copiulemu,Tomeco,15.483333333333333,22.002,False,85.26071044133477
