Fecha,From,To,Tiempo (min),Distancia (km),Real Time,Velocidad promedia
Wed May  1 20:29:48 2024,Tomeco,Copiulemu,17.766666666666666,23.48,True,79.29455909943715
Wed May  1 20:29:48 2024,Copiulemu,Tomeco,15.433333333333334,22.002,True,85.53693304535636
Wed May  1 20:29:48 2024,Tomeco,Copiulemu,18.6,23.48,False,75.74193548387098
Wed May  1 20:29:48 2024,Copiulemu,Tomeco,15.983333333333333,22.002,False,82.59353493222106
