Fecha,From,To,Tiempo (min),Distancia (km),Real Time,Velocidad promedia
Wed Apr 17 01:30:37 2024,Tomeco,Copiulemu,18.466666666666665,23.48,True,76.28880866425993
Wed Apr 17 01:30:37 2024,Copiulemu,Tomeco,15.65,22.002,True,84.35271565495206
Wed Apr 17 01:30:37 2024,Tomeco,Copiulemu,18.5,23.48,False,76.15135135135135
Wed Apr 17 01:30:37 2024,Copiulemu,Tomeco,15.633333333333333,22.002,False,84.44264392324094
