Fecha,From,To,Tiempo (min),Distancia (km),Real Time,Velocidad promedia
Wed Jan 17 06:32:42 2024,Tomeco,Copiulemu,18.7,23.48,True,75.33689839572193
Wed Jan 17 06:32:42 2024,Copiulemu,Tomeco,15.65,22.002,True,84.35271565495206
Wed Jan 17 06:32:42 2024,Tomeco,Copiulemu,18.633333333333333,23.48,False,75.60644007155636
Wed Jan 17 06:32:42 2024,Copiulemu,Tomeco,15.65,22.002,False,84.35271565495206
