Fecha,From,To,Tiempo (min),Distancia (km),Real Time,Velocidad promedia
Wed Oct 23 11:28:05 2024,Tomeco,Copiulemu,19.466666666666665,23.48,True,72.36986301369863
Wed Oct 23 11:28:05 2024,Copiulemu,Tomeco,14.783333333333333,22.002,True,89.2978579481398
Wed Oct 23 11:28:05 2024,Tomeco,Copiulemu,18.283333333333335,23.48,False,77.05378304466727
Wed Oct 23 11:28:05 2024,Copiulemu,Tomeco,14.683333333333334,22.002,False,89.90601589103291
