Fecha,From,To,Tiempo (min),Distancia (km),Real Time,Velocidad promedia
Wed Mar 27 06:30:26 2024,Tomeco,Copiulemu,18.966666666666665,23.739,True,75.09701230228472
Wed Mar 27 06:30:26 2024,Copiulemu,Tomeco,15.783333333333333,22.002,True,83.64012671594509
Wed Mar 27 06:30:26 2024,Tomeco,Copiulemu,18.966666666666665,23.739,False,75.09701230228472
Wed Mar 27 06:30:26 2024,Copiulemu,Tomeco,15.783333333333333,22.002,False,83.64012671594509
