Fecha,From,To,Tiempo (min),Distancia (km),Real Time,Velocidad promedia
Wed Mar 23 03:44:48 2022,Tomeco,Copiulemu,18.0,23.649,True,78.83000000000001
Wed Mar 23 03:44:48 2022,Copiulemu,Tomeco,14.566666666666666,22.002,True,90.62608695652173
Wed Mar 23 03:44:48 2022,Tomeco,Copiulemu,18.0,23.649,False,78.83000000000001
Wed Mar 23 03:44:48 2022,Copiulemu,Tomeco,15.383333333333333,22.002,False,85.81495124593715
