Fecha,From,To,Tiempo (min),Distancia (km),Real Time,Velocidad promedia
Wed Jan 17 20:28:06 2024,Tomeco,Copiulemu,17.816666666666666,23.48,True,79.07202993451824
Wed Jan 17 20:28:06 2024,Copiulemu,Tomeco,15.583333333333334,22.002,True,84.71358288770053
Wed Jan 17 20:28:06 2024,Tomeco,Copiulemu,17.666666666666668,23.48,False,79.74339622641509
Wed Jan 17 20:28:06 2024,Copiulemu,Tomeco,14.933333333333334,22.002,False,88.40089285714285
