Fecha,From,To,Tiempo (min),Distancia (km),Real Time,Velocidad promedia
Wed Jul 24 06:37:45 2024,Tomeco,Copiulemu,18.816666666666666,23.48,True,74.8697962798937
Wed Jul 24 06:37:45 2024,Copiulemu,Tomeco,15.833333333333334,22.002,True,83.37599999999999
Wed Jul 24 06:37:45 2024,Tomeco,Copiulemu,18.816666666666666,23.48,False,74.8697962798937
Wed Jul 24 06:37:45 2024,Copiulemu,Tomeco,16.016666666666666,22.002,False,82.4216441207076
