Fecha,From,To,Tiempo (min),Distancia (km),Real Time,Velocidad promedia
Wed Nov 22 19:28:16 2023,Tomeco,Copiulemu,17.233333333333334,23.649,True,82.33694390715668
Wed Nov 22 19:28:16 2023,Copiulemu,Tomeco,15.333333333333334,22.002,True,86.09478260869564
Wed Nov 22 19:28:16 2023,Tomeco,Copiulemu,17.233333333333334,23.649,False,82.33694390715668
Wed Nov 22 19:28:16 2023,Copiulemu,Tomeco,15.016666666666667,22.002,False,87.91032186459489
