Fecha,From,To,Tiempo (min),Distancia (km),Real Time,Velocidad promedia
Wed Dec  4 16:44:27 2024,Tomeco,Copiulemu,18.2,23.45,True,77.3076923076923
Wed Dec  4 16:44:27 2024,Copiulemu,Tomeco,15.483333333333333,21.968,True,85.12895586652314
Wed Dec  4 16:44:27 2024,Tomeco,Copiulemu,17.916666666666668,23.45,False,78.53023255813953
Wed Dec  4 16:44:27 2024,Copiulemu,Tomeco,15.25,21.968,False,86.43147540983607
