Fecha,From,To,Tiempo (min),Distancia (km),Real Time,Velocidad promedia
Wed Mar 23 22:34:03 2022,Tomeco,Copiulemu,19.566666666666666,23.39,True,71.72402044293015
Wed Mar 23 22:34:03 2022,Copiulemu,Tomeco,21.133333333333333,22.002,True,62.46624605678233
Wed Mar 23 22:34:03 2022,Tomeco,Copiulemu,19.566666666666666,23.39,False,71.72402044293015
Wed Mar 23 22:34:03 2022,Copiulemu,Tomeco,16.25,22.002,False,81.23815384615385
