Fecha,From,To,Tiempo (min),Distancia (km),Real Time,Velocidad promedia
Wed Jan 24 01:37:38 2024,Tomeco,Copiulemu,18.983333333333334,23.48,True,74.2124670763828
Wed Jan 24 01:37:38 2024,Copiulemu,Tomeco,16.566666666666666,22.002,True,79.68531187122737
Wed Jan 24 01:37:38 2024,Tomeco,Copiulemu,18.783333333333335,23.48,False,75.00266193433895
Wed Jan 24 01:37:38 2024,Copiulemu,Tomeco,15.683333333333334,22.002,False,84.17343251859724
