Fecha,From,To,Tiempo (min),Distancia (km),Real Time,Velocidad promedia
Wed Jun 29 04:15:28 2022,Tomeco,Copiulemu,17.783333333333335,23.39,True,78.91658856607309
Wed Jun 29 04:15:28 2022,Copiulemu,Tomeco,15.783333333333333,22.002,True,83.64012671594509
Wed Jun 29 04:15:28 2022,Tomeco,Copiulemu,17.783333333333335,23.39,False,78.91658856607309
Wed Jun 29 04:15:28 2022,Copiulemu,Tomeco,15.783333333333333,22.002,False,83.64012671594509
