Fecha,From,To,Tiempo (min),Distancia (km),Real Time,Velocidad promedia
Wed Dec 27 04:30:54 2023,Tomeco,Copiulemu,17.833333333333332,23.39,True,78.69532710280374
Wed Dec 27 04:30:54 2023,Copiulemu,Tomeco,16.566666666666666,21.461,True,77.72595573440644
Wed Dec 27 04:30:54 2023,Tomeco,Copiulemu,17.833333333333332,23.39,False,78.69532710280374
Wed Dec 27 04:30:54 2023,Copiulemu,Tomeco,16.566666666666666,21.461,False,77.72595573440644
