Fecha,From,To,Tiempo (min),Distancia (km),Real Time,Velocidad promedia
Wed Apr 20 23:35:17 2022,Tomeco,Copiulemu,17.433333333333334,23.39,True,80.50095602294455
Wed Apr 20 23:35:17 2022,Copiulemu,Tomeco,16.116666666666667,22.002,True,81.91023784901756
Wed Apr 20 23:35:17 2022,Tomeco,Copiulemu,17.833333333333332,23.39,False,78.69532710280374
Wed Apr 20 23:35:17 2022,Copiulemu,Tomeco,15.966666666666667,22.002,False,82.67974947807932
