Fecha,From,To,Tiempo (min),Distancia (km),Real Time,Velocidad promedia
Wed Oct 30 22:35:23 2024,Tomeco,Copiulemu,17.5,23.45,True,80.39999999999999
Wed Oct 30 22:35:23 2024,Copiulemu,Tomeco,15.266666666666667,21.968,True,86.33711790393012
Wed Oct 30 22:35:23 2024,Tomeco,Copiulemu,17.4,23.45,False,80.86206896551724
Wed Oct 30 22:35:23 2024,Copiulemu,Tomeco,15.233333333333333,21.968,False,86.52603938730853
