Fecha,From,To,Tiempo (min),Distancia (km),Real Time,Velocidad promedia
Wed Jul 13 07:32:14 2022,Tomeco,Copiulemu,17.383333333333333,23.39,True,80.73250239693193
Wed Jul 13 07:32:14 2022,Copiulemu,Tomeco,15.666666666666666,22.002,True,84.26297872340425
Wed Jul 13 07:32:14 2022,Tomeco,Copiulemu,17.366666666666667,23.39,False,80.80998080614204
Wed Jul 13 07:32:14 2022,Copiulemu,Tomeco,15.666666666666666,22.002,False,84.26297872340425
