Fecha,From,To,Tiempo (min),Distancia (km),Real Time,Velocidad promedia
Wed Nov 27 22:37:10 2024,Tomeco,Copiulemu,17.766666666666666,23.45,True,79.19324577861163
Wed Nov 27 22:37:10 2024,Copiulemu,Tomeco,15.616666666666667,21.968,True,84.40213447171826
Wed Nov 27 22:37:10 2024,Tomeco,Copiulemu,17.633333333333333,23.45,False,79.79206049149339
Wed Nov 27 22:37:10 2024,Copiulemu,Tomeco,15.466666666666667,21.968,False,85.22068965517242
