Fecha,From,To,Tiempo (min),Distancia (km),Real Time,Velocidad promedia
Wed Mar 16 16:49:26 2022,Tomeco,Copiulemu,18.25,23.39,True,76.89863013698631
Wed Mar 16 16:49:26 2022,Copiulemu,Tomeco,14.533333333333333,22.002,True,90.83394495412843
Wed Mar 16 16:49:26 2022,Tomeco,Copiulemu,18.35,23.39,False,76.47956403269755
Wed Mar 16 16:49:26 2022,Copiulemu,Tomeco,15.583333333333334,22.002,False,84.71358288770053
