Fecha,From,To,Tiempo (min),Distancia (km),Real Time,Velocidad promedia
Wed Sep 27 10:31:26 2023,Tomeco,Copiulemu,16.933333333333334,23.649,True,83.79566929133858
Wed Sep 27 10:31:26 2023,Copiulemu,Tomeco,15.616666666666667,22.002,True,84.53276414087513
Wed Sep 27 10:31:26 2023,Tomeco,Copiulemu,16.933333333333334,23.649,False,83.79566929133858
Wed Sep 27 10:31:26 2023,Copiulemu,Tomeco,15.283333333333333,22.002,False,86.37644492911667
