Fecha,From,To,Tiempo (min),Distancia (km),Real Time,Velocidad promedia
Wed Aug 10 03:20:00 2022,Tomeco,Copiulemu,18.916666666666668,23.39,True,74.1885462555066
Wed Aug 10 03:20:00 2022,Copiulemu,Tomeco,16.083333333333332,22.002,True,82.08
Wed Aug 10 03:20:00 2022,Tomeco,Copiulemu,17.85,23.39,False,78.62184873949579
Wed Aug 10 03:20:00 2022,Copiulemu,Tomeco,16.066666666666666,22.002,False,82.16514522821576
