Fecha,From,To,Tiempo (min),Distancia (km),Real Time,Velocidad promedia
Wed May 25 14:34:33 2022,Tomeco,Copiulemu,16.666666666666668,23.39,True,84.204
Wed May 25 14:34:33 2022,Copiulemu,Tomeco,15.2,22.002,True,86.85000000000001
Wed May 25 14:34:33 2022,Tomeco,Copiulemu,16.466666666666665,23.39,False,85.22672064777329
Wed May 25 14:34:33 2022,Copiulemu,Tomeco,15.016666666666667,22.002,False,87.91032186459489
