Fecha,From,To,Tiempo (min),Distancia (km),Real Time,Velocidad promedia
Wed Apr 13 13:40:51 2022,Tomeco,Copiulemu,17.6,23.39,True,79.73863636363636
Wed Apr 13 13:40:51 2022,Copiulemu,Tomeco,15.516666666666667,22.002,True,85.07755102040815
Wed Apr 13 13:40:51 2022,Tomeco,Copiulemu,17.5,23.39,False,80.19428571428571
Wed Apr 13 13:40:51 2022,Copiulemu,Tomeco,14.883333333333333,22.002,False,88.69787234042553
