Fecha,From,To,Tiempo (min),Distancia (km),Real Time,Velocidad promedia
Wed Aug  7 13:31:09 2024,Tomeco,Copiulemu,18.433333333333334,23.48,True,76.42676311030742
Wed Aug  7 13:31:09 2024,Copiulemu,Tomeco,16.633333333333333,22.002,True,79.36593186372745
Wed Aug  7 13:31:09 2024,Tomeco,Copiulemu,18.2,23.48,False,77.4065934065934
Wed Aug  7 13:31:09 2024,Copiulemu,Tomeco,15.35,22.002,False,86.0013029315961
