Fecha,From,To,Tiempo (min),Distancia (km),Real Time,Velocidad promedia
Wed Feb 28 09:28:14 2024,Tomeco,Copiulemu,17.833333333333332,23.48,True,78.9981308411215
Wed Feb 28 09:28:14 2024,Copiulemu,Tomeco,15.55,22.002,True,84.8951768488746
Wed Feb 28 09:28:14 2024,Tomeco,Copiulemu,17.816666666666666,23.48,False,79.07202993451824
Wed Feb 28 09:28:14 2024,Copiulemu,Tomeco,15.483333333333333,22.002,False,85.26071044133477
