Fecha,From,To,Tiempo (min),Distancia (km),Real Time,Velocidad promedia
Wed Dec 20 20:28:11 2023,Tomeco,Copiulemu,17.833333333333332,23.39,True,78.69532710280374
Wed Dec 20 20:28:11 2023,Copiulemu,Tomeco,16.75,22.002,True,78.8131343283582
Wed Dec 20 20:28:11 2023,Tomeco,Copiulemu,18.25,23.39,False,76.89863013698631
Wed Dec 20 20:28:11 2023,Copiulemu,Tomeco,16.533333333333335,22.002,False,79.84596774193547
