Fecha,From,To,Tiempo (min),Distancia (km),Real Time,Velocidad promedia
Wed Dec  6 13:29:09 2023,Tomeco,Copiulemu,18.333333333333332,23.649,True,77.39672727272729
Wed Dec  6 13:29:09 2023,Copiulemu,Tomeco,15.283333333333333,22.002,True,86.37644492911667
Wed Dec  6 13:29:09 2023,Tomeco,Copiulemu,17.066666666666666,23.649,False,83.14101562500001
Wed Dec  6 13:29:09 2023,Copiulemu,Tomeco,15.233333333333333,22.002,False,86.65995623632385
