Fecha,From,To,Tiempo (min),Distancia (km),Real Time,Velocidad promedia
Wed Sep  4 23:30:04 2024,Tomeco,Copiulemu,18.583333333333332,23.48,True,75.80986547085203
Wed Sep  4 23:30:04 2024,Copiulemu,Tomeco,15.616666666666667,22.002,True,84.53276414087513
Wed Sep  4 23:30:04 2024,Tomeco,Copiulemu,18.083333333333332,23.48,False,77.90599078341015
Wed Sep  4 23:30:04 2024,Copiulemu,Tomeco,15.616666666666667,22.002,False,84.53276414087513
