Fecha,From,To,Tiempo (min),Distancia (km),Real Time,Velocidad promedia
Wed Sep 28 17:07:39 2022,Tomeco,Copiulemu,16.683333333333334,23.39,True,84.11988011988012
Wed Sep 28 17:07:39 2022,Copiulemu,Tomeco,14.433333333333334,22.002,True,91.46327944572748
Wed Sep 28 17:07:39 2022,Tomeco,Copiulemu,16.633333333333333,23.39,False,84.37274549098197
Wed Sep 28 17:07:39 2022,Copiulemu,Tomeco,14.416666666666666,22.002,False,91.56901734104046
