Fecha,From,To,Tiempo (min),Distancia (km),Real Time,Velocidad promedia
Wed Jan 31 13:28:04 2024,Tomeco,Copiulemu,18.533333333333335,23.48,True,76.01438848920863
Wed Jan 31 13:28:04 2024,Copiulemu,Tomeco,16.316666666666666,22.002,True,80.90623084780388
Wed Jan 31 13:28:04 2024,Tomeco,Copiulemu,18.316666666666666,23.48,False,76.91355777979983
Wed Jan 31 13:28:04 2024,Copiulemu,Tomeco,16.983333333333334,22.002,False,77.73032384690873
