Fecha,From,To,Tiempo (min),Distancia (km),Real Time,Velocidad promedia
Wed May 15 01:36:57 2024,Tomeco,Copiulemu,19.816666666666666,23.48,True,71.09167367535744
Wed May 15 01:36:57 2024,Copiulemu,Tomeco,16.133333333333333,22.002,True,81.82561983471074
Wed May 15 01:36:57 2024,Tomeco,Copiulemu,18.166666666666668,23.48,False,77.548623853211
Wed May 15 01:36:57 2024,Copiulemu,Tomeco,15.833333333333334,22.002,False,83.37599999999999
