Fecha,From,To,Tiempo (min),Distancia (km),Real Time,Velocidad promedia
Wed Nov 20 03:05:48 2024,Tomeco,Copiulemu,18.666666666666668,23.45,True,75.375
Wed Nov 20 03:05:48 2024,Copiulemu,Tomeco,16.1,21.968,True,81.86832298136645
Wed Nov 20 03:05:48 2024,Tomeco,Copiulemu,18.65,23.45,False,75.44235924932977
Wed Nov 20 03:05:48 2024,Copiulemu,Tomeco,16.1,21.968,False,81.86832298136645
