Fecha,From,To,Tiempo (min),Distancia (km),Real Time,Velocidad promedia
Wed Nov 29 12:46:48 2023,Tomeco,Copiulemu,17.233333333333334,23.649,True,82.33694390715668
Wed Nov 29 12:46:48 2023,Copiulemu,Tomeco,15.083333333333334,22.002,True,87.5217679558011
Wed Nov 29 12:46:48 2023,Tomeco,Copiulemu,17.216666666666665,23.649,False,82.41665053242984
Wed Nov 29 12:46:48 2023,Copiulemu,Tomeco,14.833333333333334,22.002,False,88.99685393258426
