Fecha,From,To,Tiempo (min),Distancia (km),Real Time,Velocidad promedia
Wed May 15 19:28:14 2024,Tomeco,Copiulemu,18.383333333333333,23.739,True,77.47996373526746
Wed May 15 19:28:14 2024,Copiulemu,Tomeco,15.166666666666666,22.002,True,87.04087912087913
Wed May 15 19:28:14 2024,Tomeco,Copiulemu,17.983333333333334,23.739,False,79.20333642261353
Wed May 15 19:28:14 2024,Copiulemu,Tomeco,15.033333333333333,22.002,False,87.81286031042129
