Fecha,From,To,Tiempo (min),Distancia (km),Real Time,Velocidad promedia
Wed Dec 27 10:31:29 2023,Tomeco,Copiulemu,17.083333333333332,23.39,True,82.15024390243903
Wed Dec 27 10:31:29 2023,Copiulemu,Tomeco,15.316666666666666,21.461,True,84.06920565832426
Wed Dec 27 10:31:29 2023,Tomeco,Copiulemu,17.083333333333332,23.39,False,82.15024390243903
Wed Dec 27 10:31:29 2023,Copiulemu,Tomeco,15.366666666666667,21.461,False,83.79566160520606
