Fecha,From,To,Tiempo (min),Distancia (km),Real Time,Velocidad promedia
Wed Aug 10 17:39:25 2022,Tomeco,Copiulemu,16.783333333333335,23.39,True,83.61866931479642
Wed Aug 10 17:39:25 2022,Copiulemu,Tomeco,14.666666666666666,22.002,True,90.00818181818181
Wed Aug 10 17:39:25 2022,Tomeco,Copiulemu,16.783333333333335,23.39,False,83.61866931479642
Wed Aug 10 17:39:25 2022,Copiulemu,Tomeco,14.616666666666667,22.002,False,90.31607753705815
