Fecha,From,To,Tiempo (min),Distancia (km),Real Time,Velocidad promedia
Wed Dec  4 14:39:32 2024,Tomeco,Copiulemu,18.116666666666667,23.45,True,77.66329346826126
Wed Dec  4 14:39:32 2024,Copiulemu,Tomeco,16.216666666666665,21.968,True,81.27934224049334
Wed Dec  4 14:39:32 2024,Tomeco,Copiulemu,17.866666666666667,23.45,False,78.74999999999999
Wed Dec  4 14:39:32 2024,Copiulemu,Tomeco,15.65,21.968,False,84.22236421725239
