Fecha,From,To,Tiempo (min),Distancia (km),Real Time,Velocidad promedia
Wed Nov 15 14:30:42 2023,Tomeco,Copiulemu,16.916666666666668,23.649,True,83.87822660098523
Wed Nov 15 14:30:42 2023,Copiulemu,Tomeco,15.0,22.002,True,88.008
Wed Nov 15 14:30:42 2023,Tomeco,Copiulemu,16.683333333333334,23.649,False,85.05134865134866
Wed Nov 15 14:30:42 2023,Copiulemu,Tomeco,14.933333333333334,22.002,False,88.40089285714285
