Fecha,From,To,Tiempo (min),Distancia (km),Real Time,Velocidad promedia
Wed Aug  7 19:28:01 2024,Tomeco,Copiulemu,18.233333333333334,23.48,True,77.26508226691041
Wed Aug  7 19:28:01 2024,Copiulemu,Tomeco,15.55,22.002,True,84.8951768488746
Wed Aug  7 19:28:01 2024,Tomeco,Copiulemu,18.216666666666665,23.48,False,77.33577310155536
Wed Aug  7 19:28:01 2024,Copiulemu,Tomeco,15.166666666666666,22.002,False,87.04087912087913
