Fecha,From,To,Tiempo (min),Distancia (km),Real Time,Velocidad promedia
Wed Dec 13 19:28:09 2023,Tomeco,Copiulemu,17.283333333333335,23.649,True,82.09874638379942
Wed Dec 13 19:28:09 2023,Copiulemu,Tomeco,15.133333333333333,21.461,True,85.08766519823787
Wed Dec 13 19:28:09 2023,Tomeco,Copiulemu,17.233333333333334,23.649,False,82.33694390715668
Wed Dec 13 19:28:09 2023,Copiulemu,Tomeco,14.933333333333334,21.461,False,86.22723214285713
