Fecha,From,To,Tiempo (min),Distancia (km),Real Time,Velocidad promedia
Wed Aug 21 18:36:48 2024,Tomeco,Copiulemu,17.8,23.48,True,79.14606741573033
Wed Aug 21 18:36:48 2024,Copiulemu,Tomeco,15.2,22.002,True,86.85000000000001
Wed Aug 21 18:36:48 2024,Tomeco,Copiulemu,17.683333333333334,23.48,False,79.66823751178134
Wed Aug 21 18:36:48 2024,Copiulemu,Tomeco,15.133333333333333,22.002,False,87.23259911894272
