Fecha,From,To,Tiempo (min),Distancia (km),Real Time,Velocidad promedia
Wed Jul  3 10:35:17 2024,Tomeco,Copiulemu,18.033333333333335,23.48,True,78.12199630314232
Wed Jul  3 10:35:17 2024,Copiulemu,Tomeco,15.55,22.002,True,84.8951768488746
Wed Jul  3 10:35:17 2024,Tomeco,Copiulemu,18.033333333333335,23.48,False,78.12199630314232
Wed Jul  3 10:35:17 2024,Copiulemu,Tomeco,15.55,22.002,False,84.8951768488746
