Fecha,From,To,Tiempo (min),Distancia (km),Real Time,Velocidad promedia
Wed Jan 31 22:29:19 2024,Tomeco,Copiulemu,20.55,23.48,True,68.55474452554743
Wed Jan 31 22:29:19 2024,Copiulemu,Tomeco,16.266666666666666,22.002,True,81.1549180327869
Wed Jan 31 22:29:19 2024,Tomeco,Copiulemu,20.55,23.48,False,68.55474452554743
Wed Jan 31 22:29:19 2024,Copiulemu,Tomeco,16.083333333333332,22.002,False,82.08
