Fecha,From,To,Tiempo (min),Distancia (km),Real Time,Velocidad promedia
Wed Apr  6 05:31:02 2022,Tomeco,Copiulemu,18.333333333333332,23.39,True,76.54909090909092
Wed Apr  6 05:31:02 2022,Copiulemu,Tomeco,15.15,22.002,True,87.13663366336633
Wed Apr  6 05:31:02 2022,Tomeco,Copiulemu,18.333333333333332,23.39,False,76.54909090909092
Wed Apr  6 05:31:02 2022,Copiulemu,Tomeco,15.15,22.002,False,87.13663366336633
