Fecha,From,To,Tiempo (min),Distancia (km),Real Time,Velocidad promedia
Wed Feb 28 11:28:04 2024,Tomeco,Copiulemu,17.416666666666668,23.48,True,80.88803827751195
Wed Feb 28 11:28:04 2024,Copiulemu,Tomeco,15.483333333333333,22.002,True,85.26071044133477
Wed Feb 28 11:28:04 2024,Tomeco,Copiulemu,17.316666666666666,23.48,False,81.35514918190569
Wed Feb 28 11:28:04 2024,Copiulemu,Tomeco,15.166666666666666,22.002,False,87.04087912087913
