Fecha,From,To,Tiempo (min),Distancia (km),Real Time,Velocidad promedia
Wed Sep 27 17:28:56 2023,Tomeco,Copiulemu,18.116666666666667,23.649,True,78.32235510579576
Wed Sep 27 17:28:56 2023,Copiulemu,Tomeco,15.666666666666666,22.002,True,84.26297872340425
Wed Sep 27 17:28:56 2023,Tomeco,Copiulemu,17.233333333333334,23.649,False,82.33694390715668
Wed Sep 27 17:28:56 2023,Copiulemu,Tomeco,15.616666666666667,22.002,False,84.53276414087513
