Fecha,From,To,Tiempo (min),Distancia (km),Real Time,Velocidad promedia
Wed Jan  3 23:28:27 2024,Tomeco,Copiulemu,18.566666666666666,23.48,True,75.87791741472172
Wed Jan  3 23:28:27 2024,Copiulemu,Tomeco,16.1,22.002,True,81.99503105590061
Wed Jan  3 23:28:27 2024,Tomeco,Copiulemu,17.916666666666668,23.48,False,78.63069767441861
Wed Jan  3 23:28:27 2024,Copiulemu,Tomeco,16.05,22.002,False,82.25046728971962
