Fecha,From,To,Tiempo (min),Distancia (km),Real Time,Velocidad promedia
Wed Oct  4 17:28:54 2023,Tomeco,Copiulemu,17.033333333333335,23.649,True,83.30371819960861
Wed Oct  4 17:28:54 2023,Copiulemu,Tomeco,14.75,22.002,True,89.49966101694915
Wed Oct  4 17:28:54 2023,Tomeco,Copiulemu,17.033333333333335,23.649,False,83.30371819960861
Wed Oct  4 17:28:54 2023,Copiulemu,Tomeco,14.75,22.002,False,89.49966101694915
