Fecha,From,To,Tiempo (min),Distancia (km),Real Time,Velocidad promedia
Wed Feb 28 14:28:41 2024,Tomeco,Copiulemu,19.05,23.48,True,73.95275590551181
Wed Feb 28 14:28:41 2024,Copiulemu,Tomeco,15.983333333333333,22.002,True,82.59353493222106
Wed Feb 28 14:28:41 2024,Tomeco,Copiulemu,18.966666666666665,23.48,False,74.27768014059755
Wed Feb 28 14:28:41 2024,Copiulemu,Tomeco,16.283333333333335,22.002,False,81.0718526100307
