Fecha,From,To,Tiempo (min),Distancia (km),Real Time,Velocidad promedia
Wed Jun  5 23:28:15 2024,Tomeco,Copiulemu,18.966666666666665,23.48,True,74.27768014059755
Wed Jun  5 23:28:15 2024,Copiulemu,Tomeco,16.1,22.002,True,81.99503105590061
Wed Jun  5 23:28:15 2024,Tomeco,Copiulemu,17.8,23.48,False,79.14606741573033
Wed Jun  5 23:28:15 2024,Copiulemu,Tomeco,15.533333333333333,22.002,False,84.9862660944206
