Fecha,From,To,Tiempo (min),Distancia (km),Real Time,Velocidad promedia
Wed Jan 24 16:36:09 2024,Tomeco,Copiulemu,18.133333333333333,23.48,True,77.69117647058823
Wed Jan 24 16:36:09 2024,Copiulemu,Tomeco,15.85,22.002,True,83.28832807570977
Wed Jan 24 16:36:09 2024,Tomeco,Copiulemu,18.133333333333333,23.48,False,77.69117647058823
Wed Jan 24 16:36:09 2024,Copiulemu,Tomeco,15.75,22.002,False,83.81714285714285
