Fecha,From,To,Tiempo (min),Distancia (km),Real Time,Velocidad promedia
Wed May  1 06:33:08 2024,Tomeco,Copiulemu,18.666666666666668,23.48,True,75.47142857142858
Wed May  1 06:33:08 2024,Copiulemu,Tomeco,16.15,22.002,True,81.74117647058823
Wed May  1 06:33:08 2024,Tomeco,Copiulemu,18.666666666666668,23.48,False,75.47142857142858
Wed May  1 06:33:08 2024,Copiulemu,Tomeco,15.8,22.002,False,83.5518987341772
