Fecha,From,To,Tiempo (min),Distancia (km),Real Time,Velocidad promedia
Wed Sep 25 10:39:01 2024,Tomeco,Copiulemu,18.266666666666666,23.48,True,77.1240875912409
Wed Sep 25 10:39:01 2024,Copiulemu,Tomeco,14.983333333333333,22.002,True,88.1058954393771
Wed Sep 25 10:39:01 2024,Tomeco,Copiulemu,17.45,23.48,False,80.73352435530086
Wed Sep 25 10:39:01 2024,Copiulemu,Tomeco,14.983333333333333,22.002,False,88.1058954393771
