Fecha,From,To,Tiempo (min),Distancia (km),Real Time,Velocidad promedia
Wed Sep 18 12:52:40 2024,Tomeco,Copiulemu,17.683333333333334,23.48,True,79.66823751178134
Wed Sep 18 12:52:40 2024,Copiulemu,Tomeco,15.566666666666666,22.002,True,84.80428265524625
Wed Sep 18 12:52:40 2024,Tomeco,Copiulemu,17.35,23.48,False,81.19884726224784
Wed Sep 18 12:52:40 2024,Copiulemu,Tomeco,15.55,22.002,False,84.8951768488746
