Fecha,From,To,Tiempo (min),Distancia (km),Real Time,Velocidad promedia
Wed Jul 27 13:57:02 2022,Tomeco,Copiulemu,16.733333333333334,23.39,True,83.86852589641434
Wed Jul 27 13:57:02 2022,Copiulemu,Tomeco,15.1,21.461,True,85.27549668874173
Wed Jul 27 13:57:02 2022,Tomeco,Copiulemu,16.716666666666665,23.39,False,83.95214356929213
Wed Jul 27 13:57:02 2022,Copiulemu,Tomeco,14.55,21.461,False,88.49896907216494
