Fecha,From,To,Tiempo (min),Distancia (km),Real Time,Velocidad promedia
Wed Aug 28 07:28:05 2024,Tomeco,Copiulemu,18.316666666666666,23.48,True,76.91355777979983
Wed Aug 28 07:28:05 2024,Copiulemu,Tomeco,15.766666666666667,22.002,True,83.72854122621564
Wed Aug 28 07:28:05 2024,Tomeco,Copiulemu,18.316666666666666,23.48,False,76.91355777979983
Wed Aug 28 07:28:05 2024,Copiulemu,Tomeco,15.766666666666667,22.002,False,83.72854122621564
