Fecha,From,To,Tiempo (min),Distancia (km),Real Time,Velocidad promedia
Wed Jul 31 11:28:05 2024,Tomeco,Copiulemu,17.783333333333335,23.48,True,79.22024367385191
Wed Jul 31 11:28:05 2024,Copiulemu,Tomeco,15.483333333333333,22.002,True,85.26071044133477
Wed Jul 31 11:28:05 2024,Tomeco,Copiulemu,17.783333333333335,23.48,False,79.22024367385191
Wed Jul 31 11:28:05 2024,Copiulemu,Tomeco,15.3,22.002,False,86.28235294117647
