Fecha,From,To,Tiempo (min),Distancia (km),Real Time,Velocidad promedia
Wed Apr  6 08:38:32 2022,Tomeco,Copiulemu,18.283333333333335,23.39,True,76.7584320875114
Wed Apr  6 08:38:32 2022,Copiulemu,Tomeco,15.316666666666666,22.002,True,86.18846572361262
Wed Apr  6 08:38:32 2022,Tomeco,Copiulemu,18.283333333333335,23.39,False,76.7584320875114
Wed Apr  6 08:38:32 2022,Copiulemu,Tomeco,15.316666666666666,22.002,False,86.18846572361262
