Fecha,From,To,Tiempo (min),Distancia (km),Real Time,Velocidad promedia
Wed Dec 20 02:28:10 2023,Tomeco,Copiulemu,17.9,23.39,True,78.40223463687153
Wed Dec 20 02:28:10 2023,Copiulemu,Tomeco,16.7,22.002,True,79.04910179640719
Wed Dec 20 02:28:10 2023,Tomeco,Copiulemu,17.9,23.39,False,78.40223463687153
Wed Dec 20 02:28:10 2023,Copiulemu,Tomeco,15.95,22.002,False,82.76614420062697
