Fecha,From,To,Tiempo (min),Distancia (km),Real Time,Velocidad promedia
Wed Jan  3 10:32:03 2024,Tomeco,Copiulemu,17.5,23.48,True,80.50285714285714
Wed Jan  3 10:32:03 2024,Copiulemu,Tomeco,15.316666666666666,22.002,True,86.18846572361262
Wed Jan  3 10:32:03 2024,Tomeco,Copiulemu,17.5,23.48,False,80.50285714285714
Wed Jan  3 10:32:03 2024,Copiulemu,Tomeco,15.283333333333333,22.002,False,86.37644492911667
