Fecha,From,To,Tiempo (min),Distancia (km),Real Time,Velocidad promedia
Wed Apr 17 04:30:30 2024,Tomeco,Copiulemu,18.466666666666665,23.48,True,76.28880866425993
Wed Apr 17 04:30:30 2024,Copiulemu,Tomeco,15.783333333333333,22.002,True,83.64012671594509
Wed Apr 17 04:30:30 2024,Tomeco,Copiulemu,18.466666666666665,23.48,False,76.28880866425993
Wed Apr 17 04:30:30 2024,Copiulemu,Tomeco,15.783333333333333,22.002,False,83.64012671594509
