Fecha,From,To,Tiempo (min),Distancia (km),Real Time,Velocidad promedia
Wed Sep 14 19:32:42 2022,Tomeco,Copiulemu,16.933333333333334,23.39,True,82.87795275590551
Wed Sep 14 19:32:42 2022,Copiulemu,Tomeco,14.916666666666666,22.002,True,88.49966480446928
Wed Sep 14 19:32:42 2022,Tomeco,Copiulemu,16.833333333333332,23.39,False,83.37029702970297
Wed Sep 14 19:32:42 2022,Copiulemu,Tomeco,14.85,22.002,False,88.89696969696969
