Fecha,From,To,Tiempo (min),Distancia (km),Real Time,Velocidad promedia
Wed Jun 15 19:29:20 2022,Tomeco,Copiulemu,17.033333333333335,23.39,True,82.39138943248531
Wed Jun 15 19:29:20 2022,Copiulemu,Tomeco,15.3,22.002,True,86.28235294117647
Wed Jun 15 19:29:20 2022,Tomeco,Copiulemu,17.033333333333335,23.39,False,82.39138943248531
Wed Jun 15 19:29:20 2022,Copiulemu,Tomeco,15.3,22.002,False,86.28235294117647
