Fecha,From,To,Tiempo (min),Distancia (km),Real Time,Velocidad promedia
Wed Aug 24 07:33:04 2022,Tomeco,Copiulemu,17.433333333333334,23.39,True,80.50095602294455
Wed Aug 24 07:33:04 2022,Copiulemu,Tomeco,15.3,22.002,True,86.28235294117647
Wed Aug 24 07:33:04 2022,Tomeco,Copiulemu,17.433333333333334,23.39,False,80.50095602294455
Wed Aug 24 07:33:04 2022,Copiulemu,Tomeco,15.3,22.002,False,86.28235294117647
