Fecha,From,To,Tiempo (min),Distancia (km),Real Time,Velocidad promedia
Wed Aug 24 22:37:03 2022,Tomeco,Copiulemu,18.266666666666666,23.39,True,76.82846715328468
Wed Aug 24 22:37:03 2022,Copiulemu,Tomeco,14.966666666666667,22.002,True,88.20400890868596
Wed Aug 24 22:37:03 2022,Tomeco,Copiulemu,17.55,23.39,False,79.96581196581195
Wed Aug 24 22:37:03 2022,Copiulemu,Tomeco,14.916666666666666,22.002,False,88.49966480446928
