Fecha,From,To,Tiempo (min),Distancia (km),Real Time,Velocidad promedia
Wed Aug  3 21:33:35 2022,Tomeco,Copiulemu,17.133333333333333,23.39,True,81.91050583657588
Wed Aug  3 21:33:35 2022,Copiulemu,Tomeco,14.933333333333334,22.002,True,88.40089285714285
Wed Aug  3 21:33:35 2022,Tomeco,Copiulemu,17.133333333333333,23.39,False,81.91050583657588
Wed Aug  3 21:33:35 2022,Copiulemu,Tomeco,14.883333333333333,22.002,False,88.69787234042553
