Fecha,From,To,Tiempo (min),Distancia (km),Real Time,Velocidad promedia
Wed Apr 24 10:33:18 2024,Tomeco,Copiulemu,18.316666666666666,23.739,True,77.76196542311193
Wed Apr 24 10:33:18 2024,Copiulemu,Tomeco,15.916666666666666,21.581,True,81.3524607329843
Wed Apr 24 10:33:18 2024,Tomeco,Copiulemu,18.283333333333335,23.739,False,77.90373746581587
Wed Apr 24 10:33:18 2024,Copiulemu,Tomeco,15.633333333333333,21.581,False,82.8268656716418
