Fecha,From,To,Tiempo (min),Distancia (km),Real Time,Velocidad promedia
Wed Oct 11 15:28:20 2023,Tomeco,Copiulemu,17.35,23.649,True,81.78328530259365
Wed Oct 11 15:28:20 2023,Copiulemu,Tomeco,14.883333333333333,22.002,True,88.69787234042553
Wed Oct 11 15:28:20 2023,Tomeco,Copiulemu,17.35,23.649,False,81.78328530259365
Wed Oct 11 15:28:20 2023,Copiulemu,Tomeco,14.833333333333334,22.002,False,88.99685393258426
