Fecha,From,To,Tiempo (min),Distancia (km),Real Time,Velocidad promedia
Wed Sep 14 10:42:22 2022,Tomeco,Copiulemu,16.633333333333333,23.39,True,84.37274549098197
Wed Sep 14 10:42:22 2022,Copiulemu,Tomeco,14.683333333333334,22.002,True,89.90601589103291
Wed Sep 14 10:42:22 2022,Tomeco,Copiulemu,16.666666666666668,23.39,False,84.204
Wed Sep 14 10:42:22 2022,Copiulemu,Tomeco,14.633333333333333,22.002,False,90.2132118451025
