Fecha,From,To,Tiempo (min),Distancia (km),Real Time,Velocidad promedia
Wed Jan 10 10:33:14 2024,Tomeco,Copiulemu,17.1,23.48,True,82.3859649122807
Wed Jan 10 10:33:14 2024,Copiulemu,Tomeco,15.183333333333334,22.002,True,86.94533479692646
Wed Jan 10 10:33:14 2024,Tomeco,Copiulemu,17.1,23.48,False,82.3859649122807
Wed Jan 10 10:33:14 2024,Copiulemu,Tomeco,14.683333333333334,22.002,False,89.90601589103291
