Fecha,From,To,Tiempo (min),Distancia (km),Real Time,Velocidad promedia
Wed May 11 16:59:16 2022,Tomeco,Copiulemu,16.733333333333334,23.39,True,83.86852589641434
Wed May 11 16:59:16 2022,Copiulemu,Tomeco,15.5,22.002,True,85.1690322580645
Wed May 11 16:59:16 2022,Tomeco,Copiulemu,16.733333333333334,23.39,False,83.86852589641434
Wed May 11 16:59:16 2022,Copiulemu,Tomeco,15.233333333333333,22.002,False,86.65995623632385
