Fecha,From,To,Tiempo (min),Distancia (km),Real Time,Velocidad promedia
Wed Jun 19 19:28:02 2024,Tomeco,Copiulemu,18.6,23.48,True,75.74193548387098
Wed Jun 19 19:28:02 2024,Copiulemu,Tomeco,15.55,22.002,True,84.8951768488746
Wed Jun 19 19:28:02 2024,Tomeco,Copiulemu,18.6,23.48,False,75.74193548387098
Wed Jun 19 19:28:02 2024,Copiulemu,Tomeco,14.85,22.002,False,88.89696969696969
