Fecha,From,To,Tiempo (min),Distancia (km),Real Time,Velocidad promedia
Wed Aug 21 11:28:12 2024,Tomeco,Copiulemu,17.366666666666667,23.48,True,81.12092130518234
Wed Aug 21 11:28:12 2024,Copiulemu,Tomeco,15.066666666666666,22.002,True,87.61858407079646
Wed Aug 21 11:28:12 2024,Tomeco,Copiulemu,17.366666666666667,23.48,False,81.12092130518234
Wed Aug 21 11:28:12 2024,Copiulemu,Tomeco,14.85,22.002,False,88.89696969696969
