Fecha,From,To,Tiempo (min),Distancia (km),Real Time,Velocidad promedia
Wed Dec 27 11:28:11 2023,Tomeco,Copiulemu,17.116666666666667,23.39,True,81.9902629016553
Wed Dec 27 11:28:11 2023,Copiulemu,Tomeco,15.283333333333333,21.461,True,84.25256270447109
Wed Dec 27 11:28:11 2023,Tomeco,Copiulemu,16.766666666666666,23.39,False,83.70178926441352
Wed Dec 27 11:28:11 2023,Copiulemu,Tomeco,15.4,21.461,False,83.61428571428571
