Fecha,From,To,Tiempo (min),Distancia (km),Real Time,Velocidad promedia
Wed May  8 05:28:02 2024,Tomeco,Copiulemu,19.583333333333332,23.48,True,71.93872340425531
Wed May  8 05:28:02 2024,Copiulemu,Tomeco,16.466666666666665,22.002,True,80.16923076923077
Wed May  8 05:28:02 2024,Tomeco,Copiulemu,18.516666666666666,23.48,False,76.08280828082809
Wed May  8 05:28:02 2024,Copiulemu,Tomeco,16.466666666666665,22.002,False,80.16923076923077
