Fecha,From,To,Tiempo (min),Distancia (km),Real Time,Velocidad promedia
Wed Jan 24 22:31:12 2024,Tomeco,Copiulemu,18.8,23.48,True,74.93617021276596
Wed Jan 24 22:31:12 2024,Copiulemu,Tomeco,15.6,22.002,True,84.62307692307692
Wed Jan 24 22:31:12 2024,Tomeco,Copiulemu,18.816666666666666,23.48,False,74.8697962798937
Wed Jan 24 22:31:12 2024,Copiulemu,Tomeco,16.033333333333335,22.002,False,82.33596673596672
