Fecha,From,To,Tiempo (min),Distancia (km),Real Time,Velocidad promedia
Wed May 11 09:36:25 2022,Tomeco,Copiulemu,17.583333333333332,23.39,True,79.81421800947868
Wed May 11 09:36:25 2022,Copiulemu,Tomeco,15.933333333333334,22.002,True,82.85271966527196
Wed May 11 09:36:25 2022,Tomeco,Copiulemu,17.583333333333332,23.39,False,79.81421800947868
Wed May 11 09:36:25 2022,Copiulemu,Tomeco,15.316666666666666,22.002,False,86.18846572361262
