Fecha,From,To,Tiempo (min),Distancia (km),Real Time,Velocidad promedia
Wed Dec  6 20:28:00 2023,Tomeco,Copiulemu,17.366666666666667,23.649,True,81.70479846449136
Wed Dec  6 20:28:00 2023,Copiulemu,Tomeco,14.9,22.002,True,88.59865771812079
Wed Dec  6 20:28:00 2023,Tomeco,Copiulemu,17.016666666666666,23.649,False,83.3853085210578
Wed Dec  6 20:28:00 2023,Copiulemu,Tomeco,14.566666666666666,22.002,False,90.62608695652173
