Fecha,From,To,Tiempo (min),Distancia (km),Real Time,Velocidad promedia
Wed Dec  6 23:28:07 2023,Tomeco,Copiulemu,17.433333333333334,23.649,True,81.3923518164436
Wed Dec  6 23:28:07 2023,Copiulemu,Tomeco,14.883333333333333,22.002,True,88.69787234042553
Wed Dec  6 23:28:07 2023,Tomeco,Copiulemu,17.433333333333334,23.649,False,81.3923518164436
Wed Dec  6 23:28:07 2023,Copiulemu,Tomeco,14.883333333333333,22.002,False,88.69787234042553
