Fecha,From,To,Tiempo (min),Distancia (km),Real Time,Velocidad promedia
Wed Jul 10 09:28:54 2024,Tomeco,Copiulemu,19.483333333333334,23.48,True,72.30795551753636
Wed Jul 10 09:28:54 2024,Copiulemu,Tomeco,15.466666666666667,22.002,True,85.35258620689655
Wed Jul 10 09:28:54 2024,Tomeco,Copiulemu,19.483333333333334,23.48,False,72.30795551753636
Wed Jul 10 09:28:54 2024,Copiulemu,Tomeco,15.466666666666667,22.002,False,85.35258620689655
