Fecha,From,To,Tiempo (min),Distancia (km),Real Time,Velocidad promedia
Wed Sep 27 07:28:13 2023,Tomeco,Copiulemu,18.216666666666665,23.649,True,77.89240622140898
Wed Sep 27 07:28:13 2023,Copiulemu,Tomeco,15.983333333333333,22.002,True,82.59353493222106
Wed Sep 27 07:28:13 2023,Tomeco,Copiulemu,18.216666666666665,23.649,False,77.89240622140898
Wed Sep 27 07:28:13 2023,Copiulemu,Tomeco,15.966666666666667,22.002,False,82.67974947807932
