Fecha,From,To,Tiempo (min),Distancia (km),Real Time,Velocidad promedia
Wed Oct 11 23:28:19 2023,Tomeco,Copiulemu,18.033333333333335,23.649,True,78.68428835489833
Wed Oct 11 23:28:19 2023,Copiulemu,Tomeco,15.3,22.002,True,86.28235294117647
Wed Oct 11 23:28:19 2023,Tomeco,Copiulemu,18.033333333333335,23.649,False,78.68428835489833
Wed Oct 11 23:28:19 2023,Copiulemu,Tomeco,15.1,22.002,False,87.4251655629139
