Fecha,From,To,Tiempo (min),Distancia (km),Real Time,Velocidad promedia
Wed Mar 30 09:33:35 2022,Tomeco,Copiulemu,17.75,23.39,True,79.06478873239436
Wed Mar 30 09:33:35 2022,Copiulemu,Tomeco,14.816666666666666,22.002,True,89.09696287964005
Wed Mar 30 09:33:35 2022,Tomeco,Copiulemu,17.75,23.39,False,79.06478873239436
Wed Mar 30 09:33:35 2022,Copiulemu,Tomeco,14.766666666666667,22.002,False,89.39864559819412
