Fecha,From,To,Tiempo (min),Distancia (km),Real Time,Velocidad promedia
Wed May 29 22:31:28 2024,Tomeco,Copiulemu,18.883333333333333,23.48,True,74.60547219770521
Wed May 29 22:31:28 2024,Copiulemu,Tomeco,16.883333333333333,22.002,True,78.19072063178677
Wed May 29 22:31:28 2024,Tomeco,Copiulemu,18.25,23.48,False,77.19452054794522
Wed May 29 22:31:28 2024,Copiulemu,Tomeco,15.45,22.002,False,85.44466019417474
