Fecha,From,To,Tiempo (min),Distancia (km),Real Time,Velocidad promedia
Wed Mar  6 13:28:00 2024,Tomeco,Copiulemu,17.666666666666668,23.739,True,80.62301886792453
Wed Mar  6 13:28:00 2024,Copiulemu,Tomeco,15.433333333333334,22.002,True,85.53693304535636
Wed Mar  6 13:28:00 2024,Tomeco,Copiulemu,17.666666666666668,23.739,False,80.62301886792453
Wed Mar  6 13:28:00 2024,Copiulemu,Tomeco,15.216666666666667,22.002,False,86.75487404162102
