Fecha,From,To,Tiempo (min),Distancia (km),Real Time,Velocidad promedia
Wed Feb 28 19:28:14 2024,Tomeco,Copiulemu,18.633333333333333,23.48,True,75.60644007155636
Wed Feb 28 19:28:14 2024,Copiulemu,Tomeco,16.166666666666668,22.002,True,81.65690721649483
Wed Feb 28 19:28:14 2024,Tomeco,Copiulemu,20.066666666666666,23.48,False,70.20598006644519
Wed Feb 28 19:28:14 2024,Copiulemu,Tomeco,16.116666666666667,22.002,False,81.91023784901756
