Fecha,From,To,Tiempo (min),Distancia (km),Real Time,Velocidad promedia
Wed Aug 28 13:31:26 2024,Tomeco,Copiulemu,17.7,23.48,True,79.59322033898306
Wed Aug 28 13:31:26 2024,Copiulemu,Tomeco,15.266666666666667,22.002,True,86.47074235807858
Wed Aug 28 13:31:26 2024,Tomeco,Copiulemu,17.666666666666668,23.48,False,79.74339622641509
Wed Aug 28 13:31:26 2024,Copiulemu,Tomeco,15.233333333333333,22.002,False,86.65995623632385
