Fecha,From,To,Tiempo (min),Distancia (km),Real Time,Velocidad promedia
Wed Sep  4 04:35:35 2024,Tomeco,Copiulemu,19.3,23.48,True,72.99481865284974
Wed Sep  4 04:35:35 2024,Copiulemu,Tomeco,16.316666666666666,22.002,True,80.90623084780388
Wed Sep  4 04:35:35 2024,Tomeco,Copiulemu,18.583333333333332,23.48,False,75.80986547085203
Wed Sep  4 04:35:35 2024,Copiulemu,Tomeco,16.283333333333335,22.002,False,81.0718526100307
